n,rep,method,param,est,se
500,0,naive,psi0,-0.4573630060222746,0.26040098570617587
500,0,naive,psi1,0.08261046692514329,0.2632266662002041
500,0,corrected,psi0,0.8185226990574194,0.2993409698798981
500,0,corrected,psi1,0.6362673040193438,0.30273057401527703
500,1,naive,psi0,-0.3286034746318612,0.2615632224387521
500,1,naive,psi1,-0.23530973802465302,0.34261652364412737
500,1,corrected,psi0,0.8199199278552344,0.3079392003378837
500,1,corrected,psi1,0.3320318437664624,0.4001942150578713
500,2,naive,psi0,-0.7825775574648699,0.24653127040119194
500,2,naive,psi1,-0.14346283015581907,0.2762721706170176
500,2,corrected,psi0,0.4930548599956043,0.29043480245565056
500,2,corrected,psi1,0.3203687417328625,0.33544886859896283
500,3,naive,psi0,-0.3850989880603312,0.2500485915712942
500,3,naive,psi1,0.23263442037739102,0.24101025360729492
500,3,corrected,psi0,0.9041962361302358,0.29736038227788875
500,3,corrected,psi1,0.7269711999956334,0.28501090396346374
500,4,naive,psi0,-0.005606651899132543,0.25422667347118943
500,4,naive,psi1,0.34428110307882737,0.2443377569709776
500,4,corrected,psi0,1.2218218850375753,0.29820346571871437
500,4,corrected,psi1,0.9248907426555454,0.2964085402639183
500,5,naive,psi0,0.28180226742229936,0.26681502223712456
500,5,naive,psi1,-0.2783030184924434,0.29709559201273666
500,5,corrected,psi0,1.5529538733478538,0.30827047965217835
500,5,corrected,psi1,0.17667025748668155,0.3427083885040352
500,6,naive,psi0,-0.7375161364522246,0.24624904560425034
500,6,naive,psi1,0.2040994934831075,0.25260178581938775
500,6,corrected,psi0,0.5067370838970082,0.29047497159389646
500,6,corrected,psi1,0.6721684134918574,0.28870098781158626
500,7,naive,psi0,-0.7110424118455847,0.257739523000132
500,7,naive,psi1,-0.06024876819190435,0.3028965641478621
500,7,corrected,psi0,0.34753831665200985,0.3024204118486271
500,7,corrected,psi1,0.5960844358195451,0.3708317019279295
500,8,naive,psi0,-0.8961059046165339,0.2325433159922061
500,8,naive,psi1,-0.4162091191726152,0.23036052526435583
500,8,corrected,psi0,0.37601586678955284,0.2680791327773881
500,8,corrected,psi1,0.06656345036040431,0.26567278401838934
500,9,naive,psi0,-0.01461041055512969,0.2630995260788166
500,9,naive,psi1,-0.14238106400024503,0.27555625945090095
500,9,corrected,psi0,1.3744788742590424,0.30317761161804596
500,9,corrected,psi1,0.32140033595369505,0.3184459637648776
500,10,naive,psi0,-0.24133713717533645,0.2584898701350213
500,10,naive,psi1,-0.4265931499962551,0.32991709700546656
500,10,corrected,psi0,1.123717195903763,0.29573030412053897
500,10,corrected,psi1,0.013750957782537444,0.3643517913040639
500,11,naive,psi0,-0.4717590706267635,0.2625761018881505
500,11,naive,psi1,0.4710149726144273,0.3275997114074162
500,11,corrected,psi0,0.8411009767247479,0.29826173683904
500,11,corrected,psi1,1.105702979262269,0.37596469649372166
500,12,naive,psi0,-0.17749826794108015,0.2494581839948959
500,12,naive,psi1,0.7718016981437523,0.24909683665435545
500,12,corrected,psi0,1.099935673692184,0.2890001726419344
500,12,corrected,psi1,1.4967638608258962,0.28865322882200384
500,13,naive,psi0,-0.11192352129651294,0.2703066844515746
500,13,naive,psi1,0.11978448978731675,0.2542073018897643
500,13,corrected,psi0,1.2385778489269148,0.31455759413015044
500,13,corrected,psi1,0.5399507022693911,0.3129037838784012
500,14,naive,psi0,-0.2681685988208102,0.28323720856694684
500,14,naive,psi1,0.4796532481544778,0.28784225984587786
500,14,corrected,psi0,1.0239571120018889,0.32645347581923573
500,14,corrected,psi1,0.9202894663887989,0.3263742393766992
500,15,naive,psi0,-0.30873746441751604,0.25407250357616457
500,15,naive,psi1,-0.0815477029488151,0.27475843804482813
500,15,corrected,psi0,0.9569482047668934,0.2961152875857764
500,15,corrected,psi1,0.31244711759892185,0.3204349924311676
500,16,naive,psi0,-0.8153370527002015,0.25203061270015453
500,16,naive,psi1,-0.036665592879222664,0.2773557057385222
500,16,corrected,psi0,0.3065218635009915,0.2947605114910225
500,16,corrected,psi1,0.495258052433154,0.3235505025755388
500,17,naive,psi0,-0.5391691053237778,0.2621284273099324
500,17,naive,psi1,-0.44261465542344186,0.25425656120064005
500,17,corrected,psi0,0.7789098027465697,0.3057384526507791
500,17,corrected,psi1,0.042316085531383725,0.2894807801754741
500,18,naive,psi0,-0.14462476365382912,0.23777524091005867
500,18,naive,psi1,-0.2763695852180761,0.2366474048589785
500,18,corrected,psi0,1.228306758981466,0.2801787806155767
500,18,corrected,psi1,0.14480475173734442,0.27439820668859766
500,19,naive,psi0,-0.25883439912403683,0.2628231303396543
500,19,naive,psi1,0.020287514171556043,0.2902088700207778
500,19,corrected,psi0,1.0509363161037326,0.3052529021817999
500,19,corrected,psi1,0.5532849766673478,0.33177633286633834
500,20,naive,psi0,-0.11671741053872017,0.2555093198598573
500,20,naive,psi1,0.0020746597601676428,0.25190958374495853
500,20,corrected,psi0,1.1176353528257172,0.29399712735148653
500,20,corrected,psi1,0.5794419226029381,0.2906504296193425
500,21,naive,psi0,0.17268949782851348,0.2656628756446268
500,21,naive,psi1,-0.030483225117107278,0.25896245196097323
500,21,corrected,psi0,1.4951079066902868,0.3114004262906867
500,21,corrected,psi1,0.4237586933941291,0.29906190315372055
500,22,naive,psi0,-0.20102218378722267,0.25064525122771847
500,22,naive,psi1,-0.31832964013515996,0.30137073295604416
500,22,corrected,psi0,0.9860730024603278,0.28812228953244695
500,22,corrected,psi1,0.22040802954231548,0.3591636025519363
500,23,naive,psi0,-0.16246404626201416,0.28005865098328786
500,23,naive,psi1,0.4473211441109517,0.35398707339642826
500,23,corrected,psi0,1.1166077841462307,0.323885421915977
500,23,corrected,psi1,1.074569206733439,0.40242748167011455
500,24,naive,psi0,-0.08049302273442153,0.25757297538868107
500,24,naive,psi1,-0.5784971581828068,0.30409744651541093
500,24,corrected,psi0,1.2887976951281668,0.3075410076345623
500,24,corrected,psi1,-0.07227871661395188,0.3649008401428223
500,25,naive,psi0,-0.15159672092881765,0.2760929098009826
500,25,naive,psi1,0.4478168658727654,0.32394535863076546
500,25,corrected,psi0,1.1278858756868375,0.3182732991224904
500,25,corrected,psi1,1.0355437271636752,0.37057615735519017
500,26,naive,psi0,0.4061351746924479,0.2433664729057865
500,26,naive,psi1,0.34533458710167964,0.26730489379303424
500,26,corrected,psi0,1.7260659578744848,0.2799679519586028
500,26,corrected,psi1,0.8425744206883278,0.3109362038448826
500,27,naive,psi0,-0.4170713023935962,0.2431270516077998
500,27,naive,psi1,0.19861930957666546,0.23814071953804222
500,27,corrected,psi0,0.8672483779168918,0.2827868915751066
500,27,corrected,psi1,0.7703450590785117,0.2830037155685616
500,28,naive,psi0,-0.7911930213010703,0.2529269489062663
500,28,naive,psi1,-0.4141809068151385,0.30071897910206324
500,28,corrected,psi0,0.46926259795510267,0.29654228421605944
500,28,corrected,psi1,-0.01524531549651287,0.34721130191602023
500,29,naive,psi0,0.06322032315412682,0.2574688268994901
500,29,naive,psi1,-0.06264447804170051,0.2667839392491851
500,29,corrected,psi0,1.2509106102321705,0.3000888011675395
500,29,corrected,psi1,0.3813305014753831,0.30675891150014717
500,30,naive,psi0,-0.5473309108541697,0.24699700759938695
500,30,naive,psi1,-0.1977362971679246,0.2568995578276256
500,30,corrected,psi0,0.6941556251550149,0.28548602016846386
500,30,corrected,psi1,0.3534543214393754,0.29215420739994297
500,31,naive,psi0,0.04965201640486998,0.2616317692017361
500,31,naive,psi1,-0.11384821043188156,0.29862305244887194
500,31,corrected,psi0,1.352296906671799,0.29582129778383187
500,31,corrected,psi1,0.2492768200958469,0.3364247124141279
500,32,naive,psi0,-0.4682291575068548,0.24174649348249316
500,32,naive,psi1,0.29624930650565506,0.2674468162203567
500,32,corrected,psi0,0.8616945948093209,0.27557994821203646
500,32,corrected,psi1,0.7664706948851134,0.30943377089109586
500,33,naive,psi0,-0.2298582342175167,0.2395556380781935
500,33,naive,psi1,-0.06114358081289541,0.22816034439075192
500,33,corrected,psi0,0.9210101533689897,0.27767441083113875
500,33,corrected,psi1,0.421515723180912,0.2664386948078164
500,34,naive,psi0,0.20154010949659934,0.23992413620448166
500,34,naive,psi1,-0.003068110022613105,0.28700342746596674
500,34,corrected,psi0,1.3799984066652633,0.27689681001061933
500,34,corrected,psi1,0.5119096402284624,0.31948496932662046
500,35,naive,psi0,-0.45168690531979583,0.2549410589378307
500,35,naive,psi1,0.26084876657662376,0.2947673435111741
500,35,corrected,psi0,0.805875946472052,0.2977004245594384
500,35,corrected,psi1,0.8243028194442825,0.3380927787886517
500,36,naive,psi0,-0.3094555521918876,0.2649005114036528
500,36,naive,psi1,-0.16721665503256417,0.28935751477288985
500,36,corrected,psi0,0.9998597421754704,0.31299980994143906
500,36,corrected,psi1,0.3981483698918295,0.37213299251565496
500,37,naive,psi0,-0.39313781550644783,0.2578304783839754
500,37,naive,psi1,0.5863756434565346,0.2021201320777047
500,37,corrected,psi0,0.77910412783527,0.2973673897031065
500,37,corrected,psi1,1.1793046412884813,0.22280256820748492
500,38,naive,psi0,-0.3915326888619071,0.2521411664248028
500,38,naive,psi1,-0.06031329231017897,0.22829913920572267
500,38,corrected,psi0,0.9158583172213237,0.29361775886872377
500,38,corrected,psi1,0.3438794748605026,0.26249608552293197
500,39,naive,psi0,-0.30595652296369075,0.24211112353988476
500,39,naive,psi1,-0.24702988420536143,0.2431354259752064
500,39,corrected,psi0,0.8157953676959754,0.2873920239240388
500,39,corrected,psi1,0.2366265682657949,0.29195190112001873
500,40,naive,psi0,-0.13455329006463024,0.24526595066255205
500,40,naive,psi1,0.08350683628654135,0.27235932941749424
500,40,corrected,psi0,1.1735432453119239,0.2879347356708051
500,40,corrected,psi1,0.5067990150589303,0.32136675991341584
500,41,naive,psi0,-0.610871674968551,0.27697096298076734
500,41,naive,psi1,-0.20065599463445705,0.267175868024834
500,41,corrected,psi0,0.6253245738794763,0.3229325935907416
500,41,corrected,psi1,0.24697836069165108,0.310866743007277
500,42,naive,psi0,-0.3715462208953729,0.2555000447411792
500,42,naive,psi1,0.21103012176927347,0.297080980380854
500,42,corrected,psi0,0.9197470583365537,0.2999349140969661
500,42,corrected,psi1,0.7257334736172883,0.3364462785097052
500,43,naive,psi0,-0.47419057075865534,0.2536729175197037
500,43,naive,psi1,-0.18722440320873168,0.31251100994374403
500,43,corrected,psi0,0.7217272745553522,0.29305857786030404
500,43,corrected,psi1,0.32665976429392024,0.3530366940201589
500,44,naive,psi0,0.09741899743629781,0.26198397009506663
500,44,naive,psi1,-0.06677630019222004,0.2553191582043636
500,44,corrected,psi0,1.4495345232819297,0.3072962953608716
500,44,corrected,psi1,0.37222240464559964,0.29719577309523215
500,45,naive,psi0,-0.12828551472408403,0.23859017364617469
500,45,naive,psi1,-0.252711885076753,0.26024715164599116
500,45,corrected,psi0,1.2284682076976667,0.28326326025888215
500,45,corrected,psi1,0.18370592351684578,0.3000033982584447
500,46,naive,psi0,-0.46448298825224726,0.2628596537532404
500,46,naive,psi1,0.1713288126033887,0.29479008800882145
500,46,corrected,psi0,0.7624542180614136,0.30177540433738287
500,46,corrected,psi1,0.6411124270422894,0.3378697045464725
500,47,naive,psi0,-0.812431900546673,0.25581038771278286
500,47,naive,psi1,-0.03793460140657715,0.28875169610823853
500,47,corrected,psi0,0.3392471459961882,0.302436961120403
500,47,corrected,psi1,0.5317557157515562,0.3282268022017753
500,48,naive,psi0,-0.3061930916191275,0.2529802467384254
500,48,naive,psi1,0.2275875750133603,0.2368302747080521
500,48,corrected,psi0,0.916888758898641,0.28932494854981927
500,48,corrected,psi1,0.7910328289903255,0.2699608377839038
500,49,naive,psi0,-0.3165473572966281,0.250420088453555
500,49,naive,psi1,-0.17129074673184103,0.28760326141043474
500,49,corrected,psi0,0.8886895172487158,0.2958104394423925
500,49,corrected,psi1,0.38955034134947086,0.33815720107645386
500,50,naive,psi0,0.3709726727374399,0.26831609758228636
500,50,naive,psi1,-0.0737804154167254,0.28134907423274474
500,50,corrected,psi0,1.7296077485611276,0.31705614859037123
500,50,corrected,psi1,0.5209182616500269,0.3321685757966445
500,51,naive,psi0,-0.2485935477308961,0.25950266086405227
500,51,naive,psi1,0.1829405077958595,0.2603325945213524
500,51,corrected,psi0,0.9918657506128964,0.30299586683724605
500,51,corrected,psi1,0.7788033502439353,0.2974322156365356
500,52,naive,psi0,0.3565499446632873,0.24676013295773558
500,52,naive,psi1,-0.7482242450323389,0.2598502306436948
500,52,corrected,psi0,1.7147111026141004,0.2924902808534693
500,52,corrected,psi1,-0.2899834504115058,0.3082131770416463
500,53,naive,psi0,-0.15651257810594432,0.26201265937865637
500,53,naive,psi1,0.2929588739208053,0.28878255384140067
500,53,corrected,psi0,1.1828835984023354,0.3012951768692835
500,53,corrected,psi1,0.8622016576404405,0.32806156860846264
500,54,naive,psi0,-0.24273016520951407,0.2654555108867711
500,54,naive,psi1,-0.27936768769424986,0.2409669066170755
500,54,corrected,psi0,1.051093294128147,0.30914509637715715
500,54,corrected,psi1,0.07301098843516188,0.28131983318798587
500,55,naive,psi0,0.08342055283531193,0.26097084522017955
500,55,naive,psi1,0.02711656518275177,0.2755183259889412
500,55,corrected,psi0,1.4649225453554051,0.30334672344162994
500,55,corrected,psi1,0.47290356043128223,0.33460457966502666
500,56,naive,psi0,-0.5743163222488309,0.2573087246374775
500,56,naive,psi1,-0.13887759922378054,0.2599424874542009
500,56,corrected,psi0,0.6502112229389582,0.2975270578120753
500,56,corrected,psi1,0.18420565395218072,0.3014741504330667
500,57,naive,psi0,-0.4927229785887456,0.26268957702018175
500,57,naive,psi1,-0.569558936321174,0.2706556395375659
500,57,corrected,psi0,0.6633490185481787,0.3053261785621141
500,57,corrected,psi1,-0.2441275387627659,0.31522131735604336
500,58,naive,psi0,-0.8910829848322683,0.2701217323269471
500,58,naive,psi1,0.11180790069742552,0.2892264975252448
500,58,corrected,psi0,0.3397415384490118,0.3131458614897018
500,58,corrected,psi1,0.6807907804625015,0.335972124084549
500,59,naive,psi0,-0.17819655789054434,0.2661446596599576
500,59,naive,psi1,0.3843164305899746,0.2507343309635369
500,59,corrected,psi0,1.1349365445083952,0.3126021701701935
500,59,corrected,psi1,0.9210038256914354,0.2964982600779599
500,60,naive,psi0,-0.24051355511183645,0.25096571160735526
500,60,naive,psi1,-0.014317059706921006,0.2877842837691147
500,60,corrected,psi0,1.0020787027666216,0.2928058179521417
500,60,corrected,psi1,0.5562660266704925,0.3410520054897366
500,61,naive,psi0,-0.30904232401714987,0.2719295667579382
500,61,naive,psi1,-0.04410029561292255,0.25244390605743733
500,61,corrected,psi0,0.9300723165972238,0.3160527738241446
500,61,corrected,psi1,0.34753717631979897,0.29938452915402936
500,62,naive,psi0,-0.18951075865656228,0.2576489906531042
500,62,naive,psi1,-0.1875757641234385,0.2812650047600888
500,62,corrected,psi0,1.170771673967634,0.29744676105595885
500,62,corrected,psi1,0.28416788973942353,0.3197424840648769
500,63,naive,psi0,-0.1688519686364352,0.2536846961046635
500,63,naive,psi1,-0.6830470397299117,0.2639371000729543
500,63,corrected,psi0,1.060995280743849,0.2923078064397856
500,63,corrected,psi1,-0.2832221016407525,0.2971361574110178
500,64,naive,psi0,0.04001923900961626,0.24395847208403185
500,64,naive,psi1,0.33210724669201164,0.27697014220394534
500,64,corrected,psi0,1.4086307408613088,0.289530968220504
500,64,corrected,psi1,0.941039652786141,0.3472239185180835
500,65,naive,psi0,-0.6348558604372605,0.23574668254646788
500,65,naive,psi1,-0.12029718660760656,0.24073921570937773
500,65,corrected,psi0,0.5628518972783926,0.2706742608316374
500,65,corrected,psi1,0.41074368640493025,0.27689722837251857
500,66,naive,psi0,-0.8883377876132053,0.2578434865983106
500,66,naive,psi1,-0.15482250849512907,0.20154687836868862
500,66,corrected,psi0,0.3077135020481142,0.3096849241708503
500,66,corrected,psi1,0.4290339527398361,0.26031921867645513
500,67,naive,psi0,-0.5292887120307807,0.2446494047723427
500,67,naive,psi1,0.24422380692893575,0.24040114396142756
500,67,corrected,psi0,0.7653072270886668,0.2861266501579107
500,67,corrected,psi1,0.7943054971982219,0.2793702535285856
500,68,naive,psi0,-0.43535066387705795,0.2551632369324072
500,68,naive,psi1,-0.25438034086339245,0.2412978292640858
500,68,corrected,psi0,0.8115357718033289,0.2950418041754983
500,68,corrected,psi1,0.27868173856212897,0.28182909953790447
500,69,naive,psi0,-0.15958014647757385,0.24405181438279178
500,69,naive,psi1,-0.0044129187583683005,0.25996756551027844
500,69,corrected,psi0,1.037465611973355,0.2845340679789784
500,69,corrected,psi1,0.5868020832775308,0.30159413781348976
500,70,naive,psi0,-0.13489439891077495,0.2474603250490402
500,70,naive,psi1,0.0006056960213965228,0.2118665084282482
500,70,corrected,psi0,1.244545556960524,0.28697119358198603
500,70,corrected,psi1,0.44284646835000513,0.2411558652274337
500,71,naive,psi0,-0.5128919167033813,0.25583132466324765
500,71,naive,psi1,0.07707212984807732,0.29655578084743145
500,71,corrected,psi0,0.6182602339879723,0.30088696699966194
500,71,corrected,psi1,0.6387235240519478,0.34631144007281073
500,72,naive,psi0,-0.04085134363858255,0.2716450466565837
500,72,naive,psi1,-0.05656030436090394,0.30099511750944147
500,72,corrected,psi0,1.2552884080899782,0.32005835017397344
500,72,corrected,psi1,0.5739124251338653,0.3523610161390145
500,73,naive,psi0,-0.10527778900815413,0.27429054084337795
500,73,naive,psi1,0.31209526812362054,0.3227469690997856
500,73,corrected,psi0,1.185492152769878,0.31399049810389534
500,73,corrected,psi1,0.9024599310520112,0.36539338564931606
500,74,naive,psi0,-0.7645713665734907,0.27601354937276085
500,74,naive,psi1,0.011543378855905834,0.27536094619199447
500,74,corrected,psi0,0.3367991675224393,0.3229378400042157
500,74,corrected,psi1,0.60154415477117,0.324115341085716
500,75,naive,psi0,0.004364186453309551,0.25298465400699094
500,75,naive,psi1,0.2280075704796871,0.2289793807106649
500,75,corrected,psi0,1.2651909678562583,0.30255641250351284
500,75,corrected,psi1,0.8275043803559511,0.2740017715339476
500,76,naive,psi0,-0.4133298984184708,0.25025709674662094
500,76,naive,psi1,-0.15994438869589445,0.30150203397341685
500,76,corrected,psi0,0.722265145402916,0.2899730145749411
500,76,corrected,psi1,0.36695172261987474,0.3610370949005456
500,77,naive,psi0,-0.5280438250694697,0.2643841348240955
500,77,naive,psi1,0.042610727174255035,0.28572238043896264
500,77,corrected,psi0,0.6345782755915254,0.30566329874109527
500,77,corrected,psi1,0.5891864348520679,0.3309360466404577
500,78,naive,psi0,-0.2149547983315221,0.2496501024321852
500,78,naive,psi1,-0.08504888190987774,0.27772549464372137
500,78,corrected,psi0,1.060684323737666,0.296909905808593
500,78,corrected,psi1,0.40744357453692015,0.3292078706419695
500,79,naive,psi0,-0.5188227245406241,0.2498710747126171
500,79,naive,psi1,-0.1626666032345204,0.23252720090130075
500,79,corrected,psi0,0.794292943098918,0.28979374989226836
500,79,corrected,psi1,0.3066541091324507,0.26315747682029733
500,80,naive,psi0,-0.3374971260114472,0.2761697458391768
500,80,naive,psi1,-0.6283156132264014,0.33693403620854245
500,80,corrected,psi0,0.9262815303757399,0.32398394763071114
500,80,corrected,psi1,-0.2820280230024162,0.39398152272636294
500,81,naive,psi0,-0.4378518740902008,0.24270112828329926
500,81,naive,psi1,0.2946066879062517,0.21455381002889956
500,81,corrected,psi0,0.8208342029752488,0.28229993726032715
500,81,corrected,psi1,0.7643371880202714,0.24868431565231272
500,82,naive,psi0,-0.49030754741831006,0.25809886777062396
500,82,naive,psi1,-0.3714109217402691,0.24985829491773548
500,82,corrected,psi0,0.7512064526038564,0.2986106909678413
500,82,corrected,psi1,0.11349131259726811,0.2892449727690351
500,83,naive,psi0,-0.18623436505337906,0.2768600830898447
500,83,naive,psi1,0.043535852030844285,0.2965136098126265
500,83,corrected,psi0,1.1139536894386135,0.3215090816244893
500,83,corrected,psi1,0.4738795762544485,0.34757050173721343
500,84,naive,psi0,-0.41667790719894615,0.2534412990080087
500,84,naive,psi1,-0.48288392421425086,0.2681252013033278
500,84,corrected,psi0,0.8267892069446425,0.29572796013301983
500,84,corrected,psi1,-0.04825504977044212,0.3360742629789704
500,85,naive,psi0,-0.3404480399441765,0.2519902983663877
500,85,naive,psi1,-0.21946273098547892,0.24350450973099416
500,85,corrected,psi0,0.9021081496168541,0.29708635538110095
500,85,corrected,psi1,0.29999332971343234,0.28531826910662944
500,86,naive,psi0,-0.2933716607589999,0.2584926941073276
500,86,naive,psi1,0.13946560531407695,0.30867740247022274
500,86,corrected,psi0,0.9462055140765144,0.2954631171302544
500,86,corrected,psi1,0.5669825445162934,0.35519155164891847
500,87,naive,psi0,-0.3833855395389833,0.26209883155651253
500,87,naive,psi1,0.1507339448818029,0.3497073488336781
500,87,corrected,psi0,0.794497716749261,0.3072278348162976
500,87,corrected,psi1,0.647904710032495,0.39865046839760254
500,88,naive,psi0,-0.4823749770545304,0.23260878934657128
500,88,naive,psi1,0.08924707744883985,0.21814777331896448
500,88,corrected,psi0,0.8398828734477418,0.2751543836031115
500,88,corrected,psi1,0.667052845437051,0.2530858560206046
500,89,naive,psi0,-0.2732494081622203,0.2562989320385958
500,89,naive,psi1,-0.24289281178069128,0.3146632638724516
500,89,corrected,psi0,0.9756919407083532,0.29829169552665175
500,89,corrected,psi1,0.10751472644350998,0.3700727419861225
500,90,naive,psi0,-0.5534344797791073,0.2614841200971847
500,90,naive,psi1,0.09948159104560203,0.2732386415321672
500,90,corrected,psi0,0.7676535363216442,0.3038441758989028
500,90,corrected,psi1,0.5194819617043507,0.31223745695012106
500,91,naive,psi0,-0.1365705694461318,0.2695245212169965
500,91,naive,psi1,0.2658669977539669,0.271515122579058
500,91,corrected,psi0,1.193514610631423,0.3086407566791928
500,91,corrected,psi1,0.7448308019693104,0.31026853657655373
500,92,naive,psi0,-0.15134496919055632,0.25260374478979136
500,92,naive,psi1,-0.09336671197614835,0.28678895203191157
500,92,corrected,psi0,1.1622366587514252,0.28648808197647235
500,92,corrected,psi1,0.42621983420437937,0.3197218057182332
500,93,naive,psi0,0.1921219843902816,0.25248702149584235
500,93,naive,psi1,0.11839255299977905,0.2750118186943547
500,93,corrected,psi0,1.553681006608618,0.30262852337152385
500,93,corrected,psi1,0.6329029411777184,0.33206804123420186
500,94,naive,psi0,-0.6313624587772155,0.2561356126826718
500,94,naive,psi1,0.14944240554125052,0.31482391107765434
500,94,corrected,psi0,0.5053722954363699,0.29466620179006503
500,94,corrected,psi1,0.7737059190676487,0.3601877536830188
500,95,naive,psi0,-0.6807868146597537,0.24045695403635664
500,95,naive,psi1,0.24615515356278003,0.28351594837396277
500,95,corrected,psi0,0.5999546128639455,0.28222264549004444
500,95,corrected,psi1,0.8741692532619252,0.32123949893637244
500,96,naive,psi0,-0.7786882850017317,0.25639687640801934
500,96,naive,psi1,-0.34566159380580125,0.22628061058068982
500,96,corrected,psi0,0.41651595619888987,0.29557389645816523
500,96,corrected,psi1,0.04123416675242008,0.2632075207719372
500,97,naive,psi0,-0.37150987783825373,0.26588020601708007
500,97,naive,psi1,0.013969072690198344,0.28684226217448755
500,97,corrected,psi0,0.887493232299086,0.3052152018479166
500,97,corrected,psi1,0.4716651979656064,0.33134421998704255
500,98,naive,psi0,-0.818068370472807,0.25272611561055497
500,98,naive,psi1,0.20455996415621805,0.2833690000474458
500,98,corrected,psi0,0.36744530749839954,0.2921271979265748
500,98,corrected,psi1,0.7350470373584121,0.3345711021468241
500,99,naive,psi0,-0.33445536553696714,0.2518795664859073
500,99,naive,psi1,-0.27120009231565656,0.28244297530225276
500,99,corrected,psi0,0.6741468966856431,0.2931958168647978
500,99,corrected,psi1,0.3118682493715613,0.32573456093603376
500,100,naive,psi0,-0.07426329451349258,0.2588458712300098
500,100,naive,psi1,0.13957956583634198,0.2672032991737749
500,100,corrected,psi0,1.3612622364005031,0.3056055948600845
500,100,corrected,psi1,0.6312120397903342,0.3227524592965979
500,101,naive,psi0,-0.47132271968908884,0.2629048828180264
500,101,naive,psi1,-0.1921059610753021,0.23449580523573396
500,101,corrected,psi0,0.695247819388737,0.30365859080077967
500,101,corrected,psi1,0.34001185176745424,0.2848873468379639
500,102,naive,psi0,-0.5114142703244556,0.24741892282244554
500,102,naive,psi1,-0.14730639414092667,0.26323850629850537
500,102,corrected,psi0,0.6711193476440346,0.29072859331588424
500,102,corrected,psi1,0.384723025822875,0.2988911796937434
500,103,naive,psi0,-0.6035149716463409,0.2701853478862292
500,103,naive,psi1,-0.19784696040348515,0.30472317803800075
500,103,corrected,psi0,0.5255920597596369,0.30756522707426714
500,103,corrected,psi1,0.24978181543357397,0.3491585847563931
500,104,naive,psi0,-0.26935027937868866,0.25131168897736
500,104,naive,psi1,-0.1983912407916821,0.2718875010594826
500,104,corrected,psi0,0.8162489647462917,0.29235830968717025
500,104,corrected,psi1,0.35784961873605003,0.3112211206429059
500,105,naive,psi0,-0.005265479143589167,0.2383957152370752
500,105,naive,psi1,-0.3692559087434942,0.24636093078814184
500,105,corrected,psi0,1.3163849949712467,0.27499007546232207
500,105,corrected,psi1,0.1416591348129034,0.27955900342436624
500,106,naive,psi0,-0.47401760437780793,0.25293918929537235
500,106,naive,psi1,0.08423791838448669,0.25765404379182183
500,106,corrected,psi0,0.8405597144184378,0.3011872659160171
500,106,corrected,psi1,0.4458580415053187,0.31111524487720466
500,107,naive,psi0,-0.2792160212335152,0.25124059723350933
500,107,naive,psi1,-0.00282158974809795,0.299077793260332
500,107,corrected,psi0,0.9751739658143018,0.29465843150439847
500,107,corrected,psi1,0.43598636335780466,0.3543207900936381
500,108,naive,psi0,-0.6682967274807065,0.25532863161848424
500,108,naive,psi1,-0.10010208259512984,0.25456117635660963
500,108,corrected,psi0,0.552741069468387,0.2966437492205306
500,108,corrected,psi1,0.4224596699077887,0.291124581794625
500,109,naive,psi0,-0.12123426382089798,0.25751736624109
500,109,naive,psi1,-0.1450290207286872,0.23774576244460338
500,109,corrected,psi0,1.1904279478995845,0.3014208395391373
500,109,corrected,psi1,0.22981925033148878,0.27938642857854123
500,110,naive,psi0,-0.9277655952827701,0.23592963751991058
500,110,naive,psi1,-0.12709837465858254,0.263986831977525
500,110,corrected,psi0,0.2747123251097018,0.27878339629190724
500,110,corrected,psi1,0.2958939524472706,0.3218635345663704
500,111,naive,psi0,-0.8557596030081152,0.26178339115375554
500,111,naive,psi1,-0.1258664047750325,0.28382291516052316
500,111,corrected,psi0,0.3820945614341722,0.30424831395787527
500,111,corrected,psi1,0.28156820545634326,0.3206926744219151
500,112,naive,psi0,-0.4411448479190661,0.26555546511513073
500,112,naive,psi1,-0.4202305981810797,0.23944338670446821
500,112,corrected,psi0,0.7066129071958172,0.3037754219086586
500,112,corrected,psi1,0.06835249189662264,0.2753471001619525
500,113,naive,psi0,-0.4290536825335478,0.2445489083515775
500,113,naive,psi1,-0.022888625872704287,0.19803140179153164
500,113,corrected,psi0,0.7871309037514227,0.2769225358502439
500,113,corrected,psi1,0.5386004384566874,0.22610135273377202
500,114,naive,psi0,-0.4156166311774768,0.2369993192561788
500,114,naive,psi1,0.2395659546906965,0.2899238889452946
500,114,corrected,psi0,0.9087302532667998,0.27955888888752467
500,114,corrected,psi1,0.709347512253816,0.3421469086823969
500,115,naive,psi0,0.2500138840956528,0.2565425976615257
500,115,naive,psi1,-0.24511262608430479,0.24659143970637623
500,115,corrected,psi0,1.4880547854647883,0.2955110583006834
500,115,corrected,psi1,0.20682102185404158,0.2798075810761204
500,116,naive,psi0,-0.18843243738354026,0.24254729095863867
500,116,naive,psi1,0.25686277477750596,0.24722514256637673
500,116,corrected,psi0,1.0543859966735054,0.2851678934982013
500,116,corrected,psi1,0.8897505869136706,0.29187285714964945
500,117,naive,psi0,-0.2426246421634185,0.26080639847381965
500,117,naive,psi1,-0.15689443707841957,0.28832132623668005
500,117,corrected,psi0,0.9965080210155606,0.3095428141300874
500,117,corrected,psi1,0.43945080559164224,0.3491520671061861
500,118,naive,psi0,-0.12189517834240204,0.26915700920069546
500,118,naive,psi1,0.1925349914452819,0.270365490702664
500,118,corrected,psi0,1.1198434475143308,0.31744426859950936
500,118,corrected,psi1,0.834967706226921,0.31767204671907334
500,119,naive,psi0,-0.07323091786754284,0.25932464018146156
500,119,naive,psi1,0.13725450942051862,0.28678538464447306
500,119,corrected,psi0,1.1350236990499862,0.30632768096945107
500,119,corrected,psi1,0.616781451391313,0.3452236676090345
500,120,naive,psi0,0.016456381387208868,0.249740800633077
500,120,naive,psi1,0.5274378855944463,0.2748847557478549
500,120,corrected,psi0,1.3796966604457528,0.28460130375140114
500,120,corrected,psi1,1.0602631395273516,0.3084242015799534
500,121,naive,psi0,0.11497451674971543,0.2480588035865126
500,121,naive,psi1,-0.07361706618115076,0.25944441270319085
500,121,corrected,psi0,1.5673124656810538,0.29017745027233927
500,121,corrected,psi1,0.3738354459884362,0.30389972258975273
500,122,naive,psi0,0.19456617570809692,0.24343718465207495
500,122,naive,psi1,0.08841764640063185,0.3017716082087217
500,122,corrected,psi0,1.487895054711125,0.28458216576951345
500,122,corrected,psi1,0.5682407009829455,0.34715832379073547
500,123,naive,psi0,-0.5258246628708889,0.23614321603743982
500,123,naive,psi1,0.14596510979324115,0.24043877412267153
500,123,corrected,psi0,0.7689249195571725,0.2717203261666003
500,123,corrected,psi1,0.6369095940551781,0.27269926280640233
500,124,naive,psi0,-0.13296564963988702,0.243217205534048
500,124,naive,psi1,0.02193223513896496,0.26040704161421924
500,124,corrected,psi0,1.1956845750516276,0.2866918158713644
500,124,corrected,psi1,0.48551530794674064,0.30904731746471387
500,125,naive,psi0,-0.9009004981182396,0.24162517674963266
500,125,naive,psi1,0.1946700308428115,0.2680436279673643
500,125,corrected,psi0,0.38656478899640834,0.2788376020708728
500,125,corrected,psi1,0.6821260331857804,0.30947551113608635
500,126,naive,psi0,-0.24998628880673368,0.23958161729778996
500,126,naive,psi1,0.7556358003074439,0.2400033961828516
500,126,corrected,psi0,1.0211537237815616,0.28120741957880663
500,126,corrected,psi1,1.4267211974229206,0.2831325926596962
500,127,naive,psi0,-0.2184631639110603,0.2513026685056895
500,127,naive,psi1,0.16450521082663727,0.2539298729595767
500,127,corrected,psi0,1.0478739354789472,0.29407234905872565
500,127,corrected,psi1,0.6134632791929415,0.29412070448136
500,128,naive,psi0,-0.0007485229507811445,0.253891577452499
500,128,naive,psi1,0.35524477330202425,0.3131890656291429
500,128,corrected,psi0,1.1394687878464524,0.29098112959962286
500,128,corrected,psi1,0.8223523603174459,0.3649935628708472
500,129,naive,psi0,0.030446958576632117,0.26141083204199095
500,129,naive,psi1,0.1268384158615165,0.2893611292542949
500,129,corrected,psi0,1.3657448196552993,0.3022735191129315
500,129,corrected,psi1,0.6741932695739319,0.34076251786590983
500,130,naive,psi0,-0.1175460779690076,0.24069345160281244
500,130,naive,psi1,-0.4923434924031385,0.24944789785888596
500,130,corrected,psi0,1.3635258271793365,0.27958608503454274
500,130,corrected,psi1,-0.15918016599681728,0.2840911039819462
500,131,naive,psi0,-0.5080791613608487,0.2409317733379329
500,131,naive,psi1,0.2264691848000033,0.2702716809562998
500,131,corrected,psi0,0.7064329366695605,0.2802430316996878
500,131,corrected,psi1,0.7749618902590838,0.3142861185476335
500,132,naive,psi0,-0.6751138342744523,0.2629177973255562
500,132,naive,psi1,0.26355413347474793,0.28691396633430255
500,132,corrected,psi0,0.6379939165401044,0.3096814100113804
500,132,corrected,psi1,0.7623763061922054,0.3349178851742272
500,133,naive,psi0,-0.2474220397343082,0.24161116513726272
500,133,naive,psi1,-0.13150060551761442,0.26675043704419155
500,133,corrected,psi0,0.9629632187474453,0.28436605665226694
500,133,corrected,psi1,0.3155737040666331,0.31894421565574593
500,134,naive,psi0,-0.4600669626962652,0.27080425127456864
500,134,naive,psi1,0.3471936897312441,0.26207842688152533
500,134,corrected,psi0,0.7867950979273629,0.30958125984501894
500,134,corrected,psi1,0.8553159170990798,0.30819962332669293
500,135,naive,psi0,-0.066909979568398,0.2633749950760116
500,135,naive,psi1,-0.30504924074887513,0.2528974541042413
500,135,corrected,psi0,1.1602788466780523,0.3045428963838179
500,135,corrected,psi1,0.1310688039412092,0.29540917572021896
500,136,naive,psi0,-0.28295871061984057,0.2606942132099657
500,136,naive,psi1,0.1835037898432814,0.2869673496011821
500,136,corrected,psi0,0.892708576674532,0.30212443132334993
500,136,corrected,psi1,0.7877301267309612,0.32853666424333
500,137,naive,psi0,-0.8654025176135187,0.2536765399743901
500,137,naive,psi1,-0.08739709661222383,0.25080706940400593
500,137,corrected,psi0,0.3902373795673595,0.2933397872128869
500,137,corrected,psi1,0.5129064644679402,0.28384161444984873
500,138,naive,psi0,-0.47308276211637984,0.2536074923769147
500,138,naive,psi1,-0.8080946211439135,0.2747840305781578
500,138,corrected,psi0,0.77351100279621,0.29408659218014455
500,138,corrected,psi1,-0.44297629002656924,0.3139521040180733
500,139,naive,psi0,-0.14926174287746263,0.2609776501507859
500,139,naive,psi1,-0.3086217429497687,0.26998353174093265
500,139,corrected,psi0,1.16860572082395,0.2994938140234804
500,139,corrected,psi1,0.15592331659443903,0.30789905082356483
500,140,naive,psi0,-0.18478499603416068,0.2785331589945565
500,140,naive,psi1,0.012775819124772962,0.2854663914983463
500,140,corrected,psi0,1.1117180775507962,0.3227302882497138
500,140,corrected,psi1,0.542174673921531,0.33036879023120663
500,141,naive,psi0,-0.10171168942059233,0.23813299098908042
500,141,naive,psi1,-0.06317378877223198,0.27972029974168494
500,141,corrected,psi0,1.1876419568740317,0.2747750452383343
500,141,corrected,psi1,0.4989988695107925,0.325924750691307
500,142,naive,psi0,0.046489262046487866,0.23751925018238243
500,142,naive,psi1,0.1460247742350514,0.26738181349202017
500,142,corrected,psi0,1.399843988756628,0.277307767202199
500,142,corrected,psi1,0.6881220060161896,0.30957945985913493
500,143,naive,psi0,-0.13959839381481862,0.24437410135073975
500,143,naive,psi1,0.09826256392275669,0.3062374042022154
500,143,corrected,psi0,1.2930993274553626,0.28300337473473874
500,143,corrected,psi1,0.4677626146442676,0.341313618065968
500,144,naive,psi0,-0.46991417817261344,0.25339841829324383
500,144,naive,psi1,0.09949143197330479,0.24346946082995813
500,144,corrected,psi0,0.7747119053472284,0.2954932197609431
500,144,corrected,psi1,0.6982115000022966,0.2890909140428856
500,145,naive,psi0,-0.3077414292369377,0.2618426609070885
500,145,naive,psi1,0.26078331502631463,0.2991912146601521
500,145,corrected,psi0,0.9458969620700306,0.3012358617363198
500,145,corrected,psi1,0.7529668349997509,0.34399682958546796
500,146,naive,psi0,-0.22410939377892355,0.23849410563291923
500,146,naive,psi1,0.19906689408200962,0.24480486129260856
500,146,corrected,psi0,1.0492024341578712,0.2811479715963758
500,146,corrected,psi1,0.6582749854465002,0.28031284181639127
500,147,naive,psi0,-0.6197546681154371,0.24901442725440484
500,147,naive,psi1,0.29975632099244487,0.2724396713785274
500,147,corrected,psi0,0.6474655333584938,0.290450453456864
500,147,corrected,psi1,0.8441263062000737,0.307970919710376
500,148,naive,psi0,-0.41617792567900924,0.253882856978099
500,148,naive,psi1,-0.17347527979361796,0.2449826111408539
500,148,corrected,psi0,0.8513649553056823,0.30113657743262506
500,148,corrected,psi1,0.31238376965600606,0.29927669148486036
500,149,naive,psi0,-0.41920208665352166,0.23535974239877785
500,149,naive,psi1,-0.26564539096896245,0.24106644252995654
500,149,corrected,psi0,0.8278331284894466,0.2713340739573643
500,149,corrected,psi1,0.1877986695152643,0.2703081542885749
500,150,naive,psi0,-0.4281120652933939,0.25256960463250366
500,150,naive,psi1,-0.29748011531589236,0.28398521489201656
500,150,corrected,psi0,0.8411168894977551,0.29939751682874205
500,150,corrected,psi1,0.23543923389142274,0.3371758311573205
500,151,naive,psi0,-0.4034549910092461,0.23984141874189358
500,151,naive,psi1,0.19566087552499845,0.22567464085755634
500,151,corrected,psi0,0.8689859636307814,0.2688935710127532
500,151,corrected,psi1,0.6650735484747023,0.24872913611553008
500,152,naive,psi0,0.03424769246999072,0.27169366415734597
500,152,naive,psi1,-0.28022046396226263,0.28549698431021175
500,152,corrected,psi0,1.41385853203408,0.31570815187026663
500,152,corrected,psi1,0.27875649398807434,0.34121823857492084
500,153,naive,psi0,-0.2603039470583343,0.25540372010298534
500,153,naive,psi1,1.09942319605793,0.2600051374722029
500,153,corrected,psi0,0.9642918075226684,0.2975235001845607
500,153,corrected,psi1,1.8003722286477184,0.3081743073547289
500,154,naive,psi0,-0.7567599295923904,0.26777322115286745
500,154,naive,psi1,0.08929296492614473,0.28293426013809425
500,154,corrected,psi0,0.35109661580591367,0.31479460190190106
500,154,corrected,psi1,0.5555597210639096,0.32559403268106435
500,155,naive,psi0,-0.5386851210720935,0.25224860289111134
500,155,naive,psi1,0.19832687743296912,0.24160977658705618
500,155,corrected,psi0,0.6313376177488612,0.2928558003586306
500,155,corrected,psi1,0.8155575226410368,0.27549512952825256
500,156,naive,psi0,-0.8225004195021267,0.24529391686630503
500,156,naive,psi1,0.32421172969411327,0.26965690853886715
500,156,corrected,psi0,0.3322051487125241,0.28517253650332325
500,156,corrected,psi1,0.805413387652082,0.31736784795023903
500,157,naive,psi0,-0.27994645270676316,0.2628394408563301
500,157,naive,psi1,0.17476586605503355,0.2608240419199086
500,157,corrected,psi0,0.9893544661069489,0.3024514751353934
500,157,corrected,psi1,0.5695505909334544,0.30550087076193666
500,158,naive,psi0,-0.6095659131264369,0.26048681006380897
500,158,naive,psi1,0.06052398136178096,0.24424617033964
500,158,corrected,psi0,0.7031938839058671,0.30025457261402294
500,158,corrected,psi1,0.7001837645753581,0.2810858672218359
500,159,naive,psi0,0.015390103594682849,0.27732817760584033
500,159,naive,psi1,-0.17832792926587698,0.2991167288761031
500,159,corrected,psi0,1.1793514776410439,0.31660411218158874
500,159,corrected,psi1,0.3825701849106926,0.34091251931148164
500,160,naive,psi0,-0.42725150246869814,0.259324052764007
500,160,naive,psi1,0.20555760786904442,0.2559090071472892
500,160,corrected,psi0,0.8600714869130747,0.3048113380217973
500,160,corrected,psi1,0.8411135817595735,0.3022397691551358
500,161,naive,psi0,-0.3583319641045101,0.254718573618337
500,161,naive,psi1,0.18239072730213152,0.25456687105921594
500,161,corrected,psi0,0.8740720170657262,0.29531372493359953
500,161,corrected,psi1,0.6688045417193836,0.28894936156204615
500,162,naive,psi0,-0.40552921187152935,0.2667549884326115
500,162,naive,psi1,0.3712876673450287,0.30551990529848194
500,162,corrected,psi0,0.8782011778315436,0.31701826746659323
500,162,corrected,psi1,1.1279966177563112,0.377159705175879
500,163,naive,psi0,0.5454342862695218,0.2500081166291099
500,163,naive,psi1,-0.12458397577772262,0.29891885702794313
500,163,corrected,psi0,1.9390231017576423,0.2886116146621495
500,163,corrected,psi1,0.38811311034506485,0.34865264894348164
500,164,naive,psi0,-0.635801410278696,0.23789061271783363
500,164,naive,psi1,-0.48533401826450884,0.24406958006964738
500,164,corrected,psi0,0.7753447777577238,0.2788330554355932
500,164,corrected,psi1,-0.018575374056684222,0.2812867588706101
500,165,naive,psi0,0.1253479424625766,0.2557203536118306
500,165,naive,psi1,-0.04281961254751318,0.24571632065720742
500,165,corrected,psi0,1.438466378025304,0.29917591540375277
500,165,corrected,psi1,0.4095973765738088,0.3029611668529492
500,166,naive,psi0,-0.4562458329281407,0.25989807695122935
500,166,naive,psi1,0.3722896168457267,0.29125583665570415
500,166,corrected,psi0,0.8404608472521912,0.30190199755680147
500,166,corrected,psi1,0.9628817018717021,0.3418939334578313
500,167,naive,psi0,-0.3942732081358927,0.24469932797839586
500,167,naive,psi1,0.1591180550940213,0.23292555302618123
500,167,corrected,psi0,0.9242820732801342,0.2873214420272927
500,167,corrected,psi1,0.7210789893545699,0.2989242568541556
500,168,naive,psi0,-0.38798508433708134,0.2487838729246701
500,168,naive,psi1,-0.018320255877257562,0.3221692437974926
500,168,corrected,psi0,0.7744131076114029,0.28576676188443406
500,168,corrected,psi1,0.47880535760383436,0.3598236182715226
500,169,naive,psi0,-0.12984745203674397,0.26009940905227596
500,169,naive,psi1,0.11656734358893676,0.22342853864493936
500,169,corrected,psi0,1.156616492567124,0.29998869332269423
500,169,corrected,psi1,0.5441343821598794,0.2639807043402823
500,170,naive,psi0,-0.5082767391015303,0.2518468795217332
500,170,naive,psi1,-0.15375172809683266,0.2408835560300929
500,170,corrected,psi0,0.7720939069231826,0.29536805677767386
500,170,corrected,psi1,0.30025115420401216,0.28240772393738833
500,171,naive,psi0,-0.3468717253635882,0.2598758612144602
500,171,naive,psi1,-0.3769595398158134,0.29069351691656126
500,171,corrected,psi0,0.8065999021780832,0.29884996785985873
500,171,corrected,psi1,0.09651661604932554,0.3254488371293573
500,172,naive,psi0,-0.21149710399559024,0.24813823989319989
500,172,naive,psi1,-0.1824466660159359,0.2523755073463439
500,172,corrected,psi0,1.066167150368569,0.2910180978492307
500,172,corrected,psi1,0.3036545427844435,0.2962454291514941
500,173,naive,psi0,-0.01982713552181267,0.26107552361937963
500,173,naive,psi1,-0.21820908154414545,0.293578774747986
500,173,corrected,psi0,1.2974773659319967,0.3023823619775239
500,173,corrected,psi1,0.3048735401048901,0.34029574937877843
500,174,naive,psi0,-0.09136098394747624,0.2500986476206567
500,174,naive,psi1,0.34385044872459986,0.2240125606358564
500,174,corrected,psi0,1.1731410948295227,0.29190048844110805
500,174,corrected,psi1,0.8453286590521738,0.26076760606772137
500,175,naive,psi0,-0.14943997130472772,0.2537899130245335
500,175,naive,psi1,0.05480530172294373,0.2334325113269039
500,175,corrected,psi0,1.1859245046362328,0.29862446664034836
500,175,corrected,psi1,0.5723104345139395,0.27135537540349464
500,176,naive,psi0,-0.4360697596042193,0.2602441632461725
500,176,naive,psi1,0.33646009406114613,0.2854905055863613
500,176,corrected,psi0,0.7845288347356423,0.30038541064439916
500,176,corrected,psi1,0.8026713277582599,0.32298298060615743
500,177,naive,psi0,-0.1314797801567285,0.28465481923665187
500,177,naive,psi1,0.3446861094566303,0.2945525029439146
500,177,corrected,psi0,1.2447530278022723,0.3277986539285316
500,177,corrected,psi1,0.7574426851098686,0.32904809530848034
500,178,naive,psi0,-0.23216065919414255,0.23781368245218623
500,178,naive,psi1,0.09393154901367,0.25997910949447084
500,178,corrected,psi0,0.9942077498767773,0.279851704699156
500,178,corrected,psi1,0.6391970781635398,0.30956279496952155
500,179,naive,psi0,-0.20257845463524835,0.26581984821411353
500,179,naive,psi1,0.37991850373409863,0.3267254478907408
500,179,corrected,psi0,1.0323399482139792,0.3086144183579086
500,179,corrected,psi1,0.8737699210776814,0.37536441567386386
500,180,naive,psi0,-0.2714229678057514,0.26764706030710567
500,180,naive,psi1,0.32866012434680375,0.32987563253469354
500,180,corrected,psi0,0.9593100484247867,0.3184844762676393
500,180,corrected,psi1,0.8874329646347495,0.40792369781987387
500,181,naive,psi0,-0.26078678302291436,0.25881832443472763
500,181,naive,psi1,0.0748540231380201,0.2826924702062736
500,181,corrected,psi0,0.8617285830751583,0.3030667303740851
500,181,corrected,psi1,0.6896825063202282,0.32491575264448186
500,182,naive,psi0,-0.7450329326705519,0.2478587642976377
500,182,naive,psi1,0.08409890484280175,0.2915949030429419
500,182,corrected,psi0,0.48295414742190274,0.28726533384998687
500,182,corrected,psi1,0.5791957186498109,0.33513553038011923
500,183,naive,psi0,0.07886091417016121,0.26082162026448436
500,183,naive,psi1,0.09557081615624975,0.2715889883696494
500,183,corrected,psi0,1.374559890263322,0.30551244021400015
500,183,corrected,psi1,0.5993975937585218,0.32542680631732546
500,184,naive,psi0,-0.20782158869866604,0.25584217228361816
500,184,naive,psi1,-0.04379876809293258,0.28625615097743445
500,184,corrected,psi0,1.0891366873682102,0.30628292404703233
500,184,corrected,psi1,0.4839604885480578,0.3567395361362176
500,185,naive,psi0,-0.17011377207065284,0.2582446346567868
500,185,naive,psi1,0.4017256649562847,0.23418087035476684
500,185,corrected,psi0,1.1728580872228385,0.294193106092514
500,185,corrected,psi1,0.9454860106984446,0.2683630974207355
500,186,naive,psi0,-0.49665310696194026,0.24451084458515115
500,186,naive,psi1,0.019629638408285743,0.2394819817493622
500,186,corrected,psi0,0.8223087727314453,0.2855081382573481
500,186,corrected,psi1,0.4777912154829651,0.28467380850298574
500,187,naive,psi0,0.27127598661666336,0.265294767896808
500,187,naive,psi1,-0.2875387392722288,0.2856665506016588
500,187,corrected,psi0,1.631923724142907,0.3170566494264917
500,187,corrected,psi1,0.1495473148673467,0.34008825869748166
500,188,naive,psi0,-0.24598378288514927,0.2487675368032759
500,188,naive,psi1,0.017831726358488773,0.25493817336483443
500,188,corrected,psi0,1.0505826107685203,0.292613216451049
500,188,corrected,psi1,0.5220827809632312,0.30454005922076216
500,189,naive,psi0,-0.41692196477736904,0.26180448257226435
500,189,naive,psi1,-0.23879941411127398,0.26131567160450014
500,189,corrected,psi0,0.7759692514946132,0.30580539700730464
500,189,corrected,psi1,0.21237338448537632,0.3017115147269869
500,190,naive,psi0,-0.12233550173130187,0.24181051714304125
500,190,naive,psi1,0.0762873823188609,0.2416091819841003
500,190,corrected,psi0,1.218844860740506,0.28618669086236886
500,190,corrected,psi1,0.5482407568913167,0.28802376865972096
500,191,naive,psi0,0.1853378309262762,0.27770773812853206
500,191,naive,psi1,0.2866492964401158,0.25314897073901477
500,191,corrected,psi0,1.553396101209663,0.3217227096420279
500,191,corrected,psi1,0.8373780451384862,0.2879460665492737
500,192,naive,psi0,-0.17899907033459703,0.2653227318161311
500,192,naive,psi1,0.18182727453388178,0.2875251632762126
500,192,corrected,psi0,1.1469483070495605,0.3087985183370308
500,192,corrected,psi1,0.6058178446365243,0.32942097165323175
500,193,naive,psi0,-0.08693256682569495,0.24695660176394602
500,193,naive,psi1,-0.18760644776353708,0.25999831204243823
500,193,corrected,psi0,1.292716387577897,0.2869890970810843
500,193,corrected,psi1,0.31854721674887343,0.31181514793763015
500,194,naive,psi0,-0.3076787650807377,0.2540944245788118
500,194,naive,psi1,0.014066133818612374,0.2634033961285349
500,194,corrected,psi0,0.941821566463841,0.2981826907041311
500,194,corrected,psi1,0.5309694660782411,0.3207837362933785
500,195,naive,psi0,-0.45735616729018347,0.2650444905652869
500,195,naive,psi1,0.1155477240472146,0.34287446952071055
500,195,corrected,psi0,0.7488730678049146,0.3030081078809071
500,195,corrected,psi1,0.6373058540450842,0.39512401331387975
500,196,naive,psi0,-0.7793940834862911,0.2548537725063787
500,196,naive,psi1,-0.8589537930983455,0.24609158964263023
500,196,corrected,psi0,0.3910768094068746,0.2976963925578046
500,196,corrected,psi1,-0.3789675837533237,0.29130499791632675
500,197,naive,psi0,-0.3560789650002373,0.2723905399316671
500,197,naive,psi1,0.031035848215781727,0.2483645033660927
500,197,corrected,psi0,0.9063597712047511,0.3171562801417129
500,197,corrected,psi1,0.5802590496411358,0.28611514603789595
500,198,naive,psi0,-0.05910380445961484,0.2619309369764169
500,198,naive,psi1,-0.07461286107802831,0.2709137298785341
500,198,corrected,psi0,1.251536558591189,0.30979793254461063
500,198,corrected,psi1,0.29428466231502126,0.3160184735402514
500,199,naive,psi0,-0.2134524240545194,0.24537596930637987
500,199,naive,psi1,-0.3679913101968617,0.2686903285829683
500,199,corrected,psi0,1.0784653988378767,0.29138942495780407
500,199,corrected,psi1,0.10030928817191964,0.31342208269096133
500,200,naive,psi0,-0.44052766243620783,0.256027243234318
500,200,naive,psi1,-0.28474766030798887,0.2942033477399466
500,200,corrected,psi0,0.7109186397178859,0.3013581303201629
500,200,corrected,psi1,0.1661494194264832,0.33735488378276635
500,201,naive,psi0,-0.40327707000520613,0.24850766883515377
500,201,naive,psi1,-0.04319455089556272,0.25319692431675866
500,201,corrected,psi0,0.8990282699847822,0.29071260139099847
500,201,corrected,psi1,0.43838482098439663,0.2939800532208632
500,202,naive,psi0,-0.8584156859496552,0.2631854537458939
500,202,naive,psi1,0.053681159442039904,0.2694362533207421
500,202,corrected,psi0,0.3542434486148771,0.31071314102002184
500,202,corrected,psi1,0.39544735853348495,0.32992277808951115
500,203,naive,psi0,-0.3985468177550719,0.2511620653539422
500,203,naive,psi1,0.21100534669116355,0.251483646151251
500,203,corrected,psi0,0.7024232757619017,0.290005429492057
500,203,corrected,psi1,0.8219777742179671,0.2844728023522583
500,204,naive,psi0,-0.08860633715881204,0.2471326463450466
500,204,naive,psi1,-0.1457445608015063,0.26543489182624513
500,204,corrected,psi0,1.1126267226608888,0.286497949874195
500,204,corrected,psi1,0.2444252397117219,0.30834644647172843
500,205,naive,psi0,0.22057513180453156,0.25982046680660204
500,205,naive,psi1,0.1825613312118073,0.25792168343321853
500,205,corrected,psi0,1.5953175880541903,0.29990218364760945
500,205,corrected,psi1,0.7245772137249282,0.29809140908210985
500,206,naive,psi0,-0.054071217051904354,0.25202946261940934
500,206,naive,psi1,-0.22648181039423554,0.2598933695889183
500,206,corrected,psi0,1.3680845213228032,0.2905128627578886
500,206,corrected,psi1,0.2096548251193678,0.3016906034428491
500,207,naive,psi0,-0.15405425140380422,0.2445048493237993
500,207,naive,psi1,0.14348819492658596,0.27039886790580453
500,207,corrected,psi0,1.2190479839369794,0.28275780708885606
500,207,corrected,psi1,0.6803142820552941,0.3102872995679294
500,208,naive,psi0,-0.5438727885425563,0.24816786401928595
500,208,naive,psi1,-0.41409582916856735,0.27032347897277825
500,208,corrected,psi0,0.7162939395705981,0.28810281491572964
500,208,corrected,psi1,-0.12445648729200973,0.3095508902498173
500,209,naive,psi0,-0.4793783616657643,0.2543527815684112
500,209,naive,psi1,0.26609776548275765,0.2517896374641475
500,209,corrected,psi0,0.819974326315629,0.2987518560845256
500,209,corrected,psi1,0.8427090425844609,0.2910497020666872
500,210,naive,psi0,-0.7321268007211501,0.24642170633046998
500,210,naive,psi1,-0.10176034146265867,0.24500802034009062
500,210,corrected,psi0,0.4990645164967811,0.2896873501635358
500,210,corrected,psi1,0.41862852942014916,0.2885607056636443
500,211,naive,psi0,-0.9586321956247381,0.24750546188530884
500,211,naive,psi1,0.41802556665839447,0.26151356947793925
500,211,corrected,psi0,0.2550269827263246,0.28211159984304374
500,211,corrected,psi1,0.9619486028693184,0.2979363598586358
500,212,naive,psi0,-0.010918451297622707,0.24642964986250954
500,212,naive,psi1,0.158771828725916,0.27917668762880515
500,212,corrected,psi0,1.3057267522123952,0.28758374790246216
500,212,corrected,psi1,0.7065869483867447,0.32566203513803926
500,213,naive,psi0,-0.09620318166661149,0.2591362232363046
500,213,naive,psi1,-0.06810186866413825,0.28956051023233137
500,213,corrected,psi0,1.180862634194755,0.3060561726112031
500,213,corrected,psi1,0.3210027845350297,0.3439203304642159
500,214,naive,psi0,-0.6838412351567407,0.2507833182041906
500,214,naive,psi1,0.4304723130460431,0.2357013075706164
500,214,corrected,psi0,0.47147360859771353,0.29860904851520986
500,214,corrected,psi1,1.0324637176955702,0.3013181852811377
500,215,naive,psi0,0.1215418184904262,0.2656367466508243
500,215,naive,psi1,-0.3040163676831227,0.27704527608175317
500,215,corrected,psi0,1.3766307612826272,0.3103983487312864
500,215,corrected,psi1,0.19134406363376916,0.3241291793569736
500,216,naive,psi0,-0.24551300595006434,0.2453428023927303
500,216,naive,psi1,-0.004310823674762014,0.2768647455712435
500,216,corrected,psi0,0.967208126354249,0.28676798691801164
500,216,corrected,psi1,0.47378004425890907,0.3220145017033045
500,217,naive,psi0,-1.0637484575319265,0.26567328759972003
500,217,naive,psi1,-0.4935611094864259,0.24967580594089936
500,217,corrected,psi0,0.1753195815229522,0.3101884976676797
500,217,corrected,psi1,-0.0792278270689763,0.2852415079284478
500,218,naive,psi0,-0.09925741107390496,0.25349247837529315
500,218,naive,psi1,0.16953242206439537,0.3206128313504998
500,218,corrected,psi0,1.2129861385677758,0.2913983345398063
500,218,corrected,psi1,0.7190640690513408,0.35709133557659845
500,219,naive,psi0,-0.18108007905423754,0.2508502414444386
500,219,naive,psi1,0.3150155476637132,0.2775000432442287
500,219,corrected,psi0,1.066219463359794,0.2926386669032856
500,219,corrected,psi1,0.8610862200602931,0.31181860686320584
500,220,naive,psi0,-0.18203031115993892,0.2650690604184971
500,220,naive,psi1,0.14735905513673053,0.3670896250218246
500,220,corrected,psi0,1.1272160801760724,0.3047647439466533
500,220,corrected,psi1,0.6424287789210079,0.4237174148285442
500,221,naive,psi0,-0.24426939992718733,0.24271576568182088
500,221,naive,psi1,-0.24084338551943046,0.23825486250316
500,221,corrected,psi0,0.9839017883370157,0.28450116987350355
500,221,corrected,psi1,0.3090150525465401,0.28088948824211185
500,222,naive,psi0,-0.13572262697885354,0.2469823318898791
500,222,naive,psi1,-0.3535284553878411,0.26306799072347714
500,222,corrected,psi0,1.208153248381683,0.2823749411869508
500,222,corrected,psi1,0.03690281922672399,0.2991153863401298
500,223,naive,psi0,-0.641500264724387,0.2620560854126761
500,223,naive,psi1,-0.08384563991792103,0.30629500000887133
500,223,corrected,psi0,0.545693853765547,0.30007953678412663
500,223,corrected,psi1,0.36428158848417064,0.35139653819032496
500,224,naive,psi0,-0.46459076744748645,0.2571240559142199
500,224,naive,psi1,-0.025955195975811016,0.22404891535865526
500,224,corrected,psi0,0.8293465891290815,0.3008996459270233
500,224,corrected,psi1,0.47232670001466076,0.2687667778603481
500,225,naive,psi0,-0.24976638353871744,0.25212779236495564
500,225,naive,psi1,-0.024160987157770455,0.2551594122069789
500,225,corrected,psi0,1.0116754439085753,0.28761040472691946
500,225,corrected,psi1,0.46675466017264944,0.29030405750000665
500,226,naive,psi0,-0.37307854634710874,0.2627016814526062
500,226,naive,psi1,0.12227629535341608,0.278625138331673
500,226,corrected,psi0,0.8327354286919835,0.30363210340418856
500,226,corrected,psi1,0.6522807934629455,0.3241015814919851
500,227,naive,psi0,-0.2494831468147737,0.2548979034220212
500,227,naive,psi1,-0.1155471841931091,0.30868330735648514
500,227,corrected,psi0,1.055782173112995,0.2933402546723129
500,227,corrected,psi1,0.41128200656765806,0.3575834418365282
500,228,naive,psi0,-0.6537394019109105,0.2584225246922301
500,228,naive,psi1,-0.367538374142421,0.2879659545242049
500,228,corrected,psi0,0.6469000106171818,0.30174172552460765
500,228,corrected,psi1,0.01670745504163894,0.3342790519083242
500,229,naive,psi0,-0.5832969525156252,0.25848589272680944
500,229,naive,psi1,-0.3105226265526151,0.20996601042901208
500,229,corrected,psi0,0.7190194723906752,0.30123169185736237
500,229,corrected,psi1,0.1850285644397362,0.24198447931600436
500,230,naive,psi0,-0.27468427935597844,0.26427982253240995
500,230,naive,psi1,-0.17702802832577005,0.2757037458741287
500,230,corrected,psi0,1.0476102945642747,0.30770093397926135
500,230,corrected,psi1,0.38601122931670045,0.3145617059293599
500,231,naive,psi0,0.11387353412493617,0.25933137014377083
500,231,naive,psi1,0.16617686082581698,0.24918541719622814
500,231,corrected,psi0,1.5153709233844652,0.30106485672962635
500,231,corrected,psi1,0.6463039655143006,0.28911648564721215
500,232,naive,psi0,-0.496398900305259,0.2406961274645036
500,232,naive,psi1,0.3675266685302984,0.2463104614588721
500,232,corrected,psi0,0.8144215294004766,0.2870107749273906
500,232,corrected,psi1,0.8210961245572271,0.28253281678036607
500,233,naive,psi0,-0.6068652801062272,0.26680599489639456
500,233,naive,psi1,-0.4955539676729002,0.24553377108355734
500,233,corrected,psi0,0.6502971918249383,0.30940360660016125
500,233,corrected,psi1,-0.1360637903088732,0.28401313723874266
500,234,naive,psi0,-0.5391472145830069,0.27164839806379437
500,234,naive,psi1,-0.0029163419954257295,0.2735065057528142
500,234,corrected,psi0,0.7237384027880788,0.3123962129641523
500,234,corrected,psi1,0.47383513854597875,0.3137414150406615
500,235,naive,psi0,0.006950861462065712,0.2413281716579081
500,235,naive,psi1,0.4765412472696822,0.2140447773507394
500,235,corrected,psi0,1.4562684844436156,0.2841059123951863
500,235,corrected,psi1,0.9312443366944972,0.2575810816866973
500,236,naive,psi0,-0.37824686339795116,0.253264247689451
500,236,naive,psi1,0.28480538496958213,0.2595185131158718
500,236,corrected,psi0,0.9619270120550084,0.29886868147517043
500,236,corrected,psi1,0.9060597212629837,0.29829617958266924
500,237,naive,psi0,0.11500166321100973,0.25371243934928595
500,237,naive,psi1,-0.3151223213077095,0.2529023260706072
500,237,corrected,psi0,1.3727734847956485,0.2959192786898721
500,237,corrected,psi1,0.04451475844145258,0.2912309771786991
500,238,naive,psi0,0.4211028862712721,0.2458691010755479
500,238,naive,psi1,-0.3634132599203744,0.278101858615224
500,238,corrected,psi0,1.7314588587554114,0.28642485296670633
500,238,corrected,psi1,0.1870028432811769,0.31898479094397825
500,239,naive,psi0,-0.3119463540485733,0.2528762279945372
500,239,naive,psi1,0.28679824257517156,0.23126675443609604
500,239,corrected,psi0,0.912226914542712,0.2937427192608836
500,239,corrected,psi1,0.7795743587657782,0.2691534296053499
500,240,naive,psi0,0.14809103950823288,0.2615451394938368
500,240,naive,psi1,-0.4771743188414319,0.3322982906058601
500,240,corrected,psi0,1.3694027854742872,0.3082601831637628
500,240,corrected,psi1,0.03331713393631251,0.385486172152805
500,241,naive,psi0,-0.12676245789035015,0.2694227695326028
500,241,naive,psi1,-0.4196476755606234,0.30552903688420413
500,241,corrected,psi0,1.1509016642824745,0.3133815111515026
500,241,corrected,psi1,0.0354231796266582,0.3498112803943778
500,242,naive,psi0,-0.6656690518420403,0.2518373089381193
500,242,naive,psi1,-0.07715116514170728,0.2490863285009781
500,242,corrected,psi0,0.6856389805229101,0.2920270628772505
500,242,corrected,psi1,0.43896118632517783,0.287950060909875
500,243,naive,psi0,-0.11369253681745708,0.2570586262038022
500,243,naive,psi1,0.38187569938091,0.2337509404883184
500,243,corrected,psi0,1.215145150969351,0.2961365255828135
500,243,corrected,psi1,0.949306392441062,0.28032602242626736
500,244,naive,psi0,-0.29268822572055414,0.24929456259063715
500,244,naive,psi1,-0.4060084353102057,0.23486464793786424
500,244,corrected,psi0,1.0088841772175152,0.2895492576743768
500,244,corrected,psi1,0.10391624878460741,0.274605411458847
500,245,naive,psi0,-0.7937920470123417,0.26383606191634734
500,245,naive,psi1,-0.25222140256031145,0.24906455086488732
500,245,corrected,psi0,0.3930892357541426,0.3108161905950531
500,245,corrected,psi1,0.2816809650913192,0.31218237119438813
500,246,naive,psi0,-0.5484532756053082,0.26145216975244023
500,246,naive,psi1,0.04999268815779084,0.3641225755550782
500,246,corrected,psi0,0.6688418244204206,0.30680092358948663
500,246,corrected,psi1,0.5589377650535384,0.4481890549390404
500,247,naive,psi0,-0.7928660160795765,0.24758887476343858
500,247,naive,psi1,0.08402637966847055,0.26072714180372447
500,247,corrected,psi0,0.354742436947346,0.2889562520309711
500,247,corrected,psi1,0.5880162054662513,0.31185429855698404
500,248,naive,psi0,-0.044369573930470176,0.25167363519860136
500,248,naive,psi1,-0.0972438548616778,0.24491893467260617
500,248,corrected,psi0,1.2959801123442494,0.29253465207767454
500,248,corrected,psi1,0.3398415211745729,0.28296986939242863
500,249,naive,psi0,-0.24582174943753152,0.2599273751761289
500,249,naive,psi1,-0.1932953532358819,0.26203395824679687
500,249,corrected,psi0,1.033664956383806,0.30108832178061695
500,249,corrected,psi1,0.226663520296642,0.30644671071381124
500,250,naive,psi0,-0.6248935142749688,0.252435250764995
500,250,naive,psi1,-0.1835049650171619,0.2302661150915025
500,250,corrected,psi0,0.549207390546121,0.29469151119547915
500,250,corrected,psi1,0.25065092017013735,0.2697645515754465
500,251,naive,psi0,0.10331727253018591,0.24602753540143235
500,251,naive,psi1,-0.4866065006031053,0.2907469805319981
500,251,corrected,psi0,1.4217241756576648,0.2891280078405188
500,251,corrected,psi1,-0.03758086708893602,0.3455641217079675
500,252,naive,psi0,-0.4679976293724144,0.25755490922643326
500,252,naive,psi1,0.3608515598637774,0.24004123648958645
500,252,corrected,psi0,0.8176844911410249,0.3008534299041168
500,252,corrected,psi1,0.9000775031670195,0.28200146701205736
500,253,naive,psi0,-0.23519970800338183,0.2621432998391222
500,253,naive,psi1,0.0846830923221751,0.27774484662738613
500,253,corrected,psi0,1.0347023776272515,0.30733644632037377
500,253,corrected,psi1,0.6317775097034751,0.3282140765290811
500,254,naive,psi0,-0.3434160775591239,0.2411683133349578
500,254,naive,psi1,0.04949222513740941,0.2161574270435307
500,254,corrected,psi0,0.9518229687626998,0.28264652929937273
500,254,corrected,psi1,0.5154921416221866,0.2602134941979432
500,255,naive,psi0,-0.942871412828445,0.2549827454514409
500,255,naive,psi1,0.22845632814421582,0.23301256723576816
500,255,corrected,psi0,0.17046972759666665,0.2920056662703706
500,255,corrected,psi1,0.7402446020481815,0.26878807738635047
500,256,naive,psi0,-0.44291931867534406,0.2478993871857314
500,256,naive,psi1,0.28953217597026454,0.2535742261083187
500,256,corrected,psi0,0.7375992110691062,0.29190667533508824
500,256,corrected,psi1,0.7405275546294412,0.2944562338359492
500,257,naive,psi0,0.4931882914929482,0.2428787183720005
500,257,naive,psi1,0.24540838246630747,0.241320562548869
500,257,corrected,psi0,1.85245087361335,0.2863859199666991
500,257,corrected,psi1,0.8795105072874019,0.28983267973012494
500,258,naive,psi0,-0.4103289074781654,0.25228446390322046
500,258,naive,psi1,-0.20614494510024142,0.2863167546250911
500,258,corrected,psi0,0.8015994083325219,0.2901405815012321
500,258,corrected,psi1,0.40585625953252413,0.3313435733047247
500,259,naive,psi0,-0.1896785703263165,0.2554155820147436
500,259,naive,psi1,0.26454419007464286,0.25727427163193467
500,259,corrected,psi0,1.0998603914569007,0.29864758785831963
500,259,corrected,psi1,0.8718173982940269,0.3024578304764951
500,260,naive,psi0,-0.01565590050594852,0.25419204199596074
500,260,naive,psi1,0.044815860620777526,0.2517366417337198
500,260,corrected,psi0,1.3796240626683258,0.29995210052383675
500,260,corrected,psi1,0.475556017229304,0.2919858712498186
500,261,naive,psi0,-0.50031658948526,0.26773385935473054
500,261,naive,psi1,0.16280058297649494,0.31710145019846325
500,261,corrected,psi0,0.8604727583710556,0.3095946462189341
500,261,corrected,psi1,0.7115275322462549,0.3689397975226907
500,262,naive,psi0,0.18104447698829965,0.2599995881605978
500,262,naive,psi1,-0.447766625291974,0.3042323413384773
500,262,corrected,psi0,1.5946070035487856,0.30547513114481867
500,262,corrected,psi1,-0.10087521246611429,0.35419798524572904
500,263,naive,psi0,-0.20640020451119073,0.24928680020332628
500,263,naive,psi1,0.18608742753884702,0.23280488730995208
500,263,corrected,psi0,0.98156467418821,0.28799312893265155
500,263,corrected,psi1,0.6626750693817536,0.27593117425069624
500,264,naive,psi0,-0.4423669757054107,0.25083527665465877
500,264,naive,psi1,0.1468813473524183,0.2271063771391082
500,264,corrected,psi0,0.777844999752413,0.287231552307069
500,264,corrected,psi1,0.6466809757325921,0.26152872016804696
500,265,naive,psi0,-0.319342404588213,0.2513916803065628
500,265,naive,psi1,0.06601359612069475,0.24038296606795795
500,265,corrected,psi0,0.860970026551634,0.2924200017046277
500,265,corrected,psi1,0.5919648552573321,0.2766930384274932
500,266,naive,psi0,-0.39241344787927285,0.2506062599421152
500,266,naive,psi1,-0.42547988469922887,0.2659169996302747
500,266,corrected,psi0,0.9109926015083174,0.28923095937422916
500,266,corrected,psi1,-2.8693258505713988e-05,0.31154019593313254
500,267,naive,psi0,-0.08656214550646064,0.26170685129703913
500,267,naive,psi1,-0.7931449876685531,0.26676807519219653
500,267,corrected,psi0,1.1901973972457591,0.30327828797890116
500,267,corrected,psi1,-0.43659111248460547,0.3131379819823475
500,268,naive,psi0,-0.1025701063024703,0.24988006939425533
500,268,naive,psi1,0.05828998296832473,0.22047583293624273
500,268,corrected,psi0,1.3581951544233652,0.2952441904433829
500,268,corrected,psi1,0.6105820949621965,0.2609620286130253
500,269,naive,psi0,-0.5092638502227613,0.2477926352002893
500,269,naive,psi1,0.2757730489704143,0.31588392757424777
500,269,corrected,psi0,0.693818734115166,0.2930304469607304
500,269,corrected,psi1,0.8803862387600343,0.3643295021869171
500,270,naive,psi0,-0.34632628649808206,0.2535036101296178
500,270,naive,psi1,-0.025065159242570224,0.26300599580497513
500,270,corrected,psi0,0.8539991427259697,0.28913617360457555
500,270,corrected,psi1,0.4470221578941466,0.2952472874617146
500,271,naive,psi0,-0.4023342846268099,0.2479391895452526
500,271,naive,psi1,0.1531281306605325,0.25134799283625187
500,271,corrected,psi0,0.7886860212748947,0.2876770395487213
500,271,corrected,psi1,0.6820202792221169,0.2888321930319982
500,272,naive,psi0,-0.027107629829247807,0.27082232113380766
500,272,naive,psi1,0.014598988063310458,0.2916378413791684
500,272,corrected,psi0,1.1795874157326003,0.30952873493840294
500,272,corrected,psi1,0.6461061403402775,0.34033397162272194
500,273,naive,psi0,0.2118776464579654,0.26566195715722163
500,273,naive,psi1,0.037076727161822386,0.30822070603308016
500,273,corrected,psi0,1.6101937364872803,0.3093858840938132
500,273,corrected,psi1,0.3905561273729451,0.3569482055091208
500,274,naive,psi0,-0.4388538872708309,0.26401104291334576
500,274,naive,psi1,-0.1364748036030353,0.29806912098333926
500,274,corrected,psi0,0.6791548116782942,0.3030318130959738
500,274,corrected,psi1,0.5106535490844916,0.33432515745422486
500,275,naive,psi0,-0.25282762562828237,0.25166030127727135
500,275,naive,psi1,-0.15867740273562067,0.26291486467332464
500,275,corrected,psi0,1.040429632897579,0.29058471380705664
500,275,corrected,psi1,0.3314486321931334,0.3017741179819549
500,276,naive,psi0,-0.2220564532585337,0.2617676601562757
500,276,naive,psi1,-0.2544313586731474,0.27492393634929124
500,276,corrected,psi0,1.0371582863384292,0.3053017791534579
500,276,corrected,psi1,0.2193886769833043,0.3279311054427285
500,277,naive,psi0,-0.3205529381086402,0.25764288215618236
500,277,naive,psi1,0.523805736162975,0.2926976626194534
500,277,corrected,psi0,0.9518301889915579,0.29521127043705164
500,277,corrected,psi1,1.1049760667272548,0.3432404733089538
500,278,naive,psi0,-0.49815085415322247,0.25030738422958526
500,278,naive,psi1,-0.44437920654224944,0.2889425698311698
500,278,corrected,psi0,0.7720601974206389,0.29294792205354697
500,278,corrected,psi1,-0.005334870344935818,0.3370798323248554
500,279,naive,psi0,-0.19956371479772225,0.25830643581320706
500,279,naive,psi1,0.05643140668840125,0.24565509776074634
500,279,corrected,psi0,1.0700997781374442,0.3011693768594161
500,279,corrected,psi1,0.6067950550646899,0.2853178528422792
500,280,naive,psi0,-0.3728956381259695,0.260185002267132
500,280,naive,psi1,-0.10845982474590417,0.3357858283206283
500,280,corrected,psi0,0.9548447235784886,0.30759461658948717
500,280,corrected,psi1,0.2968596835118211,0.3941221592597604
500,281,naive,psi0,-0.6429134717831135,0.24546820701121372
500,281,naive,psi1,0.6912806721101877,0.2956970607793428
500,281,corrected,psi0,0.6246279112687938,0.28173716082442096
500,281,corrected,psi1,1.186193795369641,0.3332271267324313
500,282,naive,psi0,-0.38579172552787,0.2521255922960076
500,282,naive,psi1,-0.06192013094903733,0.261335366033648
500,282,corrected,psi0,0.9702208196570741,0.2960421771535557
500,282,corrected,psi1,0.4718204170887229,0.3097805832592673
500,283,naive,psi0,-0.10645519809197283,0.26135857334656465
500,283,naive,psi1,0.012800724167853437,0.24628943085093116
500,283,corrected,psi0,1.1784665040973878,0.300249516423206
500,283,corrected,psi1,0.4420461951420378,0.28579535751750684
500,284,naive,psi0,-0.25230478767585435,0.25882855486505557
500,284,naive,psi1,-0.02294977229719963,0.2749170562771843
500,284,corrected,psi0,0.9147761968375695,0.30089006108813227
500,284,corrected,psi1,0.37262112618723753,0.32182578436816
500,285,naive,psi0,-0.44975439279618606,0.270835240388148
500,285,naive,psi1,0.18886646197829954,0.23904106062081715
500,285,corrected,psi0,0.8632537250338771,0.3236515181294953
500,285,corrected,psi1,0.7360128391902332,0.29034506892597695
500,286,naive,psi0,-0.5637696595586247,0.25566205680635
500,286,naive,psi1,-0.05280828226681542,0.2516438124181765
500,286,corrected,psi0,0.6576860307570499,0.3000884969290709
500,286,corrected,psi1,0.4697083624185114,0.30418630771206684
500,287,naive,psi0,-0.23484461511195134,0.2712059907886444
500,287,naive,psi1,0.5958453410769976,0.27465513948207576
500,287,corrected,psi0,1.007693484996192,0.3232856825847514
500,287,corrected,psi1,1.1366016896548992,0.3556738193646515
500,288,naive,psi0,-0.35674475311020776,0.27330449721759337
500,288,naive,psi1,0.2425353664880789,0.317886566785614
500,288,corrected,psi0,0.8434694744479901,0.31265675474116905
500,288,corrected,psi1,0.7410031219531484,0.3614945600582134
500,289,naive,psi0,-0.15661278737909676,0.25972325747540204
500,289,naive,psi1,-0.18416944700658744,0.25341057988907567
500,289,corrected,psi0,1.1456035667386562,0.29606984697130756
500,289,corrected,psi1,0.33715113591135626,0.2924165697604616
500,290,naive,psi0,-0.4203716668920146,0.24050745925035596
500,290,naive,psi1,0.25252877434647425,0.22005286394246476
500,290,corrected,psi0,0.8156508650900927,0.27869831730532424
500,290,corrected,psi1,0.8275377630257218,0.24285963011811865
500,291,naive,psi0,-0.13336164193226532,0.2540308083969067
500,291,naive,psi1,0.17390854125999997,0.26851723793650395
500,291,corrected,psi0,1.146019485366457,0.2937130721824742
500,291,corrected,psi1,0.671800913558036,0.3140831632598963
500,292,naive,psi0,-0.7635879354064907,0.24463545272076406
500,292,naive,psi1,0.07426637214850003,0.2647054894379777
500,292,corrected,psi0,0.42579432134389017,0.28380715798602024
500,292,corrected,psi1,0.5900410227213596,0.3006082194109942
500,293,naive,psi0,-0.12616512457282167,0.26912906149727506
500,293,naive,psi1,-0.4010809943404578,0.29060861452999
500,293,corrected,psi0,1.1872733597079796,0.3102172594778217
500,293,corrected,psi1,0.006514762158898249,0.33819308478492743
500,294,naive,psi0,-0.45349597426770905,0.244095850819267
500,294,naive,psi1,0.02243242839603556,0.25451185517742364
500,294,corrected,psi0,0.7826565277998458,0.28028546441930097
500,294,corrected,psi1,0.48071328509336236,0.29288400859473057
500,295,naive,psi0,-0.3323657159115494,0.2594533528606256
500,295,naive,psi1,0.30701946237676636,0.2811389145352183
500,295,corrected,psi0,0.8676025028019124,0.3100654230034973
500,295,corrected,psi1,0.8338897500524137,0.3601267825493732
500,296,naive,psi0,-0.22494188091221004,0.25701618176019
500,296,naive,psi1,0.31986920641117234,0.27072568314320644
500,296,corrected,psi0,1.1442814801230188,0.2979299132269894
500,296,corrected,psi1,0.9312657350602491,0.31695102434225736
500,297,naive,psi0,-0.038434882980576075,0.2735634243052677
500,297,naive,psi1,-0.09032684210315774,0.27416157494034976
500,297,corrected,psi0,1.341719173243746,0.3137474816266601
500,297,corrected,psi1,0.33639332836678365,0.31598738165881823
500,298,naive,psi0,-0.32326861951291397,0.2497519087804664
500,298,naive,psi1,-0.18668500956338446,0.2670237552887115
500,298,corrected,psi0,0.9698792915312139,0.29100159019958616
500,298,corrected,psi1,0.3194612658479826,0.30578488096853707
500,299,naive,psi0,-0.08550303182393422,0.2637649162288084
500,299,naive,psi1,-0.3325911088595739,0.24777505516023393
500,299,corrected,psi0,1.1686420858060644,0.307066946244823
500,299,corrected,psi1,0.1653113423496446,0.2877083672288213
500,300,naive,psi0,-0.383370096443649,0.2539639354816016
500,300,naive,psi1,0.2702995980960287,0.22598767230608383
500,300,corrected,psi0,0.9235614958363721,0.29518269526934043
500,300,corrected,psi1,0.876755282512045,0.2674498729739128
500,301,naive,psi0,-0.050318729183900464,0.24740769674218976
500,301,naive,psi1,-0.11631100241139224,0.233005790849082
500,301,corrected,psi0,1.1035027976550835,0.2892000639131955
500,301,corrected,psi1,0.43385100443001356,0.2740710332847961
500,302,naive,psi0,-0.42863721556955814,0.26761095886908703
500,302,naive,psi1,0.2173920057994346,0.302273123099596
500,302,corrected,psi0,0.812248262012902,0.3151199705254445
500,302,corrected,psi1,0.7332909111342879,0.34778877824423793
500,303,naive,psi0,-0.07637730226218475,0.2612294801270157
500,303,naive,psi1,0.06354515014799555,0.2938381503768155
500,303,corrected,psi0,1.2765631335383467,0.3088357649993803
500,303,corrected,psi1,0.5379386187785491,0.3351808547818642
500,304,naive,psi0,-0.029181747388481238,0.24721100970921148
500,304,naive,psi1,0.031318230112082075,0.23699177384142747
500,304,corrected,psi0,1.2460806172743117,0.2876606339394632
500,304,corrected,psi1,0.4718451709157611,0.2742288060470822
500,305,naive,psi0,-0.05169841039380116,0.2673660041464095
500,305,naive,psi1,0.2576972177786676,0.33313292142428264
500,305,corrected,psi0,1.207911635413033,0.3100743531697046
500,305,corrected,psi1,0.792093860631443,0.3834036030419254
500,306,naive,psi0,-0.4992896256815458,0.2548769596324168
500,306,naive,psi1,-0.01650236526490956,0.27349983125183897
500,306,corrected,psi0,0.7711515709601718,0.29896244803697264
500,306,corrected,psi1,0.5268343077783021,0.31883890436877793
500,307,naive,psi0,-0.46145178010777277,0.25314348115110114
500,307,naive,psi1,0.14500247007806844,0.2228805730851642
500,307,corrected,psi0,0.7149976843142096,0.2927790750508002
500,307,corrected,psi1,0.6177508921832283,0.25771249874512353
500,308,naive,psi0,-0.012341930217106391,0.24561086053560266
500,308,naive,psi1,0.06830627423820047,0.24672548290272375
500,308,corrected,psi0,1.2401306672340888,0.29116841474973343
500,308,corrected,psi1,0.608610824049868,0.29334626507293443
500,309,naive,psi0,-0.15570914667854077,0.2575464066251118
500,309,naive,psi1,-0.07600194083003578,0.29419633332994877
500,309,corrected,psi0,1.111765465655799,0.29901897018851553
500,309,corrected,psi1,0.4142799546866333,0.3372389223345322
500,310,naive,psi0,0.12408622124169606,0.25496957575320234
500,310,naive,psi1,0.012160608009865388,0.2657875408644239
500,310,corrected,psi0,1.5753544613247208,0.29406153792780815
500,310,corrected,psi1,0.4639373611883236,0.3088088024473085
500,311,naive,psi0,-0.22681786387485164,0.2553422856214521
500,311,naive,psi1,-0.011130927951408609,0.33814294525219357
500,311,corrected,psi0,1.0556533947757414,0.29423365952165165
500,311,corrected,psi1,0.35057052266754124,0.38434506983097894
500,312,naive,psi0,-0.17854535901447469,0.24467919100409144
500,312,naive,psi1,0.2744782612244923,0.24062203182502714
500,312,corrected,psi0,1.1998512445655447,0.2888369680267539
500,312,corrected,psi1,0.8786321276781713,0.29065344711257995
500,313,naive,psi0,-0.08224284111597886,0.2617845960730198
500,313,naive,psi1,0.05932696714282567,0.25662360867978673
500,313,corrected,psi0,1.2940708230027251,0.30184497259971227
500,313,corrected,psi1,0.5096499932655508,0.29318499074543375
500,314,naive,psi0,-0.04979958015288776,0.2636168122923771
500,314,naive,psi1,0.27593668378018,0.26779060588667647
500,314,corrected,psi0,1.2373023388027427,0.30869072277795406
500,314,corrected,psi1,0.8226366649654621,0.3359510054161778
500,315,naive,psi0,-0.42658995657340154,0.24794590574087538
500,315,naive,psi1,-0.114664790368209,0.25435354436513513
500,315,corrected,psi0,0.7707435007550606,0.2931264662043299
500,315,corrected,psi1,0.3094191698697737,0.2963377843452814
500,316,naive,psi0,0.33423194444085785,0.267109671017588
500,316,naive,psi1,-0.26491616350074526,0.27870837613562804
500,316,corrected,psi0,1.7978246127225772,0.3156704984514257
500,316,corrected,psi1,0.21207034283003443,0.3272442815204702
500,317,naive,psi0,-0.27835474505362956,0.24969690043599177
500,317,naive,psi1,-0.02840087895525763,0.27013544690333174
500,317,corrected,psi0,0.9316008979694967,0.2948101386205469
500,317,corrected,psi1,0.5181473244883562,0.325368093120895
500,318,naive,psi0,0.23392926805736905,0.26261582421984625
500,318,naive,psi1,-0.23156829108306026,0.26108086902195643
500,318,corrected,psi0,1.64241160502224,0.3068402242746781
500,318,corrected,psi1,0.28387940516865046,0.3039853461350533
500,319,naive,psi0,-0.5068804534225654,0.2643139873447902
500,319,naive,psi1,0.10950255862136284,0.3429826958602394
500,319,corrected,psi0,0.7090497779103384,0.3107369838074365
500,319,corrected,psi1,0.6912472296910699,0.3996294800837267
500,320,naive,psi0,0.04867331734339638,0.2490062936382973
500,320,naive,psi1,-0.08666032075957732,0.24538204878402994
500,320,corrected,psi0,1.3521023473882892,0.2886657123550253
500,320,corrected,psi1,0.36480720959086116,0.28022630131611725
500,321,naive,psi0,-0.5648702538995412,0.2655153146098563
500,321,naive,psi1,-0.17080321664240847,0.27809596867712666
500,321,corrected,psi0,0.7088792478383115,0.30678398345357716
500,321,corrected,psi1,0.3174600004663107,0.3173261400922018
500,322,naive,psi0,-0.22060493037425186,0.24527881183504047
500,322,naive,psi1,-0.05551984508468699,0.24567796684075976
500,322,corrected,psi0,1.0861193531395812,0.2845747656904319
500,322,corrected,psi1,0.4660633469680015,0.28998494762528965
500,323,naive,psi0,-0.1682893786964655,0.2591391298101345
500,323,naive,psi1,-0.12435257645085286,0.28269335476213797
500,323,corrected,psi0,1.0185992284385808,0.3083076951307314
500,323,corrected,psi1,0.33277943168831353,0.3342499026346943
500,324,naive,psi0,-0.035310449615621214,0.2506440371187823
500,324,naive,psi1,-0.6012627342861644,0.24856611769990591
500,324,corrected,psi0,1.2095604543297414,0.29446957499684456
500,324,corrected,psi1,-0.11661578046729992,0.28470056648755826
500,325,naive,psi0,-0.1551607207509803,0.24204729010083134
500,325,naive,psi1,0.3662432062790527,0.24763364058760234
500,325,corrected,psi0,1.1648541181037169,0.27960130073490636
500,325,corrected,psi1,0.8525954186530034,0.2884610079585792
500,326,naive,psi0,-0.38721136833081954,0.2530104122182389
500,326,naive,psi1,0.12488809238940309,0.25537519626462096
500,326,corrected,psi0,0.8120483739171348,0.29602554375565593
500,326,corrected,psi1,0.7079279789207756,0.30265834473140985
500,327,naive,psi0,0.06630733304029643,0.2652780298195013
500,327,naive,psi1,0.15817659409010226,0.27804076042124704
500,327,corrected,psi0,1.3517680421618292,0.3032218036552058
500,327,corrected,psi1,0.776797779935824,0.3142633574338317
500,328,naive,psi0,-0.1472292213139399,0.25196617169656055
500,328,naive,psi1,0.25618119004530265,0.2466951777406665
500,328,corrected,psi0,1.1442143351348346,0.2948735305133497
500,328,corrected,psi1,0.8803405012298152,0.28603620081521786
500,329,naive,psi0,-0.1552831635978972,0.26557336418927435
500,329,naive,psi1,-0.0747387099189943,0.2797474522724494
500,329,corrected,psi0,1.190044006329474,0.3091272429175783
500,329,corrected,psi1,0.38267393441921116,0.3264880923761284
500,330,naive,psi0,0.026566380231527343,0.2550158871419648
500,330,naive,psi1,-0.3687169054076733,0.24128034155893777
500,330,corrected,psi0,1.3719958907184657,0.3007195041722289
500,330,corrected,psi1,0.0033139235293885012,0.28539357488028877
500,331,naive,psi0,-0.2519151359579833,0.23270876762433523
500,331,naive,psi1,-0.3094348932246394,0.25032523750616037
500,331,corrected,psi0,0.9657253257565658,0.2679633465399432
500,331,corrected,psi1,0.1133719489661913,0.28633962905771065
500,332,naive,psi0,-0.07472849393443898,0.24779054514409524
500,332,naive,psi1,-0.10306043212055192,0.27669488224511285
500,332,corrected,psi0,1.1780727009040575,0.2911132679060691
500,332,corrected,psi1,0.4177951364641284,0.33594736901884076
500,333,naive,psi0,0.0334947065515905,0.25396432600328
500,333,naive,psi1,-0.008374789983734539,0.24548109786482178
500,333,corrected,psi0,1.3853812405957595,0.2973024068088727
500,333,corrected,psi1,0.5890075368481094,0.29137460711893126
500,334,naive,psi0,-0.4014182824124419,0.2667391786148621
500,334,naive,psi1,0.16864452244684786,0.31436122517176507
500,334,corrected,psi0,0.8965646051926452,0.31105057848424694
500,334,corrected,psi1,0.8650729253019247,0.3763627836124879
500,335,naive,psi0,-0.16624575734526145,0.2566243780472784
500,335,naive,psi1,0.2135317187633568,0.25946050022398104
500,335,corrected,psi0,1.2102715198219998,0.2998123376974467
500,335,corrected,psi1,0.7981735366869133,0.3149622323202224
500,336,naive,psi0,-0.2997193918074792,0.26089729829884845
500,336,naive,psi1,0.2992641606094481,0.27119632637400387
500,336,corrected,psi0,0.9364201229623583,0.3091726190265959
500,336,corrected,psi1,0.7267526818206405,0.34011918381694684
500,337,naive,psi0,-0.3715657758876419,0.26168237442056524
500,337,naive,psi1,0.10205674029907309,0.2730223202874171
500,337,corrected,psi0,0.9961648375671671,0.3052330186168821
500,337,corrected,psi1,0.5757815936020945,0.3040726987736059
500,338,naive,psi0,-0.40060013550442275,0.25708387736007593
500,338,naive,psi1,-0.05152774761278619,0.3013356198783935
500,338,corrected,psi0,0.7464789885684354,0.305700786378104
500,338,corrected,psi1,0.37104311871073875,0.3522693387210262
500,339,naive,psi0,-0.29082624763487236,0.24621936436928943
500,339,naive,psi1,0.4063433410283829,0.28453266930301796
500,339,corrected,psi0,1.0440158702514815,0.28737499318176263
500,339,corrected,psi1,0.9321709916206457,0.3337315182879458
500,340,naive,psi0,-0.35883580458290243,0.2564204475271649
500,340,naive,psi1,-0.36451834185736837,0.24877001689844938
500,340,corrected,psi0,0.9064696672221898,0.29448524875850685
500,340,corrected,psi1,0.12706880602026374,0.276011817478903
500,341,naive,psi0,-0.8157341477308188,0.2585813619306318
500,341,naive,psi1,0.27705879322059906,0.321777325757473
500,341,corrected,psi0,0.42348659741934364,0.3019370766142924
500,341,corrected,psi1,0.8099501702368808,0.3879202690257544
500,342,naive,psi0,-0.014481878209703047,0.2569459633243827
500,342,naive,psi1,0.09847515212185308,0.2941453153848548
500,342,corrected,psi0,1.3365339601371555,0.2933884521976239
500,342,corrected,psi1,0.5837639081045695,0.33280120245626194
500,343,naive,psi0,-0.31691328501073257,0.257740822670619
500,343,naive,psi1,-0.10792854977824357,0.31411301440289374
500,343,corrected,psi0,1.0175972668557605,0.3048004519986828
500,343,corrected,psi1,0.3646348376465223,0.36190644937025296
500,344,naive,psi0,-0.57766423603225,0.2785970190075315
500,344,naive,psi1,-0.04154952879262483,0.294363540180029
500,344,corrected,psi0,0.7759247381787729,0.3218178349917514
500,344,corrected,psi1,0.36027282560757684,0.3464969964721318
500,345,naive,psi0,-0.3788665082447743,0.24896504359504398
500,345,naive,psi1,0.028565624697961006,0.26711892661392095
500,345,corrected,psi0,0.7918674955504295,0.2846008923019183
500,345,corrected,psi1,0.6012934246558647,0.29566259384365523
500,346,naive,psi0,-0.26978979892036353,0.2535675523337365
500,346,naive,psi1,0.3546057328327438,0.27189644096283355
500,346,corrected,psi0,0.8692385573164911,0.2961709422661772
500,346,corrected,psi1,0.9917396856048593,0.31686374956804664
500,347,naive,psi0,-0.5860935653491041,0.26540200616265996
500,347,naive,psi1,0.02554173767617866,0.3212327568922134
500,347,corrected,psi0,0.5501548754574357,0.3115221099882801
500,347,corrected,psi1,0.5795170809776631,0.38724728272549475
500,348,naive,psi0,0.10161171123586941,0.24721575109230262
500,348,naive,psi1,0.3322288067574234,0.24220870750138918
500,348,corrected,psi0,1.412059991234999,0.29050600371839974
500,348,corrected,psi1,0.9275770501005877,0.2839747863892071
500,349,naive,psi0,-0.23962404504892731,0.26661570356021147
500,349,naive,psi1,-0.2812913514348015,0.3161061721496398
500,349,corrected,psi0,1.035599356302256,0.30949638397402585
500,349,corrected,psi1,0.13002688646520177,0.3648388915362483
500,350,naive,psi0,-0.46647682851294037,0.26210489330358616
500,350,naive,psi1,0.07426989197461531,0.27057640249465187
500,350,corrected,psi0,0.7221112925951859,0.3145881914925887
500,350,corrected,psi1,0.5788080746225147,0.33449197688141447
500,351,naive,psi0,-0.02178355779776324,0.25070106422818994
500,351,naive,psi1,-0.3100282442739737,0.2592891682874453
500,351,corrected,psi0,1.2117519594392676,0.28986736662861506
500,351,corrected,psi1,0.04508316069204991,0.2998773377561018
500,352,naive,psi0,-0.1581983470350494,0.25491094382325413
500,352,naive,psi1,-0.2843477986422625,0.2699262707222696
500,352,corrected,psi0,1.0847209404185814,0.2948845313354545
500,352,corrected,psi1,0.2581452308160876,0.315451234273075
500,353,naive,psi0,-0.4277806950240964,0.24933616846789716
500,353,naive,psi1,0.30289300507500794,0.23986845113791702
500,353,corrected,psi0,0.8122182838313209,0.28494828736313055
500,353,corrected,psi1,0.8579783241605169,0.27910543009591443
500,354,naive,psi0,-0.4570284510086321,0.2576142738545076
500,354,naive,psi1,0.009093782093987313,0.24316413539775078
500,354,corrected,psi0,0.7816847174791135,0.29805213000551245
500,354,corrected,psi1,0.4897715520243776,0.2837191563211499
500,355,naive,psi0,-0.81387700952983,0.23958361025727715
500,355,naive,psi1,-0.0919253467143573,0.24146878236764566
500,355,corrected,psi0,0.3736326908153521,0.2846781745725512
500,355,corrected,psi1,0.5010900521836505,0.2826231364565781
500,356,naive,psi0,-0.3268574087976243,0.24322701109589814
500,356,naive,psi1,0.08337163817340869,0.25255124238344506
500,356,corrected,psi0,1.0443478828358927,0.2927442721575963
500,356,corrected,psi1,0.4896525215677209,0.2959986373210342
500,357,naive,psi0,-0.6231948960182387,0.24991403753438785
500,357,naive,psi1,0.21982015431745378,0.2404156807916687
500,357,corrected,psi0,0.5076033901965179,0.29417853222113816
500,357,corrected,psi1,0.6247883940028178,0.2833354180130854
500,358,naive,psi0,-0.4447556325043074,0.2545423324583916
500,358,naive,psi1,0.31452986060400273,0.2650465036679937
500,358,corrected,psi0,0.7827616580826788,0.2919535991146021
500,358,corrected,psi1,0.769928525056207,0.29750101217528113
500,359,naive,psi0,-0.34651989160849517,0.23978197104082427
500,359,naive,psi1,0.16112000533586351,0.2659976231834321
500,359,corrected,psi0,0.8663631557888911,0.2713328235021015
500,359,corrected,psi1,0.7487091433734478,0.2949657022876801
500,360,naive,psi0,-0.25174927864161,0.24597788492893274
500,360,naive,psi1,-0.19101592797873693,0.22372322907321246
500,360,corrected,psi0,0.948760240848601,0.28942844471589724
500,360,corrected,psi1,0.26411342013980116,0.2609090389609065
500,361,naive,psi0,-0.42355581558579,0.25770697439300455
500,361,naive,psi1,0.4469209065772501,0.29013916518463334
500,361,corrected,psi0,0.7423789715442883,0.312453291536775
500,361,corrected,psi1,0.9549145351168933,0.35146517283250506
500,362,naive,psi0,-0.06848567477212658,0.26469092566145797
500,362,naive,psi1,-0.3048797842045258,0.259261502795623
500,362,corrected,psi0,1.1963564510146334,0.30551791486911256
500,362,corrected,psi1,0.25329473959786414,0.29940023200618926
500,363,naive,psi0,-0.18673428657792984,0.2739486778883338
500,363,naive,psi1,-0.20080024661074306,0.27142490996493174
500,363,corrected,psi0,1.0116120757427716,0.31580982465646257
500,363,corrected,psi1,0.275379749128404,0.3088388502741656
500,364,naive,psi0,-0.3615588158554002,0.24445101768851185
500,364,naive,psi1,0.06231869363143047,0.28566568637510187
500,364,corrected,psi0,0.9267375336205617,0.28260377945255893
500,364,corrected,psi1,0.5488740205641676,0.3270656348704792
500,365,naive,psi0,-0.2320007909269916,0.25151873022383786
500,365,naive,psi1,-0.1852414237029,0.2599383697675669
500,365,corrected,psi0,1.021739760546526,0.28701573010470377
500,365,corrected,psi1,0.2718307909636963,0.298431097787932
500,366,naive,psi0,-0.40291369210694833,0.2699578308049528
500,366,naive,psi1,0.057007850232754176,0.28972263801151055
500,366,corrected,psi0,0.8080795639764867,0.31609949220441413
500,366,corrected,psi1,0.6306382093317432,0.334534356029312
500,367,naive,psi0,-0.12723094088734993,0.2758422254416999
500,367,naive,psi1,-0.2248694454784838,0.3014009694864435
500,367,corrected,psi0,1.246711795967553,0.3155634777112186
500,367,corrected,psi1,0.2141236706680127,0.3379098141139981
500,368,naive,psi0,-0.1400922451700734,0.25476296526166836
500,368,naive,psi1,0.05512174485090981,0.2965680236567436
500,368,corrected,psi0,1.2519360942360458,0.29868088369395956
500,368,corrected,psi1,0.534126001115408,0.3528645197969927
500,369,naive,psi0,-0.3986997524509776,0.2571831403812597
500,369,naive,psi1,-0.029426707557220443,0.28424670134753405
500,369,corrected,psi0,0.9058602230028219,0.29815799054191144
500,369,corrected,psi1,0.46094525148595217,0.3202265456266645
500,370,naive,psi0,-0.3603438346949387,0.25108330114393673
500,370,naive,psi1,0.4262098085376181,0.2933102989499223
500,370,corrected,psi0,0.8803269667802129,0.28966216456696764
500,370,corrected,psi1,1.0415455772728957,0.3407416736006821
500,371,naive,psi0,-0.2989089526498184,0.25085571810321505
500,371,naive,psi1,-0.31093266863589847,0.2602041583086462
500,371,corrected,psi0,0.992534153798423,0.2886151943509377
500,371,corrected,psi1,0.2177681079118086,0.29248022296640697
500,372,naive,psi0,-0.8258363145739036,0.24545384266989684
500,372,naive,psi1,0.12532562441251618,0.22944705968811344
500,372,corrected,psi0,0.3960597914078636,0.28839896803395654
500,372,corrected,psi1,0.4901503539098497,0.2640638166588772
500,373,naive,psi0,0.049873344871656816,0.24661853934662994
500,373,naive,psi1,-0.13116934558971657,0.3035623320223788
500,373,corrected,psi0,1.3343162579869028,0.29485573815014693
500,373,corrected,psi1,0.394061688827424,0.3639233522475496
500,374,naive,psi0,-0.24914213087403095,0.2303101367852452
500,374,naive,psi1,0.3701542306528116,0.24297383454084606
500,374,corrected,psi0,1.0807492379852883,0.2730607651396161
500,374,corrected,psi1,1.0836961427659915,0.2846853162228672
500,375,naive,psi0,-0.877671354699684,0.2721206291537297
500,375,naive,psi1,-0.11544772427948198,0.2739781772064548
500,375,corrected,psi0,0.29707724721204204,0.31259091099695313
500,375,corrected,psi1,0.34376756937800995,0.3160276073654784
500,376,naive,psi0,-0.612540576994707,0.2573984117997897
500,376,naive,psi1,0.4657178417144621,0.27787026223514705
500,376,corrected,psi0,0.6820405507504514,0.3007878317823223
500,376,corrected,psi1,1.0544149112688155,0.32766346961798676
500,377,naive,psi0,-0.4813258230119363,0.2684553291776375
500,377,naive,psi1,0.3545295942872608,0.31440016074630467
500,377,corrected,psi0,0.8261842619778178,0.31197218012892264
500,377,corrected,psi1,0.8307116007877156,0.35781608157946315
500,378,naive,psi0,-0.22145829844893533,0.2516791683279545
500,378,naive,psi1,-0.12401266519559402,0.25653918748413496
500,378,corrected,psi0,1.0794129644363941,0.2911551499178727
500,378,corrected,psi1,0.3084119686921978,0.29825881989638553
500,379,naive,psi0,-0.40752099274495784,0.2472509119992346
500,379,naive,psi1,-0.23799460537334047,0.2444499729866692
500,379,corrected,psi0,0.7853223884722103,0.28832425714815496
500,379,corrected,psi1,0.302864508451913,0.2859410637969716
500,380,naive,psi0,0.0027117566329321404,0.26137914821177033
500,380,naive,psi1,0.30321318524586083,0.279178971390034
500,380,corrected,psi0,1.3561681927826985,0.30620838932514194
500,380,corrected,psi1,0.7745563614449495,0.3344062086082547
500,381,naive,psi0,-0.4692804246563811,0.26076756917324867
500,381,naive,psi1,0.16006363437259266,0.23769254797859452
500,381,corrected,psi0,0.8145432893814227,0.2954750602891295
500,381,corrected,psi1,0.6442588767072612,0.26512937437646783
500,382,naive,psi0,-0.3274736398078483,0.2644459738972875
500,382,naive,psi1,-0.13765958963643765,0.31707720171515746
500,382,corrected,psi0,1.024075241849517,0.3080597924896794
500,382,corrected,psi1,0.3290137634005874,0.3731399545076309
500,383,naive,psi0,-0.6327051590907822,0.25863482813213157
500,383,naive,psi1,0.39030642261067117,0.26536708082189675
500,383,corrected,psi0,0.615409898259048,0.29954774772581283
500,383,corrected,psi1,0.8631325905096201,0.3081428906871488
500,384,naive,psi0,-0.6677476847024831,0.24448332489430527
500,384,naive,psi1,0.24302566411533233,0.27244757120872726
500,384,corrected,psi0,0.4885950145263084,0.2929668420556366
500,384,corrected,psi1,0.7693261277739274,0.32329130497500697
500,385,naive,psi0,-0.016720903014468932,0.2424405012110861
500,385,naive,psi1,0.35054077329193817,0.19270309058991816
500,385,corrected,psi0,1.291562819270845,0.27793784302367114
500,385,corrected,psi1,0.8977052776899482,0.22312133146105026
500,386,naive,psi0,-0.47735739066080446,0.2580043792374449
500,386,naive,psi1,-0.13917819036977608,0.29459996251302506
500,386,corrected,psi0,0.7093685366293311,0.3005245200937292
500,386,corrected,psi1,0.33112106573988337,0.3531660225017216
500,387,naive,psi0,-0.20018272782524962,0.2521498225888781
500,387,naive,psi1,-0.2215989943908876,0.2643748150981156
500,387,corrected,psi0,1.193798144674796,0.29272519851611634
500,387,corrected,psi1,0.2505205934511132,0.30163746302564665
500,388,naive,psi0,-0.28930028261764856,0.24765533312409238
500,388,naive,psi1,-0.18025453217072887,0.2623225340712631
500,388,corrected,psi0,0.9395246733999543,0.2880756321913214
500,388,corrected,psi1,0.2368573663921421,0.3075861036307321
500,389,naive,psi0,-0.1151648894208193,0.2381675742221894
500,389,naive,psi1,0.07458053870481567,0.21976465802746775
500,389,corrected,psi0,1.1471315983893933,0.27452347120029186
500,389,corrected,psi1,0.5822780739492434,0.24985722915637867
500,390,naive,psi0,-0.08439792013253561,0.25307810558357535
500,390,naive,psi1,-0.062787919847587,0.32727656952801404
500,390,corrected,psi0,1.2294936826878586,0.2906442161091422
500,390,corrected,psi1,0.4304265689977189,0.3676213493611582
500,391,naive,psi0,-0.3348724909826422,0.2551796841266042
500,391,naive,psi1,0.43247273629027566,0.25602343569905767
500,391,corrected,psi0,0.9663796169369532,0.3001327542140384
500,391,corrected,psi1,1.185319534929383,0.3007806006013164
500,392,naive,psi0,-0.32800797228108447,0.2620728432089081
500,392,naive,psi1,0.09529403818009363,0.2672919123584636
500,392,corrected,psi0,0.9598820570575205,0.3022106120171075
500,392,corrected,psi1,0.5771001651352836,0.3185104993623925
500,393,naive,psi0,-0.06784723372304154,0.25008075810199065
500,393,naive,psi1,-0.3160397035353075,0.25249405449974766
500,393,corrected,psi0,1.2336376425472426,0.2965857091885908
500,393,corrected,psi1,0.1619461631404114,0.29589888921985863
500,394,naive,psi0,0.05409440941904383,0.2702778599079107
500,394,naive,psi1,-0.4343543402036006,0.2735922445063049
500,394,corrected,psi0,1.4493912263119615,0.3164235867326787
500,394,corrected,psi1,-0.05247932182723537,0.3307537336615709
500,395,naive,psi0,-0.23211708618310295,0.2597854117204075
500,395,naive,psi1,0.05243188159534528,0.27796786785096433
500,395,corrected,psi0,1.0650264284271636,0.31057187707973316
500,395,corrected,psi1,0.6156885055827407,0.33953793758881695
500,396,naive,psi0,-0.0862916932321807,0.26160912068133174
500,396,naive,psi1,-0.635310559479415,0.2985047229733597
500,396,corrected,psi0,1.2948060016476195,0.30558438920176556
500,396,corrected,psi1,-0.2672569836951368,0.3536795176551541
500,397,naive,psi0,0.07261305660303467,0.25810503198103063
500,397,naive,psi1,-0.09437143812899228,0.26540427654121207
500,397,corrected,psi0,1.476366809390717,0.2949998179875478
500,397,corrected,psi1,0.24786602027139554,0.2925784755954681
500,398,naive,psi0,-0.38479262923949886,0.2576850770708671
500,398,naive,psi1,-0.20008609844632264,0.2566330067925809
500,398,corrected,psi0,0.8297903375304507,0.30531059760005996
500,398,corrected,psi1,0.3830162786992361,0.3121624225518157
500,399,naive,psi0,-0.3711641626065986,0.23565107344173472
500,399,naive,psi1,0.25629778064497677,0.25832285768589935
500,399,corrected,psi0,0.839506383116286,0.2788278759754202
500,399,corrected,psi1,0.9021441640780249,0.2982445504395019
500,400,naive,psi0,-0.35202202519027725,0.250663315252403
500,400,naive,psi1,0.07914661657943423,0.24604632977977425
500,400,corrected,psi0,0.8784399570715415,0.30041221050912753
500,400,corrected,psi1,0.6524437601601061,0.29395778915802195
500,401,naive,psi0,0.27674556450369353,0.24629198269196317
500,401,naive,psi1,-0.3540791873494479,0.2950145032379319
500,401,corrected,psi0,1.6924806109325403,0.28783346957655603
500,401,corrected,psi1,0.15176314922386433,0.35395228842676213
500,402,naive,psi0,-0.24841486733083937,0.27036903527675976
500,402,naive,psi1,0.47995756707847315,0.2584416634993454
500,402,corrected,psi0,1.0864242179829107,0.31360595627605986
500,402,corrected,psi1,1.0751279638988913,0.2974143781522952
500,403,naive,psi0,0.029687836176941908,0.2571532980199216
500,403,naive,psi1,0.1888257003412654,0.2739713799564462
500,403,corrected,psi0,1.3481644316335435,0.30076278076693397
500,403,corrected,psi1,0.735926850385521,0.31864148484291815
500,404,naive,psi0,-0.6686204542380757,0.2498010036992709
500,404,naive,psi1,0.11859588244381732,0.2610201005853617
500,404,corrected,psi0,0.4768040100762824,0.2940479504342316
500,404,corrected,psi1,0.6411948123404202,0.30945777833611754
500,405,naive,psi0,-0.3198650397798089,0.26357241439852946
500,405,naive,psi1,0.14370503994417388,0.2537214760572313
500,405,corrected,psi0,1.0447293925124783,0.30656686949077755
500,405,corrected,psi1,0.7460277384517157,0.28878368360560697
500,406,naive,psi0,-0.38303662528787974,0.2547448068225135
500,406,naive,psi1,0.14244454493495431,0.2654866525566251
500,406,corrected,psi0,1.0002665464857436,0.2954418574325
500,406,corrected,psi1,0.6536051846891945,0.30820356148862277
500,407,naive,psi0,-0.28814243670379286,0.25243836655505864
500,407,naive,psi1,0.2533453527535005,0.3451481275168831
500,407,corrected,psi0,0.9653468095996656,0.29267602934774023
500,407,corrected,psi1,0.863519426441316,0.3928318784113571
500,408,naive,psi0,-0.5212866468145714,0.255487405856297
500,408,naive,psi1,-0.2993141392684912,0.2652395542050579
500,408,corrected,psi0,0.7617132929367059,0.3000331092937466
500,408,corrected,psi1,0.24156884890871394,0.30430994740587175
500,409,naive,psi0,0.0033027605244230224,0.26003789626848167
500,409,naive,psi1,0.046118306530230455,0.2816482750932308
500,409,corrected,psi0,1.259037993144311,0.30237152763212993
500,409,corrected,psi1,0.49698122329770145,0.32612180106525346
500,410,naive,psi0,-0.19360660005274327,0.26802121061798984
500,410,naive,psi1,-0.68938063465925,0.3199715811812547
500,410,corrected,psi0,1.0495146293688025,0.30753063373612743
500,410,corrected,psi1,-0.16532138267790064,0.36617073366024416
500,411,naive,psi0,-0.5410780109221147,0.2650711502418131
500,411,naive,psi1,-0.1822852082104154,0.27740584895336506
500,411,corrected,psi0,0.8265123088129788,0.308862456963359
500,411,corrected,psi1,0.35320866099309045,0.3222818541741713
500,412,naive,psi0,-0.22730787336954647,0.25013297405258383
500,412,naive,psi1,0.27377346583484463,0.2789195354878503
500,412,corrected,psi0,1.0201446061669284,0.28942509811790645
500,412,corrected,psi1,0.7895118726738977,0.3152276810634119
500,413,naive,psi0,-0.3094980379472651,0.2604742259037101
500,413,naive,psi1,0.027855357261065156,0.2890836351392779
500,413,corrected,psi0,0.9265958416784915,0.3030880516275521
500,413,corrected,psi1,0.5943846052124945,0.34390693926999366
500,414,naive,psi0,0.0026164348271579233,0.27134948376083745
500,414,naive,psi1,0.07143019127848296,0.27991873831770087
500,414,corrected,psi0,1.2675373595681534,0.31966335526181605
500,414,corrected,psi1,0.5949920912530905,0.3298272525289856
500,415,naive,psi0,-0.07452104204117255,0.24758518797683368
500,415,naive,psi1,0.306736867525405,0.2664200404322996
500,415,corrected,psi0,1.193559526262482,0.28688691011832085
500,415,corrected,psi1,0.824016992838563,0.3112596769583298
500,416,naive,psi0,-0.3665439496501939,0.2545279150776788
500,416,naive,psi1,-0.2275099385331352,0.28122229944290666
500,416,corrected,psi0,0.8203886798630597,0.29123102170788
500,416,corrected,psi1,0.3350118489128643,0.31189206368859046
500,417,naive,psi0,-0.13668296258169116,0.2598019389870908
500,417,naive,psi1,-0.012348372558225105,0.28480993570485386
500,417,corrected,psi0,1.1668405924393233,0.30552391520514677
500,417,corrected,psi1,0.4755265398021991,0.3349200975891045
500,418,naive,psi0,-0.46675300887840465,0.2515410818948076
500,418,naive,psi1,-0.1494746476309272,0.24019128856500735
500,418,corrected,psi0,0.6597754818474891,0.29370508862760475
500,418,corrected,psi1,0.3924080393885608,0.27746366249223964
500,419,naive,psi0,-0.3525613229997401,0.25301896282687925
500,419,naive,psi1,0.10343697911787314,0.2383956470557309
500,419,corrected,psi0,0.9266356947705296,0.293349774650305
500,419,corrected,psi1,0.5376750632628514,0.2846369291807817
500,420,naive,psi0,-0.23094924818044218,0.25313488310392657
500,420,naive,psi1,-0.3640161089965556,0.24194451811880333
500,420,corrected,psi0,1.0514090159259208,0.3012611568376207
500,420,corrected,psi1,0.18003974639428463,0.2980615124138896
500,421,naive,psi0,-0.23964324530197567,0.2501681359838827
500,421,naive,psi1,-0.2580514682339074,0.22761459507700615
500,421,corrected,psi0,0.9683635502255252,0.3000847478419285
500,421,corrected,psi1,0.1604608722645307,0.2769935218774559
500,422,naive,psi0,-0.12778350912227182,0.2674573125630252
500,422,naive,psi1,-0.11964882423479431,0.27517473006096826
500,422,corrected,psi0,1.1490386692612649,0.30723844350297885
500,422,corrected,psi1,0.3623230419652453,0.30353405668651884
500,423,naive,psi0,-0.328768516042396,0.2530129431679522
500,423,naive,psi1,0.11956377604357589,0.29394226419311487
500,423,corrected,psi0,1.0586693225972967,0.29081320538530325
500,423,corrected,psi1,0.7311841981432564,0.33762893874432615
500,424,naive,psi0,-0.24431084613690515,0.2613888698195631
500,424,naive,psi1,-0.07299976487804984,0.29125961817141743
500,424,corrected,psi0,1.018582607258258,0.3022827395414619
500,424,corrected,psi1,0.4544206809185756,0.33172107906617215
500,425,naive,psi0,-0.4610141380384452,0.25131892842752834
500,425,naive,psi1,-0.1426216711177654,0.27729496514051455
500,425,corrected,psi0,0.7617553360066033,0.2935070556203997
500,425,corrected,psi1,0.3990479834713793,0.328877381366367
500,426,naive,psi0,-0.057752870065255785,0.2435354972478509
500,426,naive,psi1,-0.2963949329148387,0.22511545236760602
500,426,corrected,psi0,1.1256048701290278,0.2867130679154643
500,426,corrected,psi1,0.16446925039677793,0.2703086512544336
500,427,naive,psi0,-0.696296860510148,0.23800820018230423
500,427,naive,psi1,-0.14636566108792337,0.2934150711907687
500,427,corrected,psi0,0.48177524356212487,0.27887032580478266
500,427,corrected,psi1,0.20853819489361122,0.33528717740271297
500,428,naive,psi0,-0.34297461180477573,0.24202429453074498
500,428,naive,psi1,-0.07591225087815154,0.22769455757908386
500,428,corrected,psi0,0.9729191779301843,0.2814149093535283
500,428,corrected,psi1,0.38207230363526834,0.26519245916851425
500,429,naive,psi0,0.0475070739947458,0.22950275020404062
500,429,naive,psi1,0.23431402488511396,0.2338738638723966
500,429,corrected,psi0,1.3932654456916105,0.2648799725619946
500,429,corrected,psi1,0.8376431271551459,0.2722372740244492
500,430,naive,psi0,-0.4110345605570915,0.25300397219233217
500,430,naive,psi1,0.1551527680930466,0.2950184694391913
500,430,corrected,psi0,0.7809715448577681,0.2919254580464086
500,430,corrected,psi1,0.6222826391436219,0.3352732966615841
500,431,naive,psi0,-0.10486457942946971,0.24454881324524944
500,431,naive,psi1,-0.3284737215198487,0.238380742056995
500,431,corrected,psi0,1.2145831988782876,0.29316656205763264
500,431,corrected,psi1,0.1435429540090611,0.2861352650336718
500,432,naive,psi0,-0.04043215269634989,0.2530924617895236
500,432,naive,psi1,-0.257632216720688,0.3176096681542387
500,432,corrected,psi0,1.2791290217740519,0.29280790781606797
500,432,corrected,psi1,0.13079024201112854,0.37330357933426056
500,433,naive,psi0,-0.3395465376315896,0.25363160545536534
500,433,naive,psi1,-0.4883231652696808,0.2662025073509772
500,433,corrected,psi0,0.9282280248130697,0.29325366896023575
500,433,corrected,psi1,0.02582886762966602,0.3045133711463792
500,434,naive,psi0,-0.02517211766174511,0.23941066994960136
500,434,naive,psi1,-0.20855161466612135,0.2314404311129562
500,434,corrected,psi0,1.3858420186572622,0.2796084668966108
500,434,corrected,psi1,0.20671966238489642,0.27098142535453795
500,435,naive,psi0,-0.10043989524215975,0.2646324393207147
500,435,naive,psi1,-0.2939053362949596,0.3025694559264141
500,435,corrected,psi0,1.1689603201748515,0.30473656196273013
500,435,corrected,psi1,0.342593245023271,0.3526850870191039
500,436,naive,psi0,0.024501757062460165,0.2510945776031918
500,436,naive,psi1,-0.33033720780481846,0.2682727845653322
500,436,corrected,psi0,1.2569163347359413,0.29271040445364016
500,436,corrected,psi1,0.29738326531971093,0.3096678526908031
500,437,naive,psi0,-0.2521552602893591,0.24997296703279784
500,437,naive,psi1,0.18254418532193792,0.24306019220446748
500,437,corrected,psi0,1.0458852734749389,0.28767522254568945
500,437,corrected,psi1,0.6240355708461599,0.2941328383708335
500,438,naive,psi0,0.0653399842628753,0.2623701516163791
500,438,naive,psi1,-0.6651217903766075,0.2855475687562835
500,438,corrected,psi0,1.3739949715305972,0.3054209910444085
500,438,corrected,psi1,-0.20550017481886054,0.33836708247393965
500,439,naive,psi0,-0.47126467550378437,0.2585332155192276
500,439,naive,psi1,0.022411364329239042,0.28315208538699704
500,439,corrected,psi0,0.8455688415540991,0.3076207122327253
500,439,corrected,psi1,0.48253333612620003,0.3344967678142896
500,440,naive,psi0,-0.3116588678684156,0.2564924909113086
500,440,naive,psi1,-0.11362877180131663,0.26680264456083974
500,440,corrected,psi0,0.8276562183663311,0.29632365341363
500,440,corrected,psi1,0.33489174449522296,0.30353722659100607
500,441,naive,psi0,-0.15330736935433964,0.2631771653883682
500,441,naive,psi1,-0.07936014300748798,0.25950639190094704
500,441,corrected,psi0,1.1263142670462454,0.3070950363325266
500,441,corrected,psi1,0.42404792747077713,0.2968787077964991
500,442,naive,psi0,-0.027779064638933797,0.25094832289472396
500,442,naive,psi1,0.3659863774983529,0.23140822903383026
500,442,corrected,psi0,1.400346494896532,0.2932608229952053
500,442,corrected,psi1,0.7916949523589748,0.2667220369851146
500,443,naive,psi0,-1.0043269811872244,0.2529385796514555
500,443,naive,psi1,-0.4422194004276766,0.27522478822160146
500,443,corrected,psi0,0.11146486397337171,0.29374017334286473
500,443,corrected,psi1,-0.02843178058047587,0.31389682549998027
500,444,naive,psi0,0.28136879069511067,0.2567761484079813
500,444,naive,psi1,-0.07440638599801185,0.26719563352428805
500,444,corrected,psi0,1.69258773796809,0.3018443715611669
500,444,corrected,psi1,0.1988928792800107,0.317243049484968
500,445,naive,psi0,-0.7696278927082892,0.2539635891342141
500,445,naive,psi1,0.002955027120197247,0.2880998745081525
500,445,corrected,psi0,0.42700093745797335,0.29679037949161496
500,445,corrected,psi1,0.539025093103283,0.3329086117752549
500,446,naive,psi0,-0.3486989776839793,0.23827194146276817
500,446,naive,psi1,0.030795654343321346,0.26824628291262614
500,446,corrected,psi0,0.9682661612202755,0.2705389442091763
500,446,corrected,psi1,0.5942183832793826,0.31764886777878404
500,447,naive,psi0,-0.016132387618215612,0.27075489598587793
500,447,naive,psi1,-0.46892437968956213,0.2647417201036913
500,447,corrected,psi0,1.3188204324145418,0.3190564943251906
500,447,corrected,psi1,-0.057668180177825844,0.3042479323245696
500,448,naive,psi0,-0.4701657785269435,0.24904049186051347
500,448,naive,psi1,-0.12030736111680128,0.2469414941043846
500,448,corrected,psi0,0.8384262322409065,0.2898712020346798
500,448,corrected,psi1,0.3224267318926448,0.28446920979907
500,449,naive,psi0,-0.8334856182324232,0.264533396601192
500,449,naive,psi1,-0.22402013055219605,0.2651234462282306
500,449,corrected,psi0,0.4254634977102359,0.30699043562355716
500,449,corrected,psi1,0.20653698563130782,0.3027769382659049
500,450,naive,psi0,-0.10993217128194366,0.25727465727334625
500,450,naive,psi1,0.1031198101095818,0.23962858286843833
500,450,corrected,psi0,1.1389454098207807,0.3072813895475049
500,450,corrected,psi1,0.6277023392228982,0.2800781958209409
500,451,naive,psi0,-0.4492177044253935,0.26849021241893506
500,451,naive,psi1,-0.127642895447985,0.2936781678641015
500,451,corrected,psi0,0.9294753515925466,0.3135389653409878
500,451,corrected,psi1,0.37596790650090417,0.343123513970633
500,452,naive,psi0,-0.4045452366087733,0.25943636294008204
500,452,naive,psi1,0.05406918388631342,0.29780991851487204
500,452,corrected,psi0,0.7585733085256753,0.30674650648229423
500,452,corrected,psi1,0.7433122818090194,0.3556810481541958
500,453,naive,psi0,-0.5836836050121702,0.25637146263954663
500,453,naive,psi1,0.31028369599240196,0.271058271092861
500,453,corrected,psi0,0.7061288148982524,0.2921999949267725
500,453,corrected,psi1,0.7844527492952638,0.30007298084928613
500,454,naive,psi0,0.0374440875459194,0.26045800373887457
500,454,naive,psi1,0.19505422769445102,0.29430063385241423
500,454,corrected,psi0,1.3569803276467047,0.30387979655827874
500,454,corrected,psi1,0.6397843358478027,0.3397768703940507
500,455,naive,psi0,-0.18190067674561153,0.24749111081783343
500,455,naive,psi1,-0.17555347563990184,0.24961389550381594
500,455,corrected,psi0,1.1135412999216587,0.2882570951034097
500,455,corrected,psi1,0.3462172712764797,0.30865926891179635
500,456,naive,psi0,-0.28726876994258455,0.26828161422562363
500,456,naive,psi1,0.09787931519589088,0.29788250581739123
500,456,corrected,psi0,1.0406543375464576,0.31659849113135335
500,456,corrected,psi1,0.6738154742687849,0.34610107560417064
500,457,naive,psi0,-0.23514564457154424,0.25565129184500573
500,457,naive,psi1,-0.421140476666418,0.2921915174205909
500,457,corrected,psi0,1.0677302588547535,0.2929601555392947
500,457,corrected,psi1,-0.06487492689412294,0.33284891264078964
500,458,naive,psi0,-0.2702234103937552,0.23474528410572115
500,458,naive,psi1,0.31332065993193786,0.21386619427119763
500,458,corrected,psi0,0.9562109824040498,0.2801946541121508
500,458,corrected,psi1,0.9072239327408765,0.26419233809100995
500,459,naive,psi0,-0.1614674707235489,0.2559300345407666
500,459,naive,psi1,0.10910413111252695,0.24820258291763037
500,459,corrected,psi0,1.1541609721256412,0.2921360288607806
500,459,corrected,psi1,0.7621273463660918,0.2805570383470613
500,460,naive,psi0,0.4392677943501242,0.26289729480947327
500,460,naive,psi1,0.28425785760272937,0.28482621373332445
500,460,corrected,psi0,1.8342935070588549,0.305916284285549
500,460,corrected,psi1,0.7969449338321235,0.32971962868087656
500,461,naive,psi0,-0.5594740953793218,0.24939997578316353
500,461,naive,psi1,0.3415716773764395,0.28272928233090594
500,461,corrected,psi0,0.5463404123648085,0.29061882294790503
500,461,corrected,psi1,0.8150935474484449,0.31859582172885953
500,462,naive,psi0,-0.6825992914716895,0.24521559726774134
500,462,naive,psi1,0.8524875763757145,0.2737199719979471
500,462,corrected,psi0,0.4194478958529342,0.2854187013341663
500,462,corrected,psi1,1.388962895056303,0.32758325090807694
500,463,naive,psi0,-0.4739852277327229,0.25121601015797
500,463,naive,psi1,0.20367228688848896,0.2934298564878755
500,463,corrected,psi0,0.7818493102773943,0.2939499449796399
500,463,corrected,psi1,0.6318203751006176,0.34029043964873606
500,464,naive,psi0,-0.47883485444626506,0.25431801682593513
500,464,naive,psi1,-0.11113227839376384,0.25111135915548644
500,464,corrected,psi0,0.7406603348998404,0.30011487524532043
500,464,corrected,psi1,0.4086134543766883,0.296153919107528
500,465,naive,psi0,-0.5563432600644974,0.262169143639477
500,465,naive,psi1,-0.2160972039818601,0.28061262576399804
500,465,corrected,psi0,0.7261584994122433,0.30368672646457934
500,465,corrected,psi1,0.2742468236548064,0.3247118272264352
500,466,naive,psi0,-0.5244458389135316,0.24774948561429927
500,466,naive,psi1,-0.43740520099281643,0.26685174716775595
500,466,corrected,psi0,0.7847354673562904,0.2821568934397268
500,466,corrected,psi1,-0.033173854749332564,0.30140189443871196
500,467,naive,psi0,-0.2711724583837548,0.24648179735881257
500,467,naive,psi1,0.5558681923715055,0.2677610523799746
500,467,corrected,psi0,0.9855699121481957,0.28597683727350287
500,467,corrected,psi1,1.143891722926175,0.3148864312905016
500,468,naive,psi0,-0.7277494165839381,0.25142688097736926
500,468,naive,psi1,0.325341678595959,0.262994802003477
500,468,corrected,psi0,0.49860006128942735,0.2912007601158447
500,468,corrected,psi1,0.920806359115691,0.3031677172689465
500,469,naive,psi0,-0.3360006749599428,0.2558184032068748
500,469,naive,psi1,0.013500642191351973,0.2636298787202124
500,469,corrected,psi0,0.9003047638427603,0.29036597417406845
500,469,corrected,psi1,0.548256664107979,0.2949006086313165
500,470,naive,psi0,0.027434000685268915,0.2516778665657964
500,470,naive,psi1,0.23131119207042203,0.28413251132053025
500,470,corrected,psi0,1.2363936450746122,0.28921036457298027
500,470,corrected,psi1,0.8934738852371195,0.3281292100139172
500,471,naive,psi0,0.1807019005818071,0.2539874325921012
500,471,naive,psi1,-0.1355328095983289,0.28528251974182944
500,471,corrected,psi0,1.577919460428201,0.29245886055598863
500,471,corrected,psi1,0.406906260994158,0.3280952988189215
500,472,naive,psi0,-0.16043365153884698,0.2571594582806697
500,472,naive,psi1,0.18328223814316705,0.2735025924075297
500,472,corrected,psi0,1.1022967415396838,0.30113408698758193
500,472,corrected,psi1,0.7052364609146091,0.31622130216669225
500,473,naive,psi0,-0.04906659460678473,0.2570088456706714
500,473,naive,psi1,-0.3327546030186169,0.27662263637737533
500,473,corrected,psi0,1.1777266271394427,0.30162881448631673
500,473,corrected,psi1,0.1951126007727452,0.3288874792052097
500,474,naive,psi0,-0.4119046019207824,0.2646101463162768
500,474,naive,psi1,0.2725914077542311,0.3478762697378578
500,474,corrected,psi0,0.7627160756262877,0.3042468862534188
500,474,corrected,psi1,0.9129225548177685,0.39315068941225395
500,475,naive,psi0,-0.7899097305643492,0.2390391781833385
500,475,naive,psi1,-0.18148044522981918,0.24323516078811472
500,475,corrected,psi0,0.4096577567385551,0.2825845503873386
500,475,corrected,psi1,0.267170435114529,0.2783268664927144
500,476,naive,psi0,-0.31042655433322663,0.26529638533199734
500,476,naive,psi1,0.39253169184978065,0.2585179509081246
500,476,corrected,psi0,0.9088105951270232,0.30332641223334195
500,476,corrected,psi1,0.8553766932218817,0.2891002726024219
500,477,naive,psi0,-0.01981969912017714,0.25228639389692564
500,477,naive,psi1,0.013730071932630032,0.28570200752738867
500,477,corrected,psi0,1.3304194322045115,0.2937716761262114
500,477,corrected,psi1,0.5744990707339649,0.3395310785231669
500,478,naive,psi0,-0.10473049661418042,0.26440559885906656
500,478,naive,psi1,-0.14850720817548638,0.28326965760110445
500,478,corrected,psi0,1.1943837557844157,0.3045614891507962
500,478,corrected,psi1,0.27514792808330907,0.3318746648268813
500,479,naive,psi0,-0.7175018761418657,0.25086821409160853
500,479,naive,psi1,0.14965853397753318,0.24911290234722194
500,479,corrected,psi0,0.5874865561546904,0.2916756239487503
500,479,corrected,psi1,0.5566384469860567,0.2865059838331618
500,480,naive,psi0,-0.04507484113244173,0.2729226776726112
500,480,naive,psi1,0.015835966754647244,0.29900758475933287
500,480,corrected,psi0,1.2306572916122545,0.32240762267783146
500,480,corrected,psi1,0.5849900842420135,0.35043660764454215
500,481,naive,psi0,0.01527370667863143,0.24805144465359377
500,481,naive,psi1,0.03112558302680012,0.2855332138224191
500,481,corrected,psi0,1.3261670781061314,0.2893192566677766
500,481,corrected,psi1,0.5245724496809907,0.34182615766897334
500,482,naive,psi0,0.029519251094305577,0.24243615277162786
500,482,naive,psi1,-0.20394421197936535,0.2782663865247444
500,482,corrected,psi0,1.3545622222566618,0.2838228093281115
500,482,corrected,psi1,0.378202996587919,0.32706041161298055
500,483,naive,psi0,-0.7918314397697036,0.257424261639887
500,483,naive,psi1,-0.5619818585781745,0.2196567619525136
500,483,corrected,psi0,0.45154191702404306,0.29865736607193816
500,483,corrected,psi1,-0.11964650384783411,0.2585878783134366
500,484,naive,psi0,-0.0952992866708129,0.2548005147784776
500,484,naive,psi1,-0.1489821669412859,0.2385761241175568
500,484,corrected,psi0,1.251237910268489,0.2957912126779438
500,484,corrected,psi1,0.23838349823371313,0.282702849147209
500,485,naive,psi0,-0.28576754579106217,0.23887530869912252
500,485,naive,psi1,-0.09557076077033716,0.24713048096289902
500,485,corrected,psi0,1.0028895309901333,0.27593425923388915
500,485,corrected,psi1,0.29779512856673074,0.28137723246205415
500,486,naive,psi0,-0.4693343619085598,0.26412137657424606
500,486,naive,psi1,-0.13323690230863783,0.3307088485834262
500,486,corrected,psi0,0.7554762948589706,0.30707416008366556
500,486,corrected,psi1,0.19383950052312246,0.3782034229508584
500,487,naive,psi0,-0.526802819352484,0.2731100445179062
500,487,naive,psi1,0.3013070480470389,0.27596102757288377
500,487,corrected,psi0,0.601103311188165,0.3110239697334635
500,487,corrected,psi1,0.8092083681201574,0.3097135433787507
500,488,naive,psi0,-0.15095989512942448,0.25758733384344346
500,488,naive,psi1,0.41471235072691576,0.2758515130210829
500,488,corrected,psi0,1.1894539366934487,0.3059317330648374
500,488,corrected,psi1,0.9655751528685778,0.31743158560323764
500,489,naive,psi0,-0.4949032580879338,0.23994733438100008
500,489,naive,psi1,-0.015107650961353473,0.23406890849418563
500,489,corrected,psi0,0.6888140683908505,0.27727301149904154
500,489,corrected,psi1,0.5129968215790822,0.2624453683329996
500,490,naive,psi0,-0.4069498525741957,0.267518694904663
500,490,naive,psi1,0.061720447972791664,0.30546003929560267
500,490,corrected,psi0,0.8173879113812001,0.31044911408337955
500,490,corrected,psi1,0.6448498346405243,0.35142864278144226
500,491,naive,psi0,-0.25564919224813804,0.2502283204952438
500,491,naive,psi1,0.07920962229124415,0.2738277688672936
500,491,corrected,psi0,1.125709328262007,0.29146746103076365
500,491,corrected,psi1,0.5137032683823516,0.31950521934939113
500,492,naive,psi0,-0.6418776813439627,0.24041528973182993
500,492,naive,psi1,-0.047594479376142744,0.21859791442670787
500,492,corrected,psi0,0.5766720692407306,0.2825232312474893
500,492,corrected,psi1,0.33989522246217185,0.265695495300986
500,493,naive,psi0,-0.15485331745522277,0.2583050387735156
500,493,naive,psi1,-0.14636091487650688,0.2450843685865287
500,493,corrected,psi0,1.142518532268297,0.2954305789560227
500,493,corrected,psi1,0.2856123326123578,0.2752913428575785
500,494,naive,psi0,0.02152970278012247,0.2560322549778598
500,494,naive,psi1,0.155654333074381,0.30780850364616064
500,494,corrected,psi0,1.274078244436825,0.29514835467429373
500,494,corrected,psi1,0.5440241120756513,0.3475852826360275
500,495,naive,psi0,-0.3327826592190144,0.24608865803514293
500,495,naive,psi1,-0.10145481725728138,0.27892839846800843
500,495,corrected,psi0,0.8982729378124357,0.2920952422046382
500,495,corrected,psi1,0.3034795497568503,0.32604560685330275
500,496,naive,psi0,-0.40162868881241903,0.2680836525489358
500,496,naive,psi1,-0.36961802292631696,0.3540420003248583
500,496,corrected,psi0,0.903935251996537,0.3153692613255069
500,496,corrected,psi1,-0.0319431023146458,0.39898228116574413
500,497,naive,psi0,-0.6516271366279031,0.2463293886661784
500,497,naive,psi1,0.48682500881865515,0.24706747037980664
500,497,corrected,psi0,0.5404094703919063,0.28658368118822847
500,497,corrected,psi1,0.9371445263122251,0.27844171258708633
500,498,naive,psi0,-0.43744868972379275,0.25508765952925755
500,498,naive,psi1,-0.11949720321332867,0.23464715775206127
500,498,corrected,psi0,0.9127617396242501,0.29470292873766973
500,498,corrected,psi1,0.5761951111117277,0.27716108742815604
500,499,naive,psi0,-0.36334923450022055,0.24210669520426298
500,499,naive,psi1,0.4425070553032385,0.26135501588270377
500,499,corrected,psi0,1.0067911141901544,0.2797857900249224
500,499,corrected,psi1,1.060933900186115,0.3124488474367119
500,500,naive,psi0,-0.2226576000664637,0.2512652262111793
500,500,naive,psi1,0.29622406829663545,0.2509577439565082
500,500,corrected,psi0,1.160666849377525,0.2995582302571935
500,500,corrected,psi1,0.7950832540290906,0.3003527651640994
500,501,naive,psi0,0.01843389418766268,0.250290731941263
500,501,naive,psi1,-0.1820555526758681,0.2585900525855477
500,501,corrected,psi0,1.1958886878708748,0.29574500135451576
500,501,corrected,psi1,0.4209770492410671,0.3084291568850356
500,502,naive,psi0,-0.2953913485125413,0.2645348383061446
500,502,naive,psi1,0.6518528059102285,0.32777652547197184
500,502,corrected,psi0,0.9719373810032415,0.30135758967676207
500,502,corrected,psi1,1.130042252598918,0.3661586184669908
500,503,naive,psi0,-0.08448024002292276,0.24740330302418978
500,503,naive,psi1,0.3514284449199474,0.33323854999735725
500,503,corrected,psi0,1.218172591155111,0.2822082507170723
500,503,corrected,psi1,0.7734943894366014,0.3871199084000285
500,504,naive,psi0,-0.3305235494595121,0.24233033494901082
500,504,naive,psi1,0.1794850313302703,0.29116119186485023
500,504,corrected,psi0,0.9257725429882372,0.27775935857513984
500,504,corrected,psi1,0.5787187255302875,0.36260732021401704
500,505,naive,psi0,-0.39956876581448936,0.24728626901042422
500,505,naive,psi1,-0.03121742684040342,0.25567475979066906
500,505,corrected,psi0,0.9137790661432603,0.283352040084654
500,505,corrected,psi1,0.431016443799556,0.28317948574569546
500,506,naive,psi0,-0.11212840335337221,0.2697618770792418
500,506,naive,psi1,0.15604282529749786,0.27336168586091036
500,506,corrected,psi0,1.3153711000173984,0.30860448497236703
500,506,corrected,psi1,0.534585907779378,0.30750224466125575
500,507,naive,psi0,0.061323712922954667,0.2601351223936847
500,507,naive,psi1,-0.5222798339863642,0.22646468658580332
500,507,corrected,psi0,1.258521328508437,0.3045219225610713
500,507,corrected,psi1,-0.05722910914689738,0.26307900546129664
500,508,naive,psi0,-0.18799825009594523,0.24634550972247882
500,508,naive,psi1,-0.0888527697571939,0.24079734881304748
500,508,corrected,psi0,1.1004729346842483,0.2918620836209181
500,508,corrected,psi1,0.4498877892630512,0.2872388694312997
500,509,naive,psi0,-0.10186064575146013,0.2640174968705406
500,509,naive,psi1,0.5045676460749948,0.2795911175363965
500,509,corrected,psi0,1.3094291439962624,0.30553536846887946
500,509,corrected,psi1,1.1267390262385715,0.31328436273366383
500,510,naive,psi0,-0.32753312826865927,0.24757349414118576
500,510,naive,psi1,0.23768822468338105,0.2580661423610138
500,510,corrected,psi0,0.9546778225208428,0.2870151620231744
500,510,corrected,psi1,0.7803424827948767,0.311738474953329
500,511,naive,psi0,-0.12494216297977485,0.2521702878182191
500,511,naive,psi1,0.3373877687938832,0.26712383885690855
500,511,corrected,psi0,1.256565374243658,0.2892989316649569
500,511,corrected,psi1,0.7987238882915045,0.3001620521902735
500,512,naive,psi0,-0.6116228534318352,0.2527808711419965
500,512,naive,psi1,-0.09735314649373754,0.24307705473979996
500,512,corrected,psi0,0.5462590241083478,0.28750647694240433
500,512,corrected,psi1,0.42193441440495627,0.2769146030310509
500,513,naive,psi0,0.0678630142710232,0.2663656140286377
500,513,naive,psi1,-0.09449665609710707,0.2756971071593212
500,513,corrected,psi0,1.4058011366354626,0.30472947731366135
500,513,corrected,psi1,0.36433446698463595,0.3162710779070112
500,514,naive,psi0,-0.5901914810215866,0.2562554576060554
500,514,naive,psi1,0.16020084525390554,0.22804809203139825
500,514,corrected,psi0,0.6575114606363585,0.2940412070692692
500,514,corrected,psi1,0.7149159769739455,0.26171955544531317
500,515,naive,psi0,-0.2743592693992597,0.2507915002210278
500,515,naive,psi1,-0.12664384445917498,0.3131422325014261
500,515,corrected,psi0,1.0731499818064738,0.2898267912076876
500,515,corrected,psi1,0.38966508075045153,0.36765272023473317
500,516,naive,psi0,-0.12842819346387924,0.24472711078676324
500,516,naive,psi1,0.39816871974559004,0.2597322108247254
500,516,corrected,psi0,1.1419250995229822,0.28376920533462524
500,516,corrected,psi1,1.061774765944154,0.2977831698566111
500,517,naive,psi0,-0.41351395761361176,0.2573510958271142
500,517,naive,psi1,-0.37485658027590407,0.30027569330346343
500,517,corrected,psi0,0.929959746426803,0.29006614305292666
500,517,corrected,psi1,0.07906546521108282,0.3368586879618375
500,518,naive,psi0,-0.2517362013419729,0.26443368006991097
500,518,naive,psi1,0.31488683169192194,0.31356190400336426
500,518,corrected,psi0,1.0743766152438121,0.30360308644461353
500,518,corrected,psi1,0.8095332444960496,0.3478401106612146
500,519,naive,psi0,0.1625192830455521,0.2540764312921454
500,519,naive,psi1,0.01969937489696084,0.2662981892025662
500,519,corrected,psi0,1.4151488730597976,0.2922876557066794
500,519,corrected,psi1,0.6068304836997377,0.3145476632788106
500,520,naive,psi0,-0.048663397105347374,0.2550349021397035
500,520,naive,psi1,0.480831870885194,0.28161476041663075
500,520,corrected,psi0,1.2660023518403658,0.2924081725782387
500,520,corrected,psi1,0.9606954323006203,0.32038227561164817
500,521,naive,psi0,-0.38743996574336476,0.25562963938286226
500,521,naive,psi1,-0.4901368920023061,0.23843220325554743
500,521,corrected,psi0,0.8642168112721703,0.29692108446694493
500,521,corrected,psi1,-0.0335777605028201,0.2795074298470706
500,522,naive,psi0,0.31507787124290526,0.2612765451581959
500,522,naive,psi1,-0.29268073977176834,0.26252714991587817
500,522,corrected,psi0,1.714377281504608,0.30600237331103647
500,522,corrected,psi1,0.21653356422647296,0.3174770972047535
500,523,naive,psi0,-0.6294255470610272,0.24805342556762608
500,523,naive,psi1,0.011949502124153612,0.26745970557581883
500,523,corrected,psi0,0.5440949203006705,0.2845095928847586
500,523,corrected,psi1,0.5378418586577943,0.30911898401365745
500,524,naive,psi0,-0.25035336754621773,0.2442614339684005
500,524,naive,psi1,-0.3511892173139921,0.22975337435095827
500,524,corrected,psi0,1.0307232174953438,0.2858431317382805
500,524,corrected,psi1,0.21928840184248324,0.26638437279671257
500,525,naive,psi0,-0.25591715987470465,0.26420935192218864
500,525,naive,psi1,-0.1497184846839494,0.2707023658958561
500,525,corrected,psi0,0.9875408915874954,0.30253249184045305
500,525,corrected,psi1,0.37520528859587904,0.3086182487844571
500,526,naive,psi0,-0.3645123076166013,0.24962604816241804
500,526,naive,psi1,-0.14249759936559134,0.302915567360417
500,526,corrected,psi0,0.8143583407593262,0.29456935006042706
500,526,corrected,psi1,0.25088709539646686,0.36540057921616065
500,527,naive,psi0,-0.3847877366218157,0.2550830688057775
500,527,naive,psi1,0.3777166544159325,0.27094652929823043
500,527,corrected,psi0,0.8890437292726975,0.300655730886644
500,527,corrected,psi1,0.9168622263681021,0.31065130833258175
500,528,naive,psi0,-0.25749523152120973,0.2696232227621148
500,528,naive,psi1,0.4959034639796575,0.32878531267682104
500,528,corrected,psi0,1.0269696846795244,0.3163881982813202
500,528,corrected,psi1,1.026512324310369,0.3738962537629347
500,529,naive,psi0,-0.3623019904435619,0.266262049003874
500,529,naive,psi1,-0.4189541716805042,0.3031355027928483
500,529,corrected,psi0,0.9012788002959898,0.3090353900461763
500,529,corrected,psi1,-0.0792691410603201,0.3598451144005837
500,530,naive,psi0,-0.43292014424866987,0.25914297461193997
500,530,naive,psi1,-0.32772591696660747,0.26886619547949214
500,530,corrected,psi0,0.714160077349227,0.29980667914100667
500,530,corrected,psi1,0.11215389435911802,0.3125932802126347
500,531,naive,psi0,-1.4059586920811074,0.26086060703964364
500,531,naive,psi1,-0.0802333111991123,0.23576694620797572
500,531,corrected,psi0,-0.3421634665973899,0.3080251441582943
500,531,corrected,psi1,0.37547542513488497,0.27822272961641936
500,532,naive,psi0,0.004115836722067853,0.2542445355934732
500,532,naive,psi1,-0.24659441061500864,0.2283390389522323
500,532,corrected,psi0,1.3074701865013532,0.30052449710735063
500,532,corrected,psi1,0.19344616225348318,0.27406234411592584
500,533,naive,psi0,0.15169537778668907,0.2533727227946062
500,533,naive,psi1,-0.16641431424762076,0.2538210060955772
500,533,corrected,psi0,1.3946290922938334,0.2911641862388942
500,533,corrected,psi1,0.2773840500109201,0.3004996019678714
500,534,naive,psi0,-0.6059673001933438,0.2579989517822768
500,534,naive,psi1,0.007665511027013474,0.2754856034770111
500,534,corrected,psi0,0.7128795398525798,0.3015455140258135
500,534,corrected,psi1,0.388780161468898,0.3207715584940979
500,535,naive,psi0,-0.4804157367061249,0.2573386141349985
500,535,naive,psi1,0.1967591998753681,0.24915311048459565
500,535,corrected,psi0,0.7853130698982382,0.3011167811194593
500,535,corrected,psi1,0.643355782067116,0.28634570921953695
500,536,naive,psi0,-0.6278434142849482,0.22878382379257475
500,536,naive,psi1,-0.02985281196803285,0.26870259289122816
500,536,corrected,psi0,0.5909134619658857,0.2648810959739448
500,536,corrected,psi1,0.515390460759732,0.32011399093548915
500,537,naive,psi0,-0.1761696374849702,0.23408490721234915
500,537,naive,psi1,-0.047768037579150636,0.21871130767181748
500,537,corrected,psi0,1.1402944566653075,0.2728098542313918
500,537,corrected,psi1,0.42319934351501415,0.2506383584197094
500,538,naive,psi0,0.05921355494220897,0.24373791279018864
500,538,naive,psi1,0.043441021665709526,0.27471740979049425
500,538,corrected,psi0,1.4853244741279987,0.28123374948584673
500,538,corrected,psi1,0.612358541793765,0.30323758320780675
500,539,naive,psi0,-0.32939491723076675,0.253998726176337
500,539,naive,psi1,-0.041716292397939704,0.25608345453566106
500,539,corrected,psi0,0.8450059267955781,0.29746204481441235
500,539,corrected,psi1,0.4618474408526471,0.29826399413949123
500,540,naive,psi0,-0.6164055756259011,0.252147003060886
500,540,naive,psi1,-0.15508841706628676,0.25848230929124383
500,540,corrected,psi0,0.5116447399952317,0.2967028766570742
500,540,corrected,psi1,0.4490809455502184,0.2959711753991214
500,541,naive,psi0,-0.033761539258689584,0.245001745257312
500,541,naive,psi1,0.10388909935964494,0.2736798711236831
500,541,corrected,psi0,1.28211196305599,0.28988304439009227
500,541,corrected,psi1,0.602411494712145,0.3193814202094995
500,542,naive,psi0,0.050089129294623086,0.23796775428324762
500,542,naive,psi1,-0.007911240756588913,0.2586063208745305
500,542,corrected,psi0,1.324924842567057,0.27377305560218496
500,542,corrected,psi1,0.5065337110537879,0.29623558336103295
500,543,naive,psi0,-0.290553349356407,0.2675356993716713
500,543,naive,psi1,0.005791968824899124,0.3145971887202455
500,543,corrected,psi0,0.9514477405800864,0.30555546348319856
500,543,corrected,psi1,0.45514202792020136,0.35803633927384976
500,544,naive,psi0,-0.5201256759998385,0.2665249150604196
500,544,naive,psi1,-0.07248264655418694,0.27806011662732694
500,544,corrected,psi0,0.7216242176645151,0.31197210550964494
500,544,corrected,psi1,0.2945512440877631,0.36928427336643666
500,545,naive,psi0,-0.34805808408729955,0.2502710210766452
500,545,naive,psi1,-0.0888684987469089,0.24277038633933903
500,545,corrected,psi0,0.9377328751286863,0.29106653071505445
500,545,corrected,psi1,0.4896058003159364,0.27992169809659034
500,546,naive,psi0,-0.550718742740733,0.25869603840281613
500,546,naive,psi1,-0.3442986510581176,0.30510547620817285
500,546,corrected,psi0,0.6173989369872368,0.29969352147129197
500,546,corrected,psi1,0.07291667743459704,0.3467492747148566
500,547,naive,psi0,-0.3157434897247559,0.26735504507763985
500,547,naive,psi1,-0.2114605614449867,0.3255223409976741
500,547,corrected,psi0,0.8740008545425758,0.31026187170775915
500,547,corrected,psi1,0.26209776932600476,0.36709770710264994
500,548,naive,psi0,-0.24913183895610266,0.2502231184176158
500,548,naive,psi1,0.28813320823943933,0.25595077754966244
500,548,corrected,psi0,1.127994571265251,0.2958383920305629
500,548,corrected,psi1,0.8452581080897617,0.30166757701479774
500,549,naive,psi0,-0.09737539306379053,0.25137247002839314
500,549,naive,psi1,-0.0505556239986098,0.24224701613902988
500,549,corrected,psi0,1.2728483797887362,0.29076474479582837
500,549,corrected,psi1,0.30331810760940175,0.275279242781046
500,550,naive,psi0,-0.5356248181999247,0.24883911742247766
500,550,naive,psi1,-0.015826915578146403,0.26135989826008044
500,550,corrected,psi0,0.7764133930326179,0.2941948352127684
500,550,corrected,psi1,0.5797661736333873,0.30639543125574376
500,551,naive,psi0,0.030207741359910487,0.2755224944968147
500,551,naive,psi1,0.02406406404900531,0.24316783975096615
500,551,corrected,psi0,1.272254647684342,0.31689267581477
500,551,corrected,psi1,0.582419544288194,0.289393477218884
500,552,naive,psi0,0.04415671794294806,0.26759749662410887
500,552,naive,psi1,-0.362506574002893,0.25305342877599396
500,552,corrected,psi0,1.335179362944099,0.31586852014527383
500,552,corrected,psi1,0.12243536815288371,0.2983611499810638
500,553,naive,psi0,-0.08472244132491119,0.24613230660296082
500,553,naive,psi1,0.13046687356897446,0.2677633174253528
500,553,corrected,psi0,1.1580895790155112,0.28856721179556233
500,553,corrected,psi1,0.5858896802748178,0.30963452154829757
500,554,naive,psi0,-0.4956798931371045,0.24775719314972203
500,554,naive,psi1,-0.510869299603844,0.26943632399943085
500,554,corrected,psi0,0.7395781100576405,0.28460745320863856
500,554,corrected,psi1,-0.12825974254924394,0.30573788423745657
500,555,naive,psi0,-0.28445082639303876,0.2591584547395604
500,555,naive,psi1,0.2858853338823377,0.31920752283750026
500,555,corrected,psi0,1.1470715190938914,0.3056631192114577
500,555,corrected,psi1,0.779668369642538,0.36860523503091897
500,556,naive,psi0,-0.6150070064793018,0.26451644632757626
500,556,naive,psi1,-0.24223462596520812,0.277099979296783
500,556,corrected,psi0,0.7076704414838805,0.3032027094230845
500,556,corrected,psi1,0.10083274177384927,0.3180178434923307
500,557,naive,psi0,-0.14052512162641057,0.26179839650261777
500,557,naive,psi1,0.36239401768332463,0.2979504943943894
500,557,corrected,psi0,1.1221409784970788,0.3034736229095024
500,557,corrected,psi1,0.9716392459249265,0.34445374880663493
500,558,naive,psi0,0.15397447820075696,0.26191430263193416
500,558,naive,psi1,-0.42707044869609456,0.2743548403583382
500,558,corrected,psi0,1.4837944088133732,0.3071088505792008
500,558,corrected,psi1,0.006817655771197391,0.31781228816648655
500,559,naive,psi0,-0.24582043856713487,0.23744625493249708
500,559,naive,psi1,0.18217886505070063,0.20137810316117125
500,559,corrected,psi0,0.9610935688699618,0.28255170373241423
500,559,corrected,psi1,0.7473622175166815,0.2368749436390603
500,560,naive,psi0,-0.07966130411221965,0.26428742172803477
500,560,naive,psi1,0.0836657667313078,0.30964812764615385
500,560,corrected,psi0,1.2383308328422733,0.3058267033467493
500,560,corrected,psi1,0.6385645463915455,0.35957851287301484
500,561,naive,psi0,0.09052255643749321,0.251456065827303
500,561,naive,psi1,-0.027099228695750155,0.29752274281048663
500,561,corrected,psi0,1.4569037634356443,0.2917396328987597
500,561,corrected,psi1,0.5270794918209459,0.3457120666332754
500,562,naive,psi0,0.3453360642788464,0.2579749102405524
500,562,naive,psi1,-0.0663742289926909,0.2521885239979856
500,562,corrected,psi0,1.7850313070250206,0.3001327747136325
500,562,corrected,psi1,0.38353283697070895,0.2953708475763994
500,563,naive,psi0,0.05802900430837977,0.23877484137261118
500,563,naive,psi1,-0.17220824950380584,0.2877289058614289
500,563,corrected,psi0,1.3271740536533003,0.2806800094269305
500,563,corrected,psi1,0.4057197068096853,0.34216768145995846
500,564,naive,psi0,-0.2629389861595936,0.263761175143336
500,564,naive,psi1,0.39412376976997426,0.2882087257595195
500,564,corrected,psi0,1.012880886237508,0.29918373890522293
500,564,corrected,psi1,0.8387296237681378,0.32913227311808935
500,565,naive,psi0,-0.15681122339206752,0.2585621630981348
500,565,naive,psi1,0.06771339980699399,0.22734963750563622
500,565,corrected,psi0,1.1031786666615606,0.3023342442037046
500,565,corrected,psi1,0.5411330172953818,0.27054239078459835
500,566,naive,psi0,-0.4024153683257611,0.26069022898244376
500,566,naive,psi1,-0.1370884208590336,0.28315358627541576
500,566,corrected,psi0,0.8397365018591596,0.3020987558141167
500,566,corrected,psi1,0.32300790856021416,0.32890899107968663
500,567,naive,psi0,-0.03567420437766739,0.2501124515054632
500,567,naive,psi1,-0.03777990762074623,0.2584715288015725
500,567,corrected,psi0,1.1896222083142864,0.2922531353904928
500,567,corrected,psi1,0.482715783000875,0.30811848898371846
500,568,naive,psi0,-0.2861125310803916,0.26016602304548375
500,568,naive,psi1,0.209813852726127,0.2667684856272624
500,568,corrected,psi0,0.9794320192234063,0.30080207033787526
500,568,corrected,psi1,0.6507835953313205,0.3205190309353256
500,569,naive,psi0,-0.617276119119439,0.24366976352478484
500,569,naive,psi1,-0.425498262273884,0.2748860967864987
500,569,corrected,psi0,0.5190484427265264,0.2839762720372303
500,569,corrected,psi1,0.08941175417390457,0.3129014252196255
500,570,naive,psi0,-0.2952762657241845,0.27644843472904557
500,570,naive,psi1,0.5609724986884762,0.2606295385352395
500,570,corrected,psi0,0.9678014374563016,0.32040695763896815
500,570,corrected,psi1,1.1949114299674433,0.29364267111308473
500,571,naive,psi0,-0.30180505085862364,0.25942131592854434
500,571,naive,psi1,0.11328299673257393,0.29831168073326875
500,571,corrected,psi0,1.0874566252608817,0.29522362432904664
500,571,corrected,psi1,0.6529799374014826,0.3317928965386746
500,572,naive,psi0,-0.1471763870070166,0.25073999585361895
500,572,naive,psi1,-0.43756587550679094,0.301039399182873
500,572,corrected,psi0,1.2116361242185076,0.2865734001452993
500,572,corrected,psi1,0.06730753959326166,0.3433341181065694
500,573,naive,psi0,-0.542698487945279,0.24214199292022637
500,573,naive,psi1,0.022642603595061414,0.2784128454168838
500,573,corrected,psi0,0.618561065360041,0.2817174727379709
500,573,corrected,psi1,0.46856347680721494,0.3215890366989291
500,574,naive,psi0,0.023079701820725395,0.2551904713179835
500,574,naive,psi1,-0.18376223434066455,0.2815955377745209
500,574,corrected,psi0,1.299951209087277,0.2943826609592497
500,574,corrected,psi1,0.3739341675888498,0.31866663266194273
500,575,naive,psi0,-0.4561195161274891,0.24925889500825685
500,575,naive,psi1,0.13243064614702663,0.2663840178492707
500,575,corrected,psi0,0.7629713920148067,0.29487726279270426
500,575,corrected,psi1,0.6680788772936905,0.30592633150740667
500,576,naive,psi0,0.023101939678979264,0.23269811043876662
500,576,naive,psi1,0.11964072622543642,0.2706281128198443
500,576,corrected,psi0,1.4634892563679491,0.2706079260221152
500,576,corrected,psi1,0.6227870472667587,0.32960304125189666
500,577,naive,psi0,-0.30390087915724917,0.25211020599946354
500,577,naive,psi1,0.34196979726115506,0.23722932916923148
500,577,corrected,psi0,0.9291994998242764,0.2967949204091939
500,577,corrected,psi1,0.959851415524803,0.28257447919013085
500,578,naive,psi0,0.06262006903719299,0.2431914071988009
500,578,naive,psi1,0.26090354149295414,0.23364568161950613
500,578,corrected,psi0,1.4766232719269992,0.2818561697275223
500,578,corrected,psi1,0.7446630392284719,0.2693826908278739
500,579,naive,psi0,-0.3542829024038269,0.24967760832293714
500,579,naive,psi1,-0.3496245257095731,0.23906257955205545
500,579,corrected,psi0,0.8954698872266128,0.2902465606449593
500,579,corrected,psi1,0.0673388045170493,0.2851916346138782
500,580,naive,psi0,0.10618891507112976,0.25896934242861586
500,580,naive,psi1,-0.3086972169257024,0.27110863730254137
500,580,corrected,psi0,1.381923998180666,0.30686923681400624
500,580,corrected,psi1,0.19699042233429795,0.32687581181961495
500,581,naive,psi0,-0.3748239619386176,0.2508914125362798
500,581,naive,psi1,0.15724028833857792,0.27683553441522396
500,581,corrected,psi0,0.8399033137823,0.2959161310106628
500,581,corrected,psi1,0.7097187282439057,0.3355279106971398
500,582,naive,psi0,-0.24341619892042102,0.2513607352725578
500,582,naive,psi1,-0.19235635276131105,0.2612218914829257
500,582,corrected,psi0,1.0071528789622692,0.29041124769982174
500,582,corrected,psi1,0.24848684357720005,0.30060945661581057
500,583,naive,psi0,-0.14756140634380896,0.26373970999572754
500,583,naive,psi1,-0.07229904246103643,0.2877782317855071
500,583,corrected,psi0,1.0944537461334576,0.3073094801549377
500,583,corrected,psi1,0.3870076947446613,0.3345331035794646
500,584,naive,psi0,-0.48569358958852754,0.23725018276811222
500,584,naive,psi1,-0.140007963317612,0.26819141471269214
500,584,corrected,psi0,0.7615780384594197,0.2749529213748164
500,584,corrected,psi1,0.24221164057984476,0.3139524366306487
500,585,naive,psi0,-0.1969354364058001,0.25394131928402053
500,585,naive,psi1,-0.2382505612665946,0.25782797452852896
500,585,corrected,psi0,1.143176699540406,0.2960039052653876
500,585,corrected,psi1,0.3574771846677842,0.3061229613565233
500,586,naive,psi0,-0.505962887774632,0.25846767959561334
500,586,naive,psi1,0.1520512944936129,0.2771096221409832
500,586,corrected,psi0,0.7898043909176221,0.3016725596338887
500,586,corrected,psi1,0.6530230592575507,0.31786023002408653
500,587,naive,psi0,-0.2793756336619923,0.254571142710122
500,587,naive,psi1,-0.41197735914320716,0.2544166009332314
500,587,corrected,psi0,0.9928843683185187,0.30231260288959166
500,587,corrected,psi1,-0.016221847835320304,0.30705456397838027
500,588,naive,psi0,-0.7161535156206954,0.24918561878197104
500,588,naive,psi1,-0.17583180466828138,0.24044809338871612
500,588,corrected,psi0,0.5053889463988,0.2857484119565466
500,588,corrected,psi1,0.3445635593925212,0.2740268873637753
500,589,naive,psi0,0.14107642058618536,0.2699754926545744
500,589,naive,psi1,0.14833499984617057,0.2963526546351393
500,589,corrected,psi0,1.4416048631362333,0.3129413313973029
500,589,corrected,psi1,0.7453019120865959,0.3522206038468667
500,590,naive,psi0,-0.2946049017745378,0.256235795769344
500,590,naive,psi1,-0.1281571127743093,0.275029570087087
500,590,corrected,psi0,0.9093874662600984,0.29804007165427976
500,590,corrected,psi1,0.3834789545564238,0.32151554157081974
500,591,naive,psi0,-0.32649545298699345,0.2407024973138108
500,591,naive,psi1,-0.06704090006064928,0.24144650963980102
500,591,corrected,psi0,0.8742496681164181,0.2758332426484564
500,591,corrected,psi1,0.4604781723122745,0.2788832032018937
500,592,naive,psi0,0.02597912667462111,0.25609134355846563
500,592,naive,psi1,0.3591511590977764,0.2763101850530175
500,592,corrected,psi0,1.447392773726705,0.2995171730931551
500,592,corrected,psi1,0.8469681280075344,0.3162439981753119
500,593,naive,psi0,-0.3476904344308752,0.24217515975868875
500,593,naive,psi1,0.15435830700663095,0.22873219171267367
500,593,corrected,psi0,0.8494166054649268,0.278890171942706
500,593,corrected,psi1,0.6471660303963397,0.2647322968062372
500,594,naive,psi0,-0.2527135991602017,0.2587208420377889
500,594,naive,psi1,-0.10628133617137778,0.30875936755448524
500,594,corrected,psi0,1.0496431387149476,0.3045545305946601
500,594,corrected,psi1,0.28830452880649743,0.36759538817026366
500,595,naive,psi0,-0.15732937825814292,0.23862090434552094
500,595,naive,psi1,-0.09614735624314076,0.2849619725209221
500,595,corrected,psi0,1.1772955709765782,0.27960111030411144
500,595,corrected,psi1,0.36114433677732,0.3294181434333863
500,596,naive,psi0,-0.4158343752446196,0.26206103391142105
500,596,naive,psi1,0.08516996012726853,0.2569391394449334
500,596,corrected,psi0,0.8643157725037582,0.2969172956025327
500,596,corrected,psi1,0.6497983575987311,0.2941493995213312
500,597,naive,psi0,-0.39495855747379355,0.24704281317731408
500,597,naive,psi1,-0.014478075241362982,0.20909687052425432
500,597,corrected,psi0,0.9508224506351367,0.28593525973846007
500,597,corrected,psi1,0.33016085133616957,0.24388046185009532
500,598,naive,psi0,-0.43270454143160225,0.2469363368294215
500,598,naive,psi1,-0.27005073546089187,0.27571644199582235
500,598,corrected,psi0,0.8207601140795151,0.28143074112884525
500,598,corrected,psi1,0.22458232974385686,0.3036645087862271
500,599,naive,psi0,-0.4807514537844152,0.25390958227279625
500,599,naive,psi1,0.03881978047524847,0.268728613413737
500,599,corrected,psi0,0.8713231823235976,0.2948571046992988
500,599,corrected,psi1,0.47615359389185546,0.3120562875110733
500,600,naive,psi0,-0.9352913443490293,0.25523264984157507
500,600,naive,psi1,-0.3068772666608048,0.2659152725461581
500,600,corrected,psi0,0.25361204706792506,0.29535761062235866
500,600,corrected,psi1,0.09977092079227753,0.30763876298570464
500,601,naive,psi0,-0.8184132345239467,0.2548751638584803
500,601,naive,psi1,0.34697507572078395,0.3298944780745052
500,601,corrected,psi0,0.357368523126418,0.2983299150893835
500,601,corrected,psi1,0.8906290331482737,0.37500481154978416
500,602,naive,psi0,-0.13409741509779158,0.24752966655597375
500,602,naive,psi1,0.038693996154156675,0.2720389371766592
500,602,corrected,psi0,1.1269749215996518,0.2850395037052567
500,602,corrected,psi1,0.5621726396518918,0.30776335869477456
500,603,naive,psi0,-0.43389497342122735,0.27277155219520693
500,603,naive,psi1,0.21937006035800577,0.27653133424769016
500,603,corrected,psi0,0.7797007135659744,0.3171105434615091
500,603,corrected,psi1,0.8605325114180985,0.32712788722877534
500,604,naive,psi0,-0.3282664164522499,0.2732176604027773
500,604,naive,psi1,-0.30977075129059334,0.23683919517862453
500,604,corrected,psi0,0.9681036350860047,0.3157184814115899
500,604,corrected,psi1,0.06630069702608431,0.2775339205844877
500,605,naive,psi0,-0.10967652774721452,0.24953461162674254
500,605,naive,psi1,-0.12549842680249151,0.24349824883593235
500,605,corrected,psi0,1.1588418711660944,0.2888282514486132
500,605,corrected,psi1,0.34908618992427237,0.27832635479996304
500,606,naive,psi0,-0.5142862099239714,0.256587150146021
500,606,naive,psi1,-0.052828175771146055,0.2809359058462901
500,606,corrected,psi0,0.7997126693195284,0.2986346179918851
500,606,corrected,psi1,0.5047679051843984,0.32285216729034877
500,607,naive,psi0,-0.19888710325379125,0.23851499106654164
500,607,naive,psi1,-0.03779661714897743,0.2020507490445323
500,607,corrected,psi0,1.061100867110872,0.2782868755788554
500,607,corrected,psi1,0.41406734680952506,0.23595145951867308
500,608,naive,psi0,-0.2665099357032734,0.24324991899523773
500,608,naive,psi1,0.0528166511245438,0.2783418277747758
500,608,corrected,psi0,1.0314041412942985,0.2787835378218679
500,608,corrected,psi1,0.5893733154507294,0.3150717634291055
500,609,naive,psi0,-0.42838277839217065,0.2418344629460524
500,609,naive,psi1,0.2121482232860952,0.2721690780788569
500,609,corrected,psi0,0.8368453585076553,0.28946736666390094
500,609,corrected,psi1,0.7338310699794411,0.32205885718302035
500,610,naive,psi0,-0.40041931421866195,0.2388122767806964
500,610,naive,psi1,-0.08210306087629601,0.22194460919785233
500,610,corrected,psi0,0.8168984727823333,0.2772677344089804
500,610,corrected,psi1,0.3586079942187477,0.25630139564630977
500,611,naive,psi0,-0.08510894185642787,0.2395986938428905
500,611,naive,psi1,0.1625885925962579,0.23683181290558686
500,611,corrected,psi0,1.1521649425295577,0.2792179599218367
500,611,corrected,psi1,0.6522409515245017,0.29662594067328235
500,612,naive,psi0,-0.16470735552557922,0.255016658483344
500,612,naive,psi1,0.29218223915067165,0.23118272968836628
500,612,corrected,psi0,1.1147297930478235,0.29987503615305405
500,612,corrected,psi1,0.8686462283673965,0.2744362068006655
500,613,naive,psi0,-0.47667060466161715,0.25604976980372635
500,613,naive,psi1,0.05093533356180871,0.26654608254764806
500,613,corrected,psi0,0.7675417896902377,0.2998818509897004
500,613,corrected,psi1,0.5365487760599611,0.3098938596365253
500,614,naive,psi0,-0.19342179738277934,0.2645416786966789
500,614,naive,psi1,0.29578037895220566,0.2936607048371189
500,614,corrected,psi0,1.0941445163487746,0.307230646855416
500,614,corrected,psi1,0.7764720524523056,0.3370932670512971
500,615,naive,psi0,-0.6057525176805496,0.26825678095593264
500,615,naive,psi1,-0.05203548769240696,0.24758423807392535
500,615,corrected,psi0,0.6579745021332672,0.3117868317326529
500,615,corrected,psi1,0.36941007100875234,0.2951464366136642
500,616,naive,psi0,-0.17889823517024467,0.2372477557093117
500,616,naive,psi1,0.025162321239628718,0.2304544717922916
500,616,corrected,psi0,1.0914286310369157,0.27815155493988397
500,616,corrected,psi1,0.5006107112960698,0.27038294361489346
500,617,naive,psi0,-0.5783678545578306,0.2637271617892068
500,617,naive,psi1,-0.11793231757820932,0.2706772576535998
500,617,corrected,psi0,0.573492010902608,0.30196817645683055
500,617,corrected,psi1,0.29116555174541675,0.31768023583016175
500,618,naive,psi0,-0.11381820034878902,0.2480536507115682
500,618,naive,psi1,0.25831400417144523,0.2627553717043594
500,618,corrected,psi0,1.2422078939438694,0.287682212179518
500,618,corrected,psi1,0.7581575083277504,0.3108631423015075
500,619,naive,psi0,-0.029130574788192642,0.26506266329365513
500,619,naive,psi1,-0.5040285055174512,0.2888865025883125
500,619,corrected,psi0,1.1777873678460844,0.30552753805122834
500,619,corrected,psi1,-0.0877123406800644,0.33006800283013665
500,620,naive,psi0,-0.3089006046358274,0.2694026198731451
500,620,naive,psi1,-0.09774986164874296,0.33052636319217693
500,620,corrected,psi0,0.9891623957898035,0.31133902909377853
500,620,corrected,psi1,0.437951726096786,0.37742003220034115
500,621,naive,psi0,-0.09767116427316559,0.2592738401469123
500,621,naive,psi1,-0.02401592392416823,0.2677995026921447
500,621,corrected,psi0,1.055805980779497,0.30815833719469754
500,621,corrected,psi1,0.5242010554977735,0.3138102592675207
500,622,naive,psi0,-0.18964950385468218,0.2586266381031452
500,622,naive,psi1,-0.1670503234919378,0.3155953089284172
500,622,corrected,psi0,1.152645594976623,0.29597488792272036
500,622,corrected,psi1,0.13648681464031914,0.3552910001168778
500,623,naive,psi0,-0.46106952675477936,0.2577993613530619
500,623,naive,psi1,-0.3325518181893121,0.30736057975584763
500,623,corrected,psi0,0.7668850147852792,0.3024886222024233
500,623,corrected,psi1,0.0760125753668501,0.37485619842722645
500,624,naive,psi0,-0.3347831316785395,0.23809603051119774
500,624,naive,psi1,0.07615933018960142,0.2431178972922531
500,624,corrected,psi0,0.9833634936245764,0.27657869799552615
500,624,corrected,psi1,0.5027506390564525,0.2808447060312414
500,625,naive,psi0,0.33560418100907585,0.259958230113092
500,625,naive,psi1,0.3713761035261439,0.30081092522166275
500,625,corrected,psi0,1.8209251631090082,0.30810537929744214
500,625,corrected,psi1,0.8223423443762142,0.3461866200263575
500,626,naive,psi0,0.09321421837886032,0.2759390684627742
500,626,naive,psi1,0.11139437304150751,0.32327502662123203
500,626,corrected,psi0,1.423745600428402,0.32005743995882957
500,626,corrected,psi1,0.6981695190149287,0.3711413383850736
500,627,naive,psi0,-0.05624363269608811,0.25186773286307035
500,627,naive,psi1,-0.2087650483759432,0.25733755401077585
500,627,corrected,psi0,1.1467992852775173,0.29341683786295936
500,627,corrected,psi1,0.3810722565569456,0.3001266176712584
500,628,naive,psi0,-0.5848017763564479,0.26154783155330247
500,628,naive,psi1,0.16489785689978403,0.3092539385531414
500,628,corrected,psi0,0.5926025263337918,0.30214590967765326
500,628,corrected,psi1,0.6454729099107562,0.3497601101951223
500,629,naive,psi0,-0.8324000185794425,0.2575014742263031
500,629,naive,psi1,0.1615989784874631,0.27830128827792333
500,629,corrected,psi0,0.38738437438183676,0.2946688098662369
500,629,corrected,psi1,0.7222124385187645,0.3165629411112045
500,630,naive,psi0,-0.5806037234050884,0.25704525651772836
500,630,naive,psi1,0.04775550215632078,0.25115322434111426
500,630,corrected,psi0,0.5770399537595801,0.3070764721159933
500,630,corrected,psi1,0.6376342776275211,0.29403330168877617
500,631,naive,psi0,-0.6803833352035643,0.24141048888845706
500,631,naive,psi1,-0.2685900433982914,0.22620829802490766
500,631,corrected,psi0,0.5269884642859939,0.2794375441110295
500,631,corrected,psi1,0.19668273261126462,0.25322580552106877
500,632,naive,psi0,-0.34900243479903104,0.257495962645055
500,632,naive,psi1,-0.07693085948628091,0.2337637603633741
500,632,corrected,psi0,0.9138551183013082,0.3039053627770489
500,632,corrected,psi1,0.41761320262168444,0.27589916181047397
500,633,naive,psi0,0.3906186664265401,0.2797432421420577
500,633,naive,psi1,-0.3179236843415845,0.3069933329461054
500,633,corrected,psi0,1.8257152348109775,0.3308029599985388
500,633,corrected,psi1,0.16983791685817087,0.36569017190127256
500,634,naive,psi0,-0.48981402336052426,0.2442899068702391
500,634,naive,psi1,0.061457745626370734,0.27849522933486637
500,634,corrected,psi0,0.8447753926790955,0.2880160809061707
500,634,corrected,psi1,0.5507750439925038,0.331154433642048
500,635,naive,psi0,-0.3600096822996002,0.25609265424915467
500,635,naive,psi1,0.026825505088821876,0.30926834278395854
500,635,corrected,psi0,1.0166855368290697,0.2975975951353613
500,635,corrected,psi1,0.5036683104071554,0.3550214663378627
500,636,naive,psi0,0.16989071485532423,0.2564248143758324
500,636,naive,psi1,-0.11107230725119517,0.25877887923263665
500,636,corrected,psi0,1.5182392195602006,0.2971342803452266
500,636,corrected,psi1,0.3440407427928391,0.2958939906744502
500,637,naive,psi0,-0.24931739960466065,0.26387605439509154
500,637,naive,psi1,-0.0262083926871843,0.24787361788532664
500,637,corrected,psi0,0.9793816760273507,0.30598717214171817
500,637,corrected,psi1,0.3420179655630304,0.2876373232982807
500,638,naive,psi0,-0.13161066146807687,0.25158107904863797
500,638,naive,psi1,0.14341715140538264,0.25588727838859865
500,638,corrected,psi0,0.9483470610387285,0.29300475591289443
500,638,corrected,psi1,0.6746911922233031,0.3002401133070324
500,639,naive,psi0,-0.0015243208242039907,0.2570706019245161
500,639,naive,psi1,-0.2515203765296643,0.23615984975124013
500,639,corrected,psi0,1.3685754237543097,0.2951298937987735
500,639,corrected,psi1,0.08157952715094759,0.26879878191930784
500,640,naive,psi0,0.011505181840038148,0.26336902464781203
500,640,naive,psi1,0.48032315414564525,0.2781291116892152
500,640,corrected,psi0,1.2869253100797,0.3073416707728679
500,640,corrected,psi1,1.1347282064729405,0.32272984849675757
500,641,naive,psi0,-0.837447270295526,0.263477338214536
500,641,naive,psi1,-0.012137602521716364,0.28618254298111523
500,641,corrected,psi0,0.5217089327883222,0.31284677650285586
500,641,corrected,psi1,0.4572173779816136,0.34254814828613245
500,642,naive,psi0,-0.4924117195519358,0.23891915919158532
500,642,naive,psi1,-0.37457013671242106,0.21483336600775568
500,642,corrected,psi0,0.7508776190245989,0.2796501395926836
500,642,corrected,psi1,0.06917606233694136,0.2511079301809008
500,643,naive,psi0,0.04527536951268059,0.2707923282912287
500,643,naive,psi1,-0.24719522474534156,0.31574051721642826
500,643,corrected,psi0,1.311324816216654,0.31591504469664083
500,643,corrected,psi1,0.18487331059910184,0.3647561864335503
500,644,naive,psi0,-0.7284004838851932,0.2530007003368309
500,644,naive,psi1,0.1131109883033649,0.24744813130073476
500,644,corrected,psi0,0.5097176476476173,0.2933259461380612
500,644,corrected,psi1,0.5940379922190079,0.28774372388754205
500,645,naive,psi0,-0.04552042101399362,0.27478765977986974
500,645,naive,psi1,-0.03709159339192454,0.3432725282162529
500,645,corrected,psi0,1.2855385814562341,0.31415477966159544
500,645,corrected,psi1,0.3967352222916235,0.37806140135064087
500,646,naive,psi0,-0.5613918201451407,0.2496347320392784
500,646,naive,psi1,0.2478940643494813,0.2743766368771736
500,646,corrected,psi0,0.6280574589202756,0.28877512751508766
500,646,corrected,psi1,0.7262801552510235,0.32154591158479134
500,647,naive,psi0,-0.16656116010632074,0.25714398147498374
500,647,naive,psi1,-0.3252732663822235,0.27321851363858907
500,647,corrected,psi0,1.1869594422402177,0.3022803066035925
500,647,corrected,psi1,0.02208023404282883,0.3238806279995238
500,648,naive,psi0,0.04043836716180829,0.24719637073996834
500,648,naive,psi1,-0.15749499318482285,0.23212921902800712
500,648,corrected,psi0,1.326872845080941,0.2851674244366582
500,648,corrected,psi1,0.37968587683798766,0.2705881824134559
500,649,naive,psi0,-0.12448283790467805,0.249201090451477
500,649,naive,psi1,0.18133075893525893,0.20001637007723036
500,649,corrected,psi0,1.1781757188984976,0.2889395936728861
500,649,corrected,psi1,0.6227807012478829,0.2320350671167185
500,650,naive,psi0,0.21932543610274588,0.241443039268242
500,650,naive,psi1,-0.24548352166000365,0.2589763725186668
500,650,corrected,psi0,1.4903544601468146,0.28012898206020603
500,650,corrected,psi1,0.1969773733413756,0.3030831195550963
500,651,naive,psi0,-0.44872233568887787,0.25440645086782904
500,651,naive,psi1,-0.07382051298974829,0.27635680486272657
500,651,corrected,psi0,0.8217531778755706,0.29072010024752193
500,651,corrected,psi1,0.5071494711398908,0.30654328234569944
500,652,naive,psi0,0.03479801989225154,0.25696155668811804
500,652,naive,psi1,0.3989639155670848,0.2316553177081512
500,652,corrected,psi0,1.2899720600640376,0.298371008484039
500,652,corrected,psi1,0.8909987478086016,0.27059239328465345
500,653,naive,psi0,-0.7923072484257744,0.2484333212075408
500,653,naive,psi1,0.39730446037080985,0.2324788417096702
500,653,corrected,psi0,0.3385588620064563,0.2882135605971475
500,653,corrected,psi1,1.0074347384999838,0.2672266344950982
500,654,naive,psi0,-0.2529229557414506,0.27961177687030064
500,654,naive,psi1,0.35971305565090744,0.3049759198361023
500,654,corrected,psi0,0.9235909290827286,0.3257361713583521
500,654,corrected,psi1,0.836709279162919,0.35576744120931286
500,655,naive,psi0,-0.609239635565692,0.25808895911257906
500,655,naive,psi1,0.23520739980990812,0.2616366170114483
500,655,corrected,psi0,0.5496857423828,0.29677769248323493
500,655,corrected,psi1,0.8167757947043034,0.29325717585608985
500,656,naive,psi0,0.22134902712736557,0.2533010473634632
500,656,naive,psi1,-0.17678094117725116,0.25107222339482
500,656,corrected,psi0,1.5509773934969415,0.29661576820943053
500,656,corrected,psi1,0.332320377753499,0.29017823545082116
500,657,naive,psi0,-0.38692537034455726,0.27052978314627
500,657,naive,psi1,-0.13186258937412762,0.31696969940625797
500,657,corrected,psi0,0.899399419429486,0.3129843964262972
500,657,corrected,psi1,0.3059041909096378,0.3567421744828432
500,658,naive,psi0,-0.059145485308853066,0.250334276701688
500,658,naive,psi1,-0.017161626694255992,0.2912189960954426
500,658,corrected,psi0,1.2499373335272495,0.2920710925493803
500,658,corrected,psi1,0.4966673543349747,0.342844555196889
500,659,naive,psi0,-0.481511632191946,0.2640338048222363
500,659,naive,psi1,-0.3513615135876543,0.2893203504301436
500,659,corrected,psi0,0.7269800472244252,0.30550881803776925
500,659,corrected,psi1,0.05496933363716719,0.3354390001756333
500,660,naive,psi0,-0.8110414743736531,0.2594065332392936
500,660,naive,psi1,0.11209244112950334,0.2779133520289613
500,660,corrected,psi0,0.35841139308477105,0.30540451396088114
500,660,corrected,psi1,0.6221497075166899,0.3190485525665478
500,661,naive,psi0,-0.28431222896234837,0.26250623477314067
500,661,naive,psi1,0.22892928916095415,0.2785252965959587
500,661,corrected,psi0,1.0393440350108079,0.30018563869514037
500,661,corrected,psi1,0.8382224496908612,0.3090287768672176
500,662,naive,psi0,-0.21809343883968568,0.25597247860553773
500,662,naive,psi1,-0.3643602694888285,0.2614321106096932
500,662,corrected,psi0,0.9993926361838434,0.30903918453256274
500,662,corrected,psi1,0.0754624110870783,0.31396591815877817
500,663,naive,psi0,-0.31382420851481646,0.24313184907363627
500,663,naive,psi1,-0.11084353661321947,0.2692181842138763
500,663,corrected,psi0,0.9974464185139242,0.2809701065340494
500,663,corrected,psi1,0.2933317072883055,0.3085001939382018
500,664,naive,psi0,-0.9402418650425692,0.25162626397231447
500,664,naive,psi1,0.5520145834244577,0.2851992858447389
500,664,corrected,psi0,0.2626356609845589,0.2939034000150419
500,664,corrected,psi1,1.1968929995407376,0.32401881357085877
500,665,naive,psi0,-0.3598766168114626,0.23883654619239547
500,665,naive,psi1,0.0885333063649552,0.25962415111187254
500,665,corrected,psi0,0.8276136939681452,0.2806526843366328
500,665,corrected,psi1,0.5755064595414746,0.29960098098799365
500,666,naive,psi0,-0.39298185353968046,0.25959366806450906
500,666,naive,psi1,-0.014678248148682373,0.2763954585401512
500,666,corrected,psi0,0.9534069779428777,0.3068127399129034
500,666,corrected,psi1,0.5827194163578434,0.3331194839628868
500,667,naive,psi0,0.1970600325376241,0.25809220289411827
500,667,naive,psi1,-0.3787712522666446,0.2935289780789508
500,667,corrected,psi0,1.5676961525163606,0.29766791373454643
500,667,corrected,psi1,0.032219553822246096,0.3526774484441324
500,668,naive,psi0,-0.2529652099002341,0.2453618830897599
500,668,naive,psi1,-0.17191253478322024,0.2727165528608888
500,668,corrected,psi0,1.0027493611410256,0.28495142728332684
500,668,corrected,psi1,0.3568350251621369,0.3110090869740413
500,669,naive,psi0,-0.17646303544068162,0.2441725234828311
500,669,naive,psi1,0.02261286101961502,0.27404284002447604
500,669,corrected,psi0,1.1295051589923863,0.290604127254089
500,669,corrected,psi1,0.49755296861693005,0.31523888295679625
500,670,naive,psi0,-0.4595741525594381,0.24640380727698394
500,670,naive,psi1,0.20599235730281945,0.23793095465568023
500,670,corrected,psi0,0.8185911625148621,0.28902897459313415
500,670,corrected,psi1,0.696468122811316,0.2792959720069781
500,671,naive,psi0,-0.6259186963733802,0.2581611178859886
500,671,naive,psi1,0.09778098910606718,0.2687717310025214
500,671,corrected,psi0,0.5337493397354283,0.29912162343510346
500,671,corrected,psi1,0.5292553277321455,0.31866157605170853
500,672,naive,psi0,0.022950908213815374,0.24511534584838676
500,672,naive,psi1,0.34279226944660546,0.2848100866287305
500,672,corrected,psi0,1.3122750520819395,0.2900399935111102
500,672,corrected,psi1,0.8811904079849466,0.33649904191796653
500,673,naive,psi0,-0.42527075563064876,0.26478793875265955
500,673,naive,psi1,0.0702651822030447,0.2968153849543501
500,673,corrected,psi0,0.9173145113575121,0.3051134892619554
500,673,corrected,psi1,0.4534464234240583,0.3434772455488021
500,674,naive,psi0,-0.38558443982453433,0.26068912778406844
500,674,naive,psi1,-0.24947188107163218,0.23288003581765704
500,674,corrected,psi0,0.8869078450313927,0.30384991855766696
500,674,corrected,psi1,0.13931894608862042,0.2725183775410569
500,675,naive,psi0,-0.2753885116472397,0.25694189821165686
500,675,naive,psi1,-0.27938816833793323,0.24646339647067922
500,675,corrected,psi0,1.052158324433028,0.29961175070462287
500,675,corrected,psi1,0.07588827477504896,0.28783721037588006
500,676,naive,psi0,-0.20702276365951308,0.2548121490132958
500,676,naive,psi1,-0.04272218311920811,0.2718326587143667
500,676,corrected,psi0,1.1246226514695605,0.29424917984190574
500,676,corrected,psi1,0.3799747871146722,0.30386426875319883
500,677,naive,psi0,-0.5726882487050382,0.26411805634697455
500,677,naive,psi1,-0.19557251428707415,0.28962020855722265
500,677,corrected,psi0,0.6072939366708013,0.3078593369671972
500,677,corrected,psi1,0.33086962896912536,0.34006588517983044
500,678,naive,psi0,-0.16848778536004078,0.2690080692458753
500,678,naive,psi1,-0.24820744618483592,0.2875926671374906
500,678,corrected,psi0,1.0644964944859387,0.3098524286059054
500,678,corrected,psi1,0.14683167492891747,0.34333562366819775
500,679,naive,psi0,-0.49023628725787044,0.2732497134728567
500,679,naive,psi1,-0.4554617970202745,0.3214565579967203
500,679,corrected,psi0,0.713630553229901,0.32470109800737845
500,679,corrected,psi1,0.05620750837348999,0.37361153410223646
500,680,naive,psi0,-0.4294721210257626,0.26702911403058294
500,680,naive,psi1,0.0470216672381826,0.3000062298155926
500,680,corrected,psi0,0.8247720679255721,0.3114764237514643
500,680,corrected,psi1,0.4980216865341677,0.34700171343782255
500,681,naive,psi0,-0.05304862068307935,0.2598824684067088
500,681,naive,psi1,-0.1474504364543785,0.3061626690426002
500,681,corrected,psi0,1.1870452635831497,0.3029282429440379
500,681,corrected,psi1,0.27340441476914534,0.3567285398162199
500,682,naive,psi0,-0.6029959935850008,0.25931408824493696
500,682,naive,psi1,0.4445158679954521,0.2713271583421389
500,682,corrected,psi0,0.6824268389640593,0.30032175013713636
500,682,corrected,psi1,1.0705961747969204,0.3216951983294492
500,683,naive,psi0,-0.3626934903627588,0.23866906408956748
500,683,naive,psi1,-0.32944455157815544,0.2274606484750887
500,683,corrected,psi0,0.8608632948804988,0.2793595639456244
500,683,corrected,psi1,0.11790871925813072,0.26769103678068235
500,684,naive,psi0,-0.34070215784306007,0.24424219715351883
500,684,naive,psi1,0.14154886266297806,0.21816093820687266
500,684,corrected,psi0,0.9325205535548733,0.28515051903267824
500,684,corrected,psi1,0.6290459396805794,0.2573369227750623
500,685,naive,psi0,-0.41074359305566555,0.2473911891332673
500,685,naive,psi1,-0.12794606446650578,0.25871964525864605
500,685,corrected,psi0,0.8940712036141915,0.2891587527711878
500,685,corrected,psi1,0.47548904349015303,0.297873796538231
500,686,naive,psi0,-0.5082455384111644,0.2358119578645071
500,686,naive,psi1,0.2109511797584895,0.25474177630463435
500,686,corrected,psi0,0.8461272570371351,0.27739585406519884
500,686,corrected,psi1,0.7899718493108396,0.2935576423975811
500,687,naive,psi0,-0.5265701459153125,0.24746617170964486
500,687,naive,psi1,-0.3820263939545341,0.2870600581671537
500,687,corrected,psi0,0.6968026713577858,0.28737427469578436
500,687,corrected,psi1,0.07149096454527804,0.3345509853807094
500,688,naive,psi0,-0.4253245238891729,0.26427571361658697
500,688,naive,psi1,-0.2037745399401429,0.26448767374559473
500,688,corrected,psi0,0.7712665207306859,0.3060416965005417
500,688,corrected,psi1,0.23057348280218373,0.308579853483967
500,689,naive,psi0,0.22500997298994133,0.2578412215507156
500,689,naive,psi1,0.0856862184934973,0.2660413169303348
500,689,corrected,psi0,1.6145932500872229,0.3094051423602671
500,689,corrected,psi1,0.6827526228903279,0.3352568977904331
500,690,naive,psi0,-0.1823817004691015,0.258967565805769
500,690,naive,psi1,0.23973863146269553,0.28671548420167614
500,690,corrected,psi0,1.0920338108527385,0.2988478779831404
500,690,corrected,psi1,0.7276922492753731,0.32134753437709723
500,691,naive,psi0,-0.4219049667278826,0.2627338662658366
500,691,naive,psi1,-0.21299038546816967,0.28986153244678814
500,691,corrected,psi0,0.8573185729807868,0.30645808142052894
500,691,corrected,psi1,0.28705267781365323,0.3353430808990223
500,692,naive,psi0,-0.14541386801565076,0.26050998536522046
500,692,naive,psi1,-0.11623713145337015,0.27008511421383374
500,692,corrected,psi0,1.0743408759422475,0.2970493613171186
500,692,corrected,psi1,0.41437121045233816,0.31451050918586715
500,693,naive,psi0,-0.6674965488356963,0.237135338004863
500,693,naive,psi1,-0.03493205459570549,0.22921463494093688
500,693,corrected,psi0,0.651570126385221,0.27569212752883654
500,693,corrected,psi1,0.3473714899433316,0.2695346517974291
500,694,naive,psi0,-0.11542726401759597,0.24491996974138153
500,694,naive,psi1,-0.041986117322138236,0.2736195214934762
500,694,corrected,psi0,1.1236926128042652,0.2849044404737737
500,694,corrected,psi1,0.4540532327614684,0.32111579757611464
500,695,naive,psi0,-0.3756156649064045,0.25356700533833254
500,695,naive,psi1,0.22114007565160435,0.2465940650926311
500,695,corrected,psi0,0.8943306471272221,0.2989218317099132
500,695,corrected,psi1,0.6720600060816102,0.2873793075604352
500,696,naive,psi0,-0.5145064878706012,0.24821169369580756
500,696,naive,psi1,-0.015113050107070288,0.25568932021492474
500,696,corrected,psi0,0.8083490134804482,0.29197331269716686
500,696,corrected,psi1,0.5141821556368267,0.3015181255957813
500,697,naive,psi0,-0.31832209632520503,0.2577838676433233
500,697,naive,psi1,-0.5411475152461572,0.3125314700195143
500,697,corrected,psi0,0.9089675633010061,0.29779585458816815
500,697,corrected,psi1,-0.16603615093444335,0.3583013379359118
500,698,naive,psi0,-0.507075282507055,0.24002997011964894
500,698,naive,psi1,-0.06389252665656275,0.2533170654649039
500,698,corrected,psi0,0.7544148914975587,0.2766137329056459
500,698,corrected,psi1,0.35436164954922306,0.2857942331022658
500,699,naive,psi0,-0.5429832133670321,0.2636558017424075
500,699,naive,psi1,0.39118485154172455,0.23833494239577865
500,699,corrected,psi0,0.730200172172886,0.3108856954024758
500,699,corrected,psi1,1.0183816225914417,0.2857229190160143
500,700,naive,psi0,-0.06748304479804307,0.265535443481067
500,700,naive,psi1,-0.28166445371892246,0.3095053967947739
500,700,corrected,psi0,1.2798901257223478,0.306978976039454
500,700,corrected,psi1,0.07483632799428654,0.3544504186912806
500,701,naive,psi0,-0.4505719286017903,0.2768884939917729
500,701,naive,psi1,0.7528613480952051,0.3295401965432244
500,701,corrected,psi0,0.8460561717135882,0.31900455587000714
500,701,corrected,psi1,1.295263774451964,0.3715266783371861
500,702,naive,psi0,0.08539316214732551,0.2558501088844015
500,702,naive,psi1,0.2676890217328789,0.29529151542071236
500,702,corrected,psi0,1.508899613463099,0.29174334098148835
500,702,corrected,psi1,0.815264435416205,0.3306328589151985
500,703,naive,psi0,-0.6226398575419968,0.24791436647840098
500,703,naive,psi1,0.1622499702491455,0.25099749911231406
500,703,corrected,psi0,0.5981133245487602,0.28713253520148885
500,703,corrected,psi1,0.649029232369114,0.28575439158025884
500,704,naive,psi0,-0.5390109544297734,0.26246924706178953
500,704,naive,psi1,0.5576427972108503,0.26209973376997525
500,704,corrected,psi0,0.7225749284118368,0.301459035392099
500,704,corrected,psi1,1.0643466365219048,0.29941712951532823
500,705,naive,psi0,-0.43218946755100457,0.22766877041042874
500,705,naive,psi1,-0.16087808726918457,0.2054610797237828
500,705,corrected,psi0,0.8137944335526559,0.2657107991780887
500,705,corrected,psi1,0.406171154342527,0.23979883154350712
500,706,naive,psi0,-0.2388838124320581,0.2578226902686418
500,706,naive,psi1,0.049213190401906734,0.3273367236968504
500,706,corrected,psi0,1.1582921937113886,0.30152725921426315
500,706,corrected,psi1,0.4810165945535878,0.36889216690786786
500,707,naive,psi0,-0.3246511632228528,0.23867240285315186
500,707,naive,psi1,-0.5789470919928102,0.24153034517501415
500,707,corrected,psi0,0.9431107232868013,0.2777285992630465
500,707,corrected,psi1,-0.13324550627068063,0.2724212720974011
500,708,naive,psi0,0.2430244949574832,0.2583982361637633
500,708,naive,psi1,0.1342932467495181,0.28666126326407565
500,708,corrected,psi0,1.6185480905271816,0.29515963029004033
500,708,corrected,psi1,0.6145164534521795,0.3240655140460205
500,709,naive,psi0,-0.2239367146865455,0.238860580085541
500,709,naive,psi1,-0.36279143275250836,0.24080198796390606
500,709,corrected,psi0,1.0521628512925547,0.2762163407237344
500,709,corrected,psi1,0.16022040278350258,0.2837735483727192
500,710,naive,psi0,-0.6228680273649011,0.26252673067065346
500,710,naive,psi1,0.17177410053690217,0.267687231768568
500,710,corrected,psi0,0.6124548144906324,0.2994405772608124
500,710,corrected,psi1,0.7109884404186037,0.31604711115888867
500,711,naive,psi0,-0.3538819755193131,0.24410847260972113
500,711,naive,psi1,-0.17889891919174203,0.24058002528918918
500,711,corrected,psi0,0.9908015861191197,0.28510072074260073
500,711,corrected,psi1,0.3259801533180142,0.283823048438096
500,712,naive,psi0,-0.4302618775809157,0.25556487442676923
500,712,naive,psi1,-0.05327263617235871,0.2249700888026611
500,712,corrected,psi0,0.8101702849122429,0.2978482468579813
500,712,corrected,psi1,0.46137546919313094,0.2613360335416944
500,713,naive,psi0,-0.11055314680183087,0.2540505788693324
500,713,naive,psi1,-0.39059656242956997,0.28864580563945597
500,713,corrected,psi0,1.3269261464364686,0.29306239102700216
500,713,corrected,psi1,0.0818613514260223,0.338556363392608
500,714,naive,psi0,-0.38704551669931986,0.2606374420588146
500,714,naive,psi1,0.13251724141784996,0.2417211265836217
500,714,corrected,psi0,0.8121183147888412,0.30317029692692055
500,714,corrected,psi1,0.6398302403233503,0.2804081032783728
500,715,naive,psi0,0.2681895798513589,0.25986415750333763
500,715,naive,psi1,0.48149261334298715,0.2983423339786227
500,715,corrected,psi0,1.6004082807529865,0.29749483948557165
500,715,corrected,psi1,1.076119405448303,0.33916437915381326
500,716,naive,psi0,-0.3233111039643993,0.26103976101028264
500,716,naive,psi1,0.2179835432885303,0.2774059053941854
500,716,corrected,psi0,1.0217228488866539,0.30660414066642827
500,716,corrected,psi1,0.7263631711330066,0.3248416694190191
500,717,naive,psi0,-0.28324223044446617,0.24172727600863866
500,717,naive,psi1,-0.14217034390034242,0.248564891661434
500,717,corrected,psi0,0.9204250898750924,0.27851998171439085
500,717,corrected,psi1,0.3739322437643499,0.2813469952849499
500,718,naive,psi0,-0.38034451439398753,0.26273562605736805
500,718,naive,psi1,0.3202351726434665,0.3142550450597484
500,718,corrected,psi0,0.8560312268888455,0.30717027316004386
500,718,corrected,psi1,0.7880789953596791,0.365782151463771
500,719,naive,psi0,-0.520075409296718,0.2612745493608008
500,719,naive,psi1,-0.03206604775321216,0.2590483747161553
500,719,corrected,psi0,0.6086471152835555,0.30111914664783845
500,719,corrected,psi1,0.3927687116818758,0.29496498660660747
500,720,naive,psi0,-0.3451491669493561,0.2501032586803554
500,720,naive,psi1,-0.42978829115508604,0.2514561526430018
500,720,corrected,psi0,0.9583107939938365,0.2874424843561774
500,720,corrected,psi1,0.12158825406723131,0.28572089028888015
500,721,naive,psi0,-0.6787725407530972,0.2583407049057112
500,721,naive,psi1,0.014599386705159112,0.28906600596519005
500,721,corrected,psi0,0.545434683386163,0.3075807473314023
500,721,corrected,psi1,0.5968775012881135,0.34013063424846024
500,722,naive,psi0,-0.15647368940313128,0.2453136564169755
500,722,naive,psi1,-0.11268078745275618,0.2745318705373598
500,722,corrected,psi0,1.0854633368805668,0.2863329299673893
500,722,corrected,psi1,0.38599263234917297,0.31873535949543186
500,723,naive,psi0,-0.47200377263762544,0.26368262257761216
500,723,naive,psi1,-0.18058670557479392,0.3060124594880417
500,723,corrected,psi0,0.7602171963388528,0.31379508291911967
500,723,corrected,psi1,0.25028366671287855,0.3610271080940174
500,724,naive,psi0,-0.20002056710123878,0.24988177278646465
500,724,naive,psi1,-0.02642511107160713,0.25468296502139576
500,724,corrected,psi0,1.0297592865235923,0.28769861230897825
500,724,corrected,psi1,0.23945923058901192,0.29614240331039776
500,725,naive,psi0,-0.2600480169090285,0.25539020784000555
500,725,naive,psi1,-0.00666341323528659,0.2945358320929761
500,725,corrected,psi0,1.1010982179054711,0.2960358466505686
500,725,corrected,psi1,0.28899277496398607,0.34471981354417613
500,726,naive,psi0,0.018008123816695306,0.2542594524028937
500,726,naive,psi1,0.10535547496812586,0.24119981175355215
500,726,corrected,psi0,1.276597238080394,0.2916252540274904
500,726,corrected,psi1,0.5033947504359572,0.2764768853945629
500,727,naive,psi0,-0.08089993468621158,0.24906023210152645
500,727,naive,psi1,0.11107729905214381,0.24811872173291258
500,727,corrected,psi0,1.220322402762502,0.2872638972744567
500,727,corrected,psi1,0.6504061109514659,0.28835553794282903
500,728,naive,psi0,-0.2285897463481026,0.2585887585827922
500,728,naive,psi1,0.061553962762663506,0.236844892562953
500,728,corrected,psi0,0.903471286469256,0.305146516561823
500,728,corrected,psi1,0.6236337611952344,0.28343005159765
500,729,naive,psi0,-0.4949530207598727,0.2528686380597073
500,729,naive,psi1,-0.2165788515298027,0.27313013822122806
500,729,corrected,psi0,0.7580698080575855,0.2946511263631378
500,729,corrected,psi1,0.2636706563818061,0.31926053013785516
500,730,naive,psi0,0.023438101814392865,0.2529034404436613
500,730,naive,psi1,-0.27884485781676366,0.2503760908507258
500,730,corrected,psi0,1.3917217722238853,0.2942134739801184
500,730,corrected,psi1,0.19306789815198105,0.28998638344771765
500,731,naive,psi0,-0.6400004093055099,0.26157655928143464
500,731,naive,psi1,0.038002601374712106,0.2735242771087356
500,731,corrected,psi0,0.5841888595898401,0.30145582929440695
500,731,corrected,psi1,0.4329245955556432,0.3010155937741047
500,732,naive,psi0,0.018340665897270965,0.24463732846912398
500,732,naive,psi1,-0.21965280049114475,0.24785090158674275
500,732,corrected,psi0,1.381598578172738,0.2835874330315945
500,732,corrected,psi1,0.065711198623283,0.2964359628649616
500,733,naive,psi0,-0.4497228960144657,0.24879860330835654
500,733,naive,psi1,-0.03343682096966271,0.2769449777968604
500,733,corrected,psi0,0.8372925407722658,0.28771828615723033
500,733,corrected,psi1,0.5233097562533684,0.32182572185949315
500,734,naive,psi0,0.34375251463196116,0.25460767229318715
500,734,naive,psi1,-0.20192956204116738,0.322190410463846
500,734,corrected,psi0,1.8159564786377915,0.30054492736221
500,734,corrected,psi1,0.19626331453635976,0.37633911658245434
500,735,naive,psi0,-0.4324804008046792,0.25056426219753863
500,735,naive,psi1,0.23599141420463507,0.26388488376540714
500,735,corrected,psi0,0.8206902397238124,0.28655158764553346
500,735,corrected,psi1,0.7768912172975939,0.29257824223275547
500,736,naive,psi0,-0.5818610330953501,0.27062576681348915
500,736,naive,psi1,0.047857394998642964,0.2881679227289419
500,736,corrected,psi0,0.5730891120774934,0.31204527659431774
500,736,corrected,psi1,0.538227636520743,0.3339986956961457
500,737,naive,psi0,-0.5917023961502225,0.24994752029124714
500,737,naive,psi1,-0.6204605811909576,0.2534485872516656
500,737,corrected,psi0,0.6636301737836277,0.2875226418472724
500,737,corrected,psi1,-0.30163386935659714,0.29740799440352883
500,738,naive,psi0,-0.0819325725809514,0.2584661994865199
500,738,naive,psi1,-0.45391161792220697,0.27947687614778666
500,738,corrected,psi0,1.2758976708645071,0.30130360312699705
500,738,corrected,psi1,-0.08850884434546397,0.3257864902453948
500,739,naive,psi0,-0.6403258013967431,0.24660139500965064
500,739,naive,psi1,-0.43640827541168564,0.2662865113286437
500,739,corrected,psi0,0.4474696570950259,0.286654191944569
500,739,corrected,psi1,0.08989755473494013,0.3231234779213201
500,740,naive,psi0,-0.751357403419239,0.2559176527372357
500,740,naive,psi1,-0.4507539878175395,0.2905556245282382
500,740,corrected,psi0,0.4987747066933343,0.2965786632071108
500,740,corrected,psi1,-0.14811244219525999,0.3379685170717382
500,741,naive,psi0,0.06236508494558264,0.25231851868062244
500,741,naive,psi1,-0.33912254843717415,0.2694386539401574
500,741,corrected,psi0,1.339863261196901,0.29488186333781063
500,741,corrected,psi1,0.12697635780424685,0.3131964716396822
500,742,naive,psi0,-0.2665736688947905,0.2510856131405442
500,742,naive,psi1,0.599488945421962,0.2774140277111225
500,742,corrected,psi0,0.916703905099459,0.2973531882578702
500,742,corrected,psi1,1.1269295939511437,0.3501093294767608
500,743,naive,psi0,-0.38817482865295394,0.25816422230094305
500,743,naive,psi1,0.39086892666319045,0.2679666389823034
500,743,corrected,psi0,0.8207532966863115,0.3001507827239518
500,743,corrected,psi1,0.9886312676099347,0.31890641025024696
500,744,naive,psi0,-0.1367678611005227,0.24247053022034937
500,744,naive,psi1,-0.11319160938561094,0.23004589581249926
500,744,corrected,psi0,1.2809018471493652,0.2817448141692889
500,744,corrected,psi1,0.3839094891469706,0.2695445852706381
500,745,naive,psi0,-0.6282602047024464,0.25276080506324156
500,745,naive,psi1,0.052234812965804595,0.26415862825861053
500,745,corrected,psi0,0.6646560003061466,0.2951724691069706
500,745,corrected,psi1,0.5656465191425263,0.3042914780489607
500,746,naive,psi0,-0.6078342588407571,0.2468119471546335
500,746,naive,psi1,0.20824694875393523,0.2410828476278486
500,746,corrected,psi0,0.6600884182553252,0.28808229436387767
500,746,corrected,psi1,0.8202834625821233,0.2785763816555027
500,747,naive,psi0,0.0413694852609691,0.25546712255223886
500,747,naive,psi1,0.030719531310002903,0.3334434191438333
500,747,corrected,psi0,1.292890427627594,0.2938737224499021
500,747,corrected,psi1,0.5918227859550271,0.37732659143357816
500,748,naive,psi0,-0.34583248615928475,0.27358973279718174
500,748,naive,psi1,0.2541765037438149,0.2848656584863361
500,748,corrected,psi0,0.865659434710356,0.3188449248136882
500,748,corrected,psi1,0.8209789083191529,0.3263952924211003
500,749,naive,psi0,-0.2951126386508575,0.26344989214704956
500,749,naive,psi1,-0.1625375224812378,0.35710992963248056
500,749,corrected,psi0,0.8249178320057288,0.3030250577741572
500,749,corrected,psi1,0.27698853737063267,0.4113950424742222
500,750,naive,psi0,-0.3414661328833664,0.25605256504077967
500,750,naive,psi1,0.14686766356898887,0.25662338276264246
500,750,corrected,psi0,0.9102568718176334,0.295047045771433
500,750,corrected,psi1,0.6694810251004014,0.2876188125139549
500,751,naive,psi0,-0.1487875585687273,0.25896315058931096
500,751,naive,psi1,0.07393187512703496,0.3039509949407066
500,751,corrected,psi0,1.220967783925173,0.29808033865884254
500,751,corrected,psi1,0.6069706585193266,0.3480042602102834
500,752,naive,psi0,-0.5545888691810791,0.2436983220962659
500,752,naive,psi1,0.39158760504830453,0.26321382828127377
500,752,corrected,psi0,0.5828576139369629,0.29324355719037093
500,752,corrected,psi1,1.1048689228135173,0.3143944550997236
500,753,naive,psi0,-0.20426623111393508,0.235847637680286
500,753,naive,psi1,0.08718040238481264,0.2899452274243856
500,753,corrected,psi0,1.1071133487086515,0.2784812088074332
500,753,corrected,psi1,0.5344909487995154,0.3555434984649239
500,754,naive,psi0,-0.3936181724702548,0.2394720152823104
500,754,naive,psi1,-0.24580618014565403,0.2531998029898911
500,754,corrected,psi0,0.814474524979884,0.2789844574266496
500,754,corrected,psi1,0.17182951398405716,0.2978101753580049
500,755,naive,psi0,0.021792094466101572,0.24023000854776036
500,755,naive,psi1,0.6128709878213816,0.2865147598690611
500,755,corrected,psi0,1.4241484518926415,0.279705797207588
500,755,corrected,psi1,1.129294338617103,0.3264990125880698
500,756,naive,psi0,-0.6870957845745855,0.26792899964736083
500,756,naive,psi1,-0.03202742415413136,0.26231845511227064
500,756,corrected,psi0,0.5354761924199881,0.30800926196795003
500,756,corrected,psi1,0.3941806968895658,0.2940948782368598
500,757,naive,psi0,-0.04258625439285472,0.26936146746110295
500,757,naive,psi1,-0.22277588651146113,0.2943180989929807
500,757,corrected,psi0,1.311317218833011,0.31495944814979226
500,757,corrected,psi1,0.31993195593149526,0.3463250737266449
500,758,naive,psi0,-0.5950991609034186,0.24402500606279087
500,758,naive,psi1,-0.14141331345485814,0.25053827794837474
500,758,corrected,psi0,0.6705432531955772,0.28321829553888994
500,758,corrected,psi1,0.2768614044380528,0.2846610366114419
500,759,naive,psi0,-0.488735727365174,0.25733424232299335
500,759,naive,psi1,0.018855173848206112,0.27833616516275234
500,759,corrected,psi0,0.7712981978538035,0.3030865537594791
500,759,corrected,psi1,0.5328224754855779,0.33944892202759935
500,760,naive,psi0,-0.7753522990992467,0.25631288814936987
500,760,naive,psi1,-0.028159913488014623,0.2423637863281398
500,760,corrected,psi0,0.404884996361121,0.29676025978033455
500,760,corrected,psi1,0.4615943282123182,0.27809600487473446
500,761,naive,psi0,-0.013256389064015217,0.2523758336417413
500,761,naive,psi1,0.32373466427413566,0.2503459377803812
500,761,corrected,psi0,1.3412755965925338,0.29098740781796756
500,761,corrected,psi1,0.854463231431315,0.2807675172523329
500,762,naive,psi0,-0.2485135454919732,0.27466149960044334
500,762,naive,psi1,-0.03840422438907532,0.2492891623201652
500,762,corrected,psi0,1.0968261574217189,0.3252710060775801
500,762,corrected,psi1,0.4940507588958047,0.29948011527162505
500,763,naive,psi0,-0.5269476380207204,0.2524722540048733
500,763,naive,psi1,-0.18349919737114226,0.2856604886312175
500,763,corrected,psi0,0.7400186083312426,0.2960161936123234
500,763,corrected,psi1,0.27279017278480067,0.3314180869452405
500,764,naive,psi0,-0.34181982146291506,0.2603146613522066
500,764,naive,psi1,-0.20402538397476336,0.28340311768213927
500,764,corrected,psi0,0.9940968589393758,0.30114333395262394
500,764,corrected,psi1,0.11805740849185584,0.3222267307275515
500,765,naive,psi0,-0.6146433372155282,0.27618751177720946
500,765,naive,psi1,0.9047265922477299,0.330024801536056
500,765,corrected,psi0,0.5361074531363641,0.3186637641503353
500,765,corrected,psi1,1.5104895337556967,0.36806711380962215
500,766,naive,psi0,-0.14229558766418265,0.2531465257903324
500,766,naive,psi1,0.432011456076988,0.2545019282780363
500,766,corrected,psi0,1.2651996788365618,0.2915768381402193
500,766,corrected,psi1,0.991184236099077,0.2994020492954076
500,767,naive,psi0,-0.6140478909593893,0.23669064120859953
500,767,naive,psi1,-0.16336981050945867,0.23512428086867163
500,767,corrected,psi0,0.595979414818969,0.2732183809459562
500,767,corrected,psi1,0.20630567001968758,0.27073647545118135
500,768,naive,psi0,0.03610800363701913,0.26090444473488644
500,768,naive,psi1,-0.3416678482550639,0.3543537586886008
500,768,corrected,psi0,1.3750065637475188,0.3060915714943816
500,768,corrected,psi1,0.14533369723777792,0.44792404508855044
500,769,naive,psi0,0.10583583592616952,0.2529629658852987
500,769,naive,psi1,-0.10663706095559324,0.2967912045271778
500,769,corrected,psi0,1.4162017252347257,0.29300133806470446
500,769,corrected,psi1,0.3070894712867696,0.33822187940132836
500,770,naive,psi0,-0.8566889454339697,0.26521358469051226
500,770,naive,psi1,0.009386400466398315,0.2756913733197622
500,770,corrected,psi0,0.315726946369926,0.3054659269721229
500,770,corrected,psi1,0.5225914170864544,0.31737006948263974
500,771,naive,psi0,-0.1997268215964649,0.258377550577385
500,771,naive,psi1,0.240171280027436,0.24527570157579381
500,771,corrected,psi0,1.1011701925244517,0.30468494358333775
500,771,corrected,psi1,0.7151464666534632,0.29183188363911033
500,772,naive,psi0,-0.34836159810570494,0.23720287201023768
500,772,naive,psi1,0.0060714433740309956,0.2618117891185853
500,772,corrected,psi0,0.866547724969269,0.27303277784369995
500,772,corrected,psi1,0.4379678577908878,0.29805368821360034
500,773,naive,psi0,-0.22839045567336233,0.24098966858547438
500,773,naive,psi1,0.32737775733567426,0.23606156480192972
500,773,corrected,psi0,0.951816314149959,0.2817435047573021
500,773,corrected,psi1,0.9128720229690962,0.2763956400177923
500,774,naive,psi0,0.024423030792973928,0.24979888364045424
500,774,naive,psi1,0.042066022127278106,0.24183487587616156
500,774,corrected,psi0,1.2957371445587793,0.28999169590945634
500,774,corrected,psi1,0.4574376957792483,0.28028967139529243
500,775,naive,psi0,-0.13307967429445788,0.2502587883755547
500,775,naive,psi1,0.033360305029427405,0.2690608339536054
500,775,corrected,psi0,1.0752182755316064,0.29285375746314946
500,775,corrected,psi1,0.6469977846568286,0.31379780824914777
500,776,naive,psi0,-0.3331430854185602,0.25661217549128595
500,776,naive,psi1,0.5450411152851733,0.2901895973735522
500,776,corrected,psi0,0.8481715474410396,0.29661510782393663
500,776,corrected,psi1,1.1658882033908977,0.3369689859564525
500,777,naive,psi0,0.18602002234968765,0.2480377965355565
500,777,naive,psi1,-0.4775975346958161,0.24192898952129382
500,777,corrected,psi0,1.5182493103622219,0.28499385566811547
500,777,corrected,psi1,-0.041976293007024094,0.27485060613996676
500,778,naive,psi0,-0.6290496419081562,0.23611059612331717
500,778,naive,psi1,0.09789411446507566,0.23732020783463245
500,778,corrected,psi0,0.6369434281353888,0.27815053129000633
500,778,corrected,psi1,0.554731967300177,0.2781027357369052
500,779,naive,psi0,-0.13530571737981384,0.2590477246135818
500,779,naive,psi1,0.25055475212796446,0.2728600347634759
500,779,corrected,psi0,1.1157414615485344,0.29538078085574854
500,779,corrected,psi1,0.7489246302613828,0.3042115095769885
500,780,naive,psi0,-0.33869164826288256,0.2550771931886913
500,780,naive,psi1,-0.4447564702481532,0.298380869346216
500,780,corrected,psi0,0.9607770241542553,0.29761724741521767
500,780,corrected,psi1,0.05000839776488655,0.339236854901386
500,781,naive,psi0,-0.2001308946028861,0.2624380532693443
500,781,naive,psi1,1.2579402465398127e-05,0.2999178187189755
500,781,corrected,psi0,1.1308828873339454,0.3129779286182865
500,781,corrected,psi1,0.603545940102845,0.36753284237027334
500,782,naive,psi0,-0.6521557214538294,0.25140422312133914
500,782,naive,psi1,-0.10384132310624614,0.3049614288491078
500,782,corrected,psi0,0.5936148297403365,0.29267983003562564
500,782,corrected,psi1,0.41088827694427094,0.3555823674691639
500,783,naive,psi0,-0.6714991878896531,0.24804839880320892
500,783,naive,psi1,-0.015843840276142863,0.2891896136224872
500,783,corrected,psi0,0.5613035737907576,0.2901924984297469
500,783,corrected,psi1,0.5536070722222912,0.33691898651146257
500,784,naive,psi0,-0.35249556968674056,0.2557636252716855
500,784,naive,psi1,-0.3452322073597065,0.30625240564646056
500,784,corrected,psi0,0.7955070702249435,0.2970487600178439
500,784,corrected,psi1,0.2702715225065414,0.3535952073362155
500,785,naive,psi0,0.3165951796668144,0.25373078780552843
500,785,naive,psi1,0.14453986327867635,0.26119868303395183
500,785,corrected,psi0,1.6331310958644023,0.3032170759946573
500,785,corrected,psi1,0.6174265201723812,0.31755031304736814
500,786,naive,psi0,0.001481588682905132,0.26408020194778126
500,786,naive,psi1,-0.1322248291122323,0.31369047565537017
500,786,corrected,psi0,1.4034377865137264,0.3030039147843374
500,786,corrected,psi1,0.3416207818297768,0.35540888901962525
500,787,naive,psi0,-0.34025568552651747,0.26260840474239017
500,787,naive,psi1,-0.5238346134656183,0.30944524700800186
500,787,corrected,psi0,1.101344240994728,0.3059015900715898
500,787,corrected,psi1,-0.10973780734316892,0.358311280639116
500,788,naive,psi0,-0.4783246340133345,0.26379644371748184
500,788,naive,psi1,0.26701024565665915,0.2823419639495657
500,788,corrected,psi0,0.7365842299027506,0.30963031129022156
500,788,corrected,psi1,0.8005093694415071,0.33707059738677236
500,789,naive,psi0,0.22933265077362713,0.25900176545327164
500,789,naive,psi1,-0.05266997010797044,0.24130172971583533
500,789,corrected,psi0,1.7156013658812959,0.30097772781641424
500,789,corrected,psi1,0.41307347622703733,0.28073598100687086
500,790,naive,psi0,-0.07399716517525044,0.2355473298830105
500,790,naive,psi1,0.023539250532012532,0.24388703393123595
500,790,corrected,psi0,1.2280950627884148,0.2704460574078097
500,790,corrected,psi1,0.5791213331982378,0.28091484023244756
500,791,naive,psi0,-0.6051249700574427,0.2544357940481882
500,791,naive,psi1,0.14637889725388412,0.2617709617037033
500,791,corrected,psi0,0.5798075340686634,0.29569875984626903
500,791,corrected,psi1,0.6230904247787092,0.294975707025372
500,792,naive,psi0,0.23545222659233786,0.2584793018293962
500,792,naive,psi1,0.5899465037866396,0.2792396331232009
500,792,corrected,psi0,1.6975658171218597,0.3004231559907815
500,792,corrected,psi1,1.136699390526675,0.33303791239643177
500,793,naive,psi0,-0.21959630012042733,0.2548930661470699
500,793,naive,psi1,0.20563830004661698,0.24269475424927828
500,793,corrected,psi0,1.1793018820560652,0.2909921017350418
500,793,corrected,psi1,0.6837399375854497,0.27450708116259537
500,794,naive,psi0,-0.4807729023655605,0.25966981262793826
500,794,naive,psi1,-0.34784674925609765,0.27683737487587434
500,794,corrected,psi0,0.7945270405062945,0.2946907087057129
500,794,corrected,psi1,-0.005617036707034611,0.3122494871013872
500,795,naive,psi0,-0.3685086386280762,0.26265092909136517
500,795,naive,psi1,-0.22209318522251656,0.2883239624748851
500,795,corrected,psi0,0.8131136098367273,0.307470587020166
500,795,corrected,psi1,0.21004007533051341,0.3230864506104523
500,796,naive,psi0,-0.2559435393754568,0.2589908681057484
500,796,naive,psi1,0.3015592967992108,0.24986142213645085
500,796,corrected,psi0,0.9934843275785501,0.3068220873780951
500,796,corrected,psi1,0.8719939853610469,0.3320899308744311
500,797,naive,psi0,-0.38959452864440003,0.26188875769970027
500,797,naive,psi1,0.3823695073871301,0.2799545169954685
500,797,corrected,psi0,0.8537995303106043,0.30684332293175726
500,797,corrected,psi1,1.033092586395242,0.3234741989243232
500,798,naive,psi0,-0.35326411711577743,0.2503587340798539
500,798,naive,psi1,0.25920539547761107,0.23691653239745047
500,798,corrected,psi0,0.8976977945102587,0.2910620319700086
500,798,corrected,psi1,0.7917678266787413,0.2746800152245267
500,799,naive,psi0,-0.0232578601546308,0.2568357113868659
500,799,naive,psi1,0.7562639790850814,0.29443278572478593
500,799,corrected,psi0,1.2566175390373782,0.2932804027448754
500,799,corrected,psi1,1.3390572051667868,0.33467045941133644
500,800,naive,psi0,-0.20257279190309285,0.2438092628778459
500,800,naive,psi1,-0.03243444218605888,0.22909329263074993
500,800,corrected,psi0,1.059705731037591,0.2845130068717359
500,800,corrected,psi1,0.6301526180627848,0.2635311017435219
500,801,naive,psi0,-0.49277951219308147,0.26447539057546415
500,801,naive,psi1,0.20956117083732295,0.24485310076989034
500,801,corrected,psi0,0.6624813464458928,0.30531843859001734
500,801,corrected,psi1,0.7014460013619297,0.2824587703613941
500,802,naive,psi0,-0.07280027425167114,0.247093119576513
500,802,naive,psi1,0.5155600725780999,0.26936218977487913
500,802,corrected,psi0,1.103813268361674,0.28537868725631177
500,802,corrected,psi1,1.1573192276644868,0.31959188896114543
500,803,naive,psi0,-0.0979362102468338,0.2590473675520422
500,803,naive,psi1,-0.20133299664776616,0.24091561993893248
500,803,corrected,psi0,1.2860274477430085,0.3008792293475685
500,803,corrected,psi1,0.1441835423983894,0.2827177756775149
500,804,naive,psi0,0.1153931812230612,0.250457770527968
500,804,naive,psi1,-0.10912557909741462,0.2727348990795347
500,804,corrected,psi0,1.4058282529587423,0.29132124040268514
500,804,corrected,psi1,0.33831770719963794,0.31060315802612715
500,805,naive,psi0,-0.34554098617788437,0.24196627745002866
500,805,naive,psi1,0.1861639861521135,0.21121761631295333
500,805,corrected,psi0,0.969902542941356,0.2847808685518281
500,805,corrected,psi1,0.6497056758421322,0.2540692650731466
500,806,naive,psi0,-0.06513185090906334,0.2651307935247811
500,806,naive,psi1,0.3611620323272268,0.29673698439644436
500,806,corrected,psi0,1.2335274277253054,0.3126500145494389
500,806,corrected,psi1,0.8675820895651077,0.3445783064594466
500,807,naive,psi0,-0.08397994954948775,0.2500074102873295
500,807,naive,psi1,-0.3379568125055451,0.2690318491991651
500,807,corrected,psi0,1.3200640525214427,0.2932073851904791
500,807,corrected,psi1,0.019334988371882328,0.3068772110734237
500,808,naive,psi0,-0.43790904656784274,0.23867723711994823
500,808,naive,psi1,0.0017983043963803649,0.25952316452207697
500,808,corrected,psi0,0.8023069207809143,0.2757559879098077
500,808,corrected,psi1,0.5711665005369215,0.2938468241946239
500,809,naive,psi0,-0.36348907965127236,0.2549141646663642
500,809,naive,psi1,0.27840856336852293,0.2982714620928562
500,809,corrected,psi0,0.732594102698147,0.2988334806849689
500,809,corrected,psi1,0.8819453140971972,0.354301304983568
500,810,naive,psi0,-0.46475031755121127,0.24328126561496466
500,810,naive,psi1,0.6076804329411435,0.24359090047033988
500,810,corrected,psi0,0.8127808529203236,0.28147653220556834
500,810,corrected,psi1,1.0799527353929408,0.2768503371323682
500,811,naive,psi0,-0.3631253968640213,0.2417258055143316
500,811,naive,psi1,0.21064546284026972,0.26399100182365515
500,811,corrected,psi0,0.7901823119459339,0.28150339536755364
500,811,corrected,psi1,0.6531012631488244,0.29968562363693046
500,812,naive,psi0,-0.2842790186695327,0.25829860072873206
500,812,naive,psi1,-0.38303143472881923,0.26981694236720716
500,812,corrected,psi0,0.9961132468757744,0.295170295799738
500,812,corrected,psi1,0.08989507780646269,0.30763631634727023
500,813,naive,psi0,-0.14267108190248562,0.2461092661941798
500,813,naive,psi1,0.08385217368727584,0.2963197744712395
500,813,corrected,psi0,1.1311912423180976,0.286537063460727
500,813,corrected,psi1,0.620514881841942,0.33785240286789153
500,814,naive,psi0,-0.19982740228438806,0.2604867890911665
500,814,naive,psi1,-0.38834912016407186,0.24843062612052133
500,814,corrected,psi0,1.1409495056417807,0.30657915867434127
500,814,corrected,psi1,0.06252492962310473,0.2910903386460749
500,815,naive,psi0,-0.271346302613404,0.23628995398444388
500,815,naive,psi1,-0.09906403368426718,0.25457034739871814
500,815,corrected,psi0,0.9814804120819891,0.2772047856994045
500,815,corrected,psi1,0.38293491566176857,0.29607538097714536
500,816,naive,psi0,-0.2524050219967039,0.25853765651525806
500,816,naive,psi1,-0.15602493392211553,0.2912546881827736
500,816,corrected,psi0,1.073024723460791,0.2943429561090189
500,816,corrected,psi1,0.26922304255979496,0.32666148428271313
500,817,naive,psi0,-0.720152405891873,0.24702118767525985
500,817,naive,psi1,-0.23728362049490692,0.26043350360100087
500,817,corrected,psi0,0.5098678939896225,0.28627633127686264
500,817,corrected,psi1,0.28518703319197586,0.3054176832566859
500,818,naive,psi0,-0.8109918178064769,0.24627305423547263
500,818,naive,psi1,0.23086443224173994,0.28045495742187443
500,818,corrected,psi0,0.319446979651845,0.30307857938819344
500,818,corrected,psi1,0.9225482364989153,0.40449508443778226
500,819,naive,psi0,-0.7279351284465376,0.250488079121747
500,819,naive,psi1,0.16171978194527079,0.24549957480077272
500,819,corrected,psi0,0.47803758748912345,0.29171539613129227
500,819,corrected,psi1,0.5991898783440619,0.27446038496630965
500,820,naive,psi0,-0.22085531343849787,0.2720038285512266
500,820,naive,psi1,-0.1334073098665471,0.3267335001626244
500,820,corrected,psi0,1.2055228466563237,0.3145270458497821
500,820,corrected,psi1,0.22709965973550603,0.37752647458761324
500,821,naive,psi0,-0.22114401805093192,0.24511500657791938
500,821,naive,psi1,0.2003665082973716,0.28777423830765825
500,821,corrected,psi0,1.1355085288743982,0.2907362576074858
500,821,corrected,psi1,0.7084091205757307,0.33180826339770575
500,822,naive,psi0,-0.461750754676299,0.2550165464542616
500,822,naive,psi1,-0.516867273516367,0.25493069868008544
500,822,corrected,psi0,0.8057176456266094,0.28919218635647126
500,822,corrected,psi1,-0.07647958198491578,0.288072670309958
500,823,naive,psi0,-0.1447282085403198,0.26181705572300784
500,823,naive,psi1,-0.647886789873152,0.2467849243564492
500,823,corrected,psi0,1.0777697359528147,0.3084617141775659
500,823,corrected,psi1,-0.252450393560338,0.29705363767113147
500,824,naive,psi0,-0.460056668121373,0.24461131410160794
500,824,naive,psi1,0.16342814872662662,0.2636022645125756
500,824,corrected,psi0,0.752571749932813,0.28365189893409803
500,824,corrected,psi1,0.7149865977674341,0.30623749507748194
500,825,naive,psi0,0.3895745194248519,0.24371111512919805
500,825,naive,psi1,-0.5628293918805212,0.29481222739560664
500,825,corrected,psi0,1.7001371449384743,0.2846675390144579
500,825,corrected,psi1,-0.18147997904710325,0.3539473478926622
500,826,naive,psi0,-0.5238807736588277,0.24536349855375933
500,826,naive,psi1,-0.16520429238594317,0.23833135668021802
500,826,corrected,psi0,0.7192597055576748,0.28447056455412467
500,826,corrected,psi1,0.34946049373648036,0.26982960300453396
500,827,naive,psi0,-0.27176994334334476,0.24212729802076463
500,827,naive,psi1,-0.008160014004984999,0.22919974382827196
500,827,corrected,psi0,0.9742759297288861,0.28270575555283206
500,827,corrected,psi1,0.47661173926512873,0.26997210101960323
500,828,naive,psi0,-0.4066740807720196,0.25822810316474387
500,828,naive,psi1,-0.6176820989876655,0.24389189900202526
500,828,corrected,psi0,0.7583766804676719,0.3019318076503854
500,828,corrected,psi1,-0.19532489900501734,0.2798931447822458
500,829,naive,psi0,-0.627442558699529,0.24622835760271117
500,829,naive,psi1,0.014338567677533222,0.25260486995867837
500,829,corrected,psi0,0.5563988331893972,0.2822410108283754
500,829,corrected,psi1,0.5220364667081259,0.2899135586541405
500,830,naive,psi0,-0.8172536191642826,0.25892376657064925
500,830,naive,psi1,-0.12126419246564415,0.2459513974165953
500,830,corrected,psi0,0.3333866752982917,0.29941409518470435
500,830,corrected,psi1,0.3118064655039928,0.2785444166954133
500,831,naive,psi0,-0.4356076842136588,0.25105840126400014
500,831,naive,psi1,-0.05899159698471047,0.29606835435303136
500,831,corrected,psi0,1.0267261561233434,0.29600591108101215
500,831,corrected,psi1,0.3673838257810632,0.3443007252636112
500,832,naive,psi0,-0.13002790626369815,0.2461146962573522
500,832,naive,psi1,0.09386071176930633,0.24997573110133986
500,832,corrected,psi0,1.0397672484341385,0.2934242045593685
500,832,corrected,psi1,0.608246638376883,0.3052031007061254
500,833,naive,psi0,-0.5316664626408891,0.23393464694951943
500,833,naive,psi1,0.16591500639658327,0.2716251531268768
500,833,corrected,psi0,0.7192800144489198,0.2757056399221536
500,833,corrected,psi1,0.6715281360169538,0.31096007021238703
500,834,naive,psi0,-0.03616030608036306,0.24637278253859837
500,834,naive,psi1,-0.05301210674262411,0.25471737211125783
500,834,corrected,psi0,1.3315523504397189,0.2862542103488587
500,834,corrected,psi1,0.4319292272924448,0.2950836335275252
500,835,naive,psi0,-0.32801453543045506,0.2606961151261196
500,835,naive,psi1,-0.3998674284562162,0.2655256168447512
500,835,corrected,psi0,0.9142727771154502,0.30341104286688886
500,835,corrected,psi1,0.13842282944534118,0.3071877631918614
500,836,naive,psi0,-0.24867159636235547,0.2774046041207085
500,836,naive,psi1,-0.17210598698570903,0.29014018349275295
500,836,corrected,psi0,1.0392504106115288,0.31803278655351885
500,836,corrected,psi1,0.4466297268186391,0.333886370204091
500,837,naive,psi0,-0.16773424500946446,0.2453812212908196
500,837,naive,psi1,0.301654040512541,0.27760790566700855
500,837,corrected,psi0,1.0701140013424115,0.28304411056725226
500,837,corrected,psi1,0.9646928951906986,0.3196229262128228
500,838,naive,psi0,-0.2249114636062591,0.25456365282898047
500,838,naive,psi1,0.5435301197305938,0.3031926266588429
500,838,corrected,psi0,1.0249869137824845,0.29358743853629765
500,838,corrected,psi1,1.0096186712756632,0.34621599467164693
500,839,naive,psi0,-0.2671565502439288,0.2525696635537168
500,839,naive,psi1,-0.13157416643110095,0.2576580069902645
500,839,corrected,psi0,0.9864839250502158,0.29962868062834963
500,839,corrected,psi1,0.3535410521879486,0.3041980726689705
500,840,naive,psi0,0.38637860496362675,0.24709129649212452
500,840,naive,psi1,0.3648483345058996,0.24780658961150195
500,840,corrected,psi0,1.5770581106362052,0.28791032896073027
500,840,corrected,psi1,1.053589617042657,0.2781201006489371
500,841,naive,psi0,0.20896848604674048,0.23970254777290284
500,841,naive,psi1,0.007370214958585104,0.2399583712671454
500,841,corrected,psi0,1.5405139405262722,0.27753375623957127
500,841,corrected,psi1,0.4906619796914682,0.27719255596409725
500,842,naive,psi0,-0.4739121331711468,0.25637172709126566
500,842,naive,psi1,-0.20738416892508088,0.2618470375462941
500,842,corrected,psi0,0.8137943269600438,0.3056127459490695
500,842,corrected,psi1,0.26676412003805267,0.30395492023467
500,843,naive,psi0,-0.11506193174801004,0.25320212672405507
500,843,naive,psi1,0.39263226428999276,0.2582547079216029
500,843,corrected,psi0,1.173652977345474,0.29639400297005597
500,843,corrected,psi1,0.8973797883662735,0.3024186962350052
500,844,naive,psi0,-0.159715101582421,0.25460453266464006
500,844,naive,psi1,-0.32460904669723006,0.2806113269209207
500,844,corrected,psi0,1.0133507247886508,0.29296225461179626
500,844,corrected,psi1,0.22737219237947387,0.3207998687271322
500,845,naive,psi0,-0.27774472213448004,0.2511806997433593
500,845,naive,psi1,0.1739495180905038,0.24121869967679074
500,845,corrected,psi0,0.999405558073818,0.2896548107715069
500,845,corrected,psi1,0.6110820837794325,0.2773189229001304
500,846,naive,psi0,-0.6064987530858615,0.26849528839386766
500,846,naive,psi1,-0.0710333419806444,0.2816309044950446
500,846,corrected,psi0,0.6571689104369874,0.31207069494807643
500,846,corrected,psi1,0.47168863481975165,0.33341505854283177
500,847,naive,psi0,-0.6139462218619336,0.2499603988242007
500,847,naive,psi1,-0.31476899515097906,0.27876363651485786
500,847,corrected,psi0,0.6133213823374357,0.2927178888351219
500,847,corrected,psi1,0.0959281440697576,0.3312399391075447
500,848,naive,psi0,-0.354107129852094,0.25944934085183624
500,848,naive,psi1,0.2524990254174734,0.2711002870520728
500,848,corrected,psi0,0.8379459078338801,0.3001852571760129
500,848,corrected,psi1,0.8485154897880764,0.32267900582721276
500,849,naive,psi0,-0.1670222526744527,0.25967769964370985
500,849,naive,psi1,-0.21405102387441047,0.2887239274885704
500,849,corrected,psi0,1.0562970245093473,0.3002247498196293
500,849,corrected,psi1,0.17070944447642036,0.3276645495196175
500,850,naive,psi0,-0.3676434403027978,0.2685506832132387
500,850,naive,psi1,-0.2547293260457241,0.2981588876488112
500,850,corrected,psi0,0.9093791763734355,0.3079907605237588
500,850,corrected,psi1,0.3061632880163985,0.35064958507236116
500,851,naive,psi0,-1.1282641168406793,0.2609503839971521
500,851,naive,psi1,0.4368247667514372,0.29609991996777696
500,851,corrected,psi0,-0.05840594029195477,0.3044256309449654
500,851,corrected,psi1,0.9546016687382722,0.34331479730506953
500,852,naive,psi0,-0.25011928764501234,0.2534760576583829
500,852,naive,psi1,0.44703505058923215,0.2907583086320053
500,852,corrected,psi0,1.048476047212453,0.2956473872765998
500,852,corrected,psi1,1.082533066650185,0.34229372855216456
500,853,naive,psi0,0.04835888361090337,0.24717941913576869
500,853,naive,psi1,-0.23469345521746401,0.24393913275937418
500,853,corrected,psi0,1.442619215422793,0.29232062892980415
500,853,corrected,psi1,0.2226667413765474,0.29150047729046813
500,854,naive,psi0,-0.6446359203326989,0.2507942203347306
500,854,naive,psi1,0.785571234417482,0.21996744474260296
500,854,corrected,psi0,0.7225820355884205,0.2970999467294116
500,854,corrected,psi1,1.2127720447215515,0.25740490111097436
500,855,naive,psi0,-0.29022256314348077,0.23779888637626484
500,855,naive,psi1,-0.04449986176564546,0.20118395987947632
500,855,corrected,psi0,1.0481754570513766,0.2777065629621469
500,855,corrected,psi1,0.37631691639251397,0.22544629132203467
500,856,naive,psi0,-0.8415881311637619,0.25015052785192515
500,856,naive,psi1,-0.1119091608687608,0.26963645486945553
500,856,corrected,psi0,0.40821508608093776,0.29288624718276246
500,856,corrected,psi1,0.3836541534587618,0.30571770233492357
500,857,naive,psi0,-0.350168135462487,0.22450844228097677
500,857,naive,psi1,-0.043369080965380294,0.20871006016593288
500,857,corrected,psi0,0.7565231625483755,0.2606486435993803
500,857,corrected,psi1,0.5558813072450454,0.266215521736844
500,858,naive,psi0,-0.010646906410621743,0.26441180137392106
500,858,naive,psi1,-0.18459542441161575,0.30893942868292257
500,858,corrected,psi0,1.3031774948671722,0.29975236203263467
500,858,corrected,psi1,0.27486771462804016,0.3455773261422158
500,859,naive,psi0,-0.014653760809511796,0.27640439695935415
500,859,naive,psi1,0.034187815872106286,0.2919792607942883
500,859,corrected,psi0,1.4570676073897049,0.3173148356581091
500,859,corrected,psi1,0.4726288820112412,0.33125882807567436
500,860,naive,psi0,-0.0994012196795834,0.2478137694189881
500,860,naive,psi1,0.1583237021641324,0.30714382642262894
500,860,corrected,psi0,1.2847119613092848,0.28241300423684346
500,860,corrected,psi1,0.615472117468205,0.3430281237492607
500,861,naive,psi0,-0.08881422637699539,0.25118766379238044
500,861,naive,psi1,-0.3799793528134486,0.2326298565408924
500,861,corrected,psi0,1.2397494103352555,0.29268612063715627
500,861,corrected,psi1,0.04441746865227967,0.27431479689080135
500,862,naive,psi0,-0.13340646619860372,0.25976111311872274
500,862,naive,psi1,-0.30754624864840374,0.3113088892371033
500,862,corrected,psi0,1.152224572847935,0.29942864754901
500,862,corrected,psi1,0.012339142799553733,0.3681982254242243
500,863,naive,psi0,-0.25495644698806885,0.253763227793523
500,863,naive,psi1,0.10848880836364228,0.30740755400886643
500,863,corrected,psi0,1.007014091020554,0.2973259786485962
500,863,corrected,psi1,0.64233448361872,0.36579662193338364
500,864,naive,psi0,-0.6582155078655932,0.25399152971542455
500,864,naive,psi1,-0.012351380929712089,0.23473401864181712
500,864,corrected,psi0,0.6330670230476517,0.29897477546018425
500,864,corrected,psi1,0.552818516536009,0.286405652263243
500,865,naive,psi0,-0.17711475020370152,0.2638418455757729
500,865,naive,psi1,-0.4034649839647358,0.31149103944686546
500,865,corrected,psi0,1.0203723992822291,0.30759817295971703
500,865,corrected,psi1,0.03217256366752666,0.3625380623685425
500,866,naive,psi0,-0.04520302606986398,0.26269387404584593
500,866,naive,psi1,0.05938098086109581,0.2803312302551613
500,866,corrected,psi0,1.219071005065085,0.3072792424929587
500,866,corrected,psi1,0.6154725126815559,0.3209363033176997
500,867,naive,psi0,-0.4874185637580186,0.2572074171863859
500,867,naive,psi1,-0.13930751468355812,0.30514422563470606
500,867,corrected,psi0,0.7204878406088207,0.29620477901635117
500,867,corrected,psi1,0.3195925055576008,0.34043397742627274
500,868,naive,psi0,-0.011400584472942295,0.2502551777474927
500,868,naive,psi1,1.1384978754537198,0.22722230402762664
500,868,corrected,psi0,1.124519704156779,0.28424344141896524
500,868,corrected,psi1,1.9016281569633156,0.25535044566652454
500,869,naive,psi0,0.07413724201696013,0.24393574463843826
500,869,naive,psi1,-0.07394651722849047,0.23515311810173395
500,869,corrected,psi0,1.423192231510769,0.28240831911795317
500,869,corrected,psi1,0.5193216486166169,0.27628718346334963
500,870,naive,psi0,-0.134538721463299,0.25268320047557813
500,870,naive,psi1,-0.08702631307885626,0.28841839269194736
500,870,corrected,psi0,1.1420283521140655,0.2892229895524458
500,870,corrected,psi1,0.3682141463396331,0.3332640933726422
500,871,naive,psi0,0.07826417159565964,0.2445210003480251
500,871,naive,psi1,-0.13441172448127003,0.2777142049471914
500,871,corrected,psi0,1.3086154614792278,0.2834507406886183
500,871,corrected,psi1,0.4143834652588247,0.3099588774530502
500,872,naive,psi0,-0.4774141570030949,0.25550045072462585
500,872,naive,psi1,-0.569238726034456,0.27230463244089187
500,872,corrected,psi0,0.7993080533311334,0.2934611891894214
500,872,corrected,psi1,-0.0961325484240296,0.3098097674086031
500,873,naive,psi0,-0.9443709958548635,0.2583812919579529
500,873,naive,psi1,-0.0489267755227931,0.2145529926215105
500,873,corrected,psi0,0.19946562130088935,0.30544342680532516
500,873,corrected,psi1,0.4378108022699848,0.2583230821895346
500,874,naive,psi0,-0.4193818303776224,0.25728719518894316
500,874,naive,psi1,-0.2555841903249059,0.24152733857666583
500,874,corrected,psi0,0.7438057534418158,0.2979811768855107
500,874,corrected,psi1,0.31083819031856585,0.2857488540629162
500,875,naive,psi0,-0.0716638584599153,0.2624480586519529
500,875,naive,psi1,-0.19835615779176868,0.294070418580814
500,875,corrected,psi0,1.2733522190741227,0.3028136340289067
500,875,corrected,psi1,0.4331639593652868,0.3346837876916017
500,876,naive,psi0,-0.3665467954211025,0.25089597979331374
500,876,naive,psi1,-0.46035830436978736,0.26893136368234677
500,876,corrected,psi0,0.8632052604000662,0.2924246150723238
500,876,corrected,psi1,-0.03960865866397133,0.3167734969689513
500,877,naive,psi0,-0.30092116819608394,0.2586090167666707
500,877,naive,psi1,0.524722522874089,0.34105104008125947
500,877,corrected,psi0,0.9847093728831632,0.30468571905263037
500,877,corrected,psi1,1.01681348925575,0.3973968962910118
500,878,naive,psi0,-0.32274207991430054,0.25429761593550165
500,878,naive,psi1,-0.13090453974853458,0.2799668385626825
500,878,corrected,psi0,0.9895053427067989,0.29888037770788556
500,878,corrected,psi1,0.2848281807287236,0.32301461284232647
500,879,naive,psi0,-0.08085351572243508,0.2558563933220381
500,879,naive,psi1,-0.6676798933434427,0.2732543156410393
500,879,corrected,psi0,1.2793524852861013,0.2994889718697321
500,879,corrected,psi1,-0.2781054865014443,0.3197426283026535
500,880,naive,psi0,-0.11616160267141752,0.23623256606161785
500,880,naive,psi1,-0.16431263120633394,0.20994185654023492
500,880,corrected,psi0,1.1317097657338138,0.27514886508155706
500,880,corrected,psi1,0.2832902984736087,0.24604025050549677
500,881,naive,psi0,-0.3086844600008378,0.25501026495802886
500,881,naive,psi1,0.013108876825820999,0.2817256271837008
500,881,corrected,psi0,0.9184145655405896,0.29582221823711613
500,881,corrected,psi1,0.37599206751921477,0.3291244747358872
500,882,naive,psi0,-0.08483407172983724,0.2390356828668844
500,882,naive,psi1,-0.27768834783940743,0.20260966261942828
500,882,corrected,psi0,1.2589709373376194,0.2755065676478808
500,882,corrected,psi1,0.1371819222838665,0.23220540180483543
500,883,naive,psi0,-0.861718322435709,0.280744538953207
500,883,naive,psi1,0.07314000056499645,0.2876496894431978
500,883,corrected,psi0,0.39221169778200315,0.32638565457941143
500,883,corrected,psi1,0.4809627078150801,0.3366898579661742
500,884,naive,psi0,-0.18166040859988553,0.25650071434250504
500,884,naive,psi1,0.2449349794621039,0.25406062401240737
500,884,corrected,psi0,1.0488465277548078,0.29710625186485967
500,884,corrected,psi1,0.704024495089437,0.291892748342318
500,885,naive,psi0,-0.19872093348889322,0.25649346993221933
500,885,naive,psi1,0.48591457352719586,0.283966110198029
500,885,corrected,psi0,1.1556079904972376,0.29762657658515806
500,885,corrected,psi1,0.9734326075217923,0.33486508859833225
500,886,naive,psi0,-0.08662000674835907,0.24314357219924432
500,886,naive,psi1,-0.15430426973891698,0.2842996648977284
500,886,corrected,psi0,1.1076593127253889,0.28438960356860177
500,886,corrected,psi1,0.3351881811823394,0.3317933877409287
500,887,naive,psi0,-0.13650157098873356,0.2491813392548718
500,887,naive,psi1,0.059028942548265115,0.28194968274645443
500,887,corrected,psi0,1.1952558950628496,0.28903756386097545
500,887,corrected,psi1,0.5914065383269679,0.32661103518207235
500,888,naive,psi0,-0.1999288035747545,0.26804622167259307
500,888,naive,psi1,-0.18503276609346417,0.30494435304618367
500,888,corrected,psi0,1.1999690836885386,0.31198674707739255
500,888,corrected,psi1,0.2999827764646972,0.3536089371009609
500,889,naive,psi0,-0.6150946134069535,0.25131600415054156
500,889,naive,psi1,-0.08915064663569292,0.2644684561122956
500,889,corrected,psi0,0.5695482321521472,0.29236776547603416
500,889,corrected,psi1,0.4910036384949819,0.3025016381812683
500,890,naive,psi0,-0.5140490388241332,0.2603755370253996
500,890,naive,psi1,-0.26610942568217055,0.28170961158395713
500,890,corrected,psi0,0.811143003437367,0.29677773799527496
500,890,corrected,psi1,0.10254639805101703,0.32695953939241007
500,891,naive,psi0,-0.17358678589857832,0.24563835079231233
500,891,naive,psi1,0.029500858237862315,0.3023905387976992
500,891,corrected,psi0,1.11343711609442,0.28933567459996024
500,891,corrected,psi1,0.6444749872399158,0.35073124299078
500,892,naive,psi0,-0.24530863990377783,0.2440161203404708
500,892,naive,psi1,-0.388549271872038,0.2233572253728484
500,892,corrected,psi0,0.9008914711090995,0.2877518692154257
500,892,corrected,psi1,0.07471137817443357,0.2677498551075014
500,893,naive,psi0,-0.36735039765096766,0.25582353580791023
500,893,naive,psi1,-0.41676552579249976,0.2975707669899131
500,893,corrected,psi0,0.8848974546343981,0.2954481272118964
500,893,corrected,psi1,0.13156642257568113,0.33450114859183233
500,894,naive,psi0,-0.30580819540201076,0.2699449601954929
500,894,naive,psi1,-0.030096858799695165,0.23603317143908678
500,894,corrected,psi0,0.9846504132973566,0.3108813619808104
500,894,corrected,psi1,0.4880560888531961,0.2769503700552568
500,895,naive,psi0,-0.8411806413257423,0.2573520949134882
500,895,naive,psi1,-0.04895978791812771,0.31384427719994956
500,895,corrected,psi0,0.46221023662570715,0.3056415586583975
500,895,corrected,psi1,0.5605542967968071,0.3771141849658054
500,896,naive,psi0,-0.40746228851823374,0.2459053300161554
500,896,naive,psi1,-0.12155476694542237,0.2744378106660714
500,896,corrected,psi0,0.7874429126766359,0.2906757300737474
500,896,corrected,psi1,0.3589191697984438,0.31915011514785363
500,897,naive,psi0,-0.4472474878677174,0.26265067547968834
500,897,naive,psi1,-0.2987357350604934,0.26002543056720023
500,897,corrected,psi0,0.759834096796161,0.3117621830096137
500,897,corrected,psi1,0.17584170474746144,0.31775915451693054
500,898,naive,psi0,-0.2948401653637283,0.27839117772393185
500,898,naive,psi1,0.054228267901531374,0.3373912048440135
500,898,corrected,psi0,1.0030513458308419,0.32562741023582575
500,898,corrected,psi1,0.6107799290740339,0.39013754758307473
500,899,naive,psi0,-0.3737258554802072,0.24405259298419513
500,899,naive,psi1,0.18380912907198232,0.24780742102352227
500,899,corrected,psi0,0.8944771116457133,0.2872865268579348
500,899,corrected,psi1,0.7349481981980043,0.28808234410660216
500,900,naive,psi0,0.027533616234413652,0.26182617479665554
500,900,naive,psi1,0.010668012502552704,0.26135824876539543
500,900,corrected,psi0,1.3105445052763318,0.3061680053276105
500,900,corrected,psi1,0.39879858718213007,0.3124720793158301
500,901,naive,psi0,-0.28992246034558755,0.24469847925094593
500,901,naive,psi1,-0.12139995191169595,0.24515601582400712
500,901,corrected,psi0,0.9606787268476489,0.29295097257704616
500,901,corrected,psi1,0.306410572448709,0.28793215305661496
500,902,naive,psi0,-0.2625398113766409,0.24679298871881197
500,902,naive,psi1,-0.12085267517881054,0.25072152250118085
500,902,corrected,psi0,0.9523632579645464,0.2901822154755625
500,902,corrected,psi1,0.3355976431610199,0.2953892163568365
500,903,naive,psi0,-0.562772321282093,0.23963413356471755
500,903,naive,psi1,0.22453130835154667,0.2833687880463327
500,903,corrected,psi0,0.7562315229068237,0.2832297228922911
500,903,corrected,psi1,0.7643179528400987,0.33595814075441355
500,904,naive,psi0,-0.2806702650076557,0.24847527072952486
500,904,naive,psi1,0.08493190290487052,0.2537371690032678
500,904,corrected,psi0,1.0373084363028366,0.28851308312174384
500,904,corrected,psi1,0.7173572646550267,0.3124848380849547
500,905,naive,psi0,-0.013703582746725418,0.24928157923438096
500,905,naive,psi1,-0.07915680119816211,0.2328495905160591
500,905,corrected,psi0,1.3187584292774388,0.2875297717221509
500,905,corrected,psi1,0.3668180909570345,0.2655399119007944
500,906,naive,psi0,-0.493740469583164,0.23963610245094166
500,906,naive,psi1,-0.21601012737672123,0.25085521932655724
500,906,corrected,psi0,0.7807695152218633,0.2781287703482516
500,906,corrected,psi1,0.3326736391603793,0.29177168377566953
500,907,naive,psi0,0.18298614792150392,0.25150367343999297
500,907,naive,psi1,0.12081084047386789,0.26324071689152984
500,907,corrected,psi0,1.498366034753194,0.29081367569731575
500,907,corrected,psi1,0.6674458063091093,0.31317325064114526
500,908,naive,psi0,0.06817694163091925,0.2572105201376684
500,908,naive,psi1,0.0526298400469915,0.2448854211886007
500,908,corrected,psi0,1.4682410796793044,0.3031391914549856
500,908,corrected,psi1,0.5401763156950823,0.2809695107016238
500,909,naive,psi0,-0.18443289995463952,0.24976080264225756
500,909,naive,psi1,-0.2333549634510886,0.25627180733273264
500,909,corrected,psi0,1.112337489815047,0.2876120472262884
500,909,corrected,psi1,0.2278801836021622,0.2995923862777158
500,910,naive,psi0,-0.14474101715623847,0.25349233519277187
500,910,naive,psi1,-0.2940109793406669,0.23895667537454213
500,910,corrected,psi0,1.166591790525961,0.2974912990616447
500,910,corrected,psi1,0.22695971739023685,0.2812719043134094
500,911,naive,psi0,-0.39934752838309756,0.24747571688195194
500,911,naive,psi1,-0.29471564265241834,0.25164901457384264
500,911,corrected,psi0,0.8560105049044225,0.2850081484091103
500,911,corrected,psi1,0.15197236253982227,0.288583387446744
500,912,naive,psi0,-0.23035883370187138,0.2352464145512026
500,912,naive,psi1,-0.13364510414167652,0.26000509967970475
500,912,corrected,psi0,0.9842890171324217,0.27723556244777164
500,912,corrected,psi1,0.40072541484293595,0.3140766500082578
500,913,naive,psi0,0.09126138198120431,0.26820896701051555
500,913,naive,psi1,-0.06748312828946089,0.29891432079373365
500,913,corrected,psi0,1.4193109769333263,0.3142477000851102
500,913,corrected,psi1,0.5760932908437929,0.3592726651540115
500,914,naive,psi0,-0.4600766961796401,0.25549011866507676
500,914,naive,psi1,-0.3250269822278237,0.25720192743186904
500,914,corrected,psi0,0.7883135496117505,0.3000636309765634
500,914,corrected,psi1,0.2546161775097285,0.3190495981951592
500,915,naive,psi0,-0.7430220147057413,0.25153972850151657
500,915,naive,psi1,0.09837900140127039,0.2390882515532899
500,915,corrected,psi0,0.5213848814010489,0.29228435404611414
500,915,corrected,psi1,0.6285327510380266,0.2810699688719868
500,916,naive,psi0,-0.2755292591297138,0.244503369259084
500,916,naive,psi1,0.17040947594216987,0.2617247809908062
500,916,corrected,psi0,0.9605256879114329,0.27977873239178175
500,916,corrected,psi1,0.7292551147272437,0.3046744670062021
500,917,naive,psi0,-0.7597542117816578,0.24799104357291485
500,917,naive,psi1,-0.46386739494526685,0.2635844646702648
500,917,corrected,psi0,0.37353258379989607,0.28553157404133517
500,917,corrected,psi1,-0.008561963182904421,0.3075234649763266
500,918,naive,psi0,0.10751076318273824,0.2465278186961109
500,918,naive,psi1,-0.00934403241551718,0.23300593021923846
500,918,corrected,psi0,1.4761627962613346,0.29126544614160654
500,918,corrected,psi1,0.6562743737121811,0.27762715104206515
500,919,naive,psi0,-0.30958639467622134,0.25441027113146525
500,919,naive,psi1,0.3882819885658586,0.2505074727019044
500,919,corrected,psi0,1.0040154314764353,0.2872606115423159
500,919,corrected,psi1,1.0273140423938607,0.28556291886067925
500,920,naive,psi0,-0.23646097204690783,0.26661250106687084
500,920,naive,psi1,0.3613893531973936,0.2946893792699163
500,920,corrected,psi0,1.095742369290837,0.3089452882978136
500,920,corrected,psi1,0.9750130311259269,0.3352021414194359
500,921,naive,psi0,-0.5335267133163343,0.25205669760318766
500,921,naive,psi1,-0.24162002348093042,0.2561119467805318
500,921,corrected,psi0,0.659945479054969,0.2947439226867059
500,921,corrected,psi1,0.22865556071359555,0.2872672245976541
500,922,naive,psi0,-0.653080038203645,0.2675537862418719
500,922,naive,psi1,-0.4115653247395245,0.32790089043244247
500,922,corrected,psi0,0.4054110212513653,0.30534667809775623
500,922,corrected,psi1,0.1410781359518887,0.3708985969017234
500,923,naive,psi0,-0.49828291951764137,0.26912465295183535
500,923,naive,psi1,-0.16757367139398457,0.24829330518072826
500,923,corrected,psi0,0.8062551206045305,0.3125771404402252
500,923,corrected,psi1,0.28321253765255056,0.28692821816413927
500,924,naive,psi0,-0.1693949587153927,0.24867401567769143
500,924,naive,psi1,0.09506114376345451,0.22918597960954412
500,924,corrected,psi0,1.1106806650081167,0.3026312002243248
500,924,corrected,psi1,0.6747873249378799,0.3215285776685487
500,925,naive,psi0,-0.2557756032863102,0.2499313584094907
500,925,naive,psi1,0.0017582978961731626,0.25882227575756284
500,925,corrected,psi0,0.9931207769447279,0.2915690299914957
500,925,corrected,psi1,0.5098750745445437,0.3021307044747713
500,926,naive,psi0,0.39305062598186274,0.26586410227693885
500,926,naive,psi1,-0.05205907305468712,0.29328641264175354
500,926,corrected,psi0,1.8345272654732196,0.3096183826888279
500,926,corrected,psi1,0.5221237455039448,0.33832727526466716
500,927,naive,psi0,-0.5387902133622878,0.2635474135184336
500,927,naive,psi1,0.11156955858744892,0.3165006307298285
500,927,corrected,psi0,0.8055177655040783,0.30804260122032817
500,927,corrected,psi1,0.5398891775597898,0.37365392588000695
500,928,naive,psi0,-0.198154252196562,0.261334482830492
500,928,naive,psi1,-0.2365154611478564,0.32893990456432826
500,928,corrected,psi0,1.108060794546075,0.30589323444780814
500,928,corrected,psi1,0.23410718513670914,0.3777363125596057
500,929,naive,psi0,-0.9412238501381258,0.2536714405874238
500,929,naive,psi1,0.13937376546350203,0.2656533039415568
500,929,corrected,psi0,0.30837387157123564,0.29263029220150194
500,929,corrected,psi1,0.6132524703143147,0.30487546685813094
500,930,naive,psi0,-0.28178027919179177,0.26854954820088517
500,930,naive,psi1,0.12665819628708222,0.30716387354430297
500,930,corrected,psi0,0.9419960282797861,0.30812909715766645
500,930,corrected,psi1,0.609006735213792,0.3557920024563711
500,931,naive,psi0,0.01833026444233322,0.2536549342789435
500,931,naive,psi1,0.03184722691296788,0.24929989787594065
500,931,corrected,psi0,1.336258319912865,0.29691344795020536
500,931,corrected,psi1,0.6222341237560715,0.29306184656902906
500,932,naive,psi0,-0.17252780139140292,0.2464171136601463
500,932,naive,psi1,0.4479583572747832,0.25602414302683546
500,932,corrected,psi0,1.192028942186172,0.2871438728483141
500,932,corrected,psi1,0.9967506217161224,0.3354835815103956
500,933,naive,psi0,-0.26518973925097494,0.2536478124846527
500,933,naive,psi1,0.19098855536028386,0.28815368577886574
500,933,corrected,psi0,1.0023353489860336,0.3002575749563278
500,933,corrected,psi1,0.7180613843489166,0.3316998546112631
500,934,naive,psi0,-0.43899439834418,0.2393732285937214
500,934,naive,psi1,0.19312833811182079,0.26610973638863555
500,934,corrected,psi0,0.883187304218563,0.276671932184787
500,934,corrected,psi1,0.7494622168074485,0.30245314986340766
500,935,naive,psi0,-0.3633224336723538,0.24611420671073347
500,935,naive,psi1,-0.18687379832805007,0.2670880097899904
500,935,corrected,psi0,0.8440243173764462,0.2855898252012107
500,935,corrected,psi1,0.2596495213021525,0.31379812678461444
500,936,naive,psi0,-0.3531469686489092,0.2500384515157308
500,936,naive,psi1,0.17282344113719977,0.2813661103316484
500,936,corrected,psi0,0.9161561750646375,0.2876713787204432
500,936,corrected,psi1,0.6592828727746555,0.320179667531217
500,937,naive,psi0,-0.03431616515764729,0.25939326872874646
500,937,naive,psi1,0.2622185495272416,0.23936596845067118
500,937,corrected,psi0,1.3334240329676728,0.29766824439650047
500,937,corrected,psi1,0.8659863662385345,0.27641906644746506
500,938,naive,psi0,-0.6698695366297182,0.2563226793150618
500,938,naive,psi1,-0.3674822367079129,0.25178200105886245
500,938,corrected,psi0,0.5581249537502662,0.29845905469835043
500,938,corrected,psi1,0.1945993655656663,0.2890646085968838
500,939,naive,psi0,-0.2499034175950765,0.2613197159296545
500,939,naive,psi1,0.5503127774285659,0.28584482504612246
500,939,corrected,psi0,0.9931644322154206,0.3059298894515084
500,939,corrected,psi1,1.158985186865144,0.3280440522538507
500,940,naive,psi0,-0.44291467711669635,0.2577265567137683
500,940,naive,psi1,0.14843546213336972,0.26420765744196717
500,940,corrected,psi0,0.7833281500869645,0.3061126742694066
500,940,corrected,psi1,0.6577271099844465,0.3283505692458454
500,941,naive,psi0,-0.12023978417696998,0.2634888827874194
500,941,naive,psi1,-0.1584920147803509,0.2627404776691973
500,941,corrected,psi0,1.1353982917020664,0.305759213663942
500,941,corrected,psi1,0.3495978169830654,0.3030671086760245
500,942,naive,psi0,0.14505901673710245,0.2435114501643554
500,942,naive,psi1,0.4437151799502227,0.24746999928946717
500,942,corrected,psi0,1.5033078938187345,0.2862274875903433
500,942,corrected,psi1,0.9445228221290418,0.29034433403816745
500,943,naive,psi0,-0.1206036389817833,0.25429252939505664
500,943,naive,psi1,0.2016369654512353,0.28119455095265594
500,943,corrected,psi0,1.1806151200478545,0.2935721787861919
500,943,corrected,psi1,0.6719397425185764,0.32502060185392007
500,944,naive,psi0,-0.4456810364602478,0.24215938283945804
500,944,naive,psi1,0.21906746782193212,0.2641555915591516
500,944,corrected,psi0,0.8239090708997179,0.2887376661709062
500,944,corrected,psi1,0.8300455710334632,0.32763171242042644
500,945,naive,psi0,-0.654106853911479,0.249486871596171
500,945,naive,psi1,0.0451816584463368,0.23474565818062149
500,945,corrected,psi0,0.5112722351517398,0.29111758690761264
500,945,corrected,psi1,0.5205900349798667,0.27944415756945346
500,946,naive,psi0,-0.5810027437743515,0.25480859717444354
500,946,naive,psi1,0.17706090053573564,0.27457052395366505
500,946,corrected,psi0,0.6606072898923436,0.30073529841059937
500,946,corrected,psi1,0.678348431694286,0.3220890795858608
500,947,naive,psi0,-0.2077697872659739,0.2340648239933521
500,947,naive,psi1,0.3216276392164077,0.20568942891825298
500,947,corrected,psi0,1.111572994075536,0.2742231230485702
500,947,corrected,psi1,0.9332851965385738,0.24251467017286518
500,948,naive,psi0,0.046291458907841726,0.24954204300134905
500,948,naive,psi1,-0.30451298168952273,0.2656971250466377
500,948,corrected,psi0,1.3595553469299466,0.2930051002774967
500,948,corrected,psi1,0.13798434751553532,0.31067114390339673
500,949,naive,psi0,-0.3523016978840716,0.25155292578625743
500,949,naive,psi1,0.3002474863374798,0.2913115917858557
500,949,corrected,psi0,0.9385915452224924,0.29909634921636835
500,949,corrected,psi1,0.9006146877754094,0.3581551944965889
500,950,naive,psi0,-0.30462493947016944,0.2566391868997145
500,950,naive,psi1,0.24192746540689594,0.24560947300893737
500,950,corrected,psi0,0.972673912541126,0.3006067470688267
500,950,corrected,psi1,0.8160503922935292,0.28695218181261894
500,951,naive,psi0,-0.2813646885264867,0.26460004501842177
500,951,naive,psi1,-0.21756430235201918,0.25555437417533716
500,951,corrected,psi0,0.9589928449831929,0.3080312779504439
500,951,corrected,psi1,0.21294742660567217,0.30311158177601555
500,952,naive,psi0,-0.29990461986045197,0.2569164771911979
500,952,naive,psi1,-0.053409226215097354,0.27660992545627244
500,952,corrected,psi0,1.0113497773105895,0.2997889890089751
500,952,corrected,psi1,0.2618891062540995,0.31885282258848185
500,953,naive,psi0,-0.29560760648458345,0.2560772550798757
500,953,naive,psi1,0.27697735021450454,0.27457256101151933
500,953,corrected,psi0,1.044569294774691,0.3010691874979411
500,953,corrected,psi1,0.7318844357196587,0.323650447091751
500,954,naive,psi0,-0.09088877102932932,0.25166440207816293
500,954,naive,psi1,-0.4293191341857753,0.26943311248306717
500,954,corrected,psi0,1.1826751342220796,0.29197262061266027
500,954,corrected,psi1,-0.030656123959326872,0.3114425139686134
500,955,naive,psi0,-0.17119332571522353,0.2577244125976315
500,955,naive,psi1,0.24570898189102652,0.24525893132508392
500,955,corrected,psi0,1.0696556603429404,0.2986038758993866
500,955,corrected,psi1,0.8150807864474192,0.28111737589097285
500,956,naive,psi0,-0.25518453639734817,0.25488852177712507
500,956,naive,psi1,-0.2988380926087249,0.2698998648562449
500,956,corrected,psi0,1.1585884579136358,0.2949985886692311
500,956,corrected,psi1,0.15141817550273556,0.30996458613247946
500,957,naive,psi0,-0.1054807733613404,0.25652810166525825
500,957,naive,psi1,0.17297967630574834,0.2678436564876813
500,957,corrected,psi0,1.1300349703823869,0.29642267472857003
500,957,corrected,psi1,0.547232575661212,0.30725546443248336
500,958,naive,psi0,-0.41637246178836645,0.2595952215434442
500,958,naive,psi1,-0.2361060732565654,0.3088035380544001
500,958,corrected,psi0,0.833019696193402,0.3006631081749124
500,958,corrected,psi1,0.2196740961564607,0.3557438499044659
500,959,naive,psi0,-0.04890859947767555,0.25803012542204024
500,959,naive,psi1,0.2939075017936792,0.30210246089552184
500,959,corrected,psi0,1.166431599617586,0.2987044157945038
500,959,corrected,psi1,0.8525739834617209,0.36004282550572697
500,960,naive,psi0,-0.29251259816833086,0.24483776343616226
500,960,naive,psi1,-0.16115912573526966,0.2590116886827026
500,960,corrected,psi0,1.0199914673207455,0.2827468532295723
500,960,corrected,psi1,0.24224431891823833,0.3129681158981863
500,961,naive,psi0,-0.030458720921405395,0.25722568670932533
500,961,naive,psi1,0.38405031332709305,0.3096885166225655
500,961,corrected,psi0,1.3278332093128686,0.2940117203434728
500,961,corrected,psi1,0.8756409052045029,0.3486868659536647
500,962,naive,psi0,-0.2997722439124934,0.25190169625605546
500,962,naive,psi1,0.2269533276634699,0.27612396364029823
500,962,corrected,psi0,0.8586733168207407,0.302092075520697
500,962,corrected,psi1,0.8245710337627914,0.34518441215794915
500,963,naive,psi0,-0.7863312799590391,0.2605602446520139
500,963,naive,psi1,-0.23429233463048368,0.2924278980016373
500,963,corrected,psi0,0.3721309771516882,0.2993510247829842
500,963,corrected,psi1,0.24883161931958403,0.3358466767959846
500,964,naive,psi0,-0.031602817747831295,0.2720025652688732
500,964,naive,psi1,0.047990375013516266,0.31054442342841887
500,964,corrected,psi0,1.3084390677654116,0.3146468304599915
500,964,corrected,psi1,0.47786239915644485,0.34999870495468677
500,965,naive,psi0,-0.028378588247619622,0.2603275720382453
500,965,naive,psi1,-0.0814752194968997,0.2727457578180781
500,965,corrected,psi0,1.3309185486776762,0.3065904446508783
500,965,corrected,psi1,0.5170542198711112,0.3255253816305478
500,966,naive,psi0,-0.5066036382520658,0.2603415912811985
500,966,naive,psi1,0.1428195812240225,0.27665075333876216
500,966,corrected,psi0,0.838655682805063,0.30511632867444055
500,966,corrected,psi1,0.7694378062137056,0.31829896353053416
500,967,naive,psi0,-0.46970714855262796,0.25659770462522125
500,967,naive,psi1,0.19158948805366996,0.2772005774560139
500,967,corrected,psi0,0.7568011124491137,0.30237636992557987
500,967,corrected,psi1,0.6829366970003312,0.318327361914193
500,968,naive,psi0,-0.7539416933491401,0.26894782682454976
500,968,naive,psi1,-0.03514604237536751,0.27159746261859957
500,968,corrected,psi0,0.42818984895276085,0.3059680006972576
500,968,corrected,psi1,0.3726376782441305,0.3119706800102528
500,969,naive,psi0,-0.3379453072229667,0.2560030237649437
500,969,naive,psi1,-0.001978757041602113,0.2812298927062038
500,969,corrected,psi0,0.9903776092205754,0.30155094003027233
500,969,corrected,psi1,0.502181513272617,0.3221092602451101
500,970,naive,psi0,-0.8550238024838072,0.2744588004055368
500,970,naive,psi1,-0.3429376217889031,0.31996964879657536
500,970,corrected,psi0,0.32740999266248966,0.3136663626944461
500,970,corrected,psi1,0.13563113268458377,0.3604827161240894
500,971,naive,psi0,-0.6475820419568074,0.24285373705221375
500,971,naive,psi1,0.27161373575676573,0.24983437883831824
500,971,corrected,psi0,0.6182896821568307,0.28189898560659554
500,971,corrected,psi1,0.8407428151807889,0.28565971010592467
500,972,naive,psi0,-0.5020378365346132,0.26347499301915717
500,972,naive,psi1,-0.02123221307995087,0.3674255767926616
500,972,corrected,psi0,0.7079587482583714,0.30886519949576885
500,972,corrected,psi1,0.518674195363455,0.42420374829303237
500,973,naive,psi0,-0.04128443353836633,0.2561942210475618
500,973,naive,psi1,-0.0047686403569307525,0.2573006417432602
500,973,corrected,psi0,1.2677755630749727,0.3031274358507922
500,973,corrected,psi1,0.632338974053326,0.30344205082073455
500,974,naive,psi0,-0.38660913266538577,0.24082010220958183
500,974,naive,psi1,-0.8904083449024027,0.24483129775175166
500,974,corrected,psi0,0.8576707527207276,0.2831478999207182
500,974,corrected,psi1,-0.5478718161698947,0.2850785959391272
500,975,naive,psi0,-0.021066436099124484,0.24845180629234878
500,975,naive,psi1,-0.1699291102532409,0.2306873681674919
500,975,corrected,psi0,1.1935273608849297,0.2950972921487155
500,975,corrected,psi1,0.35053919184825155,0.2906723025480709
500,976,naive,psi0,-0.10437007700953127,0.25004974022395654
500,976,naive,psi1,0.03186512269705755,0.3043794522422054
500,976,corrected,psi0,1.261059297491581,0.2813495286520382
500,976,corrected,psi1,0.426345083258445,0.3416914336817874
500,977,naive,psi0,0.08051781917277269,0.25349780718576415
500,977,naive,psi1,0.533885437151382,0.28159652126537066
500,977,corrected,psi0,1.3278436956726791,0.2960462449017962
500,977,corrected,psi1,1.026279993964826,0.3210589840673911
500,978,naive,psi0,-0.4923472888529649,0.25678950938995476
500,978,naive,psi1,0.004224303681918289,0.2531385517633432
500,978,corrected,psi0,0.7741014104065143,0.2979651374077649
500,978,corrected,psi1,0.4871874586499099,0.2972785104085234
500,979,naive,psi0,-0.3491408347430838,0.25487344861595035
500,979,naive,psi1,-0.3407723912251628,0.25887994928847247
500,979,corrected,psi0,0.9494165206107017,0.2923790394500488
500,979,corrected,psi1,0.05207020249979448,0.2969999322859742
500,980,naive,psi0,-0.3385994295529108,0.25191321294447655
500,980,naive,psi1,-0.049477938879100056,0.26030551723175854
500,980,corrected,psi0,1.0066334626947837,0.2932932806480497
500,980,corrected,psi1,0.37917626495604695,0.3009989880807517
500,981,naive,psi0,0.1669699728656481,0.2530399872960428
500,981,naive,psi1,-0.20909576953970319,0.28769250131395113
500,981,corrected,psi0,1.567916096604784,0.29227949451351803
500,981,corrected,psi1,0.0979402625151196,0.3248188192423232
500,982,naive,psi0,-0.05635391111504936,0.25897120139282664
500,982,naive,psi1,-0.14580120588748308,0.2896615343136642
500,982,corrected,psi0,1.2046328670865885,0.30445229869621254
500,982,corrected,psi1,0.3147525386255622,0.3414127439499283
500,983,naive,psi0,-0.48501770546492035,0.2562998872805833
500,983,naive,psi1,0.09552002786870202,0.26664955510849014
500,983,corrected,psi0,0.804094207578237,0.29918026047463914
500,983,corrected,psi1,0.6112796993584867,0.3064729341684432
500,984,naive,psi0,-0.8413511474081213,0.26513265555132204
500,984,naive,psi1,0.26780191318462016,0.312683197964513
500,984,corrected,psi0,0.35959434848910315,0.31112471929341556
500,984,corrected,psi1,0.8292057436339295,0.36181128508364985
500,985,naive,psi0,-0.2600544236682361,0.24237531587864142
500,985,naive,psi1,-0.3806362945876196,0.285528899646329
500,985,corrected,psi0,0.9284667130866232,0.2860087955914107
500,985,corrected,psi1,0.1001441971423797,0.338983355477069
500,986,naive,psi0,-0.6186915134129877,0.24129281337656833
500,986,naive,psi1,-0.26776188428600173,0.2331969429447579
500,986,corrected,psi0,0.675258529050615,0.2745230555400618
500,986,corrected,psi1,0.12406998982883051,0.26909515304437737
500,987,naive,psi0,0.6789849033005401,0.2593223345201112
500,987,naive,psi1,-0.03317910922849891,0.24202748839675015
500,987,corrected,psi0,2.0977345446822344,0.304739280318223
500,987,corrected,psi1,0.43942509579580424,0.28366210215875776
500,988,naive,psi0,-0.537155273171639,0.28064104600544443
500,988,naive,psi1,-0.23771902577674087,0.28118230913572945
500,988,corrected,psi0,0.6716480626735739,0.3254645768502859
500,988,corrected,psi1,0.17195000079256123,0.32185644816766706
500,989,naive,psi0,-0.253591499106829,0.23800903100054493
500,989,naive,psi1,-0.27589254038253247,0.26469538122200814
500,989,corrected,psi0,0.9677143554119642,0.2786459261264342
500,989,corrected,psi1,0.32084298878633666,0.3142716934644861
500,990,naive,psi0,-0.4710508945707538,0.2673473924346747
500,990,naive,psi1,-0.4935219238934596,0.35365096337342644
500,990,corrected,psi0,0.7051237149145558,0.30849817117874107
500,990,corrected,psi1,-0.10274737383027442,0.40390097148644066
500,991,naive,psi0,-0.2774244618933432,0.24045953082378196
500,991,naive,psi1,-0.015268076783409728,0.2120609126666749
500,991,corrected,psi0,1.0327704198079286,0.2831002882340097
500,991,corrected,psi1,0.4808814647776249,0.24476273860761796
500,992,naive,psi0,0.05216849311749081,0.2461665695321373
500,992,naive,psi1,-0.19144745944006694,0.24119389219786533
500,992,corrected,psi0,1.3552812064334103,0.28582011122393125
500,992,corrected,psi1,0.2517855046543216,0.2673277229434105
500,993,naive,psi0,-0.30226262776268464,0.2662581417445675
500,993,naive,psi1,-0.24237084403313328,0.2661210880744162
500,993,corrected,psi0,0.9586919623899023,0.3075072486462124
500,993,corrected,psi1,0.22668105408746808,0.320542668682482
500,994,naive,psi0,0.05857467881641751,0.26319537013885386
500,994,naive,psi1,0.17662685387238425,0.28111412020047377
500,994,corrected,psi0,1.4256308373816544,0.30697061486044813
500,994,corrected,psi1,0.6977673613125387,0.3333803124051168
500,995,naive,psi0,-0.39318975368620873,0.2642270742998111
500,995,naive,psi1,0.24211049670183252,0.3064023454763873
500,995,corrected,psi0,0.9025066349832511,0.30867955100942035
500,995,corrected,psi1,0.7312621776281711,0.3520012857524625
500,996,naive,psi0,-0.4279794616618763,0.24987540049656135
500,996,naive,psi1,0.40663039852857424,0.30186724384374636
500,996,corrected,psi0,0.8272329075395259,0.2948012642040327
500,996,corrected,psi1,1.0023571428639604,0.3496412672158085
500,997,naive,psi0,-0.5414429618611392,0.27356848771885545
500,997,naive,psi1,0.19634186249717292,0.2711936485152745
500,997,corrected,psi0,0.6775495223584939,0.31597216483558976
500,997,corrected,psi1,0.6646821991386356,0.3094448811737771
500,998,naive,psi0,0.006585604179998422,0.25715144491167774
500,998,naive,psi1,0.31302424182400707,0.23684492347915662
500,998,corrected,psi0,1.2801323385263579,0.30143556208958766
500,998,corrected,psi1,0.9217757924404276,0.2688740471494939
500,999,naive,psi0,-0.7393584900710284,0.2581389959650338
500,999,naive,psi1,-0.21549481604216814,0.2629566894978237
500,999,corrected,psi0,0.49852759914396216,0.2992036791891832
500,999,corrected,psi1,0.16304572497015546,0.29879713846622885
1000,0,naive,psi0,-0.41676165163384715,0.18206486635749602
1000,0,naive,psi1,-0.1515385983498791,0.1910373521369382
1000,0,corrected,psi0,0.8892644040901225,0.21037187113610284
1000,0,corrected,psi1,0.2867758962987447,0.21783824495501086
1000,1,naive,psi0,0.04203415207589786,0.18301778863635437
1000,1,naive,psi1,-0.03039178340681479,0.21048673317040562
1000,1,corrected,psi0,1.3231004987281285,0.21539671333759638
1000,1,corrected,psi1,0.4541526561327232,0.24058650021181777
1000,2,naive,psi0,0.05783371877765629,0.17609560431728005
1000,2,naive,psi1,-0.09012527956638028,0.17867162416053461
1000,2,corrected,psi0,1.3587951747193345,0.20482900215248995
1000,2,corrected,psi1,0.4034971189745494,0.20575263988333362
1000,3,naive,psi0,-0.06644179146449153,0.18432845306686266
1000,3,naive,psi1,-0.05821786555217869,0.1872119275411018
1000,3,corrected,psi0,1.1849252235466126,0.21472502112825834
1000,3,corrected,psi1,0.49646236350734047,0.22069136944919238
1000,4,naive,psi0,-0.3329561618949663,0.18635441023765945
1000,4,naive,psi1,-0.14429377034967794,0.21269464255630283
1000,4,corrected,psi0,0.8515785075090156,0.21532863843162747
1000,4,corrected,psi1,0.284735246960039,0.24447040984562599
1000,5,naive,psi0,-0.19144855777620018,0.1860298575564773
1000,5,naive,psi1,-0.18249201427167333,0.2189514582145037
1000,5,corrected,psi0,1.0658208407214669,0.21143008947266884
1000,5,corrected,psi1,0.3055260315394327,0.25279256157191043
1000,6,naive,psi0,-0.14758886213720535,0.1784090830494413
1000,6,naive,psi1,0.19110923608371908,0.1779061611441981
1000,6,corrected,psi0,1.1703568138806764,0.20306661631893524
1000,6,corrected,psi1,0.6990474191647332,0.20189476602094325
1000,7,naive,psi0,-0.13841006178733145,0.18110787883450358
1000,7,naive,psi1,0.2730909157285172,0.18542614018742912
1000,7,corrected,psi0,1.0967084673664593,0.21272496217496356
1000,7,corrected,psi1,0.813931275146151,0.21542773580859229
1000,8,naive,psi0,-0.37149212952066724,0.17809008337978552
1000,8,naive,psi1,0.03202628086651737,0.17022127628616285
1000,8,corrected,psi0,0.8978909986769176,0.20860162082464997
1000,8,corrected,psi1,0.4378590075981689,0.19739428064890976
1000,9,naive,psi0,-0.5085498430814582,0.17798787717436465
1000,9,naive,psi1,0.11055363818366591,0.1899333992248036
1000,9,corrected,psi0,0.7991433072407711,0.20579441074034815
1000,9,corrected,psi1,0.6313627313657161,0.21574529397240325
1000,10,naive,psi0,-0.10156241406311833,0.17641814052327642
1000,10,naive,psi1,0.05882640376215564,0.1836943497069284
1000,10,corrected,psi0,1.1681631473910905,0.2046602489258251
1000,10,corrected,psi1,0.6263188329538355,0.21128619041805471
1000,11,naive,psi0,-0.45780222726366604,0.1818413351981898
1000,11,naive,psi1,-0.08096998111815702,0.2142310061794272
1000,11,corrected,psi0,0.7882411076996708,0.21079204899673692
1000,11,corrected,psi1,0.3492755492119432,0.2468357066211079
1000,12,naive,psi0,-0.47888547089499467,0.17320266692752206
1000,12,naive,psi1,0.0639186027614751,0.16055573539209134
1000,12,corrected,psi0,0.7840619638928974,0.20295207853651023
1000,12,corrected,psi1,0.584673766297741,0.18917596902437953
1000,13,naive,psi0,-0.6189435080305142,0.17758641822646967
1000,13,naive,psi1,-0.109925483384782,0.1765549211240303
1000,13,corrected,psi0,0.5582065335214825,0.2072202948547882
1000,13,corrected,psi1,0.4383059610272545,0.20492437534319224
1000,14,naive,psi0,-0.3425349122218776,0.1801039971470962
1000,14,naive,psi1,-0.02914332776223407,0.1986460110893849
1000,14,corrected,psi0,0.8949749157644521,0.20787577580748937
1000,14,corrected,psi1,0.5048910328237035,0.22495129024588553
1000,15,naive,psi0,-0.34200197599980425,0.17852113730691094
1000,15,naive,psi1,0.023434947402506512,0.1826872518093556
1000,15,corrected,psi0,0.9453493715089308,0.2057161116191807
1000,15,corrected,psi1,0.4702257945856712,0.20814264278611153
1000,16,naive,psi0,-0.17965087646878722,0.18156511747655887
1000,16,naive,psi1,0.01978626452901229,0.18469894039680707
1000,16,corrected,psi0,1.1727642423370312,0.21152921192164673
1000,16,corrected,psi1,0.5189322941644454,0.2181912781718198
1000,17,naive,psi0,-0.22437977006449436,0.1811442561815699
1000,17,naive,psi1,-0.07381400800426392,0.18629255251381782
1000,17,corrected,psi0,1.0280891035250794,0.20859914309551392
1000,17,corrected,psi1,0.4212199384771226,0.21213131038806604
1000,18,naive,psi0,-0.12082165733195202,0.178446293692272
1000,18,naive,psi1,0.15697106472294975,0.1879903518378326
1000,18,corrected,psi0,1.2365702269736594,0.20853112096816528
1000,18,corrected,psi1,0.6627856751887532,0.21758663893127342
1000,19,naive,psi0,-0.039605318955550466,0.1865378634391567
1000,19,naive,psi1,-0.08364476478581177,0.18224655747072968
1000,19,corrected,psi0,1.2631378976075935,0.21767164052409782
1000,19,corrected,psi1,0.4043026301562279,0.21255450141031174
1000,20,naive,psi0,-0.27742633981556697,0.18290055004291186
1000,20,naive,psi1,0.012270662900211105,0.18694518646508948
1000,20,corrected,psi0,0.9822776002379382,0.2128300322977839
1000,20,corrected,psi1,0.5690593443592716,0.2304035814137261
1000,21,naive,psi0,-0.08611688276944202,0.19409523741039653
1000,21,naive,psi1,0.39493350098103225,0.23677422500047582
1000,21,corrected,psi0,1.1509591296791373,0.2242952801716743
1000,21,corrected,psi1,0.9709366067487775,0.2747128224872809
1000,22,naive,psi0,0.11002694798374689,0.18245593639995855
1000,22,naive,psi1,0.4234959525941762,0.17068385001648573
1000,22,corrected,psi0,1.4856849675024562,0.21378178292927297
1000,22,corrected,psi1,1.0287481832607506,0.20036627262557655
1000,23,naive,psi0,-0.3172014101018289,0.17923361908342741
1000,23,naive,psi1,0.20566525606208033,0.18967935176663556
1000,23,corrected,psi0,0.9035758897843741,0.20731887934325136
1000,23,corrected,psi1,0.7234580620937139,0.22120655193779562
1000,24,naive,psi0,0.00816429543750943,0.1837432866486317
1000,24,naive,psi1,-0.1352702823804817,0.19099515816704735
1000,24,corrected,psi0,1.2390472721608896,0.2156268029204895
1000,24,corrected,psi1,0.4564781976616252,0.22185054672989776
1000,25,naive,psi0,-0.2970409202468097,0.18407964769712074
1000,25,naive,psi1,0.03885733507577761,0.19430812070840375
1000,25,corrected,psi0,1.0094890600031567,0.2173610132567721
1000,25,corrected,psi1,0.5604754227333373,0.23247622847029947
1000,26,naive,psi0,-0.06598717061504573,0.17149190310141027
1000,26,naive,psi1,-0.11785889266347788,0.16271690013343182
1000,26,corrected,psi0,1.2109182308116924,0.199183781471707
1000,26,corrected,psi1,0.4128849667562355,0.18785319388778424
1000,27,naive,psi0,-0.03673510571664262,0.1776917049529836
1000,27,naive,psi1,-0.3505890438772468,0.1734431906205798
1000,27,corrected,psi0,1.2146020398655353,0.20637571751361775
1000,27,corrected,psi1,0.0405223307615694,0.19970113811944937
1000,28,naive,psi0,-0.5574841691081267,0.1732419479104324
1000,28,naive,psi1,-0.29479166612664237,0.17489332635574295
1000,28,corrected,psi0,0.622533760003693,0.20217182794263033
1000,28,corrected,psi1,0.18935869429663327,0.20114286060088962
1000,29,naive,psi0,-0.3893080055991133,0.18093246564727142
1000,29,naive,psi1,-0.14198782626149764,0.1985072570519368
1000,29,corrected,psi0,0.8406740040876214,0.2112805192218132
1000,29,corrected,psi1,0.32215332297646865,0.2305868584530506
1000,30,naive,psi0,-0.35181895935899354,0.17375643630553048
1000,30,naive,psi1,-0.2879092228097294,0.16857187581409258
1000,30,corrected,psi0,0.9791207581450282,0.2017225667030989
1000,30,corrected,psi1,0.17040234866757217,0.19525065227023558
1000,31,naive,psi0,-0.3820116261225121,0.179256712391253
1000,31,naive,psi1,-0.277762326204913,0.17770222033526015
1000,31,corrected,psi0,0.8490879669627035,0.2085982155713876
1000,31,corrected,psi1,0.2068903470553223,0.2101444844431996
1000,32,naive,psi0,-0.001736565470521724,0.1756591876523096
1000,32,naive,psi1,-0.15355865013847483,0.17563037694121647
1000,32,corrected,psi0,1.3623419583624872,0.20601908343487893
1000,32,corrected,psi1,0.391131598791122,0.2047788722186144
1000,33,naive,psi0,-0.37753532434050713,0.1763613849315941
1000,33,naive,psi1,0.07254919392051233,0.18679688647250814
1000,33,corrected,psi0,0.8404350691252181,0.20617134684831712
1000,33,corrected,psi1,0.5074538819034685,0.21452303993221608
1000,34,naive,psi0,-0.19216773062743964,0.17488613215989482
1000,34,naive,psi1,-0.09459883216643561,0.1864904551729305
1000,34,corrected,psi0,1.1246990964899999,0.20212117650628508
1000,34,corrected,psi1,0.433108231534851,0.21243081038005424
1000,35,naive,psi0,-0.2392418778353218,0.17476856488427506
1000,35,naive,psi1,0.015464856017449976,0.19104322814172447
1000,35,corrected,psi0,1.0790792286434387,0.20336408780160417
1000,35,corrected,psi1,0.49291832656991297,0.21966522522749957
1000,36,naive,psi0,-0.2413264029457577,0.1869812693148492
1000,36,naive,psi1,-0.1272313372941787,0.20241846858206003
1000,36,corrected,psi0,1.0144008886252118,0.21904733125531547
1000,36,corrected,psi1,0.40473643396170894,0.2414319431140563
1000,37,naive,psi0,-0.04643841497414661,0.18107897469439682
1000,37,naive,psi1,0.1655763746939716,0.20949767424935298
1000,37,corrected,psi0,1.2471074833462723,0.20778372282877614
1000,37,corrected,psi1,0.6997163775700129,0.24039725057812739
1000,38,naive,psi0,-0.3309185255136258,0.18128348721061713
1000,38,naive,psi1,0.14181510613193907,0.18736984545593505
1000,38,corrected,psi0,0.9503520397472012,0.21307786190508238
1000,38,corrected,psi1,0.6692504202358293,0.22208956092730697
1000,39,naive,psi0,-0.017663408915686445,0.18593910945362296
1000,39,naive,psi1,-0.32996797269739786,0.18032656785801335
1000,39,corrected,psi0,1.2876732751528366,0.21558109527600483
1000,39,corrected,psi1,0.13877768819623268,0.21223349754323698
1000,40,naive,psi0,-0.056146295013364475,0.18334626982031663
1000,40,naive,psi1,0.0363490262063469,0.19114660665025565
1000,40,corrected,psi0,1.1908154318002142,0.21373782246820897
1000,40,corrected,psi1,0.5867863313296039,0.22935762597717574
1000,41,naive,psi0,-0.12296714618666683,0.18020886750287868
1000,41,naive,psi1,0.044337186461719136,0.19985513051388457
1000,41,corrected,psi0,1.1374440780607005,0.21177170312439503
1000,41,corrected,psi1,0.5913131555844735,0.22688917102236952
1000,42,naive,psi0,-0.5179926003250492,0.1788511057782162
1000,42,naive,psi1,-0.16543561141344898,0.20239402071551776
1000,42,corrected,psi0,0.7511376723533966,0.20583160094604736
1000,42,corrected,psi1,0.24986171838258694,0.23568867211855665
1000,43,naive,psi0,-0.5949406802420829,0.1837217547046759
1000,43,naive,psi1,-0.14325074409255298,0.19331018119538898
1000,43,corrected,psi0,0.5919191904627419,0.21307663735092766
1000,43,corrected,psi1,0.36909263867792413,0.22736959279840357
1000,44,naive,psi0,-0.529183153569201,0.18204979426781817
1000,44,naive,psi1,0.3144440583067461,0.1979653783008929
1000,44,corrected,psi0,0.6709992439890129,0.20881225787061092
1000,44,corrected,psi1,0.9000816574402307,0.22495716388851478
1000,45,naive,psi0,-0.3426665115401505,0.1787208678446658
1000,45,naive,psi1,0.0005003705646843883,0.19103005878142046
1000,45,corrected,psi0,0.8469975319920631,0.2070989238389681
1000,45,corrected,psi1,0.4440098068987427,0.22219302937325217
1000,46,naive,psi0,-0.419870891612777,0.18039694766774053
1000,46,naive,psi1,-0.2845681070474646,0.19794236331208914
1000,46,corrected,psi0,0.8669300627723618,0.2114860567602814
1000,46,corrected,psi1,0.1753411272134327,0.2353296724557381
1000,47,naive,psi0,-0.3579717995909825,0.1910360355281425
1000,47,naive,psi1,-0.27604682687530396,0.19606113093163094
1000,47,corrected,psi0,0.9131625547298392,0.2243224349125356
1000,47,corrected,psi1,0.1130727760998316,0.2293136483255736
1000,48,naive,psi0,0.08020777697933346,0.18466899626411118
1000,48,naive,psi1,0.09100244290533135,0.21201457405773375
1000,48,corrected,psi0,1.438492633406078,0.21489149868049842
1000,48,corrected,psi1,0.6451983054625937,0.24419863589903448
1000,49,naive,psi0,0.04129559537512481,0.18182295905083568
1000,49,naive,psi1,0.01375207536281897,0.18626567059763025
1000,49,corrected,psi0,1.3491920628327785,0.2136948834014734
1000,49,corrected,psi1,0.5273799563776226,0.2172017514468745
1000,50,naive,psi0,-0.4158810890909071,0.17971448999267992
1000,50,naive,psi1,-0.1247018249463575,0.16605320035315238
1000,50,corrected,psi0,0.8350326457932787,0.20848668137267778
1000,50,corrected,psi1,0.2980240580585396,0.19134496518062738
1000,51,naive,psi0,-0.7808811466584561,0.1731412086291186
1000,51,naive,psi1,0.17112006431360566,0.1790465316024187
1000,51,corrected,psi0,0.38085076321774686,0.2011334773861122
1000,51,corrected,psi1,0.6913502009313033,0.2080881275825753
1000,52,naive,psi0,-0.15798187777815462,0.18012539141535366
1000,52,naive,psi1,0.1255933518759545,0.18436326824428143
1000,52,corrected,psi0,1.2042157592098488,0.21109021542713116
1000,52,corrected,psi1,0.6081346467385863,0.21738487981880955
1000,53,naive,psi0,-0.026404217931577042,0.18074574763399373
1000,53,naive,psi1,-0.04987860684311066,0.18814817178788493
1000,53,corrected,psi0,1.2522597662393204,0.21263048468719958
1000,53,corrected,psi1,0.4622790470885369,0.22137329470035721
1000,54,naive,psi0,-0.29260282327341514,0.18199073643497324
1000,54,naive,psi1,0.28468799948350176,0.17360932305053717
1000,54,corrected,psi0,1.0313214997426443,0.2122848320930964
1000,54,corrected,psi1,0.7575715641622108,0.20046279180732673
1000,55,naive,psi0,-0.161917467239088,0.18293285421752883
1000,55,naive,psi1,0.04823186279091583,0.18239362551615687
1000,55,corrected,psi0,0.99224770843208,0.21231951635928648
1000,55,corrected,psi1,0.5599498241007225,0.21171975748949987
1000,56,naive,psi0,-0.3322883638832691,0.17707355745574002
1000,56,naive,psi1,-0.041936456233564165,0.19246245037736034
1000,56,corrected,psi0,0.9114994608207332,0.20725655878828397
1000,56,corrected,psi1,0.46425555236278343,0.22417333209951795
1000,57,naive,psi0,-0.32055358374963383,0.1762934824293863
1000,57,naive,psi1,0.28290980879272715,0.1988015664459599
1000,57,corrected,psi0,0.9137096156752665,0.20677974960516823
1000,57,corrected,psi1,0.836497149586698,0.23871808130543365
1000,58,naive,psi0,-0.4016003270138727,0.1916190430752071
1000,58,naive,psi1,-0.19422522969166717,0.21326814803797622
1000,58,corrected,psi0,0.9729633241046901,0.22716509288507683
1000,58,corrected,psi1,0.29195140437292727,0.2541422549846514
1000,59,naive,psi0,-0.21743192372160683,0.18038958261245472
1000,59,naive,psi1,0.23797902181066072,0.19985079581202345
1000,59,corrected,psi0,1.0378493399338402,0.20944132664598747
1000,59,corrected,psi1,0.6890210254234046,0.2318864995376606
1000,60,naive,psi0,-0.1707978926256764,0.17741074942297227
1000,60,naive,psi1,0.011757783549345915,0.18455459639652982
1000,60,corrected,psi0,1.094794354287113,0.20353421757626103
1000,60,corrected,psi1,0.5430490297585752,0.21069319852057639
1000,61,naive,psi0,-0.360620508393887,0.18592679184430885
1000,61,naive,psi1,0.020029866716445025,0.19318314741354925
1000,61,corrected,psi0,0.91515455892574,0.21414739312417505
1000,61,corrected,psi1,0.5475032623818551,0.22283552353424477
1000,62,naive,psi0,-0.38664843728633214,0.17718302680544837
1000,62,naive,psi1,-0.2692804616162444,0.17968725833691185
1000,62,corrected,psi0,0.8746188845431203,0.20591545024681085
1000,62,corrected,psi1,0.27069805959568616,0.20998816473971574
1000,63,naive,psi0,-0.24967065990212053,0.17032944914550824
1000,63,naive,psi1,-0.03426168565074715,0.16574139924905607
1000,63,corrected,psi0,1.0022859457589635,0.19706249043903568
1000,63,corrected,psi1,0.47446477631330475,0.18921553256636317
1000,64,naive,psi0,-0.29264396597231657,0.17985850624836025
1000,64,naive,psi1,0.04499154758415453,0.18302312650828162
1000,64,corrected,psi0,0.9339667119431435,0.20941510215034714
1000,64,corrected,psi1,0.5311348014077291,0.20997496827029585
1000,65,naive,psi0,-0.07566419917303131,0.17183581957815866
1000,65,naive,psi1,-0.08125259110928158,0.17158890847541547
1000,65,corrected,psi0,1.2349857979045988,0.2010221612424604
1000,65,corrected,psi1,0.43070215802904327,0.19866924281077267
1000,66,naive,psi0,-0.3986818063277964,0.17398752557028518
1000,66,naive,psi1,-0.15656879229870657,0.1805991254997047
1000,66,corrected,psi0,0.7588684504335955,0.2053773902668482
1000,66,corrected,psi1,0.3146140616205948,0.21162255575604869
1000,67,naive,psi0,-0.09314126860592797,0.18657612544795465
1000,67,naive,psi1,0.08439473302094169,0.1959320599431236
1000,67,corrected,psi0,1.1784281797455927,0.21861422560586202
1000,67,corrected,psi1,0.591289778928673,0.2312376489869806
1000,68,naive,psi0,-0.4437145519112297,0.17959198192045583
1000,68,naive,psi1,0.21607191695797506,0.18248118319416703
1000,68,corrected,psi0,0.7595897582112395,0.20617836083155305
1000,68,corrected,psi1,0.7752337582733302,0.20637879140398435
1000,69,naive,psi0,-0.203567338251048,0.18083042124006515
1000,69,naive,psi1,-0.15428912351607496,0.18990488603034544
1000,69,corrected,psi0,1.1516633749450862,0.21140127337400766
1000,69,corrected,psi1,0.34288513195550885,0.22337612902858658
1000,70,naive,psi0,-0.23210258015555674,0.17231453146538325
1000,70,naive,psi1,-0.03879788650715728,0.15966947808264018
1000,70,corrected,psi0,1.0693521843653186,0.2016144936722573
1000,70,corrected,psi1,0.37203402435723304,0.19047189151060054
1000,71,naive,psi0,-0.6334578550898842,0.1750849761354715
1000,71,naive,psi1,0.22020404988917097,0.18076654207647452
1000,71,corrected,psi0,0.6629610739542277,0.20506586815929126
1000,71,corrected,psi1,0.7948192363602044,0.20915108396878102
1000,72,naive,psi0,-0.22691287286978634,0.18267158017689947
1000,72,naive,psi1,-0.025102821161592317,0.19414882191478067
1000,72,corrected,psi0,1.071681917312639,0.21257263660500877
1000,72,corrected,psi1,0.44628123341208886,0.2247515203792206
1000,73,naive,psi0,-0.3475488977990754,0.17577252118853717
1000,73,naive,psi1,0.01920325025269135,0.17351231759009522
1000,73,corrected,psi0,0.8490913690822278,0.2046049751279848
1000,73,corrected,psi1,0.5362933753248632,0.20282012522408083
1000,74,naive,psi0,-0.3743937039858943,0.1791115465366634
1000,74,naive,psi1,-0.11383159515665739,0.2034046338560008
1000,74,corrected,psi0,0.8717719361106071,0.20629784314447092
1000,74,corrected,psi1,0.3416663111349911,0.23390658651727794
1000,75,naive,psi0,-0.15166799812046608,0.18135697828732997
1000,75,naive,psi1,-0.1674843250311972,0.1883405577771166
1000,75,corrected,psi0,1.096032334370403,0.21043623577845263
1000,75,corrected,psi1,0.27643725921867796,0.2178868812405584
1000,76,naive,psi0,-0.1588674832497188,0.17911376392327905
1000,76,naive,psi1,0.22226567807549266,0.1886291474519996
1000,76,corrected,psi0,1.2121912895406246,0.20572809906665535
1000,76,corrected,psi1,0.7652482157216515,0.2130330522453684
1000,77,naive,psi0,-0.28271614200152584,0.17501520178646254
1000,77,naive,psi1,0.07442948113907072,0.17996963983259184
1000,77,corrected,psi0,1.0365701998076413,0.20481165511094662
1000,77,corrected,psi1,0.4681651049889205,0.21427652262212643
1000,78,naive,psi0,-0.3437695036713168,0.1867969765144792
1000,78,naive,psi1,0.3128159190556961,0.2057785773652855
1000,78,corrected,psi0,0.9481791949917281,0.21397707892669543
1000,78,corrected,psi1,0.8584520725585033,0.24447984265430703
1000,79,naive,psi0,0.02041215010507735,0.1804320551667057
1000,79,naive,psi1,-0.006249665358548074,0.17592114010558246
1000,79,corrected,psi0,1.400494425333905,0.21104669344490523
1000,79,corrected,psi1,0.4682597163490676,0.2048935486962446
1000,80,naive,psi0,-0.0711528530113164,0.18095352864414752
1000,80,naive,psi1,0.07389951831180253,0.19694711513828883
1000,80,corrected,psi0,1.2017617070793232,0.20914820908808646
1000,80,corrected,psi1,0.5818366495483828,0.22702649625482513
1000,81,naive,psi0,-0.40399513762102873,0.1731650803129989
1000,81,naive,psi1,-0.1257523357988298,0.1775674366645283
1000,81,corrected,psi0,0.8544071044810516,0.20258105533114956
1000,81,corrected,psi1,0.27536473866495664,0.20665772076152822
1000,82,naive,psi0,0.03513524894973088,0.17888330072008804
1000,82,naive,psi1,-0.03503990303745423,0.17400244406479914
1000,82,corrected,psi0,1.302476623870786,0.21040570209984535
1000,82,corrected,psi1,0.4408518470678304,0.2067490025483911
1000,83,naive,psi0,-0.34525235103825996,0.17599028425346128
1000,83,naive,psi1,-0.18525997481838194,0.17300327640908617
1000,83,corrected,psi0,0.9229469965075819,0.20736718508452615
1000,83,corrected,psi1,0.26298896186285275,0.2064946759470357
1000,84,naive,psi0,-0.47918680753353915,0.1719422228839071
1000,84,naive,psi1,-0.0824697903366309,0.17148661724407363
1000,84,corrected,psi0,0.8051079667871924,0.19855840655895998
1000,84,corrected,psi1,0.40190941661705554,0.20148698618244235
1000,85,naive,psi0,-0.45841952770828975,0.18563610308273526
1000,85,naive,psi1,0.1575724274501444,0.1828422305443786
1000,85,corrected,psi0,0.8022657630681258,0.2154395135310103
1000,85,corrected,psi1,0.6599969632395752,0.2151140888924431
1000,86,naive,psi0,-0.32625709064799413,0.18015866078697546
1000,86,naive,psi1,-0.0025401094038591887,0.20708147238844565
1000,86,corrected,psi0,0.9459501041517365,0.20625299573366648
1000,86,corrected,psi1,0.42094449266555645,0.23896538368861744
1000,87,naive,psi0,-0.17511241211654482,0.17829216643595144
1000,87,naive,psi1,-0.041820621497328826,0.19256733697971554
1000,87,corrected,psi0,1.1162005810690734,0.21030278724243656
1000,87,corrected,psi1,0.44992704635942155,0.22578717095745365
1000,88,naive,psi0,-0.15772280855251494,0.1840994460248689
1000,88,naive,psi1,0.09305574906279702,0.20772127400294438
1000,88,corrected,psi0,1.2386235400254766,0.21352067762611096
1000,88,corrected,psi1,0.5510257775232542,0.2401322973665148
1000,89,naive,psi0,-0.48151569121856747,0.184787572844952
1000,89,naive,psi1,0.24123281661132745,0.1850081890819355
1000,89,corrected,psi0,0.7847110054667042,0.21483700394625538
1000,89,corrected,psi1,0.705801032402921,0.21324116706846316
1000,90,naive,psi0,-0.3542646746784249,0.18080067711419098
1000,90,naive,psi1,-0.06127838792793886,0.19697160587627682
1000,90,corrected,psi0,0.8560330682111349,0.20882926125425832
1000,90,corrected,psi1,0.4831601060251379,0.2275636182414237
1000,91,naive,psi0,-0.35029950859434705,0.1786763694638053
1000,91,naive,psi1,0.10994708096865613,0.18890974565587806
1000,91,corrected,psi0,0.8717689446708169,0.21164185498661064
1000,91,corrected,psi1,0.59380418081042,0.22239646106072472
1000,92,naive,psi0,-0.1380389975261095,0.17745230828287106
1000,92,naive,psi1,-0.10775289557327188,0.2001089089030972
1000,92,corrected,psi0,1.1724596971128458,0.20879578304763213
1000,92,corrected,psi1,0.42647111147043454,0.23715644033507513
1000,93,naive,psi0,-0.20160250904735438,0.1809068585443366
1000,93,naive,psi1,-0.3589983134758615,0.19225133545651904
1000,93,corrected,psi0,1.0857822889183122,0.21171696871390214
1000,93,corrected,psi1,0.03583518872892637,0.2203487249472926
1000,94,naive,psi0,-0.5387563598827182,0.17922277661254468
1000,94,naive,psi1,0.1804847556621803,0.170547513306039
1000,94,corrected,psi0,0.7229057129581905,0.20975654872568647
1000,94,corrected,psi1,0.6841607332644611,0.19882277517479513
1000,95,naive,psi0,-0.5338125682137287,0.17504054133986965
1000,95,naive,psi1,0.09842134804947059,0.17929811153320155
1000,95,corrected,psi0,0.6161230189757381,0.20703408378097882
1000,95,corrected,psi1,0.6676949389496145,0.21305220536193084
1000,96,naive,psi0,-0.32171354408465275,0.18295351345107957
1000,96,naive,psi1,-0.1362757098993194,0.20664778249353957
1000,96,corrected,psi0,0.9574623982407898,0.21173447771784465
1000,96,corrected,psi1,0.35058226488121574,0.23878657111699034
1000,97,naive,psi0,-0.35275698342793826,0.1775067999021821
1000,97,naive,psi1,-0.13005549823457477,0.21184887311143463
1000,97,corrected,psi0,0.903654207371564,0.20444715979857805
1000,97,corrected,psi1,0.3512195618771319,0.24103032414325223
1000,98,naive,psi0,-0.16094392322555887,0.17435271721705412
1000,98,naive,psi1,0.13501936957635208,0.18178285380239081
1000,98,corrected,psi0,1.048166168616732,0.20410804538173682
1000,98,corrected,psi1,0.7095372378783532,0.21369173344072814
1000,99,naive,psi0,-0.09498730854119126,0.17378129687031765
1000,99,naive,psi1,0.018983481328668467,0.16030934758205787
1000,99,corrected,psi0,1.1535926211284313,0.20345001167310736
1000,99,corrected,psi1,0.5040444125892092,0.18409008900674217
1000,100,naive,psi0,-0.0449369087272112,0.18381447041626897
1000,100,naive,psi1,0.12091003615842895,0.2066397254095702
1000,100,corrected,psi0,1.2798802728847127,0.21387157775147775
1000,100,corrected,psi1,0.6170309297432914,0.23915037780718562
1000,101,naive,psi0,-0.2263448286161989,0.17866964575996197
1000,101,naive,psi1,-0.01323322818429245,0.17707192605288405
1000,101,corrected,psi0,1.0778596351808116,0.20793526427498105
1000,101,corrected,psi1,0.4461124240782731,0.20065759451265092
1000,102,naive,psi0,-0.6036487155200526,0.18547228850804273
1000,102,naive,psi1,0.12771845233063017,0.18214143693164392
1000,102,corrected,psi0,0.7120237615816261,0.21547809954318034
1000,102,corrected,psi1,0.6913066209520784,0.2132377146101615
1000,103,naive,psi0,-0.3314132182467638,0.184240959565251
1000,103,naive,psi1,0.056275680945301616,0.18578727119481428
1000,103,corrected,psi0,0.9354153177324048,0.21548185346278698
1000,103,corrected,psi1,0.6412220991011932,0.21299012026665615
1000,104,naive,psi0,-0.1676590011061383,0.17242057454375037
1000,104,naive,psi1,0.1286634717408771,0.17220587337160126
1000,104,corrected,psi0,1.046641387374178,0.20318474590210298
1000,104,corrected,psi1,0.6921717537940559,0.20519024097364172
1000,105,naive,psi0,-0.15846717537016852,0.18461753644276818
1000,105,naive,psi1,-0.09529726287614994,0.19135350861893802
1000,105,corrected,psi0,1.166548581872033,0.21462687713174458
1000,105,corrected,psi1,0.3704251756029359,0.22191508966652518
1000,106,naive,psi0,-0.27870672903437366,0.18642878603523508
1000,106,naive,psi1,-0.40331837300347156,0.19133106550555462
1000,106,corrected,psi0,0.9605511103703294,0.21787197280910578
1000,106,corrected,psi1,0.022153591215022708,0.22680248746630896
1000,107,naive,psi0,-0.3699619416904926,0.1823374078456461
1000,107,naive,psi1,-0.3893943401789328,0.18325176479000574
1000,107,corrected,psi0,0.9496593602212798,0.2129899224018771
1000,107,corrected,psi1,0.04570328544459143,0.21321721496517476
1000,108,naive,psi0,-0.07080218400538983,0.177258329092055
1000,108,naive,psi1,-0.23827960877232926,0.17667292281742047
1000,108,corrected,psi0,1.16218019244427,0.2039085772007808
1000,108,corrected,psi1,0.1632715668812577,0.21028665783627673
1000,109,naive,psi0,-0.20442757056616287,0.17593714593395166
1000,109,naive,psi1,0.16057599118197569,0.18876911563783288
1000,109,corrected,psi0,1.0828732884516385,0.20853373603611183
1000,109,corrected,psi1,0.5903071157327618,0.22625615407093067
1000,110,naive,psi0,0.04785072104089929,0.18261491209417638
1000,110,naive,psi1,0.1951494976930861,0.1990079670292037
1000,110,corrected,psi0,1.4637878824130774,0.20704920600619797
1000,110,corrected,psi1,0.6956216497601461,0.2244774086061044
1000,111,naive,psi0,-0.1894838051476175,0.1854743453077164
1000,111,naive,psi1,0.08119025502711866,0.20298531648667373
1000,111,corrected,psi0,1.0799063112271898,0.22315638904852464
1000,111,corrected,psi1,0.6412116048767182,0.2467255189095011
1000,112,naive,psi0,-0.14719112789249303,0.18267305856285235
1000,112,naive,psi1,-0.21157862600332686,0.21525504785890975
1000,112,corrected,psi0,1.1056989223662985,0.21282643513131044
1000,112,corrected,psi1,0.29623990855587234,0.24960811033041896
1000,113,naive,psi0,-0.10493790316568302,0.18774442027827057
1000,113,naive,psi1,0.1021990272620875,0.1981750083494865
1000,113,corrected,psi0,1.2139592061334539,0.21971778119060056
1000,113,corrected,psi1,0.6379131553993959,0.2293260229399108
1000,114,naive,psi0,-0.396377386413563,0.17826193729917275
1000,114,naive,psi1,-0.05733790452507194,0.1900548948925699
1000,114,corrected,psi0,0.8547256733882023,0.20458751480947546
1000,114,corrected,psi1,0.4400651710929842,0.21516852837215236
1000,115,naive,psi0,-0.31168000440298005,0.17811542814832934
1000,115,naive,psi1,0.030838281949157872,0.19920038360560025
1000,115,corrected,psi0,0.9783151366492483,0.20605727261537482
1000,115,corrected,psi1,0.5298698194028878,0.23284284897413324
1000,116,naive,psi0,-0.3034632785312224,0.17501460902351518
1000,116,naive,psi1,0.07736483551437025,0.19162492355084834
1000,116,corrected,psi0,0.9873237267674283,0.20302833038376358
1000,116,corrected,psi1,0.5483357985866208,0.22201499203983116
1000,117,naive,psi0,-0.38690722569145725,0.17498992122702586
1000,117,naive,psi1,-0.16942962448162607,0.17947053998547416
1000,117,corrected,psi0,0.9025099725879693,0.20613338510901938
1000,117,corrected,psi1,0.18212703277627615,0.21858190626566862
1000,118,naive,psi0,-0.14877234529987646,0.17925487091304354
1000,118,naive,psi1,0.0680328964430535,0.17599630303098016
1000,118,corrected,psi0,1.154747035265704,0.21297121958787918
1000,118,corrected,psi1,0.5230108084854372,0.21585868431120855
1000,119,naive,psi0,-0.0871032538398603,0.19094163056830254
1000,119,naive,psi1,-0.09274446047027349,0.2133703309028561
1000,119,corrected,psi0,1.2188662865589928,0.2194330940042276
1000,119,corrected,psi1,0.42556937255234945,0.24489385458367713
1000,120,naive,psi0,-0.18199147284655848,0.1825028115990289
1000,120,naive,psi1,-0.01490117213388352,0.1876028487311567
1000,120,corrected,psi0,1.1311747198947004,0.2111552742442365
1000,120,corrected,psi1,0.5296645395866426,0.21477324799715825
1000,121,naive,psi0,-0.21548967449412446,0.17658186608569804
1000,121,naive,psi1,-0.0660181512975236,0.17632303568770336
1000,121,corrected,psi0,1.1401527460755378,0.2063333408689606
1000,121,corrected,psi1,0.42250135907120157,0.204423207147411
1000,122,naive,psi0,-0.7334255646248133,0.18139708175063363
1000,122,naive,psi1,-0.13257777989481426,0.19190854341371033
1000,122,corrected,psi0,0.4131990467769856,0.21191634823648042
1000,122,corrected,psi1,0.2979056187982061,0.2258331294380701
1000,123,naive,psi0,-0.2628658730209474,0.17262835745645172
1000,123,naive,psi1,0.08322453592430398,0.16553422451497304
1000,123,corrected,psi0,1.0424248978441006,0.19832144415329087
1000,123,corrected,psi1,0.5687256011815318,0.19635828564329355
1000,124,naive,psi0,-0.467699856306585,0.18598232705698406
1000,124,naive,psi1,0.23359371379819238,0.2076291967467361
1000,124,corrected,psi0,0.7947280228054262,0.21663678194765768
1000,124,corrected,psi1,0.7131841865603912,0.24360155527763291
1000,125,naive,psi0,-0.1049064092057656,0.1827980783779721
1000,125,naive,psi1,0.1153731109245714,0.17481422121504175
1000,125,corrected,psi0,1.1902781470350685,0.211729622978752
1000,125,corrected,psi1,0.574865411942887,0.20743732484015923
1000,126,naive,psi0,-0.34080716490931867,0.170853540917787
1000,126,naive,psi1,-0.11826654273320832,0.1656145101654399
1000,126,corrected,psi0,1.00576164411806,0.20505223318699622
1000,126,corrected,psi1,0.3996092728599129,0.19746398461743542
1000,127,naive,psi0,-0.04259336307914577,0.17959141719277177
1000,127,naive,psi1,0.14802827484659073,0.2145482083247143
1000,127,corrected,psi0,1.2448016538881028,0.20869575445661467
1000,127,corrected,psi1,0.6756671607576799,0.25107036608995753
1000,128,naive,psi0,-0.31713818286671175,0.18598569072686805
1000,128,naive,psi1,-0.10295174289671383,0.21400912204276198
1000,128,corrected,psi0,0.9210384218827129,0.2178382743132996
1000,128,corrected,psi1,0.4093042961581521,0.25011554075827197
1000,129,naive,psi0,-0.41721363807678036,0.17612526768512918
1000,129,naive,psi1,0.367518305885037,0.18197470622459663
1000,129,corrected,psi0,0.8167996903773144,0.20837356360175174
1000,129,corrected,psi1,0.9429153292049232,0.21326252074117785
1000,130,naive,psi0,-0.28047404501397316,0.18687474794985504
1000,130,naive,psi1,0.18244362585154375,0.20158213165913214
1000,130,corrected,psi0,0.985725045823992,0.22072887631419166
1000,130,corrected,psi1,0.716017879124589,0.24318743830273723
1000,131,naive,psi0,0.09185087158767712,0.18412895943852117
1000,131,naive,psi1,-0.22302870190532476,0.1993342537359038
1000,131,corrected,psi0,1.4462581048991932,0.21605373221239663
1000,131,corrected,psi1,0.2386135909922745,0.23523346874276813
1000,132,naive,psi0,-0.3076404176663133,0.17521380473958734
1000,132,naive,psi1,-0.3886430544372624,0.18069740763438308
1000,132,corrected,psi0,1.0317038578683506,0.20541325128850788
1000,132,corrected,psi1,0.006462202311541738,0.21170537869470354
1000,133,naive,psi0,-0.37043035843670946,0.17565176184975848
1000,133,naive,psi1,0.04723555964906969,0.19388759245905657
1000,133,corrected,psi0,0.9057288034966279,0.20795293175313098
1000,133,corrected,psi1,0.5220052033330312,0.22723719907026274
1000,134,naive,psi0,-0.41238191858261253,0.1779071228636949
1000,134,naive,psi1,0.10154214770793045,0.20685495954857286
1000,134,corrected,psi0,0.8469578101266829,0.21070311754833687
1000,134,corrected,psi1,0.5715354121229435,0.24662914774460626
1000,135,naive,psi0,-0.2807219123719741,0.17050117953841126
1000,135,naive,psi1,-0.012853671821567223,0.16151252809472627
1000,135,corrected,psi0,0.9824753907028618,0.19493307089231313
1000,135,corrected,psi1,0.4565778807490292,0.18353802097277022
1000,136,naive,psi0,-0.11548576570639532,0.1853683291664329
1000,136,naive,psi1,0.17510932541389582,0.172865359367951
1000,136,corrected,psi0,1.1690848153723825,0.21622184507923
1000,136,corrected,psi1,0.7146783836063562,0.2079815522854555
1000,137,naive,psi0,-0.10100278354119534,0.17817917781710557
1000,137,naive,psi1,0.24060851352044443,0.18100837149772084
1000,137,corrected,psi0,1.2005261178113782,0.2063219276135385
1000,137,corrected,psi1,0.7965265129545567,0.2136052981842956
1000,138,naive,psi0,-0.12623954396649964,0.1796670642970985
1000,138,naive,psi1,0.11147188644888116,0.19210549728148044
1000,138,corrected,psi0,1.1320042789922828,0.2105273643108522
1000,138,corrected,psi1,0.5767628601890916,0.22100252468131631
1000,139,naive,psi0,-0.13151374088914097,0.17298996076041925
1000,139,naive,psi1,0.23185207085197382,0.1681767376139687
1000,139,corrected,psi0,1.1473224196665484,0.2007923615055598
1000,139,corrected,psi1,0.809652365428721,0.19477806352357108
1000,140,naive,psi0,-0.5271496123305099,0.18157181629183852
1000,140,naive,psi1,-0.04835283736062338,0.1949988672423855
1000,140,corrected,psi0,0.6333535005319207,0.21217153867298344
1000,140,corrected,psi1,0.41563184568641154,0.23044524651782824
1000,141,naive,psi0,-0.35415600269335185,0.18397686573056266
1000,141,naive,psi1,-0.025895897810994037,0.20078470030600665
1000,141,corrected,psi0,0.8287928101345922,0.2165575646851431
1000,141,corrected,psi1,0.5359582052132105,0.23294298487196904
1000,142,naive,psi0,-0.26690093282313493,0.17748854387579927
1000,142,naive,psi1,0.09925151150815838,0.20114506461637996
1000,142,corrected,psi0,1.0388603779146253,0.2057617130862244
1000,142,corrected,psi1,0.625171054431973,0.23385225903452242
1000,143,naive,psi0,-0.19754944355690535,0.1872161098208038
1000,143,naive,psi1,-0.04365600733718251,0.1794659688565142
1000,143,corrected,psi0,1.0437315188162832,0.21700865936266892
1000,143,corrected,psi1,0.34912551320795365,0.20488392962539836
1000,144,naive,psi0,-0.4614632977366846,0.1754673441382502
1000,144,naive,psi1,0.14039781834849294,0.17861438920848283
1000,144,corrected,psi0,0.8065428445162868,0.2037232090252386
1000,144,corrected,psi1,0.6716663479411024,0.20495958227760103
1000,145,naive,psi0,-0.31593725118986665,0.18109279495955283
1000,145,naive,psi1,-0.0206736855717893,0.18902026832903443
1000,145,corrected,psi0,0.9771050309703526,0.2129223828734138
1000,145,corrected,psi1,0.3563671264284373,0.21288358872590543
1000,146,naive,psi0,-0.2270868251410853,0.17866486340777218
1000,146,naive,psi1,-0.12082271907772173,0.19385154560845594
1000,146,corrected,psi0,1.1147133674352652,0.20507881283248727
1000,146,corrected,psi1,0.3759018730102205,0.2234424390624901
1000,147,naive,psi0,-0.45742727819726986,0.18725099607755058
1000,147,naive,psi1,-0.0586197624370651,0.18652844576912372
1000,147,corrected,psi0,0.8201493081054172,0.21892532195533917
1000,147,corrected,psi1,0.4437761088757325,0.21976966097220932
1000,148,naive,psi0,-0.3214058358137319,0.1767634023904733
1000,148,naive,psi1,0.14035260582128772,0.1736291586330155
1000,148,corrected,psi0,0.9312643313542013,0.20939643082566836
1000,148,corrected,psi1,0.7320778842797236,0.20699107834620248
1000,149,naive,psi0,-0.46531025143813,0.17899193410089126
1000,149,naive,psi1,0.008277975436204371,0.2169373062417923
1000,149,corrected,psi0,0.8436237637878896,0.20943940554023843
1000,149,corrected,psi1,0.48561297306796103,0.24975153371908637
1000,150,naive,psi0,-0.3158103363089775,0.17801909987445322
1000,150,naive,psi1,-0.1093041840057876,0.18966752871433817
1000,150,corrected,psi0,1.0510254463354072,0.21008361516335944
1000,150,corrected,psi1,0.3771768494729556,0.23054690141993647
1000,151,naive,psi0,-0.1261155007881478,0.1778158497845885
1000,151,naive,psi1,-0.061581749109986574,0.1782448712183411
1000,151,corrected,psi0,1.1882708288486432,0.20334643369278005
1000,151,corrected,psi1,0.3818497283825805,0.2038351619267401
1000,152,naive,psi0,-0.2255254988962126,0.18028903624312234
1000,152,naive,psi1,-0.017206388762726864,0.16835084132680408
1000,152,corrected,psi0,0.9943691197356613,0.2083718488086605
1000,152,corrected,psi1,0.5378485925486607,0.19673696904764434
1000,153,naive,psi0,-0.5649979433868916,0.17642172316518065
1000,153,naive,psi1,-0.02905303197299495,0.16259403892217206
1000,153,corrected,psi0,0.6318722957786971,0.20892370941151575
1000,153,corrected,psi1,0.3570815571532738,0.19452779643041948
1000,154,naive,psi0,-0.4122483087981512,0.17566468006043878
1000,154,naive,psi1,-0.023477179580682628,0.17750160310574917
1000,154,corrected,psi0,0.9119662487173443,0.2039156819121451
1000,154,corrected,psi1,0.5023206416838337,0.2038794198233678
1000,155,naive,psi0,-0.1963381580942558,0.17426945906006275
1000,155,naive,psi1,0.05644712726801407,0.18909797564881276
1000,155,corrected,psi0,1.0659115983575458,0.20179776597695073
1000,155,corrected,psi1,0.46999412655212636,0.216771257239283
1000,156,naive,psi0,-0.38776216049512824,0.18843360304491757
1000,156,naive,psi1,0.004802056010862032,0.21983268766265535
1000,156,corrected,psi0,0.7953884012055438,0.2183046537334627
1000,156,corrected,psi1,0.4940540689947335,0.25371430585028326
1000,157,naive,psi0,-0.19635031913279435,0.18277835404691586
1000,157,naive,psi1,-0.3066158319896455,0.20813991866805398
1000,157,corrected,psi0,1.0078338147569879,0.21272913243152164
1000,157,corrected,psi1,0.20250703124904962,0.242385053186645
1000,158,naive,psi0,-0.4265749586389228,0.17254256882533658
1000,158,naive,psi1,-0.27355085765382475,0.18965273183520265
1000,158,corrected,psi0,0.8362778819211931,0.20131678896161037
1000,158,corrected,psi1,0.22898374411749678,0.22358260138722627
1000,159,naive,psi0,-0.20692497339499027,0.17301158680128398
1000,159,naive,psi1,0.10359332373048799,0.18015681003844974
1000,159,corrected,psi0,1.050952579652321,0.20203130378909537
1000,159,corrected,psi1,0.6357614094528825,0.20899715819614115
1000,160,naive,psi0,-0.22927964019580235,0.1770386763393846
1000,160,naive,psi1,0.30411747725455096,0.1940661111374124
1000,160,corrected,psi0,1.1018047536251478,0.20485792516096413
1000,160,corrected,psi1,0.8644199313062295,0.22548653330527132
1000,161,naive,psi0,-0.132264436438745,0.17732513241102746
1000,161,naive,psi1,-0.08684265499527007,0.18565799476609643
1000,161,corrected,psi0,1.2232900793173802,0.2068270440506501
1000,161,corrected,psi1,0.3960165893525538,0.212966903069218
1000,162,naive,psi0,-0.5255840027808372,0.18330776792155018
1000,162,naive,psi1,-0.045488189227748305,0.18864917019756589
1000,162,corrected,psi0,0.7122863355467228,0.21111421760204604
1000,162,corrected,psi1,0.3819643448086499,0.21188846946928114
1000,163,naive,psi0,-0.4017744724677276,0.1854056844036959
1000,163,naive,psi1,-0.16646270967944538,0.1802947802112636
1000,163,corrected,psi0,0.8797601604087938,0.2147048604356593
1000,163,corrected,psi1,0.2738851733501924,0.20759458941742093
1000,164,naive,psi0,0.012039556747776178,0.18023535039800462
1000,164,naive,psi1,0.010418697123589515,0.20734145678232674
1000,164,corrected,psi0,1.2765723768091326,0.207995004569667
1000,164,corrected,psi1,0.5286382812604299,0.24322691008983638
1000,165,naive,psi0,-0.37877617571591726,0.18004303061179527
1000,165,naive,psi1,0.17471043723465202,0.1760178480451082
1000,165,corrected,psi0,0.905473248976852,0.2108968195362828
1000,165,corrected,psi1,0.7701969297995621,0.20637645732089765
1000,166,naive,psi0,-0.20289258823364764,0.1811797667757765
1000,166,naive,psi1,0.21375254891797024,0.19153327431798378
1000,166,corrected,psi0,1.1302457058196724,0.2094550157036288
1000,166,corrected,psi1,0.6873746290523071,0.21736380795742502
1000,167,naive,psi0,-0.19137428807212573,0.17331469230108976
1000,167,naive,psi1,0.04592447104025518,0.1938164604605207
1000,167,corrected,psi0,1.0511434671905502,0.20095759463657645
1000,167,corrected,psi1,0.5868422755553203,0.22468444329901585
1000,168,naive,psi0,0.07731272731023348,0.1779896516375034
1000,168,naive,psi1,-0.1721840502678114,0.19946249647225567
1000,168,corrected,psi0,1.415553589255849,0.20679439495777577
1000,168,corrected,psi1,0.3163465465288148,0.23158987588369756
1000,169,naive,psi0,-0.0766085576358793,0.178860974420008
1000,169,naive,psi1,-0.0681466086123625,0.18960296350301245
1000,169,corrected,psi0,1.2210647539188062,0.20574261363071747
1000,169,corrected,psi1,0.44441128888166853,0.21895064945590442
1000,170,naive,psi0,-0.48872423230143247,0.18507686004148047
1000,170,naive,psi1,-0.15949792082739306,0.23499461604657287
1000,170,corrected,psi0,0.7911513563805608,0.21410994551558907
1000,170,corrected,psi1,0.27567811214453164,0.27629765980712545
1000,171,naive,psi0,-0.2375950256516585,0.185947865446575
1000,171,naive,psi1,0.011415350961081329,0.19308286935146216
1000,171,corrected,psi0,0.9976349137998082,0.2180883625831599
1000,171,corrected,psi1,0.6120369466198582,0.22495705768194402
1000,172,naive,psi0,-0.2935401860221895,0.17477333130302733
1000,172,naive,psi1,0.27726650608192643,0.1552249371408712
1000,172,corrected,psi0,0.93633259714054,0.20355949819650931
1000,172,corrected,psi1,0.8809286785186581,0.1847417862702489
1000,173,naive,psi0,-0.5971884072224449,0.17863702238926416
1000,173,naive,psi1,0.45093224049049274,0.19004022044925006
1000,173,corrected,psi0,0.6392635190287338,0.20466041661375478
1000,173,corrected,psi1,1.0024419581594022,0.21722046176061355
1000,174,naive,psi0,-0.29790296572721625,0.17661847560393387
1000,174,naive,psi1,-0.09357488215811988,0.1951966923687297
1000,174,corrected,psi0,0.9226259198591934,0.20216575377663873
1000,174,corrected,psi1,0.4223270690442737,0.22257678680682716
1000,175,naive,psi0,-0.11558429686555298,0.176276817537716
1000,175,naive,psi1,0.13145412043676905,0.19514998891342403
1000,175,corrected,psi0,1.1687903135604185,0.2060716089878426
1000,175,corrected,psi1,0.7445122507724982,0.24136140917560509
1000,176,naive,psi0,-0.31863951445248856,0.17978148160274182
1000,176,naive,psi1,-0.035398070001125014,0.17999431367856852
1000,176,corrected,psi0,0.8265922470882565,0.211929621770082
1000,176,corrected,psi1,0.43195705635888554,0.2168313022876887
1000,177,naive,psi0,-0.5041187315346943,0.1798521574601695
1000,177,naive,psi1,0.3310022491404586,0.2011007192087598
1000,177,corrected,psi0,0.7608365593928852,0.20775702930520998
1000,177,corrected,psi1,0.8898066354064464,0.23069176879917908
1000,178,naive,psi0,-0.5195182108592595,0.17824093881907857
1000,178,naive,psi1,-0.19266847450496255,0.18519068310784517
1000,178,corrected,psi0,0.7795082382876971,0.20626820883167574
1000,178,corrected,psi1,0.3346468373697054,0.21326599367600715
1000,179,naive,psi0,-0.033467219844399564,0.1752020996695552
1000,179,naive,psi1,0.30037969403086573,0.17587529398797278
1000,179,corrected,psi0,1.301710433959354,0.2043957073065825
1000,179,corrected,psi1,0.7944919444059304,0.20395134781172555
1000,180,naive,psi0,0.026894612942926818,0.176049690103646
1000,180,naive,psi1,0.2743391477876555,0.18087270328228455
1000,180,corrected,psi0,1.43004885124263,0.20673372557975053
1000,180,corrected,psi1,0.7711807213198905,0.21028318660642498
1000,181,naive,psi0,-0.143936789083121,0.18086529298954404
1000,181,naive,psi1,0.330649433701931,0.18309047848203863
1000,181,corrected,psi0,1.123004186864796,0.20829499540394902
1000,181,corrected,psi1,0.8969672185925964,0.21223298772600527
1000,182,naive,psi0,-0.20969641198710398,0.17779184623525035
1000,182,naive,psi1,0.1845773703075449,0.17894559393497977
1000,182,corrected,psi0,1.0698251134487085,0.20772538592965514
1000,182,corrected,psi1,0.7529789038440903,0.21040022633062722
1000,183,naive,psi0,-0.40931979451914025,0.179843137686259
1000,183,naive,psi1,0.08085190042374321,0.19342042699632503
1000,183,corrected,psi0,0.8431167166738439,0.20941970651580222
1000,183,corrected,psi1,0.593871988496358,0.2298283894565158
1000,184,naive,psi0,-0.303013467250211,0.18485577104839288
1000,184,naive,psi1,0.3237546983869294,0.1952123921631745
1000,184,corrected,psi0,0.9090256917147789,0.2126285988282191
1000,184,corrected,psi1,0.9084318796772868,0.2225193536466181
1000,185,naive,psi0,-0.228062059381209,0.1811485775735688
1000,185,naive,psi1,0.17477592656305188,0.18490150483371165
1000,185,corrected,psi0,1.1058056603417374,0.20867967449230607
1000,185,corrected,psi1,0.6245717148177339,0.2115563176250575
1000,186,naive,psi0,-0.6224008492157581,0.18380823964291762
1000,186,naive,psi1,0.33732310837660284,0.195050956659454
1000,186,corrected,psi0,0.5921229392423086,0.21329308642246772
1000,186,corrected,psi1,0.9041690592932655,0.22633244050396523
1000,187,naive,psi0,-0.27513185256939837,0.18699738215557257
1000,187,naive,psi1,-0.41252874035997134,0.21987595070586988
1000,187,corrected,psi0,0.8882574085853835,0.21870715553701303
1000,187,corrected,psi1,0.064970968367118,0.2532547349231869
1000,188,naive,psi0,-0.4837129475508472,0.1762404092291094
1000,188,naive,psi1,-0.17644508233728945,0.1750617557637099
1000,188,corrected,psi0,0.7184631946598112,0.20738617324145756
1000,188,corrected,psi1,0.3116934170699892,0.20501129960703832
1000,189,naive,psi0,-0.22749575243319753,0.18586386164791874
1000,189,naive,psi1,-0.3113866870201931,0.20230204438435934
1000,189,corrected,psi0,1.0420147567297384,0.21511541188586578
1000,189,corrected,psi1,0.131790130965323,0.2335737191931013
1000,190,naive,psi0,-0.24645538234311412,0.18376839503177364
1000,190,naive,psi1,-0.09584475583275907,0.19299780156628418
1000,190,corrected,psi0,1.055011741198752,0.21313378311280895
1000,190,corrected,psi1,0.36649643828309736,0.22183261790247408
1000,191,naive,psi0,-0.16736029116585435,0.17530478278625794
1000,191,naive,psi1,-0.024850125386438274,0.195583463076874
1000,191,corrected,psi0,1.1229792675794836,0.20154847028921075
1000,191,corrected,psi1,0.49354650425993274,0.22180740811394825
1000,192,naive,psi0,0.00992717199255007,0.18761406586402604
1000,192,naive,psi1,0.25551896691436143,0.1927528285060541
1000,192,corrected,psi0,1.2996960027101074,0.2168342908650528
1000,192,corrected,psi1,0.8330064734744888,0.2224705268496542
1000,193,naive,psi0,-0.5390905129977299,0.18131491435327302
1000,193,naive,psi1,-0.22162587653670254,0.1958880754359733
1000,193,corrected,psi0,0.6856337591773369,0.2110002102734994
1000,193,corrected,psi1,0.3523954094315295,0.23028200845100283
1000,194,naive,psi0,-0.2689388415141978,0.18597361024663517
1000,194,naive,psi1,-0.2892451031771578,0.22072579347399432
1000,194,corrected,psi0,1.0335774063729422,0.21549121829622592
1000,194,corrected,psi1,0.12863825584185168,0.25539180500972514
1000,195,naive,psi0,-0.24557671600319145,0.17099769258583697
1000,195,naive,psi1,0.16924392440915337,0.183377706010484
1000,195,corrected,psi0,1.1144456751643532,0.19773885163546617
1000,195,corrected,psi1,0.662412789212789,0.2128522458264183
1000,196,naive,psi0,-0.28512718005607074,0.17602282478867387
1000,196,naive,psi1,-0.07850524752587318,0.18070909918607841
1000,196,corrected,psi0,0.8986276853459104,0.2089283266759242
1000,196,corrected,psi1,0.3651150160725519,0.21055345086958147
1000,197,naive,psi0,-0.011581575134437506,0.17596072013585343
1000,197,naive,psi1,0.1250819311671412,0.18074573010020994
1000,197,corrected,psi0,1.255790063704821,0.20241880422915592
1000,197,corrected,psi1,0.6693779327107791,0.21025964127382626
1000,198,naive,psi0,-0.24141594500057037,0.18723430650154604
1000,198,naive,psi1,0.0005984134522315163,0.20120152560883908
1000,198,corrected,psi0,1.053766149991606,0.21872194068135123
1000,198,corrected,psi1,0.5230618549996948,0.23550620725594706
1000,199,naive,psi0,-0.21347094938709796,0.1830073970410873
1000,199,naive,psi1,-0.0293061685104712,0.19375644075096718
1000,199,corrected,psi0,1.0480103709013877,0.20916419035046352
1000,199,corrected,psi1,0.5163632450052047,0.22195201014312751
1000,200,naive,psi0,-0.5530333144334557,0.18362372669029908
1000,200,naive,psi1,-0.3007335022967489,0.20459312727594925
1000,200,corrected,psi0,0.7003332920384758,0.2139757207975524
1000,200,corrected,psi1,0.1172595625494668,0.2388644233050781
1000,201,naive,psi0,-0.33749623228133113,0.18136795981893683
1000,201,naive,psi1,0.27061699414194984,0.19240413920266225
1000,201,corrected,psi0,0.9762319103456673,0.2114812798892237
1000,201,corrected,psi1,0.7770667410537377,0.22679579762336644
1000,202,naive,psi0,-0.5710514637665703,0.18080145352181254
1000,202,naive,psi1,-0.08337270378378168,0.18061769856196258
1000,202,corrected,psi0,0.616190434842728,0.21110331719196718
1000,202,corrected,psi1,0.44142579177572205,0.21163960410685856
1000,203,naive,psi0,-0.22259262378599798,0.18392752755390923
1000,203,naive,psi1,-0.07673142119399562,0.21811141162333345
1000,203,corrected,psi0,1.0796040290185644,0.21626591231533918
1000,203,corrected,psi1,0.41396418872720037,0.24850131522743574
1000,204,naive,psi0,-0.14544816889511514,0.181835353418098
1000,204,naive,psi1,-0.2151898733833952,0.18457727490434778
1000,204,corrected,psi0,1.1445823622672786,0.21067894760383954
1000,204,corrected,psi1,0.1944718012487184,0.21338667034971015
1000,205,naive,psi0,0.034093541308492445,0.17946077607137864
1000,205,naive,psi1,0.18823561448212484,0.19222390969750003
1000,205,corrected,psi0,1.387742780409333,0.20812006181110945
1000,205,corrected,psi1,0.6956839803834023,0.22352270560886847
1000,206,naive,psi0,0.04594714803614251,0.18413483941282324
1000,206,naive,psi1,0.037062523232263805,0.1890259434030604
1000,206,corrected,psi0,1.481684938519135,0.21011216084695064
1000,206,corrected,psi1,0.5195585618013124,0.2148360944537135
1000,207,naive,psi0,-0.18994268182734542,0.1793734968651491
1000,207,naive,psi1,0.050521236278067254,0.2145830969887945
1000,207,corrected,psi0,1.0207608106944515,0.20985605651369219
1000,207,corrected,psi1,0.6283862046610363,0.24812381135448122
1000,208,naive,psi0,0.0420502839836605,0.17789617650274278
1000,208,naive,psi1,-0.16408789072208824,0.18895440026254667
1000,208,corrected,psi0,1.3760094063684973,0.20747015035732172
1000,208,corrected,psi1,0.337454220922351,0.2194474890631408
1000,209,naive,psi0,-0.18620213004353017,0.18435299743234754
1000,209,naive,psi1,0.009432531683253094,0.18392007293695134
1000,209,corrected,psi0,1.0375332612533914,0.21795671788315027
1000,209,corrected,psi1,0.5458497786775359,0.2260898324947326
1000,210,naive,psi0,-0.26471385882425014,0.18249266827591243
1000,210,naive,psi1,0.04615923717104036,0.2145351126339216
1000,210,corrected,psi0,1.0911114885629951,0.20998283768165668
1000,210,corrected,psi1,0.6139002140223553,0.2551628997183014
1000,211,naive,psi0,-0.020752637735580667,0.17451257599444492
1000,211,naive,psi1,0.06879920130363998,0.17849139679497777
1000,211,corrected,psi0,1.2708157614669384,0.20085910183397568
1000,211,corrected,psi1,0.6294107532331419,0.2044541262753292
1000,212,naive,psi0,-0.41807514856905625,0.18945894086705578
1000,212,naive,psi1,0.0437399665966822,0.19282092829876746
1000,212,corrected,psi0,0.8585906647567398,0.21809331033825977
1000,212,corrected,psi1,0.5331870293984899,0.21885021755179251
1000,213,naive,psi0,-0.33589906993007024,0.17936194750809947
1000,213,naive,psi1,-0.21480227007290076,0.18261712869212635
1000,213,corrected,psi0,0.8202332426561433,0.20829222849803725
1000,213,corrected,psi1,0.22982652292006603,0.20955382914848414
1000,214,naive,psi0,-0.4558104930785222,0.1873999824585663
1000,214,naive,psi1,0.05162148239611437,0.18647725724354902
1000,214,corrected,psi0,0.8338260827633297,0.2150407439529128
1000,214,corrected,psi1,0.5695704996522863,0.21402315787430148
1000,215,naive,psi0,-0.2500568412012481,0.18495959075793697
1000,215,naive,psi1,-0.2533168739475248,0.22294821862454345
1000,215,corrected,psi0,1.0817698617677864,0.21436684519297342
1000,215,corrected,psi1,0.19687763613854076,0.25499643935134947
1000,216,naive,psi0,-0.5085703691092587,0.1831083451248721
1000,216,naive,psi1,-0.09663261846211746,0.21145335481755423
1000,216,corrected,psi0,0.6800784643566312,0.21084914471144892
1000,216,corrected,psi1,0.44335776267629967,0.2406192221055797
1000,217,naive,psi0,-0.3475947604355824,0.1750031681838761
1000,217,naive,psi1,0.18089760121264653,0.20581292552346375
1000,217,corrected,psi0,0.9461364706299441,0.20128054644930707
1000,217,corrected,psi1,0.6730648471722297,0.23734607349978395
1000,218,naive,psi0,-0.25478494429485615,0.18575955031205788
1000,218,naive,psi1,-0.31769744741180006,0.1897700771767629
1000,218,corrected,psi0,1.0977859892757045,0.21428037422520818
1000,218,corrected,psi1,0.12033248625066513,0.22005662256952585
1000,219,naive,psi0,-0.09890432352978981,0.1803432000028961
1000,219,naive,psi1,0.025627513719610317,0.20036627873405907
1000,219,corrected,psi0,1.2145668491563284,0.207952110305915
1000,219,corrected,psi1,0.5061375868423976,0.2316915796264396
1000,220,naive,psi0,-0.2874921414518669,0.17514420530691996
1000,220,naive,psi1,-0.04046308637926751,0.19500394237711927
1000,220,corrected,psi0,0.9989211601546728,0.204866599756871
1000,220,corrected,psi1,0.41625219578496725,0.23331214120712285
1000,221,naive,psi0,-0.21654616693305337,0.1773364896719613
1000,221,naive,psi1,-0.12609810256141324,0.19410246805258577
1000,221,corrected,psi0,1.0708540698967324,0.20620634720603886
1000,221,corrected,psi1,0.3444282137845632,0.22028238276490314
1000,222,naive,psi0,-0.2534734067786211,0.17042149828457345
1000,222,naive,psi1,-0.05098479261987112,0.16813935991040868
1000,222,corrected,psi0,1.1323078085939888,0.1971971652408158
1000,222,corrected,psi1,0.4421470426684865,0.1923027664223178
1000,223,naive,psi0,-0.3507641968121355,0.17967943683848622
1000,223,naive,psi1,0.07622547978186406,0.17769178862844925
1000,223,corrected,psi0,0.9002255050094722,0.20805138637603557
1000,223,corrected,psi1,0.5950304413768992,0.20192282415161253
1000,224,naive,psi0,-0.11737548345408731,0.17877623598108727
1000,224,naive,psi1,-0.14625845396749365,0.18127912472795807
1000,224,corrected,psi0,1.2063969567293846,0.21104660209388676
1000,224,corrected,psi1,0.27907238213208546,0.21736277274130578
1000,225,naive,psi0,-0.17943525563768728,0.18401798957546348
1000,225,naive,psi1,-0.19507240679717835,0.18740678916109954
1000,225,corrected,psi0,1.1206822067811175,0.212931978378358
1000,225,corrected,psi1,0.199057693265346,0.2147669557268766
1000,226,naive,psi0,-0.5120509447364938,0.1838404178852388
1000,226,naive,psi1,-0.1306392313495793,0.20495663596613903
1000,226,corrected,psi0,0.7672211639752891,0.21390393578203235
1000,226,corrected,psi1,0.4825607793570023,0.24390862489180332
1000,227,naive,psi0,-0.215132558054418,0.18168503429485133
1000,227,naive,psi1,0.13643746730911002,0.18410540703995737
1000,227,corrected,psi0,1.077259465613018,0.21266307993063113
1000,227,corrected,psi1,0.6449667182052987,0.21182248721524846
1000,228,naive,psi0,-0.7611178305799537,0.1827237215674844
1000,228,naive,psi1,-0.054426094947654734,0.19948097490191735
1000,228,corrected,psi0,0.4034904525552462,0.21525640858393608
1000,228,corrected,psi1,0.5307689847403668,0.23944973372131992
1000,229,naive,psi0,-0.2995968090169906,0.17906581817100578
1000,229,naive,psi1,-0.15722554046589546,0.17829946962517026
1000,229,corrected,psi0,0.9835447830013447,0.20747027716559757
1000,229,corrected,psi1,0.3034687782776437,0.20907294087282507
1000,230,naive,psi0,-0.19468374445009132,0.17375498335185535
1000,230,naive,psi1,-0.002873507809096811,0.21197407164673415
1000,230,corrected,psi0,1.1620239722077252,0.20181724976638332
1000,230,corrected,psi1,0.4979343052939999,0.24597625804267623
1000,231,naive,psi0,-0.13539993209957696,0.17848872177559327
1000,231,naive,psi1,0.05639993757580804,0.17731107152660702
1000,231,corrected,psi0,1.1182110157157255,0.20832593838772775
1000,231,corrected,psi1,0.5941723527501892,0.2044474983668994
1000,232,naive,psi0,-0.2698213674253524,0.17428298230236938
1000,232,naive,psi1,-0.031860490014650515,0.18120339806999936
1000,232,corrected,psi0,1.0459807476443788,0.20417730656506758
1000,232,corrected,psi1,0.48497114206872033,0.22341106538905534
1000,233,naive,psi0,-0.04119710418531688,0.17883305709846195
1000,233,naive,psi1,-0.27016883189952356,0.19361009679598581
1000,233,corrected,psi0,1.2535833009551673,0.20730742138757335
1000,233,corrected,psi1,0.20899872373964976,0.22506554285361005
1000,234,naive,psi0,-0.25873662626661703,0.17600449246321548
1000,234,naive,psi1,-0.35486031129895146,0.17103517123492276
1000,234,corrected,psi0,1.0960065876632579,0.2057161697278221
1000,234,corrected,psi1,0.04661045329599843,0.1954312471923619
1000,235,naive,psi0,-0.2549366776454641,0.18943324202199224
1000,235,naive,psi1,0.0670035495515342,0.2060196491992198
1000,235,corrected,psi0,0.9769374194077057,0.22272777215279987
1000,235,corrected,psi1,0.666686503729823,0.2509890711406342
1000,236,naive,psi0,-0.19262178904656402,0.17647087108082818
1000,236,naive,psi1,0.012965879789745838,0.18126987463055094
1000,236,corrected,psi0,1.13179575622159,0.20246337184929222
1000,236,corrected,psi1,0.430740895581367,0.20474961139725376
1000,237,naive,psi0,-0.01091949805146628,0.18377122948118904
1000,237,naive,psi1,0.16525582151717597,0.19248815841376507
1000,237,corrected,psi0,1.3196531388515815,0.21006466815967995
1000,237,corrected,psi1,0.6791821832827207,0.2216432722187401
1000,238,naive,psi0,0.09829032677236471,0.18203086037017757
1000,238,naive,psi1,-0.29204237699339886,0.1859706469340824
1000,238,corrected,psi0,1.449608790716325,0.21173113526954887
1000,238,corrected,psi1,0.07900594499310826,0.21366357958740131
1000,239,naive,psi0,-0.34703454895224284,0.1819899792779387
1000,239,naive,psi1,-0.06698833308139399,0.16837573800405478
1000,239,corrected,psi0,0.897224723549651,0.21207190210364127
1000,239,corrected,psi1,0.507266984462697,0.1962490767151072
1000,240,naive,psi0,-0.27219891858526357,0.17932253681665666
1000,240,naive,psi1,0.05944371798448993,0.18942245599359991
1000,240,corrected,psi0,1.0079063441482543,0.2100604969289989
1000,240,corrected,psi1,0.5190765099336547,0.22367848496668505
1000,241,naive,psi0,-0.15980165229392182,0.18515025116314474
1000,241,naive,psi1,0.16731044720562632,0.1832344526938396
1000,241,corrected,psi0,1.1227468778540852,0.2128990602497104
1000,241,corrected,psi1,0.7399330182561367,0.21242949595975186
1000,242,naive,psi0,-0.13006974544197006,0.18647486685201828
1000,242,naive,psi1,0.22761649986601912,0.18679602579930543
1000,242,corrected,psi0,1.179101856735422,0.2160164534806304
1000,242,corrected,psi1,0.7364016942821557,0.21151150962788165
1000,243,naive,psi0,-0.12504587478761559,0.1824634557368879
1000,243,naive,psi1,0.20654791089842642,0.17610612702279355
1000,243,corrected,psi0,1.1640909253863208,0.21155597359252806
1000,243,corrected,psi1,0.7288712914613997,0.20431369524966278
1000,244,naive,psi0,0.020845115315562227,0.17721263683725758
1000,244,naive,psi1,-0.013976874216048261,0.1888213997482025
1000,244,corrected,psi0,1.3632250288745487,0.20583118684976714
1000,244,corrected,psi1,0.44894992368530734,0.21735217068992305
1000,245,naive,psi0,-0.28605690605363515,0.18272048260759172
1000,245,naive,psi1,-0.3160858445522971,0.19081411557490519
1000,245,corrected,psi0,0.9539766835653107,0.21382596903449108
1000,245,corrected,psi1,0.2298773482758304,0.22385980260972954
1000,246,naive,psi0,-0.2560166828131424,0.17493833119097563
1000,246,naive,psi1,-0.30079231878889756,0.2004371284045786
1000,246,corrected,psi0,0.9857628737379533,0.20458890805661972
1000,246,corrected,psi1,0.12362276419048522,0.2371840819230983
1000,247,naive,psi0,-0.07577165996057088,0.18951968033959968
1000,247,naive,psi1,-0.24815947318269782,0.1962182076679992
1000,247,corrected,psi0,1.2762028888611918,0.22081161118804304
1000,247,corrected,psi1,0.20751057648366505,0.22829698116899932
1000,248,naive,psi0,-0.11264920285297271,0.17696831737190488
1000,248,naive,psi1,-0.20823955612162656,0.17567277446472027
1000,248,corrected,psi0,1.1902215806297445,0.20594459801727322
1000,248,corrected,psi1,0.22528685333057286,0.197915665720506
1000,249,naive,psi0,-0.3312171691221453,0.17841403270956502
1000,249,naive,psi1,0.1624222205947854,0.19734145512943654
1000,249,corrected,psi0,0.9125658058193281,0.2073275783489677
1000,249,corrected,psi1,0.7688143631675242,0.23014704610562406
1000,250,naive,psi0,-0.5425182047375832,0.18374373989358408
1000,250,naive,psi1,-0.12961870460318012,0.19708985161493134
1000,250,corrected,psi0,0.7059015664192324,0.2133592854163737
1000,250,corrected,psi1,0.35365559402179736,0.22936543062059644
1000,251,naive,psi0,-0.3245025207482488,0.17710799936714547
1000,251,naive,psi1,0.32439726591519974,0.20195122668759483
1000,251,corrected,psi0,0.9409144781445543,0.20612046264862965
1000,251,corrected,psi1,0.7884820609864255,0.2298632424130458
1000,252,naive,psi0,0.12065761854263711,0.18549940764459302
1000,252,naive,psi1,0.019488585800544026,0.20371834546415615
1000,252,corrected,psi0,1.4137079805419501,0.22114616208352308
1000,252,corrected,psi1,0.599047482902642,0.24375083319460852
1000,253,naive,psi0,-0.6245655751060062,0.17962118683174016
1000,253,naive,psi1,-0.24218707879735749,0.1867592499968832
1000,253,corrected,psi0,0.5695526356650769,0.20647557717755652
1000,253,corrected,psi1,0.20661522653446987,0.2093160525607923
1000,254,naive,psi0,-0.35969123645560036,0.17990519113671163
1000,254,naive,psi1,-0.17323514704763407,0.19464207307561732
1000,254,corrected,psi0,0.8355462451619479,0.20862411759319746
1000,254,corrected,psi1,0.33864367156196346,0.22184935172142614
1000,255,naive,psi0,-0.2781684108410832,0.17591903460098354
1000,255,naive,psi1,-0.04314473750349054,0.1802049864523222
1000,255,corrected,psi0,0.9731432393059509,0.20608673942915245
1000,255,corrected,psi1,0.4628352136933565,0.2137752728332488
1000,256,naive,psi0,0.003865250982348645,0.1817342141120481
1000,256,naive,psi1,-0.34278835392782975,0.19669104103319118
1000,256,corrected,psi0,1.3419031474369398,0.2120973402120287
1000,256,corrected,psi1,0.029839248928047304,0.2285383276740341
1000,257,naive,psi0,-0.42336009259623375,0.17741263314365852
1000,257,naive,psi1,0.1827236977294161,0.19482997091958204
1000,257,corrected,psi0,0.8366575857558733,0.21142093316480118
1000,257,corrected,psi1,0.773200276520337,0.23538208420427706
1000,258,naive,psi0,-0.4585955215423624,0.17835846128799943
1000,258,naive,psi1,0.21286617963110308,0.1773092916119499
1000,258,corrected,psi0,0.8397023231815252,0.20765583918970773
1000,258,corrected,psi1,0.6627906487241805,0.2095716174855597
1000,259,naive,psi0,-0.49681817486811036,0.1751257929029493
1000,259,naive,psi1,0.08775696047453767,0.1661006033288061
1000,259,corrected,psi0,0.668397402406391,0.20653110073895029
1000,259,corrected,psi1,0.6323455599595807,0.2025876393021057
1000,260,naive,psi0,-0.0295583414217365,0.18957112902854328
1000,260,naive,psi1,-0.0986226857043106,0.20505688281050177
1000,260,corrected,psi0,1.2333314820851524,0.22100315299074613
1000,260,corrected,psi1,0.3780474582858372,0.2406986543183188
1000,261,naive,psi0,-0.30308191463528733,0.1801289407328059
1000,261,naive,psi1,0.0035456257690789604,0.1966303671284577
1000,261,corrected,psi0,1.0036752158683122,0.21036450060435144
1000,261,corrected,psi1,0.509740303269668,0.23690355687575582
1000,262,naive,psi0,-0.051523262607813855,0.1785487649404107
1000,262,naive,psi1,-0.15282740860610333,0.183539941032312
1000,262,corrected,psi0,1.1921882373146286,0.2085709619084827
1000,262,corrected,psi1,0.35428897497026285,0.22088855896891302
1000,263,naive,psi0,-0.2761834604600309,0.1743297248044823
1000,263,naive,psi1,0.3455485056285406,0.17687758314845936
1000,263,corrected,psi0,0.9760806956184014,0.20069786340993406
1000,263,corrected,psi1,0.879964996204248,0.20285663599272905
1000,264,naive,psi0,-0.10599124675810719,0.1846489277414845
1000,264,naive,psi1,0.30110733751789,0.19257429039863586
1000,264,corrected,psi0,1.2405950233451255,0.21240149828057472
1000,264,corrected,psi1,0.8338219249990031,0.22350264893404828
1000,265,naive,psi0,-0.0097444705899933,0.1791677308742562
1000,265,naive,psi1,0.1841461533788944,0.1771284316792091
1000,265,corrected,psi0,1.2828368374667765,0.2092319960997208
1000,265,corrected,psi1,0.6921362769223112,0.20798059602356014
1000,266,naive,psi0,-0.06165493057789595,0.17414683396754563
1000,266,naive,psi1,-0.020064647713038147,0.18227052708547523
1000,266,corrected,psi0,1.2223552337711792,0.20212355806173976
1000,266,corrected,psi1,0.5513945863054247,0.2108343332716445
1000,267,naive,psi0,-0.024329858300421774,0.1849738268650138
1000,267,naive,psi1,0.026040288139746137,0.1756384574281454
1000,267,corrected,psi0,1.2716151251052892,0.21525707573079886
1000,267,corrected,psi1,0.5092347521465423,0.20772632163932414
1000,268,naive,psi0,-0.29933278036965794,0.17464393383536897
1000,268,naive,psi1,-0.005085456011370899,0.1730349104511647
1000,268,corrected,psi0,0.9505852844900066,0.2040477611657694
1000,268,corrected,psi1,0.5140825162908018,0.1957494229549268
1000,269,naive,psi0,-0.4378561298997558,0.1788902895996603
1000,269,naive,psi1,0.32884247497264496,0.2120130688669565
1000,269,corrected,psi0,0.8769522097903284,0.20941838757308498
1000,269,corrected,psi1,0.9353199456556026,0.25362854047860034
1000,270,naive,psi0,-0.31541739434291083,0.18545025703932252
1000,270,naive,psi1,0.11265721859749442,0.1906700134767647
1000,270,corrected,psi0,0.82013137678367,0.21483554890695758
1000,270,corrected,psi1,0.677880582542194,0.22382315622930585
1000,271,naive,psi0,-0.29466489243618,0.1898995666315724
1000,271,naive,psi1,0.14195729978735888,0.17970394241328028
1000,271,corrected,psi0,1.016044627358508,0.2192663944201443
1000,271,corrected,psi1,0.6448005653726177,0.20681131819931986
1000,272,naive,psi0,-0.24869167082402963,0.18485056328271904
1000,272,naive,psi1,-0.04841835782095235,0.21830046035522815
1000,272,corrected,psi0,1.0602532301781236,0.21437209819845016
1000,272,corrected,psi1,0.3908354970983244,0.2497664131443654
1000,273,naive,psi0,-0.43348472398650384,0.18551342098773846
1000,273,naive,psi1,-0.21272220814567294,0.19018713544647664
1000,273,corrected,psi0,0.8460879673451202,0.2155668719064975
1000,273,corrected,psi1,0.30203617162116886,0.22265485555746792
1000,274,naive,psi0,-0.4431510192953473,0.17701576229782687
1000,274,naive,psi1,-0.13588347751859933,0.1733219816747821
1000,274,corrected,psi0,0.7969618403369692,0.20397344733924377
1000,274,corrected,psi1,0.31719693984847536,0.20298731782862256
1000,275,naive,psi0,-0.14535151327189716,0.17563962358779395
1000,275,naive,psi1,-0.10408131128030985,0.18599122721255357
1000,275,corrected,psi0,1.1364638998130259,0.20802103285582502
1000,275,corrected,psi1,0.43856458688939415,0.2204205623189257
1000,276,naive,psi0,-0.16911651904419345,0.18741048725861065
1000,276,naive,psi1,0.039657387661554654,0.1960946186210036
1000,276,corrected,psi0,1.1383334479778926,0.21691332920389927
1000,276,corrected,psi1,0.5196295440542424,0.22415638209146863
1000,277,naive,psi0,-0.6065790466672538,0.18222794329036948
1000,277,naive,psi1,0.36512858611742766,0.18318331616907355
1000,277,corrected,psi0,0.5653115156201889,0.2119547019940097
1000,277,corrected,psi1,0.9097974839292212,0.21206550388857143
1000,278,naive,psi0,-0.23998847988494862,0.18451636434942317
1000,278,naive,psi1,-0.11965724931811422,0.20382124017085854
1000,278,corrected,psi0,1.0140503157188008,0.21830712789239126
1000,278,corrected,psi1,0.3745534925789166,0.2405818032115584
1000,279,naive,psi0,-0.0016756725302712505,0.17756118908232754
1000,279,naive,psi1,-0.062130208144602794,0.1799207360743033
1000,279,corrected,psi0,1.3082613441441642,0.20505760082625407
1000,279,corrected,psi1,0.501328827618342,0.2084707007737444
1000,280,naive,psi0,-0.05668986025451179,0.18119414261576067
1000,280,naive,psi1,0.06651818757324046,0.21037929221204868
1000,280,corrected,psi0,1.212718563923519,0.2107230869103723
1000,280,corrected,psi1,0.5931665184298711,0.24593282890599052
1000,281,naive,psi0,-0.20121648281472537,0.18042077001528287
1000,281,naive,psi1,-0.24238175126832257,0.1761118665154375
1000,281,corrected,psi0,1.0233044259409458,0.206046045722128
1000,281,corrected,psi1,0.2764046058914086,0.19805811338731324
1000,282,naive,psi0,0.03487872886494001,0.17835741222098547
1000,282,naive,psi1,-0.08286944997780782,0.18792220981169178
1000,282,corrected,psi0,1.3320627771313356,0.20868861535324937
1000,282,corrected,psi1,0.47210386054514397,0.21397209326681005
1000,283,naive,psi0,-0.04054517155857529,0.1771640039455589
1000,283,naive,psi1,-0.5431233134872802,0.20665225545812319
1000,283,corrected,psi0,1.2574013451151926,0.20512863516932697
1000,283,corrected,psi1,-0.15228492522046344,0.2402287672492268
1000,284,naive,psi0,-0.42669429701173184,0.18147629580164076
1000,284,naive,psi1,-0.2625587083952126,0.17796540608678568
1000,284,corrected,psi0,0.766785906024813,0.21166141702719493
1000,284,corrected,psi1,0.19635792718132558,0.20859773964384998
1000,285,naive,psi0,-0.2819936949001738,0.19198770574683183
1000,285,naive,psi1,0.15710459792414422,0.1986489282509642
1000,285,corrected,psi0,1.0265635383754979,0.22316650149920053
1000,285,corrected,psi1,0.6509355325282216,0.22988314079844904
1000,286,naive,psi0,-0.7419594880876693,0.17882564390343206
1000,286,naive,psi1,-0.0046470354681174735,0.1927154537357364
1000,286,corrected,psi0,0.4605131304418449,0.20922340156082705
1000,286,corrected,psi1,0.5096566184417755,0.22531076707547246
1000,287,naive,psi0,0.04791377812984839,0.1702905931794487
1000,287,naive,psi1,0.012648970238522938,0.17481426641553208
1000,287,corrected,psi0,1.3729924025577942,0.19837758724583826
1000,287,corrected,psi1,0.5253689583214326,0.20194117371434536
1000,288,naive,psi0,-0.31456101508729256,0.17984710777672627
1000,288,naive,psi1,-0.15743506966266535,0.18995335469618527
1000,288,corrected,psi0,0.9387374026997802,0.21028746005082535
1000,288,corrected,psi1,0.24238848282120842,0.224543670514396
1000,289,naive,psi0,-0.5882173919332976,0.17037472684128044
1000,289,naive,psi1,-0.01449967980473837,0.19701058063459317
1000,289,corrected,psi0,0.6531906296065294,0.19955555784363066
1000,289,corrected,psi1,0.47277282539275833,0.23048442204716693
1000,290,naive,psi0,-0.13118919611863272,0.18163218776614093
1000,290,naive,psi1,0.22791865352403168,0.17842008454108554
1000,290,corrected,psi0,1.0993886016221794,0.2096368249519543
1000,290,corrected,psi1,0.7737388205078131,0.20346131860014302
1000,291,naive,psi0,-0.3952637187150964,0.1752591236521734
1000,291,naive,psi1,0.09571887713585005,0.18104999746229458
1000,291,corrected,psi0,0.8924052513081825,0.2024755108631092
1000,291,corrected,psi1,0.5629753965255335,0.20563100648990554
1000,292,naive,psi0,-0.35886955747756744,0.1797552710177098
1000,292,naive,psi1,-0.18380376728281875,0.16779679323945484
1000,292,corrected,psi0,0.9233732059694639,0.2081417447029255
1000,292,corrected,psi1,0.3267880198772668,0.1965660596586304
1000,293,naive,psi0,-0.2220695584580585,0.1757893426303038
1000,293,naive,psi1,0.08680175891275096,0.1738862440366833
1000,293,corrected,psi0,1.0563528135845726,0.2049556821813133
1000,293,corrected,psi1,0.596357374081532,0.19888632923326505
1000,294,naive,psi0,0.007934496916030834,0.17641189700573434
1000,294,naive,psi1,-0.16229347937189184,0.18054969058332332
1000,294,corrected,psi0,1.3450856291709778,0.20210030562529724
1000,294,corrected,psi1,0.2901506255580589,0.2030399393373257
1000,295,naive,psi0,-0.41944213358724386,0.18709864174361288
1000,295,naive,psi1,0.1935594001973602,0.20630178828808468
1000,295,corrected,psi0,0.8092244279509642,0.21649621885869003
1000,295,corrected,psi1,0.7037543564271178,0.23883015077594505
1000,296,naive,psi0,0.014144254830054052,0.18150589771000805
1000,296,naive,psi1,-0.13084682731791347,0.17261002919024526
1000,296,corrected,psi0,1.3401761003921397,0.21068849324679084
1000,296,corrected,psi1,0.4213777412623909,0.20269523215152654
1000,297,naive,psi0,-0.06419780165163436,0.1904067742293142
1000,297,naive,psi1,0.13664980279964464,0.19895289045077671
1000,297,corrected,psi0,1.2605117688123708,0.22109607178763216
1000,297,corrected,psi1,0.6248924307018647,0.23591421438280535
1000,298,naive,psi0,-0.20920259455140844,0.18116615558853813
1000,298,naive,psi1,0.05665664834084045,0.19463413005259528
1000,298,corrected,psi0,1.1322729738445494,0.2089033368825206
1000,298,corrected,psi1,0.5211877220520669,0.2223639166822115
1000,299,naive,psi0,-0.12241464762990457,0.1779228357027845
1000,299,naive,psi1,0.1290995720682615,0.19042046118888759
1000,299,corrected,psi0,1.1763028417939234,0.20978278269183093
1000,299,corrected,psi1,0.7391876479411104,0.23152721963972542
1000,300,naive,psi0,-0.5026818441765826,0.18072177214747706
1000,300,naive,psi1,0.32691510715245853,0.1905119460865943
1000,300,corrected,psi0,0.7404749135405702,0.20941917602779012
1000,300,corrected,psi1,0.9011442053256189,0.21711528494994142
1000,301,naive,psi0,-0.32596009221894656,0.18320750904688327
1000,301,naive,psi1,0.22659689478090292,0.20530689941530725
1000,301,corrected,psi0,0.9507801300295116,0.21795428454451354
1000,301,corrected,psi1,0.7997150869845252,0.24605604060611339
1000,302,naive,psi0,-0.3196545244366742,0.17278185306277935
1000,302,naive,psi1,0.27888076540564166,0.17551187679820038
1000,302,corrected,psi0,0.9908995044906764,0.20419995850428477
1000,302,corrected,psi1,0.85303563179938,0.2051346571829008
1000,303,naive,psi0,-0.8769562437216283,0.183344628895118
1000,303,naive,psi1,-0.21483430445341514,0.2066031086792848
1000,303,corrected,psi0,0.3512744116461865,0.21133183096812475
1000,303,corrected,psi1,0.23951383890600098,0.23493388855453753
1000,304,naive,psi0,-0.20820009585473362,0.17986592466242513
1000,304,naive,psi1,-0.09576766454974595,0.18189395990050058
1000,304,corrected,psi0,1.0398330873265258,0.20980917766100207
1000,304,corrected,psi1,0.3615021195880285,0.21092212303534744
1000,305,naive,psi0,-0.41975688240085895,0.18015174984192323
1000,305,naive,psi1,-0.03228855857270214,0.19919831637768742
1000,305,corrected,psi0,0.8598424915358743,0.21265770434837986
1000,305,corrected,psi1,0.34924642996414285,0.23143199958324778
1000,306,naive,psi0,-0.1619856705488846,0.1780395572942609
1000,306,naive,psi1,0.15782869930823795,0.20400822025185125
1000,306,corrected,psi0,1.0920789881663144,0.20754656071556118
1000,306,corrected,psi1,0.6739254448229438,0.23993689309591626
1000,307,naive,psi0,-0.20575881581063976,0.17859937171376633
1000,307,naive,psi1,-0.013268442287973619,0.181048174059428
1000,307,corrected,psi0,1.137105554261217,0.20807362249494438
1000,307,corrected,psi1,0.4304159550012598,0.21149725500848393
1000,308,naive,psi0,-0.40856231654933883,0.18370181175969008
1000,308,naive,psi1,0.14912559985650353,0.20374916324634226
1000,308,corrected,psi0,0.8798476664175703,0.21526473683667333
1000,308,corrected,psi1,0.7159859781667621,0.24662586082521715
1000,309,naive,psi0,-0.122336161063133,0.17830812088371456
1000,309,naive,psi1,-0.10764372593408807,0.1941674101833548
1000,309,corrected,psi0,1.207727476548426,0.20832779649297614
1000,309,corrected,psi1,0.4216538904444975,0.22630122797481203
1000,310,naive,psi0,-0.4845701990050734,0.18098251979824903
1000,310,naive,psi1,-0.10002445078750369,0.169480969333641
1000,310,corrected,psi0,0.7714635169944082,0.20849025049144002
1000,310,corrected,psi1,0.3596162177535035,0.19410870993218077
1000,311,naive,psi0,-0.23762076538690646,0.1806843913199032
1000,311,naive,psi1,-0.2562227571296598,0.18287904155264054
1000,311,corrected,psi0,0.9721269772307031,0.21005933373540023
1000,311,corrected,psi1,0.225972850488806,0.21251080601179073
1000,312,naive,psi0,-0.4481728376476362,0.18044058795196036
1000,312,naive,psi1,0.5546806139242056,0.1827301192205698
1000,312,corrected,psi0,0.8684458555353576,0.20826144155008972
1000,312,corrected,psi1,1.0649798330801301,0.21149070659419827
1000,313,naive,psi0,-0.0598195225850092,0.18572718254228537
1000,313,naive,psi1,-0.03553964330118817,0.19130915735006573
1000,313,corrected,psi0,1.2047793172277128,0.21485423051470845
1000,313,corrected,psi1,0.4632063154358505,0.2221503200077834
1000,314,naive,psi0,-0.26012902091788387,0.1838358912324802
1000,314,naive,psi1,-0.17438128538909728,0.21418866894515207
1000,314,corrected,psi0,1.0266459605586065,0.21113080141081342
1000,314,corrected,psi1,0.34138442417569587,0.2458136899885828
1000,315,naive,psi0,-0.30525334912454244,0.1759639229266097
1000,315,naive,psi1,0.2590886612220367,0.19940278792142704
1000,315,corrected,psi0,0.9915614159709115,0.20493459387506197
1000,315,corrected,psi1,0.7936681261421162,0.22982776750036285
1000,316,naive,psi0,0.010581828474374064,0.17425558333536723
1000,316,naive,psi1,0.025049569439136037,0.18464951289628423
1000,316,corrected,psi0,1.323710880548256,0.20335372785468395
1000,316,corrected,psi1,0.5458206837550854,0.21793461920585847
1000,317,naive,psi0,-0.18983162147710592,0.17574336517084033
1000,317,naive,psi1,-0.2204609371513449,0.20703498487959138
1000,317,corrected,psi0,1.0719862297210667,0.20767571335160676
1000,317,corrected,psi1,0.31049477314247526,0.24852309482837348
1000,318,naive,psi0,-0.09184519023091359,0.18659369301057688
1000,318,naive,psi1,0.014117792232272636,0.1866025921406428
1000,318,corrected,psi0,1.2204581941544859,0.21728964323958563
1000,318,corrected,psi1,0.49975208220860945,0.2181921129574817
1000,319,naive,psi0,-0.19517006976027737,0.1743341030501987
1000,319,naive,psi1,-0.04751835991351591,0.1805281318460261
1000,319,corrected,psi0,1.0543144078692497,0.2021532778855343
1000,319,corrected,psi1,0.4273854238005656,0.21498415631084777
1000,320,naive,psi0,-0.5525436696587855,0.17342288656470645
1000,320,naive,psi1,0.007408736090221893,0.16815040179919066
1000,320,corrected,psi0,0.7368926967023094,0.2040417639657365
1000,320,corrected,psi1,0.4393375996703315,0.20096987373972286
1000,321,naive,psi0,-0.41986781905224185,0.17766023111371684
1000,321,naive,psi1,0.007956461744155305,0.18692451802218685
1000,321,corrected,psi0,0.8266701709211771,0.20884732552240778
1000,321,corrected,psi1,0.5116213684586878,0.2199326548438492
1000,322,naive,psi0,-0.36254018398783405,0.1856592619962387
1000,322,naive,psi1,-0.009435121402010648,0.2010205347535811
1000,322,corrected,psi0,0.8847024264497421,0.21399143624830877
1000,322,corrected,psi1,0.4971763542482123,0.2261013334087704
1000,323,naive,psi0,-0.21080176023374705,0.18430484323154048
1000,323,naive,psi1,-0.0676252567921268,0.22577736522955807
1000,323,corrected,psi0,1.04694424764553,0.2164294037439877
1000,323,corrected,psi1,0.43936405753654856,0.26228992863548406
1000,324,naive,psi0,-0.6032199039948117,0.17810529737877087
1000,324,naive,psi1,0.016918587454765217,0.1784931525135505
1000,324,corrected,psi0,0.5891724436932204,0.2092479589694266
1000,324,corrected,psi1,0.5515358802996295,0.2079925707736981
1000,325,naive,psi0,-0.4989947014650608,0.1807490698647307
1000,325,naive,psi1,0.44540001668148943,0.19449715975596632
1000,325,corrected,psi0,0.6890507997218851,0.21232352253498568
1000,325,corrected,psi1,1.0251260197241598,0.23068457607982062
1000,326,naive,psi0,-0.25710704307936316,0.18660141684809806
1000,326,naive,psi1,0.07455268282924794,0.20372625382304718
1000,326,corrected,psi0,1.031885019949437,0.21599708742433574
1000,326,corrected,psi1,0.6669208821534586,0.24356206176004191
1000,327,naive,psi0,-0.285157418676606,0.1808501919347595
1000,327,naive,psi1,-0.1795943014461686,0.21885132287358572
1000,327,corrected,psi0,1.009863409030149,0.2109862584193514
1000,327,corrected,psi1,0.24377148120710804,0.25632247706968553
1000,328,naive,psi0,-0.13592682419893273,0.18324119682176998
1000,328,naive,psi1,-0.025397496603412593,0.21323309552034533
1000,328,corrected,psi0,1.2054675358602716,0.2137612712661799
1000,328,corrected,psi1,0.4373200176980601,0.24926306485313834
1000,329,naive,psi0,-0.08719085143185537,0.181123966184946
1000,329,naive,psi1,-0.3643392879343059,0.21460857127780122
1000,329,corrected,psi0,1.1999050580971313,0.2096671618168997
1000,329,corrected,psi1,0.07858429114740295,0.24433066171687373
1000,330,naive,psi0,-0.20321406693614358,0.17979478247106587
1000,330,naive,psi1,-0.516934307315394,0.2317189044616136
1000,330,corrected,psi0,1.0749724209085818,0.20995590255143187
1000,330,corrected,psi1,-0.028764949649093315,0.2690034474053038
1000,331,naive,psi0,-0.49682877741150966,0.18292992593901064
1000,331,naive,psi1,0.011142090637115033,0.1878809566859585
1000,331,corrected,psi0,0.7424836005700715,0.21689280613227152
1000,331,corrected,psi1,0.5736855394386866,0.22563484498298778
1000,332,naive,psi0,-0.06012143462517484,0.17632035973986626
1000,332,naive,psi1,0.18345416489795377,0.17097342961801362
1000,332,corrected,psi0,1.2978054715047735,0.20556185019241968
1000,332,corrected,psi1,0.7162431400952383,0.20354510592688382
1000,333,naive,psi0,-0.20046879855813787,0.19125921346828859
1000,333,naive,psi1,-0.1447098393357221,0.19589451497430266
1000,333,corrected,psi0,1.128327283422121,0.2202682272047874
1000,333,corrected,psi1,0.33020645613996535,0.2256176107038356
1000,334,naive,psi0,-0.19727650433766308,0.1719357432632214
1000,334,naive,psi1,0.20902698310724838,0.17611059707656476
1000,334,corrected,psi0,1.074039078681601,0.20256446401501946
1000,334,corrected,psi1,0.8459185293031941,0.20982437740369636
1000,335,naive,psi0,-0.18230844934409718,0.18885265734410747
1000,335,naive,psi1,-0.23828493124139036,0.20092986657595016
1000,335,corrected,psi0,1.1738086991651278,0.2221268889250741
1000,335,corrected,psi1,0.1792480607699123,0.238086008581582
1000,336,naive,psi0,-0.25534006800706727,0.18512146307717098
1000,336,naive,psi1,0.2924713500743753,0.18930188479041715
1000,336,corrected,psi0,1.0715347220992941,0.21308670374984476
1000,336,corrected,psi1,0.8927374332067644,0.21723893132552807
1000,337,naive,psi0,-0.4624420418476347,0.1798054780610667
1000,337,naive,psi1,-0.2786271259526055,0.18093329915683187
1000,337,corrected,psi0,0.8124382718417666,0.20769418395519562
1000,337,corrected,psi1,0.17866634497142428,0.20865168577492915
1000,338,naive,psi0,-0.1528359588309631,0.1739170398353894
1000,338,naive,psi1,-0.0930953006582121,0.19562974494577023
1000,338,corrected,psi0,1.129274352231497,0.20253940305478196
1000,338,corrected,psi1,0.397196758548569,0.2313064773939067
1000,339,naive,psi0,-0.43211775503266714,0.17744662145094742
1000,339,naive,psi1,-0.2737491326712992,0.18261963775894355
1000,339,corrected,psi0,0.8745807930873571,0.20634476464238904
1000,339,corrected,psi1,0.18137150864895893,0.21414172669990586
1000,340,naive,psi0,-0.014246538955831159,0.18298639285991672
1000,340,naive,psi1,0.09316262440923853,0.19162579254442832
1000,340,corrected,psi0,1.2239617261956353,0.21386527243940745
1000,340,corrected,psi1,0.7060335854393857,0.23051793087164385
1000,341,naive,psi0,-0.6549615963831348,0.179741187684837
1000,341,naive,psi1,0.15705049146365074,0.17701707026375532
1000,341,corrected,psi0,0.5913967342629776,0.20806988944313906
1000,341,corrected,psi1,0.6059241335794238,0.20454818920531553
1000,342,naive,psi0,0.01400504833074673,0.17787961860164586
1000,342,naive,psi1,0.048954880489906115,0.1978858643673425
1000,342,corrected,psi0,1.280824290940281,0.20797870877874144
1000,342,corrected,psi1,0.5751363445629476,0.22534992341597035
1000,343,naive,psi0,-0.43170653846564633,0.18147651322258226
1000,343,naive,psi1,0.013886791216446474,0.18920316612318258
1000,343,corrected,psi0,0.8234884923903418,0.20793228902029856
1000,343,corrected,psi1,0.472195472169822,0.21231415078533547
1000,344,naive,psi0,0.06976338850405124,0.17928820326935044
1000,344,naive,psi1,0.18141739595825998,0.1921814385112712
1000,344,corrected,psi0,1.3697937711311725,0.2101232503815474
1000,344,corrected,psi1,0.7150772308535788,0.22422054640031858
1000,345,naive,psi0,-0.11546539106030848,0.17594189775781066
1000,345,naive,psi1,-0.2016633107847675,0.16979935273691993
1000,345,corrected,psi0,1.1988978453546058,0.20168579665156353
1000,345,corrected,psi1,0.23451915399979947,0.19349231900932717
1000,346,naive,psi0,0.010182623891063402,0.18640450484309384
1000,346,naive,psi1,0.3122894748222058,0.19942252378549705
1000,346,corrected,psi0,1.3835154495623903,0.2185062751383795
1000,346,corrected,psi1,0.798820876404656,0.23343705502246356
1000,347,naive,psi0,-0.30760009275752953,0.18578355526134346
1000,347,naive,psi1,0.1432847516045367,0.19064504036008134
1000,347,corrected,psi0,0.8953783866880611,0.21508520240350604
1000,347,corrected,psi1,0.6803053452912224,0.2203929913216729
1000,348,naive,psi0,-0.23879418735225608,0.17479684608812188
1000,348,naive,psi1,0.26070779086356255,0.184284047764565
1000,348,corrected,psi0,1.0807996581468677,0.20401991141667383
1000,348,corrected,psi1,0.7722214170559578,0.21590106013091953
1000,349,naive,psi0,-0.21643544008299037,0.18419088432701405
1000,349,naive,psi1,0.1911292748442959,0.18920188565208806
1000,349,corrected,psi0,1.122334939983034,0.2169158618986113
1000,349,corrected,psi1,0.7068098742053066,0.22955083432642273
1000,350,naive,psi0,-0.16707617042117098,0.18316590197081417
1000,350,naive,psi1,0.04940175850338609,0.2075383602892604
1000,350,corrected,psi0,1.103758078855203,0.21254024322040904
1000,350,corrected,psi1,0.5164866799054708,0.23969548459494897
1000,351,naive,psi0,-0.19951560620791786,0.17283125779294284
1000,351,naive,psi1,-0.08927637413972937,0.17299501533728606
1000,351,corrected,psi0,1.1205704028206172,0.19943863902284836
1000,351,corrected,psi1,0.4128499517470857,0.19672288595765972
1000,352,naive,psi0,-0.3106388663423359,0.1763558363506587
1000,352,naive,psi1,-0.23607900442819552,0.17366897711117135
1000,352,corrected,psi0,0.9501508895969666,0.20653382965501121
1000,352,corrected,psi1,0.26981838819711185,0.2026826698726629
1000,353,naive,psi0,-0.45785802240668666,0.1764457726862617
1000,353,naive,psi1,-0.11795426176734057,0.1799798719721325
1000,353,corrected,psi0,0.6545208411148606,0.20379167418171773
1000,353,corrected,psi1,0.39259521394000674,0.21020968408960658
1000,354,naive,psi0,-0.18750624860157167,0.17908601907127303
1000,354,naive,psi1,0.12412885721589173,0.1997826370450654
1000,354,corrected,psi0,1.178695237228077,0.2081739632510476
1000,354,corrected,psi1,0.6156335085346788,0.23269973547832934
1000,355,naive,psi0,-0.344766207612193,0.17069633283574126
1000,355,naive,psi1,-0.17634246210534082,0.18126726379420396
1000,355,corrected,psi0,0.8083680910061901,0.20056046495976007
1000,355,corrected,psi1,0.28885370513252207,0.21817602344954481
1000,356,naive,psi0,-0.3077614055855835,0.1859367520639371
1000,356,naive,psi1,-0.18806799132201169,0.18706315036285331
1000,356,corrected,psi0,0.9408784899952304,0.21412857926271342
1000,356,corrected,psi1,0.20957449734449343,0.21555931926111419
1000,357,naive,psi0,-0.1685956901929324,0.17592912830240628
1000,357,naive,psi1,-0.06776038165594644,0.17978971883008538
1000,357,corrected,psi0,1.143304451157585,0.20591491616878407
1000,357,corrected,psi1,0.3263813599357869,0.2086005916988257
1000,358,naive,psi0,-0.5163597900508242,0.18289811994612762
1000,358,naive,psi1,-0.29077867484929937,0.17643024698725535
1000,358,corrected,psi0,0.699964752888184,0.21242537109265539
1000,358,corrected,psi1,0.20533229033431322,0.20431959341543554
1000,359,naive,psi0,-0.1525051942963435,0.17430731817466827
1000,359,naive,psi1,0.036838845830401055,0.17625165388854364
1000,359,corrected,psi0,1.0915269294428647,0.20223421627706176
1000,359,corrected,psi1,0.5405248634613892,0.20740996292398725
1000,360,naive,psi0,-0.2893355304042593,0.1827530150425645
1000,360,naive,psi1,0.013725044036552907,0.19524316974634964
1000,360,corrected,psi0,1.0685812215748343,0.21001319619126987
1000,360,corrected,psi1,0.5354871522120024,0.2236518165273558
1000,361,naive,psi0,-0.28656003688961884,0.18240826277635339
1000,361,naive,psi1,-0.24410796268358623,0.19466716782626348
1000,361,corrected,psi0,1.023773522643836,0.21023049004774236
1000,361,corrected,psi1,0.24372853490737117,0.22321929629370155
1000,362,naive,psi0,-0.35968259318481,0.18183947625921246
1000,362,naive,psi1,0.04652129848396126,0.1914587927233439
1000,362,corrected,psi0,0.8545392077553322,0.2094621094507346
1000,362,corrected,psi1,0.556795183391344,0.22005800353532531
1000,363,naive,psi0,-0.447509964726447,0.19140241881076198
1000,363,naive,psi1,-0.09485971918392476,0.1990186203545416
1000,363,corrected,psi0,0.7935145723777438,0.22259106178928373
1000,363,corrected,psi1,0.33200103574787837,0.23259322370405544
1000,364,naive,psi0,-0.5564954264498583,0.1787707144137726
1000,364,naive,psi1,-0.02124590197842931,0.18484299225072562
1000,364,corrected,psi0,0.7297972509728834,0.20840208241951294
1000,364,corrected,psi1,0.3085271156760513,0.21428167366845285
1000,365,naive,psi0,-0.38674816613150204,0.17512545702529184
1000,365,naive,psi1,-0.28009636962744194,0.20564365273568236
1000,365,corrected,psi0,0.9012491029220344,0.20299980480605295
1000,365,corrected,psi1,0.1196466448015475,0.2358336952947427
1000,366,naive,psi0,-0.2981331466405793,0.17353886096452076
1000,366,naive,psi1,0.22643388687214722,0.1920343425496984
1000,366,corrected,psi0,0.9568195010355738,0.1994808795471398
1000,366,corrected,psi1,0.7323720912087819,0.2162608212600937
1000,367,naive,psi0,-0.5316462433851112,0.18410928331113988
1000,367,naive,psi1,-0.18238558472904856,0.1951314405789823
1000,367,corrected,psi0,0.7138423804313978,0.2140876618255919
1000,367,corrected,psi1,0.27751790072447663,0.22520226098503324
1000,368,naive,psi0,-0.3285903874891733,0.1776907212498723
1000,368,naive,psi1,-0.0937451968087992,0.18339654780904813
1000,368,corrected,psi0,0.8502268830795734,0.20793397745277728
1000,368,corrected,psi1,0.4218255257505873,0.2137330377842661
1000,369,naive,psi0,-0.3062672345267675,0.1806153347981559
1000,369,naive,psi1,-0.2976731120512343,0.19977901414209343
1000,369,corrected,psi0,0.9526099304510528,0.21009574135844225
1000,369,corrected,psi1,0.03573975746462609,0.23234531151183302
1000,370,naive,psi0,-0.2704666885471292,0.18169914430522924
1000,370,naive,psi1,-0.04523620318471671,0.2084415351171669
1000,370,corrected,psi0,0.9418262299060023,0.21328759395419408
1000,370,corrected,psi1,0.45095064718244593,0.24859522369990197
1000,371,naive,psi0,-0.07255097605717283,0.18448763832356405
1000,371,naive,psi1,0.18285689105814493,0.19611687866982544
1000,371,corrected,psi0,1.2446224059083517,0.21162395479101626
1000,371,corrected,psi1,0.8297929170522187,0.23080193584200423
1000,372,naive,psi0,-0.30920471874302635,0.18537265153109786
1000,372,naive,psi1,0.23738866444014542,0.2165929034110247
1000,372,corrected,psi0,0.9962739726899329,0.21721745537704684
1000,372,corrected,psi1,0.7460335976655675,0.25081628869580724
1000,373,naive,psi0,-0.3339836590352545,0.18594131065802247
1000,373,naive,psi1,0.09464821546051665,0.20676981078087422
1000,373,corrected,psi0,0.945999854513418,0.21493597380926813
1000,373,corrected,psi1,0.6254803748337977,0.24052720870332112
1000,374,naive,psi0,-0.26094702146107634,0.1788179026617363
1000,374,naive,psi1,0.02480764465692758,0.18742912120475766
1000,374,corrected,psi0,1.0314878054385446,0.20790773319720957
1000,374,corrected,psi1,0.5385950749788775,0.2204351282108851
1000,375,naive,psi0,-0.48695642245792287,0.18209573072513707
1000,375,naive,psi1,0.12182634116789405,0.18460952120692437
1000,375,corrected,psi0,0.8188310283974426,0.21131080127250007
1000,375,corrected,psi1,0.7143718803612294,0.21694529416313943
1000,376,naive,psi0,-0.27046950945551507,0.179450461934919
1000,376,naive,psi1,-0.0333885305052704,0.17529749628834573
1000,376,corrected,psi0,0.9890297030540718,0.21232147159208495
1000,376,corrected,psi1,0.46148869274529675,0.21377071876301718
1000,377,naive,psi0,-0.5470803593280722,0.17544125087712925
1000,377,naive,psi1,-0.024778489145755977,0.17914132078547576
1000,377,corrected,psi0,0.6629764263743547,0.2059049568634517
1000,377,corrected,psi1,0.45827301356208966,0.21334972668514504
1000,378,naive,psi0,-0.22874134596661996,0.17328068048554524
1000,378,naive,psi1,-0.320276633963305,0.1671937090130521
1000,378,corrected,psi0,1.0506084565126501,0.20318948070937304
1000,378,corrected,psi1,0.10999805361427502,0.19535741271093623
1000,379,naive,psi0,-0.20281256470858297,0.19130318872196136
1000,379,naive,psi1,-0.19863784315223354,0.1937965978787307
1000,379,corrected,psi0,1.0932130272405398,0.22248212881894183
1000,379,corrected,psi1,0.30971790214814215,0.22302832358157051
1000,380,naive,psi0,-0.8942377203531348,0.18228925703458615
1000,380,naive,psi1,-0.11399383981244338,0.17557828890464064
1000,380,corrected,psi0,0.3686900157581342,0.2124731540771915
1000,380,corrected,psi1,0.44700915472273545,0.20565800100357215
1000,381,naive,psi0,-0.17324448630557737,0.1782097364657404
1000,381,naive,psi1,-0.11159972132923059,0.17360926327044307
1000,381,corrected,psi0,1.1084556309560247,0.20681033874865848
1000,381,corrected,psi1,0.33570790801916384,0.20153844227771328
1000,382,naive,psi0,-0.4462595626787535,0.18250128022428613
1000,382,naive,psi1,-0.29523424448912217,0.19423033289364278
1000,382,corrected,psi0,0.9093538532642901,0.21129445824339724
1000,382,corrected,psi1,0.027608511929073903,0.22366406688364843
1000,383,naive,psi0,-0.1600214804085449,0.1826687489794832
1000,383,naive,psi1,-0.2304181927745107,0.18222334866035694
1000,383,corrected,psi0,1.078200864272433,0.21299241780706998
1000,383,corrected,psi1,0.21866481050300896,0.21036319680342516
1000,384,naive,psi0,-0.5659688426769213,0.17625532929308174
1000,384,naive,psi1,-0.10700995642298596,0.17158901338412683
1000,384,corrected,psi0,0.7062211748501259,0.20458138936326714
1000,384,corrected,psi1,0.38935150591102957,0.19556034810158893
1000,385,naive,psi0,0.016860503044177938,0.1802229550147493
1000,385,naive,psi1,-0.02524134706855066,0.20232352277000598
1000,385,corrected,psi0,1.3580757000061467,0.2083602784461012
1000,385,corrected,psi1,0.5052327828989558,0.23002814492113535
1000,386,naive,psi0,-0.16329169505285304,0.18418594926768272
1000,386,naive,psi1,-0.3325330221649565,0.2003328141717972
1000,386,corrected,psi0,1.0641851595560805,0.2161699509082093
1000,386,corrected,psi1,0.12946705774308995,0.23574486322689703
1000,387,naive,psi0,0.004123930119842141,0.1855426999228396
1000,387,naive,psi1,0.03166123734014641,0.19594465816540158
1000,387,corrected,psi0,1.3398100012133067,0.21459363388228875
1000,387,corrected,psi1,0.49180304002080444,0.22319662021285222
1000,388,naive,psi0,-0.25270714164231795,0.17445324189087608
1000,388,naive,psi1,0.030181735629874938,0.18475629699548454
1000,388,corrected,psi0,1.0538754138326971,0.20182820684756753
1000,388,corrected,psi1,0.5448017768776084,0.21410879557686682
1000,389,naive,psi0,-0.42411609201511963,0.18644361472908164
1000,389,naive,psi1,0.12706610607548713,0.19658839209723447
1000,389,corrected,psi0,0.7530643643653671,0.21786681713319608
1000,389,corrected,psi1,0.6981855995679022,0.2263120881275476
1000,390,naive,psi0,-0.31630236368773823,0.1852941946932545
1000,390,naive,psi1,-0.25591190174914874,0.1839920391646186
1000,390,corrected,psi0,0.9171841224738108,0.2144299100445027
1000,390,corrected,psi1,0.27853870463193037,0.2115602949735227
1000,391,naive,psi0,-0.41227664777531076,0.18214941317660902
1000,391,naive,psi1,0.13767099418254805,0.190648011275403
1000,391,corrected,psi0,0.8395593448797013,0.21129004679832755
1000,391,corrected,psi1,0.6653707289060444,0.21798036334793497
1000,392,naive,psi0,-0.17683788806076378,0.17433648924786194
1000,392,naive,psi1,-0.16920700543407607,0.20445478068243564
1000,392,corrected,psi0,1.14943698119317,0.20250541976359548
1000,392,corrected,psi1,0.263451122545201,0.23551949428402474
1000,393,naive,psi0,-0.19619816138812188,0.18247644892938597
1000,393,naive,psi1,-0.36700709113368735,0.2463945074525623
1000,393,corrected,psi0,1.0438431340320211,0.21361125974658024
1000,393,corrected,psi1,0.08879461313148572,0.28891487256980086
1000,394,naive,psi0,-0.09956378190037084,0.17816618322175554
1000,394,naive,psi1,0.3437024597881596,0.1981826797716873
1000,394,corrected,psi0,1.255174825631389,0.20912080460382312
1000,394,corrected,psi1,0.8536177997919594,0.2290951414198391
1000,395,naive,psi0,-0.2169125035425128,0.18087046444630522
1000,395,naive,psi1,0.1661380253192616,0.1964033075787024
1000,395,corrected,psi0,1.147104952606471,0.2127178193706474
1000,395,corrected,psi1,0.7006906737741038,0.23888717146005775
1000,396,naive,psi0,-0.06023006121895971,0.17592161554871344
1000,396,naive,psi1,0.1710370694001745,0.18377718757193617
1000,396,corrected,psi0,1.182800193451356,0.20528785368330765
1000,396,corrected,psi1,0.6937964260139639,0.21493276003357717
1000,397,naive,psi0,-0.4321306446820204,0.1803711676561898
1000,397,naive,psi1,0.08786866070614638,0.1768867622065237
1000,397,corrected,psi0,0.7465041052028029,0.2100793352538578
1000,397,corrected,psi1,0.6755763620626439,0.2081516903710361
1000,398,naive,psi0,-0.3759347123420414,0.17849295108184196
1000,398,naive,psi1,0.06316170648870147,0.1839502669703186
1000,398,corrected,psi0,0.8130519313889473,0.2080198167026688
1000,398,corrected,psi1,0.6493227960470482,0.21386470942462824
1000,399,naive,psi0,-0.37048640856425896,0.1844391259698494
1000,399,naive,psi1,0.125537409578811,0.18606917291488134
1000,399,corrected,psi0,0.847809732819588,0.21577039207423024
1000,399,corrected,psi1,0.618175094201794,0.21921269051904332
1000,400,naive,psi0,-0.04039794161214017,0.18422403032575776
1000,400,naive,psi1,-0.15086523483917663,0.2067679385126608
1000,400,corrected,psi0,1.3278267683557756,0.21429134106971037
1000,400,corrected,psi1,0.4116874926365983,0.244527488632285
1000,401,naive,psi0,-0.05956266662034874,0.1821694340756351
1000,401,naive,psi1,0.25767231220059544,0.19042469270830778
1000,401,corrected,psi0,1.1696942739178273,0.21231041429103542
1000,401,corrected,psi1,0.7972509303164474,0.21948446787554066
1000,402,naive,psi0,-0.34689849676070356,0.18165637816772953
1000,402,naive,psi1,-0.1127593790647329,0.19444214025160253
1000,402,corrected,psi0,0.9105712462846592,0.21136152410214712
1000,402,corrected,psi1,0.3833291872921785,0.22030761777303737
1000,403,naive,psi0,0.05123767226774254,0.1818044586953849
1000,403,naive,psi1,0.0371773929879176,0.2122280196875521
1000,403,corrected,psi0,1.347251006656574,0.21072954184482812
1000,403,corrected,psi1,0.5849106799380613,0.24140774532501347
1000,404,naive,psi0,-0.5040017913336969,0.17772911695657534
1000,404,naive,psi1,0.1255683984800563,0.18771790458020923
1000,404,corrected,psi0,0.7120811796936429,0.20573442424448918
1000,404,corrected,psi1,0.5760260661871448,0.21410772175178402
1000,405,naive,psi0,-0.3467999199998699,0.1767319861779839
1000,405,naive,psi1,-0.11528921027792431,0.1650029819678972
1000,405,corrected,psi0,0.9883455282799559,0.20726125730953038
1000,405,corrected,psi1,0.40194863941243714,0.1991712723566212
1000,406,naive,psi0,-0.37857746829889044,0.18444702098707438
1000,406,naive,psi1,-0.4421588707988731,0.19317430135667465
1000,406,corrected,psi0,0.9029769702708726,0.21221591209825486
1000,406,corrected,psi1,-0.06554067250945154,0.22264806002775456
1000,407,naive,psi0,-0.11179149500988529,0.18270646915373728
1000,407,naive,psi1,0.1681106547690246,0.18371013865494965
1000,407,corrected,psi0,1.18698725313595,0.212425998614229
1000,407,corrected,psi1,0.6466508454990323,0.2152121459309602
1000,408,naive,psi0,-0.13811585883252814,0.18733386757664539
1000,408,naive,psi1,-0.2845184238889584,0.2022605355030856
1000,408,corrected,psi0,1.1830569417174805,0.21745040542911737
1000,408,corrected,psi1,0.28659535929692337,0.24532665376723514
1000,409,naive,psi0,-0.3840115751765733,0.17084006147563008
1000,409,naive,psi1,0.15870095872444295,0.19091643099331687
1000,409,corrected,psi0,0.8551140148833746,0.1973725507793236
1000,409,corrected,psi1,0.5518726326313574,0.217341092680986
1000,410,naive,psi0,-0.19881818332253137,0.1801429534801857
1000,410,naive,psi1,0.0719267469056325,0.18152440287534785
1000,410,corrected,psi0,1.1631813744910673,0.21290376458822136
1000,410,corrected,psi1,0.5670214418139169,0.21563948232652855
1000,411,naive,psi0,-0.06316564425781933,0.18300573046295096
1000,411,naive,psi1,-0.15506512545901732,0.1701091625820943
1000,411,corrected,psi0,1.1927470904674602,0.2116752003286202
1000,411,corrected,psi1,0.30976101544165185,0.1962309742712179
1000,412,naive,psi0,-0.4191852525715838,0.17540481966181448
1000,412,naive,psi1,0.18753991637452844,0.19407585864761479
1000,412,corrected,psi0,0.8672750970907618,0.20585721070487467
1000,412,corrected,psi1,0.7078815357074076,0.22558457627019637
1000,413,naive,psi0,-0.3409652319041691,0.18027475513857294
1000,413,naive,psi1,0.34659718483358537,0.1904706403932769
1000,413,corrected,psi0,0.8952471664782727,0.21270746180116804
1000,413,corrected,psi1,0.8359605388886205,0.22353279427250541
1000,414,naive,psi0,-0.3974632044262793,0.17839010134922006
1000,414,naive,psi1,0.2678116687463875,0.18087710858301598
1000,414,corrected,psi0,0.8901079318296148,0.20915375210403492
1000,414,corrected,psi1,0.8203800821981815,0.20859195257363025
1000,415,naive,psi0,-0.38887039180714045,0.18217305266483544
1000,415,naive,psi1,0.04454690965968525,0.1808685562383828
1000,415,corrected,psi0,0.8954353112872416,0.2147726481378272
1000,415,corrected,psi1,0.5334574212249085,0.21334616619059982
1000,416,naive,psi0,-0.38335046690064356,0.17593068063673306
1000,416,naive,psi1,0.2870478583589858,0.18211713912686614
1000,416,corrected,psi0,0.8501593223400585,0.2043907105666159
1000,416,corrected,psi1,0.8597473578060093,0.21558062594144264
1000,417,naive,psi0,-0.4478441591495526,0.1749186424654506
1000,417,naive,psi1,0.044654362873672936,0.1905484724219443
1000,417,corrected,psi0,0.795576574785645,0.20327899364824734
1000,417,corrected,psi1,0.5072765273648522,0.21646999596119412
1000,418,naive,psi0,-0.4526488424153125,0.18130622427022008
1000,418,naive,psi1,0.019516083058758366,0.19539693785581602
1000,418,corrected,psi0,0.7786444791657845,0.2108385893174441
1000,418,corrected,psi1,0.4848249609180872,0.22507393522559138
1000,419,naive,psi0,-0.4541093984211696,0.1783245630247598
1000,419,naive,psi1,0.32181057563510035,0.17946327548341554
1000,419,corrected,psi0,0.832595553257842,0.20460686632623803
1000,419,corrected,psi1,0.8669305577580899,0.20854007660328783
1000,420,naive,psi0,-0.34267738231993944,0.19243948918079204
1000,420,naive,psi1,0.006432680350053842,0.21268526043379274
1000,420,corrected,psi0,0.9128107006102777,0.2226703973621732
1000,420,corrected,psi1,0.46359786233281053,0.24963751598955516
1000,421,naive,psi0,-0.1690368031595934,0.18016446333970224
1000,421,naive,psi1,-0.05297102197860964,0.17682736363388782
1000,421,corrected,psi0,1.1539284842884037,0.21103997387036252
1000,421,corrected,psi1,0.47208563512809076,0.20895546120233285
1000,422,naive,psi0,-0.08215297748279721,0.1763750794149472
1000,422,naive,psi1,0.058820026658641174,0.1792994078382956
1000,422,corrected,psi0,1.2317699593294742,0.20633852259137006
1000,422,corrected,psi1,0.6142120063542057,0.2094684497857718
1000,423,naive,psi0,-0.058506062731939326,0.1704008688044838
1000,423,naive,psi1,-0.40155666064989143,0.1802946665172855
1000,423,corrected,psi0,1.2379353406920655,0.19663697116479095
1000,423,corrected,psi1,0.07377952570860202,0.20681888548192282
1000,424,naive,psi0,-0.3586075929188273,0.18375905012023983
1000,424,naive,psi1,0.04724783549505677,0.2119654006506051
1000,424,corrected,psi0,0.8606399714961913,0.2141257856130286
1000,424,corrected,psi1,0.5224043078753305,0.25071734813574276
1000,425,naive,psi0,-0.49198905317390185,0.17871611646401075
1000,425,naive,psi1,-0.00941545616757877,0.19730418913733694
1000,425,corrected,psi0,0.7962149380566911,0.20851824878367745
1000,425,corrected,psi1,0.41243924867079035,0.22869107294966998
1000,426,naive,psi0,-0.48182865503866634,0.17908263754302206
1000,426,naive,psi1,-0.03820718890742561,0.1787669737637911
1000,426,corrected,psi0,0.6958789079156888,0.20438930692895327
1000,426,corrected,psi1,0.5095212825479927,0.20404319225135362
1000,427,naive,psi0,-0.27939925475780314,0.17934335530307846
1000,427,naive,psi1,-0.055490762687856444,0.1846023001150224
1000,427,corrected,psi0,1.028631148557649,0.2084671453815335
1000,427,corrected,psi1,0.3797634439571276,0.21368640621045487
1000,428,naive,psi0,-0.21475998079489755,0.18159809505245342
1000,428,naive,psi1,0.13680962925294568,0.17534217121728662
1000,428,corrected,psi0,1.0208075411216473,0.2130697907212716
1000,428,corrected,psi1,0.695257892179544,0.20471804786436906
1000,429,naive,psi0,-0.06874258049400823,0.17685137434149076
1000,429,naive,psi1,-0.03120218124688516,0.18628650440713485
1000,429,corrected,psi0,1.2318746602609398,0.2037431274816077
1000,429,corrected,psi1,0.5341726817435979,0.21275131145366996
1000,430,naive,psi0,-0.31697598690066087,0.17586375773737178
1000,430,naive,psi1,0.04266091381247225,0.17216589104230998
1000,430,corrected,psi0,1.0011160895153197,0.2064200879418308
1000,430,corrected,psi1,0.5510797560502636,0.20555038711488238
1000,431,naive,psi0,-0.3273089867113764,0.18726895792417755
1000,431,naive,psi1,0.19831177310094694,0.18225440623883224
1000,431,corrected,psi0,0.9795754565374009,0.2171648035046174
1000,431,corrected,psi1,0.7105758258143664,0.21729629974317827
1000,432,naive,psi0,-0.0025373600725195054,0.1773573578914243
1000,432,naive,psi1,-0.04451942435720698,0.1762964204977239
1000,432,corrected,psi0,1.3548225425697,0.2072901605594321
1000,432,corrected,psi1,0.3494135675843481,0.20844888462660657
1000,433,naive,psi0,-0.29896800062872825,0.1734966835344304
1000,433,naive,psi1,0.2270413234323147,0.18982951983093077
1000,433,corrected,psi0,0.9203860727936904,0.2021577061252634
1000,433,corrected,psi1,0.7609529666124014,0.2231459891517827
1000,434,naive,psi0,-0.44294451318605405,0.1770167276010492
1000,434,naive,psi1,-0.1407364336106868,0.18925164215523993
1000,434,corrected,psi0,0.7865249757730224,0.20672006279363928
1000,434,corrected,psi1,0.3419011925276804,0.2168364416276856
1000,435,naive,psi0,-0.17168598874520413,0.17848051637068044
1000,435,naive,psi1,-0.08300270378798554,0.18542214678459082
1000,435,corrected,psi0,1.1240957783778238,0.2069312658496548
1000,435,corrected,psi1,0.4282998921844352,0.21484055940519822
1000,436,naive,psi0,-0.2585699354119591,0.18651365247259952
1000,436,naive,psi1,0.3593522869467325,0.20991700914270417
1000,436,corrected,psi0,1.0224665947040514,0.2149714800100989
1000,436,corrected,psi1,0.9055129440986597,0.2404290165421982
1000,437,naive,psi0,-0.09749487454150518,0.17821159534485762
1000,437,naive,psi1,-0.07233782790955928,0.17125170800764272
1000,437,corrected,psi0,1.1584128578924127,0.20636631901637467
1000,437,corrected,psi1,0.44921473831306014,0.19821456385525354
1000,438,naive,psi0,-0.19852022009871045,0.17257552428951564
1000,438,naive,psi1,-0.007551374799108747,0.15917769579332308
1000,438,corrected,psi0,1.1380654865022581,0.2002126313057135
1000,438,corrected,psi1,0.4908969699231451,0.18016347684717016
1000,439,naive,psi0,-0.13395724434618209,0.1798016955902343
1000,439,naive,psi1,0.05553232095445229,0.1989166725824262
1000,439,corrected,psi0,1.2714759177126516,0.20891589990023965
1000,439,corrected,psi1,0.5146968243552875,0.23379357852876023
1000,440,naive,psi0,-0.30246207473026276,0.17526234276987915
1000,440,naive,psi1,0.15084507081647097,0.1761709360674372
1000,440,corrected,psi0,0.9770856488579786,0.2045182113833077
1000,440,corrected,psi1,0.6713547227327731,0.2034559202437023
1000,441,naive,psi0,-0.31534261809487707,0.18574304071686806
1000,441,naive,psi1,0.044781323651817674,0.19562319097537198
1000,441,corrected,psi0,0.989789563104364,0.21479925811555695
1000,441,corrected,psi1,0.5630704324648811,0.2246773326824684
1000,442,naive,psi0,-0.7024516120369194,0.18185543718536507
1000,442,naive,psi1,-0.1825813898631624,0.21058095372905988
1000,442,corrected,psi0,0.5501957693967242,0.21087006902025793
1000,442,corrected,psi1,0.3114666847273131,0.23873672590650702
1000,443,naive,psi0,-0.3985529958287795,0.18178948063669448
1000,443,naive,psi1,-0.1748245804316171,0.18935136579606113
1000,443,corrected,psi0,0.9071149516194448,0.21033740015987434
1000,443,corrected,psi1,0.33649184349469985,0.22163731569804496
1000,444,naive,psi0,-0.27955258476595046,0.17168256454254407
1000,444,naive,psi1,-0.32559540226951983,0.17684112623195
1000,444,corrected,psi0,0.8307678687832271,0.20101755414109698
1000,444,corrected,psi1,0.18316414335480977,0.20674554727854025
1000,445,naive,psi0,-0.23507547354451133,0.18761484413369078
1000,445,naive,psi1,-0.024448963930401912,0.1972620572924704
1000,445,corrected,psi0,1.0284830792378474,0.2176342406699553
1000,445,corrected,psi1,0.4713010115811556,0.23040253244141032
1000,446,naive,psi0,-0.14894912159632026,0.18076954608816576
1000,446,naive,psi1,-0.2241299882361858,0.1827561721349725
1000,446,corrected,psi0,1.171268574078328,0.20878805013850332
1000,446,corrected,psi1,0.2034851309794043,0.2108700674446353
1000,447,naive,psi0,-0.14226163679383932,0.17988456780791215
1000,447,naive,psi1,0.1090891504469351,0.17727332512922925
1000,447,corrected,psi0,1.1907665491396462,0.2095081618507114
1000,447,corrected,psi1,0.6664436939105649,0.20593150852937442
1000,448,naive,psi0,-0.39691864438851326,0.1814367177042622
1000,448,naive,psi1,-0.1735403464637457,0.20614510795971214
1000,448,corrected,psi0,0.9008436122847976,0.21230161561811683
1000,448,corrected,psi1,0.26646089719315375,0.2391822103603218
1000,449,naive,psi0,-0.13750942019381324,0.18085823503608583
1000,449,naive,psi1,0.009796128104482358,0.1800267005799213
1000,449,corrected,psi0,1.0993407414208625,0.21249491066880474
1000,449,corrected,psi1,0.5402347180433837,0.2125707578306866
1000,450,naive,psi0,-0.10143628004574116,0.18620642746404173
1000,450,naive,psi1,0.08949415725882706,0.19402692946459585
1000,450,corrected,psi0,1.2548416756224041,0.21616148346019767
1000,450,corrected,psi1,0.6174958640632829,0.2213982048471226
1000,451,naive,psi0,-0.3324309392988168,0.1829964457923765
1000,451,naive,psi1,-0.36534899381374086,0.18260870515876643
1000,451,corrected,psi0,0.832130158815053,0.21194281841835053
1000,451,corrected,psi1,0.11603908155014984,0.21352760151253308
1000,452,naive,psi0,-0.5577969331411925,0.17467791933102753
1000,452,naive,psi1,-0.08752011449962852,0.22249935869212645
1000,452,corrected,psi0,0.6467612212352802,0.20316581227152378
1000,452,corrected,psi1,0.4577552314779131,0.25594614869765375
1000,453,naive,psi0,-0.3270112291965857,0.17730629083784027
1000,453,naive,psi1,0.13255778070811594,0.1944601674838488
1000,453,corrected,psi0,1.0519786286625799,0.20366936972712735
1000,453,corrected,psi1,0.6655459955331643,0.2246066933270375
1000,454,naive,psi0,-0.1421425474044752,0.18239749492143395
1000,454,naive,psi1,0.1407575756283363,0.20409650191772288
1000,454,corrected,psi0,1.2145714251666941,0.21236595067672195
1000,454,corrected,psi1,0.6782283963891407,0.23903116730106083
1000,455,naive,psi0,-0.3529866925736109,0.17638826092877724
1000,455,naive,psi1,-0.32200290695908057,0.19019264406857017
1000,455,corrected,psi0,0.9111017057066795,0.20520638385398515
1000,455,corrected,psi1,0.21362720235142554,0.22320339903138112
1000,456,naive,psi0,-0.10922151639913226,0.17531595598016467
1000,456,naive,psi1,-0.13782435649546343,0.18325473577616433
1000,456,corrected,psi0,1.2142190586746517,0.20668736208678853
1000,456,corrected,psi1,0.34486373879881727,0.2178752109672359
1000,457,naive,psi0,-0.3595316186945102,0.17328916391235458
1000,457,naive,psi1,-0.07343910137395991,0.17669329311950477
1000,457,corrected,psi0,0.9518529586292058,0.20472413216499427
1000,457,corrected,psi1,0.4146081698716753,0.20690741417303846
1000,458,naive,psi0,-0.11881746942033442,0.17513679700598572
1000,458,naive,psi1,-0.037922033560078984,0.20802094244967445
1000,458,corrected,psi0,1.1519116898697987,0.20382140427608295
1000,458,corrected,psi1,0.44205159518136117,0.2457747210093201
1000,459,naive,psi0,-0.3200436266550153,0.1718368217200838
1000,459,naive,psi1,0.3354084045298306,0.17066052666419076
1000,459,corrected,psi0,0.9239203456112401,0.20076944805014543
1000,459,corrected,psi1,0.9525542163284921,0.20047020934126825
1000,460,naive,psi0,-0.36336085453318995,0.18343690360410816
1000,460,naive,psi1,0.3027228178067035,0.1988642658990692
1000,460,corrected,psi0,0.9292984880584653,0.2095145224753083
1000,460,corrected,psi1,0.8829897980610348,0.22854056771121412
1000,461,naive,psi0,-0.38760744227130994,0.17934940825810078
1000,461,naive,psi1,-0.13937455194807438,0.1973402210232684
1000,461,corrected,psi0,0.8286129762651245,0.2093840560117467
1000,461,corrected,psi1,0.37410643463134785,0.23524554146168394
1000,462,naive,psi0,0.0006662693917128526,0.1822156830289673
1000,462,naive,psi1,-0.19522152421284714,0.17711432169260755
1000,462,corrected,psi0,1.3585931207454893,0.21299393309313833
1000,462,corrected,psi1,0.27952017128638296,0.20718317450042448
1000,463,naive,psi0,-0.352646241292695,0.18190524535099625
1000,463,naive,psi1,0.017509819512510322,0.20893619839183883
1000,463,corrected,psi0,0.8679518129880369,0.20800567190850233
1000,463,corrected,psi1,0.5243497002599227,0.23868120957113492
1000,464,naive,psi0,-0.43899036779437767,0.17523124168695006
1000,464,naive,psi1,0.20036155504964834,0.18781456587586473
1000,464,corrected,psi0,0.8021620613706376,0.20302461812552844
1000,464,corrected,psi1,0.7075749352788872,0.22045695896097747
1000,465,naive,psi0,-0.27179852324861364,0.18813918912197936
1000,465,naive,psi1,-0.0495739876566482,0.2195408546330677
1000,465,corrected,psi0,0.9048642884092485,0.21798286899368047
1000,465,corrected,psi1,0.5085814457893197,0.2524352477781647
1000,466,naive,psi0,-0.12143706878870379,0.17719962602453065
1000,466,naive,psi1,-0.06744769923996201,0.1940554328969346
1000,466,corrected,psi0,1.137725151441367,0.20767095341144856
1000,466,corrected,psi1,0.4466858920328518,0.23144769360289283
1000,467,naive,psi0,-0.223971645989825,0.17720387151768746
1000,467,naive,psi1,-0.16259259755956576,0.19002151973023101
1000,467,corrected,psi0,1.0351595839277856,0.20659575853796402
1000,467,corrected,psi1,0.28673390406697735,0.22127509256545297
1000,468,naive,psi0,-0.11691237408485393,0.17895988537279245
1000,468,naive,psi1,-0.34640502296916137,0.19013625045442425
1000,468,corrected,psi0,1.093859061587901,0.20785369390921893
1000,468,corrected,psi1,0.10322100312993418,0.21570248123566255
1000,469,naive,psi0,-0.23386523153756403,0.17932165612849763
1000,469,naive,psi1,0.11892838745432438,0.19578910855701662
1000,469,corrected,psi0,1.0768919693429608,0.20859244402272073
1000,469,corrected,psi1,0.7045714678225292,0.22560377824286082
1000,470,naive,psi0,-0.2818470206590312,0.17729948492080302
1000,470,naive,psi1,0.13312246768089267,0.17153753774149125
1000,470,corrected,psi0,1.006837192527812,0.2058767837168978
1000,470,corrected,psi1,0.6674212269031665,0.2025458441091603
1000,471,naive,psi0,-0.5032486120266952,0.1818582564190344
1000,471,naive,psi1,0.1707074146602526,0.2021019514114795
1000,471,corrected,psi0,0.7432635162865231,0.2107202015489709
1000,471,corrected,psi1,0.5851698998167018,0.23767283638366923
1000,472,naive,psi0,-0.2522967568915955,0.18429248607407997
1000,472,naive,psi1,-0.15542494434960077,0.192306863575512
1000,472,corrected,psi0,1.0233758361718022,0.21572790569730876
1000,472,corrected,psi1,0.4375504275733065,0.23206476701948744
1000,473,naive,psi0,-0.35284013686213445,0.17709270285489345
1000,473,naive,psi1,0.15642324156322926,0.18475769383528604
1000,473,corrected,psi0,0.9282741375219418,0.20786545932405712
1000,473,corrected,psi1,0.6845499113158459,0.21822429971158094
1000,474,naive,psi0,-0.33162793264042933,0.17524653573664897
1000,474,naive,psi1,-0.22168995116300938,0.17600885673180075
1000,474,corrected,psi0,0.8723302356863675,0.20298657978637175
1000,474,corrected,psi1,0.21039988317454125,0.20304046953147037
1000,475,naive,psi0,-0.14612735027449014,0.19010572667161976
1000,475,naive,psi1,0.07532278259457179,0.18701470733280873
1000,475,corrected,psi0,1.1534021949893476,0.2176383658761889
1000,475,corrected,psi1,0.48488276283117093,0.21851577707259373
1000,476,naive,psi0,-0.3311206220405969,0.1805713683828829
1000,476,naive,psi1,0.20384104686877477,0.17999975804349944
1000,476,corrected,psi0,0.9362704484270284,0.2098347687446863
1000,476,corrected,psi1,0.6984982177484791,0.2041348541885217
1000,477,naive,psi0,-0.3457933791762545,0.18165523026509164
1000,477,naive,psi1,-0.24532272890031875,0.1745930409921244
1000,477,corrected,psi0,0.9106139596031331,0.21193598855463253
1000,477,corrected,psi1,0.241927953678806,0.20245086525709247
1000,478,naive,psi0,-0.2520512901864566,0.18856109661046705
1000,478,naive,psi1,-0.2026757333393246,0.20608240761784682
1000,478,corrected,psi0,0.9862367984952832,0.21807488140579162
1000,478,corrected,psi1,0.3256171855077196,0.24036099362741084
1000,479,naive,psi0,-0.22420038320972172,0.18619758233115863
1000,479,naive,psi1,0.27342052116616905,0.19567683187284887
1000,479,corrected,psi0,1.0406353402579773,0.21535189915114264
1000,479,corrected,psi1,0.798973413149271,0.22102928283136378
1000,480,naive,psi0,-0.29900354250409233,0.18092906678659113
1000,480,naive,psi1,-0.15233118772996024,0.1996225642901084
1000,480,corrected,psi0,1.0021245940879069,0.21049826765091395
1000,480,corrected,psi1,0.300889158886684,0.2309012598285154
1000,481,naive,psi0,-0.3443927662552571,0.18387259473537446
1000,481,naive,psi1,0.19214511801734022,0.19556066103582928
1000,481,corrected,psi0,0.8555916215444658,0.2125847831239041
1000,481,corrected,psi1,0.7235796956134067,0.2356608018843815
1000,482,naive,psi0,-0.36341937498792937,0.17530598366024702
1000,482,naive,psi1,-0.18604414480313838,0.19303894428169885
1000,482,corrected,psi0,0.9180347305844004,0.20473783815178825
1000,482,corrected,psi1,0.2090937151446211,0.22308351725982442
1000,483,naive,psi0,-0.019240994894192866,0.1821170088683006
1000,483,naive,psi1,0.11662652123507936,0.1911753745960778
1000,483,corrected,psi0,1.2882868666505467,0.21203135907757875
1000,483,corrected,psi1,0.6854208506712068,0.22238245648746008
1000,484,naive,psi0,-0.41456939053103187,0.17670776974346566
1000,484,naive,psi1,-0.042490551074845215,0.1794739144649349
1000,484,corrected,psi0,0.8058737191642863,0.20661333462984527
1000,484,corrected,psi1,0.324665436378134,0.21171045648658804
1000,485,naive,psi0,-0.44215087595471336,0.17539521617563306
1000,485,naive,psi1,-0.42803504817744326,0.20336781561880293
1000,485,corrected,psi0,0.7823331081361555,0.20131334359291816
1000,485,corrected,psi1,-0.015583761256111132,0.22955003068543656
1000,486,naive,psi0,-0.33043271769624677,0.18384761470435654
1000,486,naive,psi1,0.24179382176163958,0.19990543482690235
1000,486,corrected,psi0,0.8827141578902571,0.21374797086884548
1000,486,corrected,psi1,0.7935419618350332,0.22947181222502883
1000,487,naive,psi0,-0.1944541225524556,0.18327162186278595
1000,487,naive,psi1,0.08540943534557668,0.20468204447862653
1000,487,corrected,psi0,1.0021339738758623,0.21490420674522953
1000,487,corrected,psi1,0.5287151036597781,0.2414208802976988
1000,488,naive,psi0,-0.1446668991807663,0.17486032902885681
1000,488,naive,psi1,-0.050610932639318686,0.17807649012950136
1000,488,corrected,psi0,1.1682024019519965,0.20125516193720044
1000,488,corrected,psi1,0.42990000654381827,0.20421903806054853
1000,489,naive,psi0,-0.1901015884752736,0.17862484858034258
1000,489,naive,psi1,0.03154994736184738,0.1850034375370972
1000,489,corrected,psi0,1.1448883338174327,0.20907574836513396
1000,489,corrected,psi1,0.5612204254783364,0.21797174160495902
1000,490,naive,psi0,-0.25412412600301393,0.18270898693776108
1000,490,naive,psi1,0.4459090457218393,0.19633226277438154
1000,490,corrected,psi0,1.0434869341208077,0.21260592450350446
1000,490,corrected,psi1,0.9701677607947075,0.22566992585165732
1000,491,naive,psi0,-0.29300355328126504,0.17628621645200787
1000,491,naive,psi1,0.23251565598986598,0.1785174665857528
1000,491,corrected,psi0,1.0484719553840292,0.20340427410990208
1000,491,corrected,psi1,0.7753592171136443,0.20592884709874026
1000,492,naive,psi0,-0.18948419739626238,0.17884491645344724
1000,492,naive,psi1,0.09182341933218895,0.18854908776448726
1000,492,corrected,psi0,1.2213132203805819,0.20671259140334555
1000,492,corrected,psi1,0.6250714076971594,0.21567836240599988
1000,493,naive,psi0,-0.307823608257958,0.18372825906284307
1000,493,naive,psi1,0.14574265668724257,0.18978250195345353
1000,493,corrected,psi0,0.9679711135484816,0.21463009758029544
1000,493,corrected,psi1,0.6959579573011557,0.21614680622960883
1000,494,naive,psi0,-0.19726891990323303,0.19155086963758353
1000,494,naive,psi1,0.01799144194947305,0.20524392435624508
1000,494,corrected,psi0,1.0429431638199382,0.2201617141649902
1000,494,corrected,psi1,0.5018126029529286,0.2319461378912221
1000,495,naive,psi0,-0.5140071109300923,0.17244597674602832
1000,495,naive,psi1,-0.004192435289724182,0.18020257655913635
1000,495,corrected,psi0,0.7335941214048645,0.19984851769885287
1000,495,corrected,psi1,0.446832011687592,0.20676668822358177
1000,496,naive,psi0,-0.1337016909063042,0.18243340113095916
1000,496,naive,psi1,-0.10674359097550874,0.1835917432033742
1000,496,corrected,psi0,1.0787110185278206,0.2106311545462522
1000,496,corrected,psi1,0.44373670649621255,0.21114778916054328
1000,497,naive,psi0,-0.19280997437851802,0.18175611427358043
1000,497,naive,psi1,0.023694168399626497,0.1922568896066904
1000,497,corrected,psi0,1.1601858553333382,0.21176493423932696
1000,497,corrected,psi1,0.5553075819753426,0.22181537181232608
1000,498,naive,psi0,-0.3568019188033336,0.18120739977504147
1000,498,naive,psi1,0.11959586733808862,0.212355804810348
1000,498,corrected,psi0,0.8962631737315899,0.21051479857973693
1000,498,corrected,psi1,0.6340801841847802,0.24236072362845612
1000,499,naive,psi0,-0.44211842771724524,0.18452718288214354
1000,499,naive,psi1,0.3112172167964788,0.20026576653377356
1000,499,corrected,psi0,0.8547144546000108,0.21169171278010565
1000,499,corrected,psi1,0.840723966880436,0.23013605481443472
1000,500,naive,psi0,-0.2272927163551554,0.1833255997004281
1000,500,naive,psi1,-0.3244601082085257,0.18416846161858835
1000,500,corrected,psi0,1.0381579043830589,0.21562794522138157
1000,500,corrected,psi1,0.08151779858268415,0.2159897140761968
1000,501,naive,psi0,-0.11781395417054903,0.1795921388620932
1000,501,naive,psi1,-0.17573054726568693,0.1810048604424148
1000,501,corrected,psi0,1.1422163465929212,0.2095219553109794
1000,501,corrected,psi1,0.22835405737027528,0.2063422675471291
1000,502,naive,psi0,-0.2546547654743778,0.17631621415037035
1000,502,naive,psi1,0.12956366577407288,0.16434541953253243
1000,502,corrected,psi0,1.0991883802199145,0.20754298015424624
1000,502,corrected,psi1,0.6233857196424925,0.1967143671502147
1000,503,naive,psi0,0.04489466679603243,0.18020630907966242
1000,503,naive,psi1,-0.12248612051726995,0.19406345164074426
1000,503,corrected,psi0,1.29538588160364,0.21074590502371082
1000,503,corrected,psi1,0.3380265207535141,0.22895962219172142
1000,504,naive,psi0,-0.41318163508778644,0.17700392199478457
1000,504,naive,psi1,0.06762448331422102,0.18614675623636817
1000,504,corrected,psi0,0.8420251488146798,0.21013449792673888
1000,504,corrected,psi1,0.6464729650679165,0.22456145957602555
1000,505,naive,psi0,-0.3057647747752921,0.1764713033528051
1000,505,naive,psi1,-0.6200974123991354,0.1874625173649566
1000,505,corrected,psi0,1.0007293865936482,0.20878739737095328
1000,505,corrected,psi1,-0.2113150661345772,0.21862153914027224
1000,506,naive,psi0,-0.21721493266145817,0.18764449223321994
1000,506,naive,psi1,0.03509985568962873,0.20003678375238565
1000,506,corrected,psi0,1.0898278502579797,0.21472904704345244
1000,506,corrected,psi1,0.3918883540703268,0.23147879340554622
1000,507,naive,psi0,-0.1815284388093584,0.17798359500718372
1000,507,naive,psi1,-0.30452741445526293,0.19687572968851003
1000,507,corrected,psi0,1.1021026614346294,0.20588472265477684
1000,507,corrected,psi1,0.03723590726802425,0.21889671620112094
1000,508,naive,psi0,-0.47866940901941485,0.18053995319027388
1000,508,naive,psi1,-0.2642884173544157,0.2027000822977619
1000,508,corrected,psi0,0.8398705890986423,0.20909611303401893
1000,508,corrected,psi1,0.2508333910929392,0.2328798904482043
1000,509,naive,psi0,-0.3376615317316127,0.17576485132612354
1000,509,naive,psi1,0.3448145140629967,0.1783935178432086
1000,509,corrected,psi0,0.8618218162849863,0.20702103813163852
1000,509,corrected,psi1,0.9878027755533169,0.20485776877815165
1000,510,naive,psi0,-0.06041691975928523,0.17593694452151426
1000,510,naive,psi1,-0.13528375935103548,0.20408296576190643
1000,510,corrected,psi0,1.2198325135769057,0.20662654898591432
1000,510,corrected,psi1,0.3452903643279346,0.2445227245831159
1000,511,naive,psi0,-0.2901954283152824,0.18532722602913315
1000,511,naive,psi1,-0.1875473918165033,0.20698753731826958
1000,511,corrected,psi0,0.979650026241797,0.21371295319808958
1000,511,corrected,psi1,0.16579942253110644,0.2347153996531114
1000,512,naive,psi0,-0.08784696369046402,0.17930522815358796
1000,512,naive,psi1,-0.33080119508281186,0.1891517857891184
1000,512,corrected,psi0,1.250777443561953,0.20874517365256878
1000,512,corrected,psi1,0.10313669109792305,0.21870248107697984
1000,513,naive,psi0,-0.4082488586183033,0.17599621418976238
1000,513,naive,psi1,-0.09688443316348143,0.18245669162528694
1000,513,corrected,psi0,0.8630276606032108,0.20475873464362865
1000,513,corrected,psi1,0.42209462444514423,0.2116943732640639
1000,514,naive,psi0,-0.5450862382917534,0.18112069468547481
1000,514,naive,psi1,0.24360382596597108,0.1775271400301307
1000,514,corrected,psi0,0.6449619204670692,0.21141352803304092
1000,514,corrected,psi1,0.7820256995907536,0.20599759976020537
1000,515,naive,psi0,-0.1849915827292419,0.18162311617672663
1000,515,naive,psi1,0.09822918041776904,0.20338297432763125
1000,515,corrected,psi0,1.109966735343686,0.21250697859735082
1000,515,corrected,psi1,0.6635474034114994,0.2344398876773112
1000,516,naive,psi0,-0.1365633251723906,0.17608479348085307
1000,516,naive,psi1,-0.0038532222534470757,0.16645900006887407
1000,516,corrected,psi0,1.1097639356936064,0.20617072942128103
1000,516,corrected,psi1,0.5315834589324792,0.19563387492840437
1000,517,naive,psi0,-0.33739987372937136,0.1818365291146994
1000,517,naive,psi1,-0.06915003254332892,0.19205039889803396
1000,517,corrected,psi0,0.9453458040064255,0.20966134676437057
1000,517,corrected,psi1,0.3687163695480403,0.22118137398541118
1000,518,naive,psi0,-0.39410327141123414,0.18307800321258627
1000,518,naive,psi1,0.06068104194839021,0.18252773959476473
1000,518,corrected,psi0,0.9209747074141451,0.2160033370621388
1000,518,corrected,psi1,0.5386340574917692,0.2136874524031219
1000,519,naive,psi0,-0.39618333829626934,0.1815611964921798
1000,519,naive,psi1,0.10270421114332608,0.1865615802635722
1000,519,corrected,psi0,0.8175520166342568,0.2120094325483359
1000,519,corrected,psi1,0.6623292538666549,0.2201269908269561
1000,520,naive,psi0,-0.41274485495755936,0.18170221287608124
1000,520,naive,psi1,-0.01993633149598485,0.1679156364191142
1000,520,corrected,psi0,0.7349949937977308,0.2107422596370559
1000,520,corrected,psi1,0.5150558688391565,0.19135595064919284
1000,521,naive,psi0,-0.5057534433907448,0.17728111416398093
1000,521,naive,psi1,-0.05770865289100815,0.20591973889510862
1000,521,corrected,psi0,0.6802354711820846,0.2051763779862
1000,521,corrected,psi1,0.493813281984641,0.2369791994827677
1000,522,naive,psi0,-0.24182556964771226,0.18035082894020166
1000,522,naive,psi1,0.21963426373218312,0.2072967881458948
1000,522,corrected,psi0,1.1351269314207382,0.20872127801373425
1000,522,corrected,psi1,0.7364651538129031,0.24015042878221504
1000,523,naive,psi0,-0.47547495445852567,0.17935299179680875
1000,523,naive,psi1,-0.22104794650967252,0.2019304283816579
1000,523,corrected,psi0,0.7485585003273068,0.20931637131651715
1000,523,corrected,psi1,0.21404814418375884,0.23182521960559657
1000,524,naive,psi0,-0.32182616747169157,0.18008410939552388
1000,524,naive,psi1,0.1578009104571945,0.1747015294511586
1000,524,corrected,psi0,0.8942302179187014,0.21025784992211946
1000,524,corrected,psi1,0.7015142372879616,0.20658687421481503
1000,525,naive,psi0,-0.217981869385275,0.18119898970535886
1000,525,naive,psi1,0.05239626040350562,0.19804381539423688
1000,525,corrected,psi0,1.066271660591791,0.21033008294772554
1000,525,corrected,psi1,0.5481662985206969,0.23589174121927856
1000,526,naive,psi0,-0.35126014711367515,0.18608873609630064
1000,526,naive,psi1,0.2435463884175916,0.1718736172177283
1000,526,corrected,psi0,0.9553046652143536,0.21586155143327435
1000,526,corrected,psi1,0.8400445711749254,0.20798145867330817
1000,527,naive,psi0,-0.12687700211123193,0.18166239072477477
1000,527,naive,psi1,-0.2179030258834264,0.1880107755860436
1000,527,corrected,psi0,1.1964423106945357,0.21146204482886224
1000,527,corrected,psi1,0.22910370268101354,0.21753129088918013
1000,528,naive,psi0,-0.3451530221620935,0.18235134566687056
1000,528,naive,psi1,0.21539430702916504,0.2072254971890726
1000,528,corrected,psi0,0.9520905447345953,0.2127839901222893
1000,528,corrected,psi1,0.7224366984599405,0.2414443033873301
1000,529,naive,psi0,-0.2898106427209106,0.1786137627616651
1000,529,naive,psi1,-0.06182274301112106,0.1810707724514649
1000,529,corrected,psi0,0.9718400516651174,0.2075985649835073
1000,529,corrected,psi1,0.5185164541882138,0.21193859621437763
1000,530,naive,psi0,-0.4297680492242317,0.17964506748897635
1000,530,naive,psi1,-0.3025830444033925,0.18803856409691666
1000,530,corrected,psi0,0.7163324997922506,0.20722826361172433
1000,530,corrected,psi1,0.18910735796469122,0.21775328734475827
1000,531,naive,psi0,0.027276664176336455,0.1871270580043467
1000,531,naive,psi1,-0.0662890786696149,0.21531794858357434
1000,531,corrected,psi0,1.3125882295534015,0.21677587891237562
1000,531,corrected,psi1,0.46428528791420215,0.2503576944903258
1000,532,naive,psi0,-0.18363507015352976,0.18874412316525246
1000,532,naive,psi1,-0.14602625314855616,0.18184265608767566
1000,532,corrected,psi0,1.10530930747295,0.21816662876557036
1000,532,corrected,psi1,0.38140473953630377,0.20733960839536075
1000,533,naive,psi0,-0.14991793063918102,0.1857950370007535
1000,533,naive,psi1,0.16377233401919639,0.19329268378168485
1000,533,corrected,psi0,1.161916360783047,0.21615963107448896
1000,533,corrected,psi1,0.6716777585702082,0.22571771840201602
1000,534,naive,psi0,-0.016468130771214153,0.17980635369281225
1000,534,naive,psi1,-0.04593200086802605,0.20106923731142484
1000,534,corrected,psi0,1.2411573176671546,0.20874671479194992
1000,534,corrected,psi1,0.3772832316499028,0.23398456448740684
1000,535,naive,psi0,-0.07198639490358283,0.17709471678276706
1000,535,naive,psi1,0.01828041545666264,0.18536328676100414
1000,535,corrected,psi0,1.2717560542208288,0.20548048078261846
1000,535,corrected,psi1,0.4468268524015937,0.21996602457925976
1000,536,naive,psi0,-0.15303604410248633,0.17745010848562118
1000,536,naive,psi1,0.23179677530432183,0.1785512621073417
1000,536,corrected,psi0,1.108883677095747,0.20566845816133777
1000,536,corrected,psi1,0.8621888187526827,0.2064444016006007
1000,537,naive,psi0,-0.4735350511119057,0.17969728844308877
1000,537,naive,psi1,0.009999879754805135,0.18129393606383182
1000,537,corrected,psi0,0.755710354008727,0.20934816585660135
1000,537,corrected,psi1,0.5205048225856486,0.20923718382858864
1000,538,naive,psi0,-0.23650567029709235,0.18782976744032723
1000,538,naive,psi1,-0.43939894403833496,0.20403253954540593
1000,538,corrected,psi0,1.0216692770564613,0.21822832118689117
1000,538,corrected,psi1,0.11071259647057867,0.23105260950009643
1000,539,naive,psi0,-0.226337143490378,0.17856261317641484
1000,539,naive,psi1,0.18006302732751944,0.17944046830192728
1000,539,corrected,psi0,1.0136247027290128,0.20856545025221573
1000,539,corrected,psi1,0.7163170789172849,0.20799266172653325
1000,540,naive,psi0,-0.09950327484306579,0.19079681046434874
1000,540,naive,psi1,-0.20805143105332835,0.19393484033726188
1000,540,corrected,psi0,1.2362467158480954,0.2168922250506883
1000,540,corrected,psi1,0.20748865883346226,0.22117894694519505
1000,541,naive,psi0,-0.45746671956384655,0.1896873953415839
1000,541,naive,psi1,-0.4738620803810254,0.22495332901621246
1000,541,corrected,psi0,0.8474268820450002,0.22084840389488486
1000,541,corrected,psi1,-0.04887356049628357,0.26692163915382966
1000,542,naive,psi0,-0.5833410734173193,0.17585565250485416
1000,542,naive,psi1,-0.10281099228578076,0.1830454071412716
1000,542,corrected,psi0,0.6189641143250019,0.20544347377585717
1000,542,corrected,psi1,0.3476472381108993,0.21410510825698767
1000,543,naive,psi0,-0.2768971352776326,0.1772174420504478
1000,543,naive,psi1,0.1431613455132225,0.1970651574447482
1000,543,corrected,psi0,0.9775294252912127,0.20379455620648604
1000,543,corrected,psi1,0.7032475573844392,0.23339080179361305
1000,544,naive,psi0,-0.11084460217252895,0.17852202228246697
1000,544,naive,psi1,0.35775544750590477,0.17330251353111778
1000,544,corrected,psi0,1.231931815731375,0.21013926799350383
1000,544,corrected,psi1,1.037258407462147,0.21884404165695187
1000,545,naive,psi0,-0.3448869997787621,0.18986509180403016
1000,545,naive,psi1,-0.11829665360367798,0.2077393337628025
1000,545,corrected,psi0,0.9201797064782494,0.22534601361639772
1000,545,corrected,psi1,0.4024447498830375,0.2502092352801936
1000,546,naive,psi0,-0.3439115289056998,0.17728555151654882
1000,546,naive,psi1,-0.19362650467547995,0.19975933474180801
1000,546,corrected,psi0,0.9454255267052941,0.20772986098513563
1000,546,corrected,psi1,0.31314171093464105,0.2357620516407377
1000,547,naive,psi0,-0.36751089536140175,0.17657561647884445
1000,547,naive,psi1,0.025800094633238166,0.17850908001261742
1000,547,corrected,psi0,0.8606359012707392,0.20387242097495675
1000,547,corrected,psi1,0.5422945234617763,0.20545936631976985
1000,548,naive,psi0,-0.25955648514632756,0.18450082038217558
1000,548,naive,psi1,-0.15250155770681975,0.17782342373763002
1000,548,corrected,psi0,1.0303892397578915,0.21610228454674282
1000,548,corrected,psi1,0.34910222785894934,0.20994952636720252
1000,549,naive,psi0,-0.3643960123756763,0.18002282478337378
1000,549,naive,psi1,0.027589637919041336,0.1829111096108846
1000,549,corrected,psi0,0.9240946568145105,0.2097825331644767
1000,549,corrected,psi1,0.5524591338992338,0.21488632745206301
1000,550,naive,psi0,-0.2739736407767214,0.18150737919210397
1000,550,naive,psi1,-0.05071321271726979,0.19087198980741277
1000,550,corrected,psi0,1.009507184923736,0.21026955443515571
1000,550,corrected,psi1,0.36101721203477466,0.21798525249189446
1000,551,naive,psi0,-0.20689429215662186,0.18552597583674993
1000,551,naive,psi1,0.18424503989293683,0.2126028049205323
1000,551,corrected,psi0,1.0801476399017949,0.2157470995889434
1000,551,corrected,psi1,0.7081199581062791,0.24705016942622937
1000,552,naive,psi0,-0.35570619768267553,0.18410530254403773
1000,552,naive,psi1,0.025723218513880507,0.18383665186968445
1000,552,corrected,psi0,0.8349122539690372,0.21503739027841226
1000,552,corrected,psi1,0.6168484803286314,0.21127275086891575
1000,553,naive,psi0,-0.22911743574696894,0.18306051705446652
1000,553,naive,psi1,0.013523192979012824,0.17456920253387492
1000,553,corrected,psi0,1.011846712272651,0.2128037237196034
1000,553,corrected,psi1,0.49305508776006013,0.20175248458513304
1000,554,naive,psi0,-0.34719717759250296,0.17910387342784076
1000,554,naive,psi1,0.03274517320093883,0.19508053890857616
1000,554,corrected,psi0,0.9318996406897649,0.20262271267161244
1000,554,corrected,psi1,0.5100189331901169,0.2182020620638845
1000,555,naive,psi0,-0.3448822695027002,0.17337791878200362
1000,555,naive,psi1,0.20139715080570914,0.2019836729801366
1000,555,corrected,psi0,0.9798621462176946,0.20195240701187686
1000,555,corrected,psi1,0.7675059955695187,0.23505552157422696
1000,556,naive,psi0,-0.24957904104552334,0.18269892632484735
1000,556,naive,psi1,0.35513888435287394,0.18213411152471107
1000,556,corrected,psi0,1.0625424179504472,0.2136957109273691
1000,556,corrected,psi1,0.906648689756494,0.21050658235332556
1000,557,naive,psi0,-0.3134298713668618,0.18068148898002664
1000,557,naive,psi1,-0.10760145339676573,0.19967614901490396
1000,557,corrected,psi0,0.904075986365051,0.2060657220083108
1000,557,corrected,psi1,0.42270017632420703,0.22647371690329715
1000,558,naive,psi0,-0.37758227415207335,0.18162065323225784
1000,558,naive,psi1,-0.37082075295805095,0.18509111741037496
1000,558,corrected,psi0,0.826796697218035,0.20841128540995496
1000,558,corrected,psi1,0.09444966987529549,0.21096815562655502
1000,559,naive,psi0,-0.12194802095901847,0.17827359729457565
1000,559,naive,psi1,-0.4762453352409575,0.17064705348266843
1000,559,corrected,psi0,1.204116815669382,0.2069172737741266
1000,559,corrected,psi1,-0.01158669872980326,0.20059023304160473
1000,560,naive,psi0,-0.36205315556291506,0.1772576572245807
1000,560,naive,psi1,0.19109329949538345,0.17808263282046305
1000,560,corrected,psi0,0.9004332317235392,0.20481718752010744
1000,560,corrected,psi1,0.7390652561304102,0.20316982354058377
1000,561,naive,psi0,-0.4838499537562404,0.1826185754008976
1000,561,naive,psi1,0.07334298319593492,0.20346810842912647
1000,561,corrected,psi0,0.7722780419838774,0.2148597148371279
1000,561,corrected,psi1,0.6347284583448927,0.2442932831177429
1000,562,naive,psi0,-0.1518714841730991,0.177995705161541
1000,562,naive,psi1,-0.07289400877952851,0.16525471996675434
1000,562,corrected,psi0,1.156644636732619,0.20773660165945565
1000,562,corrected,psi1,0.4587780545353462,0.19003870845615156
1000,563,naive,psi0,-0.5278177033080066,0.17961014193362745
1000,563,naive,psi1,-0.08627256056995404,0.21723820328401403
1000,563,corrected,psi0,0.7657441042502672,0.20926433648447298
1000,563,corrected,psi1,0.3215121296811769,0.25032916286765866
1000,564,naive,psi0,-0.05214589885750486,0.1756391009024301
1000,564,naive,psi1,0.014203965444143795,0.2033518971557857
1000,564,corrected,psi0,1.2077616424819944,0.20535784902131557
1000,564,corrected,psi1,0.557537119811555,0.23532469289515306
1000,565,naive,psi0,-0.2905952106908658,0.18152448260614526
1000,565,naive,psi1,0.14690658546243537,0.19828396929431483
1000,565,corrected,psi0,0.9816774120410583,0.2138933354987824
1000,565,corrected,psi1,0.7215615125211549,0.23125811950985795
1000,566,naive,psi0,-0.4501104210900645,0.18148506483341054
1000,566,naive,psi1,0.24280143195522363,0.18306168102803252
1000,566,corrected,psi0,0.748865434735973,0.2109739644921687
1000,566,corrected,psi1,0.7537071616147174,0.21393656835887187
1000,567,naive,psi0,-0.3773146484605731,0.18472279781445017
1000,567,naive,psi1,0.09536345615088172,0.19569662921945835
1000,567,corrected,psi0,0.8740769648861677,0.21737099086335793
1000,567,corrected,psi1,0.6696520275492669,0.2271691768309591
1000,568,naive,psi0,-0.010294249456315657,0.18513515950556775
1000,568,naive,psi1,0.23876398962383022,0.19022734748258477
1000,568,corrected,psi0,1.3073613970630473,0.21677718975343616
1000,568,corrected,psi1,0.7879931361851877,0.22409289651581737
1000,569,naive,psi0,-0.31282289284807585,0.17944078236164634
1000,569,naive,psi1,0.05034765478046221,0.16762411318913828
1000,569,corrected,psi0,0.9703893648119235,0.20665620955733924
1000,569,corrected,psi1,0.5536160635358209,0.19314608275025844
1000,570,naive,psi0,-0.44865387169751164,0.17981441571110002
1000,570,naive,psi1,0.335766769225443,0.1993682037367426
1000,570,corrected,psi0,0.8394090905369245,0.20561463981436462
1000,570,corrected,psi1,0.8867496072180288,0.22400515722788214
1000,571,naive,psi0,0.17759804511672123,0.18409154544660344
1000,571,naive,psi1,-0.12106655072523256,0.19153959653813693
1000,571,corrected,psi0,1.5092616648590844,0.21395052310403334
1000,571,corrected,psi1,0.2954372528722725,0.21807279342782773
1000,572,naive,psi0,-0.34441611295428187,0.17968073890903363
1000,572,naive,psi1,-0.26872969375043243,0.20828792655147418
1000,572,corrected,psi0,0.9559407615556098,0.20991171953018853
1000,572,corrected,psi1,0.17760989263657023,0.2432070682735471
1000,573,naive,psi0,-0.3728185236602532,0.18534481905542374
1000,573,naive,psi1,0.5422656320184827,0.2005039916611895
1000,573,corrected,psi0,0.8551918429133045,0.21494240227086625
1000,573,corrected,psi1,1.1186189227044574,0.229486411964758
1000,574,naive,psi0,-0.4508019598118431,0.19624444284235318
1000,574,naive,psi1,-0.0045103925499360015,0.23382243946975728
1000,574,corrected,psi0,0.6985578459880363,0.22812671241464083
1000,574,corrected,psi1,0.5591164229686999,0.27762970415590243
1000,575,naive,psi0,-0.3305287175960449,0.17615497363962582
1000,575,naive,psi1,-0.002088725062572303,0.18254733456807126
1000,575,corrected,psi0,0.953868569095402,0.20345302273177024
1000,575,corrected,psi1,0.5450725929643501,0.21211525389596567
1000,576,naive,psi0,-0.11289182594144632,0.1852064160250029
1000,576,naive,psi1,0.24555747088248522,0.20128171890134258
1000,576,corrected,psi0,1.1580721145646737,0.21181359657465904
1000,576,corrected,psi1,0.9151086269024288,0.22939511711830424
1000,577,naive,psi0,-0.317581910860773,0.1706968982231454
1000,577,naive,psi1,-0.03443468682931691,0.1828282296471303
1000,577,corrected,psi0,0.9086046819842778,0.1960544185013413
1000,577,corrected,psi1,0.3718217452095805,0.211449830545646
1000,578,naive,psi0,-0.19578609455384366,0.17982794041019373
1000,578,naive,psi1,-0.025408562521096304,0.21166452464588195
1000,578,corrected,psi0,1.1489159695170612,0.2099786184005606
1000,578,corrected,psi1,0.47480481402252045,0.24856960516090643
1000,579,naive,psi0,0.02415900017978129,0.1783509011385872
1000,579,naive,psi1,-0.18320299111561025,0.16573135132376984
1000,579,corrected,psi0,1.3725363431504853,0.21040268928844172
1000,579,corrected,psi1,0.28058110291219324,0.19502212367890503
1000,580,naive,psi0,-0.47537195649097275,0.18228010741261472
1000,580,naive,psi1,-0.11145468175409157,0.1983512819248685
1000,580,corrected,psi0,0.746164046264489,0.2128365708525222
1000,580,corrected,psi1,0.3899407960116564,0.2314382581593813
1000,581,naive,psi0,-0.11725590689755434,0.1772045107949469
1000,581,naive,psi1,-0.31840495690156684,0.16717226329690388
1000,581,corrected,psi0,1.1972978441215634,0.2060117444419677
1000,581,corrected,psi1,0.14249297291837637,0.19560986994741636
1000,582,naive,psi0,0.14112970351117488,0.17955326282857162
1000,582,naive,psi1,0.19951942064013614,0.19173257827948803
1000,582,corrected,psi0,1.4424197767542954,0.2091647359374708
1000,582,corrected,psi1,0.6824347523882912,0.22089978905640192
1000,583,naive,psi0,-0.12822781441929118,0.16897601853208916
1000,583,naive,psi1,0.167889401425971,0.19365257620100962
1000,583,corrected,psi0,1.1536630363690599,0.19537956039525978
1000,583,corrected,psi1,0.7252947897759923,0.22156474475873938
1000,584,naive,psi0,-0.36688695284309003,0.17567246617321994
1000,584,naive,psi1,-0.286970541958364,0.1934103486907169
1000,584,corrected,psi0,0.8967480254174061,0.20720663688995639
1000,584,corrected,psi1,0.18238279406327276,0.2272551847543441
1000,585,naive,psi0,-0.6695156469113841,0.17866540545651147
1000,585,naive,psi1,-0.06425285708498053,0.17252914222527627
1000,585,corrected,psi0,0.45696123747213163,0.2091789373161904
1000,585,corrected,psi1,0.46251557198245546,0.2001073905558365
1000,586,naive,psi0,0.1469972710755257,0.17910197560191538
1000,586,naive,psi1,0.206998929481596,0.19564600868929438
1000,586,corrected,psi0,1.4791888750578928,0.2076862099136529
1000,586,corrected,psi1,0.696129692658108,0.22475159257077204
1000,587,naive,psi0,-0.5208657966669713,0.18372904068391824
1000,587,naive,psi1,-0.22213614790210706,0.2165952283842144
1000,587,corrected,psi0,0.737980607394576,0.21365008586262693
1000,587,corrected,psi1,0.2068936207573107,0.25196530247464727
1000,588,naive,psi0,-0.4623833623999969,0.1768326135565746
1000,588,naive,psi1,-0.18539482212356304,0.18322683828020417
1000,588,corrected,psi0,0.8231881855532774,0.20441401879201096
1000,588,corrected,psi1,0.16608270317215393,0.20854425016670713
1000,589,naive,psi0,0.052829243482272525,0.17332315560593628
1000,589,naive,psi1,0.4472936341135999,0.16629555200977192
1000,589,corrected,psi0,1.3254099695756183,0.2019024325408557
1000,589,corrected,psi1,0.9722860009499323,0.19311385113369825
1000,590,naive,psi0,-0.24234786607197106,0.1796078830829615
1000,590,naive,psi1,-0.048759332496134344,0.19129712866762769
1000,590,corrected,psi0,1.0707853712047535,0.21212238062606364
1000,590,corrected,psi1,0.37259213314083434,0.2279807848658388
1000,591,naive,psi0,-0.16581997489315728,0.18516938259412255
1000,591,naive,psi1,-0.23842487881225288,0.1812091887506739
1000,591,corrected,psi0,1.1701947031701272,0.21750930737297108
1000,591,corrected,psi1,0.21081380311688377,0.2153673323183191
1000,592,naive,psi0,-0.1347562713272939,0.17482134374967798
1000,592,naive,psi1,-0.1499130286282701,0.1946684036329807
1000,592,corrected,psi0,1.1898735339138262,0.20454036374816265
1000,592,corrected,psi1,0.31553309786589995,0.22472937794689896
1000,593,naive,psi0,-0.38237422766297624,0.17998016487266424
1000,593,naive,psi1,0.16229870935114585,0.18589254268537736
1000,593,corrected,psi0,0.9027778648078115,0.2094095538769357
1000,593,corrected,psi1,0.6635107669639307,0.21485640785906993
1000,594,naive,psi0,-0.16486550098083613,0.17948734531601507
1000,594,naive,psi1,0.4573171410736437,0.19028690002663917
1000,594,corrected,psi0,1.106150334017872,0.20816049520383534
1000,594,corrected,psi1,0.9982081558295933,0.21978178178044286
1000,595,naive,psi0,-0.22639652918751657,0.17755428488067224
1000,595,naive,psi1,-0.10369920449683169,0.17843407840805908
1000,595,corrected,psi0,1.0998001612552892,0.20454531127995693
1000,595,corrected,psi1,0.3948102093552503,0.20128653947067104
1000,596,naive,psi0,-0.18338675173946448,0.17644111384474662
1000,596,naive,psi1,-0.2720852360106761,0.18674187425722574
1000,596,corrected,psi0,1.0996844168523998,0.2037022291206554
1000,596,corrected,psi1,0.1979297977983682,0.2200737383066553
1000,597,naive,psi0,-0.2080905573960106,0.1801666548674477
1000,597,naive,psi1,0.16973576345913033,0.19157605687780133
1000,597,corrected,psi0,1.075064643097539,0.21363022458703745
1000,597,corrected,psi1,0.7121210188231073,0.23186021540480514
1000,598,naive,psi0,-0.30564628547710526,0.18778686397377198
1000,598,naive,psi1,-0.20465479956770025,0.20023701722133436
1000,598,corrected,psi0,0.9619007851982732,0.21898962245509818
1000,598,corrected,psi1,0.2808796248027202,0.22987536221746432
1000,599,naive,psi0,-0.2762616448124266,0.17699477967990304
1000,599,naive,psi1,-0.029509130232514093,0.1858232902712486
1000,599,corrected,psi0,1.013007661301587,0.20644432039615798
1000,599,corrected,psi1,0.47891232292691327,0.21786981849029124
1000,600,naive,psi0,-0.2637425273415434,0.17220072343855375
1000,600,naive,psi1,0.2849954526932272,0.17035607050109564
1000,600,corrected,psi0,0.9849296266147403,0.20104844109341333
1000,600,corrected,psi1,0.8054985870870872,0.19793038372016866
1000,601,naive,psi0,-0.1607414239505012,0.17769724117852667
1000,601,naive,psi1,-0.03248999293654472,0.18753155675103972
1000,601,corrected,psi0,1.2082563347741577,0.20830834039484106
1000,601,corrected,psi1,0.4313174758570938,0.21747815469887136
1000,602,naive,psi0,-0.516966875504962,0.1826966346110483
1000,602,naive,psi1,-0.09982519552640616,0.19957738411445072
1000,602,corrected,psi0,0.7343243789936614,0.21270301196494068
1000,602,corrected,psi1,0.36789821146417906,0.23209228902141235
1000,603,naive,psi0,-0.3393534794577291,0.1871757960698999
1000,603,naive,psi1,0.1944621313033898,0.20980200246708766
1000,603,corrected,psi0,0.8861080911896736,0.21456074715958096
1000,603,corrected,psi1,0.7670995094558012,0.23863288916614056
1000,604,naive,psi0,-0.17045444730787482,0.18309614850591088
1000,604,naive,psi1,0.0752107785554102,0.19567122381625912
1000,604,corrected,psi0,1.1153439436062287,0.21259296419534632
1000,604,corrected,psi1,0.5421672035739987,0.22970995380189596
1000,605,naive,psi0,-0.1690114365639317,0.18331193886186695
1000,605,naive,psi1,0.19793315985411394,0.20123284086156734
1000,605,corrected,psi0,1.1304001631617486,0.21261407540504254
1000,605,corrected,psi1,0.7282779441849433,0.2321661687466409
1000,606,naive,psi0,-0.37457718547319,0.18261009902896916
1000,606,naive,psi1,0.24958478162953301,0.19687371364711145
1000,606,corrected,psi0,0.8979328228470187,0.21028680071355327
1000,606,corrected,psi1,0.7809552081541582,0.2228237955757638
1000,607,naive,psi0,-0.4601606722523529,0.18151129933041307
1000,607,naive,psi1,0.16439809345717588,0.1875744251640036
1000,607,corrected,psi0,0.8216989243842514,0.21178108410097518
1000,607,corrected,psi1,0.7298254620756556,0.21738024529482644
1000,608,naive,psi0,-0.13243730767347556,0.18388527099926555
1000,608,naive,psi1,-0.21399885025279533,0.18715056460714682
1000,608,corrected,psi0,1.0882753895752977,0.21207645164701935
1000,608,corrected,psi1,0.2657355721300738,0.21114450054484835
1000,609,naive,psi0,-0.3697420678259223,0.1826338050309924
1000,609,naive,psi1,-0.1927308210283363,0.19495158618404565
1000,609,corrected,psi0,0.8672781613577261,0.2135917340208764
1000,609,corrected,psi1,0.29047594702413365,0.22727855271017908
1000,610,naive,psi0,-0.6219543645477397,0.17776528887673615
1000,610,naive,psi1,-0.23614092433362893,0.18194179607432626
1000,610,corrected,psi0,0.6719388625211143,0.20846450633862068
1000,610,corrected,psi1,0.22648350345995263,0.21090836548782754
1000,611,naive,psi0,-0.19180314839014448,0.181568873457956
1000,611,naive,psi1,0.12797722067368902,0.20389575820795086
1000,611,corrected,psi0,1.103004482340126,0.21389386226202542
1000,611,corrected,psi1,0.6133285897278119,0.24179159751817872
1000,612,naive,psi0,-0.4340525919151022,0.18406444910249317
1000,612,naive,psi1,0.10578797221259224,0.1959083015098548
1000,612,corrected,psi0,0.7608165988300464,0.21899626123640833
1000,612,corrected,psi1,0.666309012328194,0.24389973313405686
1000,613,naive,psi0,-0.63838768044113,0.17864474725832893
1000,613,naive,psi1,0.12788174932923616,0.17380619682056575
1000,613,corrected,psi0,0.6132677301486429,0.20870255850944308
1000,613,corrected,psi1,0.649507086674821,0.20200931671993713
1000,614,naive,psi0,-0.14353935627411693,0.18709242486409874
1000,614,naive,psi1,-0.011793880065816179,0.19856069344279448
1000,614,corrected,psi0,1.1696231830089707,0.21396391615977134
1000,614,corrected,psi1,0.4951497218179848,0.22624215428066713
1000,615,naive,psi0,-0.39826752967565415,0.18932178957731616
1000,615,naive,psi1,-0.4554436032097523,0.18745401880834578
1000,615,corrected,psi0,0.8218445658585303,0.21941830873001963
1000,615,corrected,psi1,-0.09335001621896351,0.22129125715506032
1000,616,naive,psi0,-0.17372051860195076,0.17622590733446478
1000,616,naive,psi1,-0.006336231981681863,0.18656338482011986
1000,616,corrected,psi0,1.0979108523019225,0.2019729357863197
1000,616,corrected,psi1,0.4513621765893623,0.2095486067743949
1000,617,naive,psi0,-0.5228014357234683,0.17654923013569
1000,617,naive,psi1,0.15960200470592326,0.17867850657898138
1000,617,corrected,psi0,0.7021597525292038,0.20625514027122377
1000,617,corrected,psi1,0.6307774735957941,0.20704017478039297
1000,618,naive,psi0,-0.4080040501558798,0.17002672328954116
1000,618,naive,psi1,-0.13861132016214564,0.17928830486316893
1000,618,corrected,psi0,0.8269622071060215,0.19851611918247564
1000,618,corrected,psi1,0.3263653142036089,0.20523201695991566
1000,619,naive,psi0,-0.5130605879533897,0.17417640205019483
1000,619,naive,psi1,0.006224022651340256,0.18660569720940254
1000,619,corrected,psi0,0.6907981299059606,0.20455429658742347
1000,619,corrected,psi1,0.4902175447708953,0.22257408213041877
1000,620,naive,psi0,-0.283105940273337,0.18194915904936051
1000,620,naive,psi1,0.05388915233850394,0.21186507499627205
1000,620,corrected,psi0,0.9766704869309535,0.20911694856989282
1000,620,corrected,psi1,0.6526693598755325,0.24675246533652334
1000,621,naive,psi0,-0.20160062383605865,0.1734335532928627
1000,621,naive,psi1,0.21413067735306512,0.1751228915126335
1000,621,corrected,psi0,1.0916010347365126,0.2030558091210915
1000,621,corrected,psi1,0.7776609252408138,0.20655754205017474
1000,622,naive,psi0,-0.33111634233054815,0.17694497923386604
1000,622,naive,psi1,-0.06035796317161281,0.17659805733830314
1000,622,corrected,psi0,0.9316254782220329,0.2068699377961796
1000,622,corrected,psi1,0.3929684016583072,0.20908751465088293
1000,623,naive,psi0,-0.061989317251926,0.1806419405519056
1000,623,naive,psi1,0.21781689375556448,0.1950600432667872
1000,623,corrected,psi0,1.2309749116502182,0.2089192764201006
1000,623,corrected,psi1,0.6530480778006534,0.22363655041965638
1000,624,naive,psi0,-0.13437869832597574,0.1824099952299475
1000,624,naive,psi1,-0.0029412496232355213,0.20179157648285515
1000,624,corrected,psi0,1.2201037334988643,0.21082176137331324
1000,624,corrected,psi1,0.4740919503754207,0.23781522632300217
1000,625,naive,psi0,-0.16650847443723651,0.18009423908283798
1000,625,naive,psi1,0.0063643610167839265,0.20160445771505808
1000,625,corrected,psi0,1.1241809465634611,0.20898318340435224
1000,625,corrected,psi1,0.5211998164943099,0.22930473916752156
1000,626,naive,psi0,-0.21195129718140546,0.18384260524760931
1000,626,naive,psi1,0.23956443067344976,0.19815666467406662
1000,626,corrected,psi0,1.0723282513199315,0.2158323499207837
1000,626,corrected,psi1,0.7318311923809541,0.23415619801063714
1000,627,naive,psi0,-0.2983142169974727,0.17667683569557208
1000,627,naive,psi1,0.21490390414167085,0.18405651813806362
1000,627,corrected,psi0,0.9991754314219533,0.20468445183667128
1000,627,corrected,psi1,0.7486681497961329,0.2127168941519965
1000,628,naive,psi0,-0.30391803533480743,0.18159449501899566
1000,628,naive,psi1,0.07659072332539399,0.2042772120879855
1000,628,corrected,psi0,0.9661632522093988,0.2088503299833852
1000,628,corrected,psi1,0.5592034254041875,0.2354462709336059
1000,629,naive,psi0,-0.5422630391030049,0.18369392951091817
1000,629,naive,psi1,0.1825795336704576,0.2192052052108468
1000,629,corrected,psi0,0.7153969847639685,0.20920100301509456
1000,629,corrected,psi1,0.6969373115376788,0.24432779230030005
1000,630,naive,psi0,-0.08602003889724205,0.1784121764657889
1000,630,naive,psi1,0.2565289667206822,0.1684396584971967
1000,630,corrected,psi0,1.270192806983701,0.20856791569808145
1000,630,corrected,psi1,0.7488730135713105,0.1948003987687861
1000,631,naive,psi0,-0.16627142307738935,0.18830725460821968
1000,631,naive,psi1,0.265841356537802,0.22856841815027115
1000,631,corrected,psi0,1.1877428555948646,0.22026051935632493
1000,631,corrected,psi1,0.6342393501864325,0.26187721402955616
1000,632,naive,psi0,-0.1787524111880908,0.17277970277727023
1000,632,naive,psi1,0.09713020305935495,0.19050450840043057
1000,632,corrected,psi0,1.1250775821686618,0.20145019621072402
1000,632,corrected,psi1,0.5817546255302344,0.22690283459955202
1000,633,naive,psi0,-0.2982416381079685,0.18119382074834364
1000,633,naive,psi1,0.17438366349022313,0.18562558611810148
1000,633,corrected,psi0,0.9847406369245448,0.2116730331957935
1000,633,corrected,psi1,0.7427573413725955,0.21478924558714013
1000,634,naive,psi0,-0.3019119317456551,0.18134435551036596
1000,634,naive,psi1,-0.06929605253112378,0.21060077770042418
1000,634,corrected,psi0,0.9908784997557276,0.21189580569741118
1000,634,corrected,psi1,0.44763915820201494,0.24073363229968653
1000,635,naive,psi0,-0.35871883184999487,0.18356489844659934
1000,635,naive,psi1,-0.02670093785936222,0.18748367997876103
1000,635,corrected,psi0,0.9277068228691535,0.21102790306893332
1000,635,corrected,psi1,0.3989613749066861,0.21664115424297092
1000,636,naive,psi0,-0.1631672851594747,0.1775385413167519
1000,636,naive,psi1,-0.05028164093837834,0.1857580779092716
1000,636,corrected,psi0,1.1076907056956775,0.20944898708004583
1000,636,corrected,psi1,0.4003098828594357,0.22628229193645238
1000,637,naive,psi0,0.008806664018056569,0.17588989535138122
1000,637,naive,psi1,-0.31207782324884464,0.1957186613974061
1000,637,corrected,psi0,1.3379273325501857,0.20546997684526985
1000,637,corrected,psi1,0.14630214166143193,0.2349508172019088
1000,638,naive,psi0,-0.1833789818949067,0.180017756816982
1000,638,naive,psi1,-0.23562165974805468,0.17336522266910004
1000,638,corrected,psi0,1.0821756251710701,0.21266241284164114
1000,638,corrected,psi1,0.16715223729133774,0.20494850383900892
1000,639,naive,psi0,-0.4176194872979087,0.17944058920649628
1000,639,naive,psi1,-0.030214473057998417,0.17448295623139548
1000,639,corrected,psi0,0.8350002660602703,0.20983969873457398
1000,639,corrected,psi1,0.4743392939444692,0.20349094869112463
1000,640,naive,psi0,-0.45500060210183946,0.18865329075839435
1000,640,naive,psi1,0.2864591516036998,0.19585782109212221
1000,640,corrected,psi0,0.8098302414558913,0.2211286105007536
1000,640,corrected,psi1,0.8030114654452111,0.2336443276277532
1000,641,naive,psi0,-0.2886902960033032,0.18737793223701213
1000,641,naive,psi1,-0.2371714772067478,0.19304826721751353
1000,641,corrected,psi0,0.9681734814736658,0.21650127173804026
1000,641,corrected,psi1,0.1604919720004167,0.22533428926213592
1000,642,naive,psi0,-0.23429367763763587,0.17563599986380765
1000,642,naive,psi1,-0.35808611369150056,0.20207283543175952
1000,642,corrected,psi0,1.0409505508514283,0.20819207741798554
1000,642,corrected,psi1,0.12870735033916123,0.2413338435255099
1000,643,naive,psi0,-0.35460310381250854,0.18451707293039726
1000,643,naive,psi1,0.06713837136638375,0.2010037244878396
1000,643,corrected,psi0,0.9630519699943271,0.21315401206007425
1000,643,corrected,psi1,0.524579952115839,0.23769707036976165
1000,644,naive,psi0,-0.21504012044936618,0.17876486621323334
1000,644,naive,psi1,0.29141412915051573,0.18455473419195972
1000,644,corrected,psi0,1.0454177100469255,0.20794963328695543
1000,644,corrected,psi1,0.9097048167708592,0.2130540543705821
1000,645,naive,psi0,-0.5178780870273313,0.17809590969097128
1000,645,naive,psi1,0.3291454578406344,0.2029127931334595
1000,645,corrected,psi0,0.7741850139101961,0.2061793262469899
1000,645,corrected,psi1,0.8567827078558162,0.23183033558248356
1000,646,naive,psi0,-0.4253157733741553,0.17748188236689721
1000,646,naive,psi1,0.00614674016817262,0.19822707482457225
1000,646,corrected,psi0,0.7456299790938841,0.20724748249329922
1000,646,corrected,psi1,0.5339544864246573,0.2274942048145586
1000,647,naive,psi0,-0.6179781484750415,0.17917150632616968
1000,647,naive,psi1,-0.22178144542530043,0.21058477973066836
1000,647,corrected,psi0,0.5700538233874309,0.21081550487855386
1000,647,corrected,psi1,0.22058914212428976,0.24818898109929288
1000,648,naive,psi0,-0.47216684905552553,0.17640753712154492
1000,648,naive,psi1,-0.33033717120299455,0.18953548896645683
1000,648,corrected,psi0,0.7156793700815517,0.20710485957216845
1000,648,corrected,psi1,0.09864928531664073,0.2247099631612279
1000,649,naive,psi0,-0.19967783270049658,0.18359179039628834
1000,649,naive,psi1,-0.06133379004535148,0.19742485651181021
1000,649,corrected,psi0,1.0331536128926238,0.21470892415992998
1000,649,corrected,psi1,0.4859016625730722,0.22903140359224425
1000,650,naive,psi0,-0.4471584764960438,0.17888824292531796
1000,650,naive,psi1,0.23158424899332047,0.1877110525239122
1000,650,corrected,psi0,0.804560138941217,0.21109752179613703
1000,650,corrected,psi1,0.7477415015180658,0.2237125351242158
1000,651,naive,psi0,-0.26823133795188864,0.18099782098750103
1000,651,naive,psi1,0.14435197477342596,0.18750405816393273
1000,651,corrected,psi0,1.0358572086325355,0.21335699615268977
1000,651,corrected,psi1,0.6590421984708844,0.21809658392257358
1000,652,naive,psi0,-0.28593341852524673,0.18133512029852838
1000,652,naive,psi1,0.16073466434235076,0.21097819349233105
1000,652,corrected,psi0,0.9387811706308399,0.21499412398448087
1000,652,corrected,psi1,0.7822644947107331,0.25970758505353336
1000,653,naive,psi0,-0.4790932760848476,0.1817906509317488
1000,653,naive,psi1,-0.1426914454224747,0.185895049032784
1000,653,corrected,psi0,0.7830421836097965,0.21105614826347233
1000,653,corrected,psi1,0.3459157512954687,0.21258377988569924
1000,654,naive,psi0,-0.37547361789153455,0.17461529409327445
1000,654,naive,psi1,-0.32743748780228316,0.16960124885987246
1000,654,corrected,psi0,0.814531511857263,0.20205865760791547
1000,654,corrected,psi1,0.12285720884650743,0.19750756425971355
1000,655,naive,psi0,-0.3989087088010549,0.18078708045402145
1000,655,naive,psi1,0.2623637764609734,0.18728762135074403
1000,655,corrected,psi0,0.9030586520060899,0.21254789444846695
1000,655,corrected,psi1,0.8091285901993345,0.22046770422809092
1000,656,naive,psi0,-0.4853157281623126,0.17720728832642746
1000,656,naive,psi1,0.13018263681305384,0.17881116512567163
1000,656,corrected,psi0,0.7003044980272088,0.20665596481482834
1000,656,corrected,psi1,0.5728816808231806,0.20855879947350825
1000,657,naive,psi0,-0.22468608188915404,0.18284294862535008
1000,657,naive,psi1,-0.3365443757490262,0.16864976656565273
1000,657,corrected,psi0,0.9886798399204052,0.21553423657109297
1000,657,corrected,psi1,0.14108322906375653,0.1963414328427745
1000,658,naive,psi0,-0.3577354095173012,0.1772489219567311
1000,658,naive,psi1,-0.05913082985585271,0.18417266429285728
1000,658,corrected,psi0,0.8311249198272606,0.20561215566717847
1000,658,corrected,psi1,0.4312666355612506,0.21341156910664275
1000,659,naive,psi0,-0.06410022605888918,0.17958321507161168
1000,659,naive,psi1,0.10330960715215702,0.20164834760954145
1000,659,corrected,psi0,1.3207893978038734,0.20518522536302916
1000,659,corrected,psi1,0.5600892875746765,0.23488727374084717
1000,660,naive,psi0,-0.2615840796577977,0.18127686578128915
1000,660,naive,psi1,-0.19646200602030453,0.17813784861917314
1000,660,corrected,psi0,0.9849607765745656,0.21284563463585002
1000,660,corrected,psi1,0.22401711917354758,0.21148216583296336
1000,661,naive,psi0,-0.18317470331209093,0.1877696602409834
1000,661,naive,psi1,-0.1864240839775791,0.19355853255135608
1000,661,corrected,psi0,1.0544192535226213,0.21837041789558148
1000,661,corrected,psi1,0.3287334586091818,0.22265645164626585
1000,662,naive,psi0,-0.3673131716503316,0.17649808925137386
1000,662,naive,psi1,0.020161927404992053,0.1760789624127517
1000,662,corrected,psi0,0.8857659564059679,0.20864374104981034
1000,662,corrected,psi1,0.460326557406556,0.20552763958027048
1000,663,naive,psi0,-0.2792167603557369,0.18204560236929732
1000,663,naive,psi1,0.11540104411396589,0.1945081779532683
1000,663,corrected,psi0,0.970157261522655,0.21072591068946928
1000,663,corrected,psi1,0.6301227604258071,0.22688829629646898
1000,664,naive,psi0,-0.011441893156498163,0.1870911788361966
1000,664,naive,psi1,-0.11844468447104285,0.19530909633341037
1000,664,corrected,psi0,1.315984474033998,0.21690228472249118
1000,664,corrected,psi1,0.314471027657376,0.22739545857977314
1000,665,naive,psi0,-0.4906932749936151,0.1815268051868206
1000,665,naive,psi1,-0.15545355934378174,0.18798895773826527
1000,665,corrected,psi0,0.7704846851913639,0.21041142443663344
1000,665,corrected,psi1,0.2903662805073851,0.21900742031610365
1000,666,naive,psi0,-0.03266716351884746,0.18125624002412816
1000,666,naive,psi1,0.0951364040180065,0.17919751379940907
1000,666,corrected,psi0,1.2524939819798147,0.21095540381473007
1000,666,corrected,psi1,0.6648744283581055,0.2171403208770807
1000,667,naive,psi0,-0.22613094776936915,0.18633525426109748
1000,667,naive,psi1,-0.03472616839335949,0.19454889001038386
1000,667,corrected,psi0,1.093163857943047,0.21633987806414062
1000,667,corrected,psi1,0.34887305526386375,0.22265509971985556
1000,668,naive,psi0,-0.2646781978462765,0.18120442637953574
1000,668,naive,psi1,0.09308240661590093,0.1861467430619894
1000,668,corrected,psi0,1.0246613536706346,0.21163586772122867
1000,668,corrected,psi1,0.6084846868952674,0.21830389976701794
1000,669,naive,psi0,-0.46861748629787003,0.1805429357082031
1000,669,naive,psi1,0.2789974005459624,0.20975290734683222
1000,669,corrected,psi0,0.7251901932932373,0.21042965832822078
1000,669,corrected,psi1,0.9031848026399648,0.24626231973896917
1000,670,naive,psi0,-0.18545675798289418,0.183202945065813
1000,670,naive,psi1,-0.2148492328554481,0.17948353474312392
1000,670,corrected,psi0,1.0794961413070208,0.2123882846420774
1000,670,corrected,psi1,0.24078702705382984,0.21251926269487645
1000,671,naive,psi0,-0.6321244949438988,0.1783874259100849
1000,671,naive,psi1,0.026781539415182732,0.19918092796022618
1000,671,corrected,psi0,0.5817130184853632,0.20980689638730896
1000,671,corrected,psi1,0.5766999610400493,0.24266565142396035
1000,672,naive,psi0,-0.05298540724964554,0.1734081031468023
1000,672,naive,psi1,0.10175912824971069,0.17772578705707925
1000,672,corrected,psi0,1.2423367585964924,0.20355172764639104
1000,672,corrected,psi1,0.610967401711213,0.20969490250281145
1000,673,naive,psi0,-0.24434138997402952,0.17302619801438052
1000,673,naive,psi1,-0.07572595352444042,0.2025778825368212
1000,673,corrected,psi0,0.9570141161619271,0.20172652491035659
1000,673,corrected,psi1,0.3866942831537589,0.23717349032433505
1000,674,naive,psi0,-0.4154122793876073,0.17501156275995292
1000,674,naive,psi1,-0.0747769582330531,0.19315671302011858
1000,674,corrected,psi0,0.9127643040721213,0.2039423860634296
1000,674,corrected,psi1,0.39197348328192866,0.225130567272303
1000,675,naive,psi0,-0.35442418386232477,0.18139464918624257
1000,675,naive,psi1,0.055412587455109075,0.18223292473299765
1000,675,corrected,psi0,0.8797688833879119,0.20992654271292616
1000,675,corrected,psi1,0.5432574653730853,0.2103618791136964
1000,676,naive,psi0,0.05637018955049069,0.18433987954426098
1000,676,naive,psi1,-0.17764576654399056,0.19757569938505692
1000,676,corrected,psi0,1.3527735063236301,0.21435608775323622
1000,676,corrected,psi1,0.2685875707951088,0.2321938731427724
1000,677,naive,psi0,-0.5341291711140943,0.17975282079334828
1000,677,naive,psi1,-0.03374699368556295,0.1871955976218981
1000,677,corrected,psi0,0.712799670568394,0.2063083366322095
1000,677,corrected,psi1,0.4418270572491586,0.21114493771363768
1000,678,naive,psi0,-0.30702759531677315,0.18063388020693513
1000,678,naive,psi1,0.07968240704856401,0.1882995980936705
1000,678,corrected,psi0,0.9463017095888837,0.21077096848096064
1000,678,corrected,psi1,0.6187430020519235,0.2245651696784286
1000,679,naive,psi0,-0.3256951366983697,0.17858539230510853
1000,679,naive,psi1,-0.32897470138583945,0.18177366608263007
1000,679,corrected,psi0,0.9264976887394384,0.2160481050278765
1000,679,corrected,psi1,0.18214315153650265,0.2198208669028802
1000,680,naive,psi0,-0.26483151635704055,0.19111823486600985
1000,680,naive,psi1,-0.17856701878363515,0.2034483872119327
1000,680,corrected,psi0,1.0786616747904545,0.21978002211433081
1000,680,corrected,psi1,0.24172799169263817,0.23155728476771134
1000,681,naive,psi0,-0.5509477167182117,0.18715141562274545
1000,681,naive,psi1,-0.13778232955429853,0.195410991771218
1000,681,corrected,psi0,0.7052212875572098,0.21717664738787104
1000,681,corrected,psi1,0.319580092488103,0.2262294195343476
1000,682,naive,psi0,-0.16560061899452103,0.18922587852371234
1000,682,naive,psi1,0.06255614217842473,0.21626890789726488
1000,682,corrected,psi0,1.1070789968659835,0.2184583736061139
1000,682,corrected,psi1,0.5816127243274343,0.2462298013862742
1000,683,naive,psi0,-0.4668340674185142,0.17572171743119794
1000,683,naive,psi1,0.3000052946421377,0.18765980852959696
1000,683,corrected,psi0,0.7286261955613109,0.20321682835307733
1000,683,corrected,psi1,0.814277567088301,0.21836258836156425
1000,684,naive,psi0,-0.45755672957090415,0.18622541226313502
1000,684,naive,psi1,-0.26918986878562035,0.19432266455488648
1000,684,corrected,psi0,0.8589440337072796,0.2170104414423442
1000,684,corrected,psi1,0.15405618160677345,0.22470618778659576
1000,685,naive,psi0,-0.3548570564057212,0.17457461545597036
1000,685,naive,psi1,-0.20078652014281656,0.2025164472836913
1000,685,corrected,psi0,0.9167135655717623,0.20338627415155153
1000,685,corrected,psi1,0.3241672555030562,0.23950648404705724
1000,686,naive,psi0,-0.24002012826226438,0.17192218390532896
1000,686,naive,psi1,-0.04806737362465304,0.17709383362331882
1000,686,corrected,psi0,0.9975444303685929,0.1989479318982414
1000,686,corrected,psi1,0.5316968884043437,0.20514327654488415
1000,687,naive,psi0,-0.21171941006391806,0.18361418383310774
1000,687,naive,psi1,-0.07776590456765148,0.20871236224031398
1000,687,corrected,psi0,1.0480504929145809,0.21494576020085424
1000,687,corrected,psi1,0.32517880657486187,0.24213009852181702
1000,688,naive,psi0,-0.1985694320047855,0.17337738077532658
1000,688,naive,psi1,-0.1687368657747941,0.16101768474209102
1000,688,corrected,psi0,1.1127521731209495,0.20326298402378337
1000,688,corrected,psi1,0.3464860820747104,0.19027285504657476
1000,689,naive,psi0,-0.5704683683772842,0.1741451737680615
1000,689,naive,psi1,0.10403614528474084,0.15748426610953783
1000,689,corrected,psi0,0.7464684700290801,0.20286607865300865
1000,689,corrected,psi1,0.6663942229781672,0.1842504466913412
1000,690,naive,psi0,-0.6501357508674083,0.1771600850391457
1000,690,naive,psi1,-0.08744879105546133,0.18454245524414842
1000,690,corrected,psi0,0.6114993852752717,0.20753373312437695
1000,690,corrected,psi1,0.43646578208683284,0.2135585156619014
1000,691,naive,psi0,-0.29185531625931016,0.1841571278643343
1000,691,naive,psi1,-0.07461499397692284,0.18540867873775294
1000,691,corrected,psi0,0.9979558253313796,0.21469568252601265
1000,691,corrected,psi1,0.4105845914494839,0.22026458892600442
1000,692,naive,psi0,-0.5941263244174931,0.1743576321316759
1000,692,naive,psi1,0.3410882440522527,0.17376768025466946
1000,692,corrected,psi0,0.6676755160842389,0.20102672225357715
1000,692,corrected,psi1,0.8818748612613788,0.19811735239820746
1000,693,naive,psi0,-0.07227437352604445,0.18542176069377536
1000,693,naive,psi1,-0.04850025936910747,0.19833204231476337
1000,693,corrected,psi0,1.212953154309325,0.2167152396885952
1000,693,corrected,psi1,0.41701376822153313,0.2407196143195413
1000,694,naive,psi0,-0.3054960154454296,0.17884197430330365
1000,694,naive,psi1,0.10378856667842629,0.19937302768795262
1000,694,corrected,psi0,0.8862404272836422,0.20703725346487117
1000,694,corrected,psi1,0.6241764927415857,0.2275731626195912
1000,695,naive,psi0,-0.06106563586365695,0.17864782608976848
1000,695,naive,psi1,-0.1457818094710129,0.1807206375982511
1000,695,corrected,psi0,1.1681294508930504,0.20585635126870383
1000,695,corrected,psi1,0.3363350578919976,0.21195274863117589
1000,696,naive,psi0,-0.7902629145393963,0.18875470807260747
1000,696,naive,psi1,-0.3013381295936133,0.19462585392011042
1000,696,corrected,psi0,0.3912786840044441,0.21747751293282527
1000,696,corrected,psi1,0.21018571902627853,0.2297987664184374
1000,697,naive,psi0,-0.4048770531649723,0.18344272364408012
1000,697,naive,psi1,0.13337492638658713,0.1812066026344897
1000,697,corrected,psi0,0.8533108248200475,0.2121860520295232
1000,697,corrected,psi1,0.6161477468915391,0.21116422742786445
1000,698,naive,psi0,-0.7148308535151066,0.18472223870816568
1000,698,naive,psi1,-0.2021115128054766,0.17876851310008082
1000,698,corrected,psi0,0.5183889467472041,0.21814058301060268
1000,698,corrected,psi1,0.254932426969215,0.20891054385489272
1000,699,naive,psi0,-0.5179983358273013,0.18194860392791362
1000,699,naive,psi1,-0.1206710716655054,0.19026214589549367
1000,699,corrected,psi0,0.7204927427730767,0.20965908873844977
1000,699,corrected,psi1,0.3916004080279081,0.2195781227689774
1000,700,naive,psi0,-0.305542662479178,0.18679994018655835
1000,700,naive,psi1,0.016852381237372267,0.18398785818048521
1000,700,corrected,psi0,0.950785136068054,0.21801653433591095
1000,700,corrected,psi1,0.5543703548146672,0.21874239425621284
1000,701,naive,psi0,-0.24784320757436407,0.18173030255263597
1000,701,naive,psi1,-0.41729221671437333,0.19877791868344666
1000,701,corrected,psi0,1.0264377732699643,0.21186767452665087
1000,701,corrected,psi1,0.009803064606087044,0.22648581508390803
1000,702,naive,psi0,0.024615261338482766,0.17167656586556782
1000,702,naive,psi1,-0.0626805739864914,0.15460781379284105
1000,702,corrected,psi0,1.3816817074083643,0.2003842908847762
1000,702,corrected,psi1,0.3890622178651825,0.18378245357007889
1000,703,naive,psi0,-0.5802089807009709,0.18039552165332648
1000,703,naive,psi1,0.12214110325786766,0.18731049771347114
1000,703,corrected,psi0,0.651705371423083,0.2088231414839561
1000,703,corrected,psi1,0.6565927236118919,0.2171438078077014
1000,704,naive,psi0,-0.11566702923408784,0.1863195036978452
1000,704,naive,psi1,-0.030478299348893116,0.22529029826200528
1000,704,corrected,psi0,1.1580499688967762,0.21744390989159332
1000,704,corrected,psi1,0.44305361174865604,0.2575257156617833
1000,705,naive,psi0,-0.4846786500979347,0.17528828201393662
1000,705,naive,psi1,0.12336916865204554,0.17831849287390766
1000,705,corrected,psi0,0.7774118015563577,0.20451470021105866
1000,705,corrected,psi1,0.6126572777123083,0.21037708346343797
1000,706,naive,psi0,-0.3140492273726387,0.17341271746656237
1000,706,naive,psi1,-0.11212883244317691,0.22182709783106772
1000,706,corrected,psi0,0.9707161323259229,0.20196994068590254
1000,706,corrected,psi1,0.3618132396775861,0.25970584882336567
1000,707,naive,psi0,-0.3502260730425639,0.17925514842817872
1000,707,naive,psi1,0.10447511377435993,0.20504661618412254
1000,707,corrected,psi0,0.884842626536756,0.21078557659587036
1000,707,corrected,psi1,0.5576757864374067,0.24309396451296345
1000,708,naive,psi0,-0.531215736615004,0.17846855003783413
1000,708,naive,psi1,0.14568263691448743,0.17004947996575057
1000,708,corrected,psi0,0.6278495331187199,0.21034075834429392
1000,708,corrected,psi1,0.6906633663934825,0.19992289408455383
1000,709,naive,psi0,-0.3309950216104724,0.18078010694137858
1000,709,naive,psi1,-0.10838553845603614,0.19419821007326152
1000,709,corrected,psi0,0.9233751697732023,0.21058537949395836
1000,709,corrected,psi1,0.3866939125463033,0.22886382683336934
1000,710,naive,psi0,-0.40720680147083227,0.17341937158296308
1000,710,naive,psi1,-0.13274670855962428,0.16822467601775298
1000,710,corrected,psi0,0.874528186440167,0.2036434494029669
1000,710,corrected,psi1,0.39222704915170126,0.19843646970167717
1000,711,naive,psi0,-0.15432668552209639,0.1824787291350239
1000,711,naive,psi1,-0.036614910826561785,0.17016479384068056
1000,711,corrected,psi0,1.1750558892606733,0.211538256598676
1000,711,corrected,psi1,0.39110215711798524,0.197791877678491
1000,712,naive,psi0,-0.29909952546290575,0.19027017074057567
1000,712,naive,psi1,-0.12143404473770886,0.2031147780300684
1000,712,corrected,psi0,1.022391864125097,0.22375206899105166
1000,712,corrected,psi1,0.37967630839684413,0.23587234642311902
1000,713,naive,psi0,-0.5583756721298946,0.18704983757176963
1000,713,naive,psi1,-0.3847887890798247,0.20146065717006048
1000,713,corrected,psi0,0.6656422244384611,0.21630784602999467
1000,713,corrected,psi1,-0.004913330692502063,0.2297580256644024
1000,714,naive,psi0,-0.5762750846230559,0.17999283441809003
1000,714,naive,psi1,-0.02575836804751415,0.19717340490036084
1000,714,corrected,psi0,0.6851191384718556,0.2088493978944138
1000,714,corrected,psi1,0.4969148849591714,0.22453521934134474
1000,715,naive,psi0,-0.4084212875161851,0.1747855484733567
1000,715,naive,psi1,0.1768574429502101,0.15638420862094216
1000,715,corrected,psi0,0.8640166679993653,0.20511322606990307
1000,715,corrected,psi1,0.7821702333732263,0.18475155432983717
1000,716,naive,psi0,-0.1381737165559006,0.17897807986107384
1000,716,naive,psi1,-0.12919477055280057,0.1866947719762885
1000,716,corrected,psi0,1.244234071112967,0.20863661161911137
1000,716,corrected,psi1,0.3424764700228649,0.2194996231692298
1000,717,naive,psi0,-0.20037082069878157,0.17803077835883557
1000,717,naive,psi1,0.007445687459764209,0.1968003042171459
1000,717,corrected,psi0,1.0241439471232587,0.2106336138041316
1000,717,corrected,psi1,0.513021664070887,0.23107153522832996
1000,718,naive,psi0,-0.3150168519300192,0.18314469136630396
1000,718,naive,psi1,0.22406374410874585,0.1917309180337423
1000,718,corrected,psi0,0.9559463348749969,0.21048521832592182
1000,718,corrected,psi1,0.790333376175106,0.22011464696196978
1000,719,naive,psi0,-0.5384789892976072,0.18524170578947138
1000,719,naive,psi1,0.14339073339660782,0.21862498761780555
1000,719,corrected,psi0,0.7084163490648028,0.22210351049177673
1000,719,corrected,psi1,0.7073826164541545,0.26589784264216504
1000,720,naive,psi0,0.012153410160049618,0.17200087555773996
1000,720,naive,psi1,0.05700128265734257,0.19699238151040319
1000,720,corrected,psi0,1.3637557219763683,0.19936951082460472
1000,720,corrected,psi1,0.5771368085231856,0.23108495908326593
1000,721,naive,psi0,-0.1526369482629007,0.17153182282706184
1000,721,naive,psi1,-0.004563062785112048,0.17133209663290622
1000,721,corrected,psi0,1.1586640353710198,0.1998666848107325
1000,721,corrected,psi1,0.5400228191443376,0.20183059127567912
1000,722,naive,psi0,-0.14986510916257845,0.1783898163662407
1000,722,naive,psi1,0.0670477773415974,0.19247793055652443
1000,722,corrected,psi0,1.1537470614705934,0.20747892496779044
1000,722,corrected,psi1,0.5738050238880004,0.22845065464820846
1000,723,naive,psi0,-0.20296069712378242,0.18499362522765866
1000,723,naive,psi1,-0.1501342107799567,0.21844339077434916
1000,723,corrected,psi0,1.1615026575700116,0.21770886088874122
1000,723,corrected,psi1,0.34216381172905524,0.2545345009385593
1000,724,naive,psi0,-0.34584789720840914,0.17790199566283968
1000,724,naive,psi1,-0.008124415240285768,0.18550198937576012
1000,724,corrected,psi0,0.9541149812995856,0.20697723309540061
1000,724,corrected,psi1,0.5120939814703729,0.21226771800134542
1000,725,naive,psi0,-0.09224044136749783,0.1733113239094596
1000,725,naive,psi1,0.062106902580913656,0.17734899027093978
1000,725,corrected,psi0,1.2228403462874464,0.20467874515741943
1000,725,corrected,psi1,0.5648972416082533,0.21447698708401342
1000,726,naive,psi0,-0.563298560863156,0.17952685446879338
1000,726,naive,psi1,-0.09272290316727777,0.18259881719089158
1000,726,corrected,psi0,0.7266367272580212,0.20666294723654716
1000,726,corrected,psi1,0.40581476184378495,0.2067716590034784
1000,727,naive,psi0,-0.13540974630899622,0.18329168405122487
1000,727,naive,psi1,-0.09111218864955516,0.17235820645210156
1000,727,corrected,psi0,1.1633018335628476,0.21366753682964318
1000,727,corrected,psi1,0.41780825803384875,0.2022813565231119
1000,728,naive,psi0,-0.04643806946703138,0.18400887236382754
1000,728,naive,psi1,0.37957912220700696,0.19161735791626386
1000,728,corrected,psi0,1.2935986934549124,0.2123020241853254
1000,728,corrected,psi1,0.9467516136061018,0.22046100359188409
1000,729,naive,psi0,-0.19097927450673693,0.1751163632070255
1000,729,naive,psi1,0.14286435927695115,0.18967045283693404
1000,729,corrected,psi0,1.1045684792536818,0.2042302629527165
1000,729,corrected,psi1,0.653449033276479,0.22211902765489203
1000,730,naive,psi0,-0.21649890897296042,0.16968285248427573
1000,730,naive,psi1,-0.2006090695494917,0.1930594077336197
1000,730,corrected,psi0,1.0380875538063856,0.19775069544801255
1000,730,corrected,psi1,0.22580829029265842,0.2232095750092689
1000,731,naive,psi0,-0.28594827985487786,0.17603802379145272
1000,731,naive,psi1,0.25211358025051767,0.17848052569602363
1000,731,corrected,psi0,0.9644247923109251,0.2070078009374606
1000,731,corrected,psi1,0.8498377656313156,0.21188809190304334
1000,732,naive,psi0,-0.29378125445854264,0.18085268729876475
1000,732,naive,psi1,-0.2398327329507282,0.198607645448493
1000,732,corrected,psi0,0.8750299002504414,0.20788936220600313
1000,732,corrected,psi1,0.328485892855375,0.23191216895003394
1000,733,naive,psi0,-0.456937406755286,0.17238630346107908
1000,733,naive,psi1,-0.1687420778279413,0.17260023996156992
1000,733,corrected,psi0,0.848948184818214,0.1994135774650627
1000,733,corrected,psi1,0.3084567054778911,0.19836693124634472
1000,734,naive,psi0,-0.5991671982865634,0.1869333880661463
1000,734,naive,psi1,0.06222080631081817,0.20814779507618983
1000,734,corrected,psi0,0.5948469823594799,0.2165641960960133
1000,734,corrected,psi1,0.5491467951468524,0.2417734704256233
1000,735,naive,psi0,-0.15351205568449638,0.18429819493392005
1000,735,naive,psi1,-0.2670514294943152,0.20376592919755823
1000,735,corrected,psi0,1.1602591581863801,0.2152446086617593
1000,735,corrected,psi1,0.19993522625211693,0.23288455983556106
1000,736,naive,psi0,-0.2608956125370378,0.18584986753619384
1000,736,naive,psi1,0.09081664391661,0.21472871668452068
1000,736,corrected,psi0,1.045507292337121,0.21303422896408722
1000,736,corrected,psi1,0.6061353706656029,0.24250884982157017
1000,737,naive,psi0,-0.5024704234723015,0.17446637182061872
1000,737,naive,psi1,0.043409288946139206,0.2016112009776651
1000,737,corrected,psi0,0.7638751811059468,0.20219461314672135
1000,737,corrected,psi1,0.4497934027485714,0.23478142832628374
1000,738,naive,psi0,-0.23618898508879604,0.18209255510221786
1000,738,naive,psi1,0.0365600006210654,0.20125488569949276
1000,738,corrected,psi0,1.0627640919766934,0.21142249373076194
1000,738,corrected,psi1,0.5570685533197052,0.23176100152953907
1000,739,naive,psi0,-0.4317643450919494,0.17977799768164052
1000,739,naive,psi1,-0.1897947675877499,0.17898346639643856
1000,739,corrected,psi0,0.784976564439625,0.2098576264462421
1000,739,corrected,psi1,0.34883799003267063,0.20597456747177476
1000,740,naive,psi0,-0.4276135355706829,0.17266220726621453
1000,740,naive,psi1,0.09159923202185258,0.17633279854480333
1000,740,corrected,psi0,0.7736151494848428,0.19944974959818146
1000,740,corrected,psi1,0.5722824968543527,0.20475926032964875
1000,741,naive,psi0,-0.24951867675204134,0.1981555181658958
1000,741,naive,psi1,-0.3316834705879525,0.2243320669838346
1000,741,corrected,psi0,1.032257477897229,0.2285542429583331
1000,741,corrected,psi1,0.1358156473638624,0.2535321763765318
1000,742,naive,psi0,-0.3302212545526061,0.1783259204948816
1000,742,naive,psi1,0.08906158580257816,0.18314613782117145
1000,742,corrected,psi0,0.9299149010798856,0.2093712427804518
1000,742,corrected,psi1,0.6833872424880308,0.21407866381148552
1000,743,naive,psi0,-0.00861440844769542,0.182781990544202
1000,743,naive,psi1,-0.044965371426795506,0.19432105482206352
1000,743,corrected,psi0,1.2407769127264932,0.2104652552083786
1000,743,corrected,psi1,0.4630801380054861,0.22243301859255013
1000,744,naive,psi0,0.059620705153450124,0.18593287043054216
1000,744,naive,psi1,-0.09223076685243763,0.18622081541993887
1000,744,corrected,psi0,1.409225447398262,0.22118055576090662
1000,744,corrected,psi1,0.5068454172000402,0.22046497542132693
1000,745,naive,psi0,-0.37707032835074034,0.18221774732564913
1000,745,naive,psi1,0.3351703463284694,0.18910584863228674
1000,745,corrected,psi0,0.8614317084674447,0.21544979708511577
1000,745,corrected,psi1,0.848505361356605,0.22409901345822356
1000,746,naive,psi0,-0.04924491200167237,0.17900907408790387
1000,746,naive,psi1,-0.1475061591317769,0.1797383851106057
1000,746,corrected,psi0,1.2404304258346195,0.20652062911548907
1000,746,corrected,psi1,0.35858653789474537,0.20637918292829577
1000,747,naive,psi0,-0.3389814682216644,0.18087145278296887
1000,747,naive,psi1,-0.2026658568569011,0.20149259452489532
1000,747,corrected,psi0,0.908744250110125,0.206945409177385
1000,747,corrected,psi1,0.34023805958242215,0.2299949225468064
1000,748,naive,psi0,-0.2934776054009868,0.184816839173465
1000,748,naive,psi1,0.034661340648813106,0.1848294172969472
1000,748,corrected,psi0,0.9434663275256249,0.21708020825491348
1000,748,corrected,psi1,0.4618756177847328,0.21131348419834003
1000,749,naive,psi0,-0.40857380866398924,0.18369785652906453
1000,749,naive,psi1,0.014454415368260169,0.17760985858788475
1000,749,corrected,psi0,0.7794850746096132,0.2171618738228709
1000,749,corrected,psi1,0.507216493151263,0.2135101809479579
1000,750,naive,psi0,-0.4878451926508177,0.17808359590238795
1000,750,naive,psi1,-0.15466556669938247,0.19226202829706665
1000,750,corrected,psi0,0.7685006387153845,0.20681485159515609
1000,750,corrected,psi1,0.33490811485128663,0.22052487912220647
1000,751,naive,psi0,-0.5901119822402172,0.17928640686237585
1000,751,naive,psi1,-0.33453162455609886,0.2221634865545499
1000,751,corrected,psi0,0.5874933187482645,0.20444660145324542
1000,751,corrected,psi1,0.15009946277457814,0.2469280946292823
1000,752,naive,psi0,-0.3805361379301259,0.18266527832511706
1000,752,naive,psi1,0.12628268242364915,0.19149904808465806
1000,752,corrected,psi0,0.8855069709542697,0.2155897076100356
1000,752,corrected,psi1,0.6208704755283649,0.23742053274316713
1000,753,naive,psi0,-0.19501647722710116,0.18530355847367813
1000,753,naive,psi1,0.03287281467239783,0.1957815138261975
1000,753,corrected,psi0,1.1632374937857342,0.21659317523601715
1000,753,corrected,psi1,0.513182366976183,0.22675424138102945
1000,754,naive,psi0,-0.2785845647351839,0.17649348593757616
1000,754,naive,psi1,-0.3026568550320642,0.20482948448447022
1000,754,corrected,psi0,1.0194042250308575,0.20569337228511025
1000,754,corrected,psi1,0.15708437879609294,0.23954760822282303
1000,755,naive,psi0,-0.09870637457908923,0.1778433130623265
1000,755,naive,psi1,-0.1519812922459468,0.179136439216597
1000,755,corrected,psi0,1.1719304989789292,0.2083328271509919
1000,755,corrected,psi1,0.37421953862953145,0.2118979419638919
1000,756,naive,psi0,-0.14563816271671823,0.18093460222179408
1000,756,naive,psi1,0.2699201100608129,0.173180835253649
1000,756,corrected,psi0,1.159781372661444,0.20979554406429482
1000,756,corrected,psi1,0.750658953631674,0.19879510554555935
1000,757,naive,psi0,-0.13549562497501275,0.17269110619349842
1000,757,naive,psi1,0.3197541668761957,0.1837537424069242
1000,757,corrected,psi0,1.182061937351047,0.20243351868464593
1000,757,corrected,psi1,0.8488083367875178,0.2143382328596831
1000,758,naive,psi0,-0.008475441570628788,0.18013197787878338
1000,758,naive,psi1,-0.32865181356354417,0.19143269601011753
1000,758,corrected,psi0,1.2748475570301165,0.2080839167186363
1000,758,corrected,psi1,0.19297980853676575,0.222368300795457
1000,759,naive,psi0,-0.46752967885290414,0.18690482939833952
1000,759,naive,psi1,-0.06498961615182434,0.1891467998095048
1000,759,corrected,psi0,0.824019204111453,0.2149017059065342
1000,759,corrected,psi1,0.43438559995899767,0.22111171850704894
1000,760,naive,psi0,-0.2552942166128349,0.17439415052928567
1000,760,naive,psi1,-0.13997602936019174,0.18954048943466478
1000,760,corrected,psi0,0.9868008233294009,0.20181425863241087
1000,760,corrected,psi1,0.38757363738366607,0.21168660230084893
1000,761,naive,psi0,-0.15857737173573214,0.18152640115013266
1000,761,naive,psi1,0.039133613692126715,0.18375796998845356
1000,761,corrected,psi0,1.1349098176645056,0.21388980005738337
1000,761,corrected,psi1,0.5528641300616237,0.2194546092343615
1000,762,naive,psi0,-0.17460267436034432,0.17536535199725117
1000,762,naive,psi1,0.057378292261489876,0.19825727370904275
1000,762,corrected,psi0,1.1418287868495642,0.20184498534551923
1000,762,corrected,psi1,0.5742966548371048,0.22802764139307644
1000,763,naive,psi0,-0.2449424821866045,0.18478166796192183
1000,763,naive,psi1,-0.45954542363871875,0.19334070971748424
1000,763,corrected,psi0,1.0600470104630988,0.21771173890866904
1000,763,corrected,psi1,0.011037490904862418,0.23350471064949926
1000,764,naive,psi0,-0.13653462417558265,0.17248861006953695
1000,764,naive,psi1,0.0799347268316268,0.19243352238555983
1000,764,corrected,psi0,1.1159232895966837,0.2053069285585912
1000,764,corrected,psi1,0.5780576516809451,0.22660771650710873
1000,765,naive,psi0,-0.47627868360163256,0.18231681620669157
1000,765,naive,psi1,0.12923659594088835,0.20416862017886284
1000,765,corrected,psi0,0.8231868693180601,0.2126106843846676
1000,765,corrected,psi1,0.676668052792335,0.24388527645866057
1000,766,naive,psi0,-0.14787695901460396,0.18400935275345282
1000,766,naive,psi1,0.048807713304780016,0.20426019510523097
1000,766,corrected,psi0,1.1538003309134706,0.21406910323480136
1000,766,corrected,psi1,0.5151916975319888,0.23931617739618566
1000,767,naive,psi0,-0.353242150580377,0.18880210309775786
1000,767,naive,psi1,0.05498762581150627,0.20481197914839225
1000,767,corrected,psi0,0.8907793508493209,0.22040596718812924
1000,767,corrected,psi1,0.4940785137126479,0.2360605960544897
1000,768,naive,psi0,-0.2661465788155453,0.18898955461282393
1000,768,naive,psi1,-0.12557884385932438,0.19100422026638414
1000,768,corrected,psi0,1.0513235745390577,0.21752338585777556
1000,768,corrected,psi1,0.3500923460298101,0.2183577102994613
1000,769,naive,psi0,-0.3268982245106709,0.184324642380727
1000,769,naive,psi1,-0.1643122832652314,0.19403540681852846
1000,769,corrected,psi0,0.9413649518980752,0.2133814257551344
1000,769,corrected,psi1,0.3477249714946211,0.22634366818703638
1000,770,naive,psi0,-0.4183746248051127,0.17817343697319818
1000,770,naive,psi1,0.13385114816871552,0.19434711655909404
1000,770,corrected,psi0,0.7687794762686636,0.2061046573164312
1000,770,corrected,psi1,0.6473780065384382,0.22195972420314156
1000,771,naive,psi0,0.04988701652520112,0.18426698259865504
1000,771,naive,psi1,-0.10529474800271509,0.20467251808038922
1000,771,corrected,psi0,1.4174229905712847,0.21293217866281614
1000,771,corrected,psi1,0.35147891038216567,0.2327813537992692
1000,772,naive,psi0,-0.3569557952806999,0.17663070880512885
1000,772,naive,psi1,-0.15330018481979152,0.18516391685665792
1000,772,corrected,psi0,0.9655176097825612,0.2053265762538491
1000,772,corrected,psi1,0.26588095813837387,0.21392957627720396
1000,773,naive,psi0,-0.537547891428899,0.1804763738889471
1000,773,naive,psi1,0.08113346979317211,0.18856492714190629
1000,773,corrected,psi0,0.6522153280887946,0.20787153611133763
1000,773,corrected,psi1,0.6098148066378867,0.21809329310075068
1000,774,naive,psi0,-0.4587590308435287,0.18043234970755176
1000,774,naive,psi1,-0.29440295367352526,0.21303949958305018
1000,774,corrected,psi0,0.8587290445265637,0.2110930503926648
1000,774,corrected,psi1,0.17198120466445002,0.24961361974463703
1000,775,naive,psi0,-0.34299351465497574,0.17193973733981038
1000,775,naive,psi1,-0.09421621348164486,0.19604767280579555
1000,775,corrected,psi0,0.953006820992012,0.19900988764279468
1000,775,corrected,psi1,0.33667271225379747,0.22659386005066257
1000,776,naive,psi0,-0.2742211216277614,0.180723736354389
1000,776,naive,psi1,0.02479604377325508,0.18629825200416497
1000,776,corrected,psi0,1.0102984697354835,0.20963314089203103
1000,776,corrected,psi1,0.5959395631593832,0.22302845454114445
1000,777,naive,psi0,-0.09964600955188987,0.19004096474760065
1000,777,naive,psi1,0.24507499161354002,0.23403936090005673
1000,777,corrected,psi0,1.1437516474418281,0.21853879649330699
1000,777,corrected,psi1,0.7214851402978492,0.2705528056386317
1000,778,naive,psi0,-0.061986679088256495,0.17270949029278665
1000,778,naive,psi1,0.19446963269173742,0.18450361695075015
1000,778,corrected,psi0,1.3014704858341977,0.20033509044525857
1000,778,corrected,psi1,0.8011088691089923,0.2175077535140238
1000,779,naive,psi0,-0.21244994299856768,0.18184593614390157
1000,779,naive,psi1,-0.01318364011290664,0.1793480861934969
1000,779,corrected,psi0,1.0455414531966538,0.21280050850701815
1000,779,corrected,psi1,0.48254753249770554,0.21149291459457037
1000,780,naive,psi0,-0.026629653670992365,0.1863472841434292
1000,780,naive,psi1,-0.16002523299645852,0.21270044857774667
1000,780,corrected,psi0,1.2304190431201212,0.21615649546147697
1000,780,corrected,psi1,0.33116836844261766,0.25021332454859097
1000,781,naive,psi0,-0.23342586049782826,0.17635974814567854
1000,781,naive,psi1,-0.09561035663511656,0.18761629815132805
1000,781,corrected,psi0,1.0600466173819945,0.2052181561615497
1000,781,corrected,psi1,0.414498872660791,0.2180425664038559
1000,782,naive,psi0,-0.06760654868900173,0.1808273595651136
1000,782,naive,psi1,0.1262794659422937,0.17584987937154764
1000,782,corrected,psi0,1.191904369788799,0.20867167914521312
1000,782,corrected,psi1,0.65245714779186,0.20460421109264984
1000,783,naive,psi0,-0.37519806337329054,0.18199849222285605
1000,783,naive,psi1,0.03060445223594608,0.1913887575909485
1000,783,corrected,psi0,0.9135961228742251,0.21120683224144632
1000,783,corrected,psi1,0.5401470906771408,0.21859335670562108
1000,784,naive,psi0,-0.09683957803064878,0.1846895455537396
1000,784,naive,psi1,0.15676677657584065,0.18386280499660348
1000,784,corrected,psi0,1.2007677101857377,0.2181918347131457
1000,784,corrected,psi1,0.6435713846539953,0.2144354948032632
1000,785,naive,psi0,-0.0378959400314001,0.1831442404257501
1000,785,naive,psi1,-0.23411618241615767,0.19331722986029823
1000,785,corrected,psi0,1.2283271777184215,0.21365340193968602
1000,785,corrected,psi1,0.1662500814433055,0.22855159046997187
1000,786,naive,psi0,-0.35767257262590174,0.17777942247811399
1000,786,naive,psi1,0.03371516285607281,0.19029101591452594
1000,786,corrected,psi0,0.9178818234203113,0.2037312414708733
1000,786,corrected,psi1,0.4889674208763764,0.21809335566297983
1000,787,naive,psi0,-0.5153180738568701,0.17177167967834497
1000,787,naive,psi1,0.07033237828819064,0.17275707482673583
1000,787,corrected,psi0,0.6875596737458295,0.20182698282019793
1000,787,corrected,psi1,0.5774598670074679,0.19879564862806245
1000,788,naive,psi0,-0.29727335445744474,0.1724017067509739
1000,788,naive,psi1,-0.3019658501525853,0.18097534652611696
1000,788,corrected,psi0,0.8642402781182662,0.20472328985369465
1000,788,corrected,psi1,0.27901157878709154,0.21640258472420387
1000,789,naive,psi0,-0.2863858230441527,0.17253419560896235
1000,789,naive,psi1,0.049653241489741144,0.1791717931419954
1000,789,corrected,psi0,0.9881115677619051,0.20449922548586413
1000,789,corrected,psi1,0.6089163224361559,0.21589113822412598
1000,790,naive,psi0,-0.17378593366678433,0.18391503194846504
1000,790,naive,psi1,-0.17668072487802908,0.213478276294971
1000,790,corrected,psi0,1.0355232830980894,0.2129603018724605
1000,790,corrected,psi1,0.3281745060727736,0.2480715523365676
1000,791,naive,psi0,-0.427246037541915,0.17919513204326584
1000,791,naive,psi1,-0.016973452312935886,0.18174536332611757
1000,791,corrected,psi0,0.8720585942320208,0.2106611641656473
1000,791,corrected,psi1,0.4712461241521487,0.21446063329364307
1000,792,naive,psi0,-0.0042533940992963305,0.18093014223074502
1000,792,naive,psi1,-0.01886435381736622,0.1902311483532686
1000,792,corrected,psi0,1.3485372027391043,0.20708431519617176
1000,792,corrected,psi1,0.47542882494509703,0.21413302888752886
1000,793,naive,psi0,-0.402244429703649,0.18056722898071584
1000,793,naive,psi1,0.020001680679397428,0.17436918631751705
1000,793,corrected,psi0,0.8562913312680145,0.21231390772262815
1000,793,corrected,psi1,0.4747275607944048,0.20756195932261962
1000,794,naive,psi0,-0.11147169780930406,0.18299394694131985
1000,794,naive,psi1,-0.1272851739420533,0.19631579111828362
1000,794,corrected,psi0,1.182161448229175,0.21106750579171124
1000,794,corrected,psi1,0.3220606008222085,0.2233977948524915
1000,795,naive,psi0,-0.4962027406263622,0.18283545508633336
1000,795,naive,psi1,-0.011170399786675738,0.17687052426658065
1000,795,corrected,psi0,0.7247412374969807,0.21385341026921
1000,795,corrected,psi1,0.4722481189371196,0.204795103788561
1000,796,naive,psi0,-0.16973335298713116,0.17343321494487157
1000,796,naive,psi1,-0.05567214717088521,0.16697674129710732
1000,796,corrected,psi0,1.1503545821384382,0.2032491439531087
1000,796,corrected,psi1,0.43213448232844204,0.19271627713193618
1000,797,naive,psi0,-0.31188373707377,0.17833006582691846
1000,797,naive,psi1,0.23609547654770982,0.19485376649460756
1000,797,corrected,psi0,0.9531313232283007,0.2125310369342582
1000,797,corrected,psi1,0.6596430175241252,0.22955831339188962
1000,798,naive,psi0,-0.3375326046076475,0.18886787470056488
1000,798,naive,psi1,-0.0978780529798361,0.19781996726367695
1000,798,corrected,psi0,0.8897432262902651,0.22105402018064296
1000,798,corrected,psi1,0.4510747232177114,0.23616397239739037
1000,799,naive,psi0,-0.10681729192765758,0.18622106181691803
1000,799,naive,psi1,-0.03982119413242492,0.20311502444203663
1000,799,corrected,psi0,1.1978673660455283,0.2148234958878898
1000,799,corrected,psi1,0.4170698336778205,0.23008935477590017
1000,800,naive,psi0,-0.3983954889181718,0.1810883246543127
1000,800,naive,psi1,0.30816642358082985,0.21088196109929838
1000,800,corrected,psi0,0.8024836601769012,0.21230678993014557
1000,800,corrected,psi1,0.8691077976864265,0.2454580496896058
1000,801,naive,psi0,-0.4329667787798186,0.1705407177323542
1000,801,naive,psi1,-0.35955223550912613,0.18017249660933382
1000,801,corrected,psi0,0.7606036146789609,0.20199076762556
1000,801,corrected,psi1,0.11183102685105735,0.2182695766119266
1000,802,naive,psi0,-0.06377884136042075,0.1781171635254397
1000,802,naive,psi1,-0.3325565731591053,0.1823166425477434
1000,802,corrected,psi0,1.2895805431738714,0.20783399281456927
1000,802,corrected,psi1,0.08662508320907608,0.20964063610279843
1000,803,naive,psi0,-0.23222772907424205,0.18127822613246491
1000,803,naive,psi1,-0.09832114353853774,0.17618805938158347
1000,803,corrected,psi0,1.120362000919637,0.21264032567047217
1000,803,corrected,psi1,0.37918173454288323,0.20657292779354067
1000,804,naive,psi0,-0.0541624124316251,0.18600197108691482
1000,804,naive,psi1,0.03553881540604179,0.18134437224458608
1000,804,corrected,psi0,1.286515908108849,0.214487224344132
1000,804,corrected,psi1,0.5878340934356144,0.20616786042015625
1000,805,naive,psi0,-0.2514087389195217,0.18374963749516557
1000,805,naive,psi1,0.0076679439834269735,0.1969240259151665
1000,805,corrected,psi0,1.017215025671154,0.21452822851990935
1000,805,corrected,psi1,0.4967873319977748,0.2263127665391137
1000,806,naive,psi0,-0.3263795566183322,0.18284883045034056
1000,806,naive,psi1,0.12217130711503664,0.20785882156963198
1000,806,corrected,psi0,0.9310000756028726,0.21245976744953676
1000,806,corrected,psi1,0.6280969390802761,0.23909415687112465
1000,807,naive,psi0,-0.5251985785574882,0.17549864479189206
1000,807,naive,psi1,0.18387667098889274,0.1795623193876456
1000,807,corrected,psi0,0.7603098590461842,0.20741004596915436
1000,807,corrected,psi1,0.7343740821849678,0.2208236124283534
1000,808,naive,psi0,0.09273628662102981,0.1865620679394349
1000,808,naive,psi1,0.3130707197927898,0.19552743437946044
1000,808,corrected,psi0,1.4794285383978552,0.21704141670319815
1000,808,corrected,psi1,0.7741688270727565,0.22178440499796376
1000,809,naive,psi0,-0.48681820428588324,0.18695646813049943
1000,809,naive,psi1,0.008199791056336836,0.20132773114771269
1000,809,corrected,psi0,0.686941793493803,0.21993441356363097
1000,809,corrected,psi1,0.5557024691724823,0.23957865027917122
1000,810,naive,psi0,-0.29985441768644966,0.18086043394756154
1000,810,naive,psi1,-0.11563246511985946,0.1977009536572952
1000,810,corrected,psi0,0.9376407500635152,0.21138253923986935
1000,810,corrected,psi1,0.45434607526570475,0.2364462482527675
1000,811,naive,psi0,-0.24045839834116406,0.18197240993251435
1000,811,naive,psi1,-0.010444528963871474,0.17949523611937993
1000,811,corrected,psi0,1.0422762537898087,0.21301693668921307
1000,811,corrected,psi1,0.5000607661657186,0.2123666795943632
1000,812,naive,psi0,-0.14980096734890336,0.18087787753325965
1000,812,naive,psi1,0.03740882551132934,0.17466481798401365
1000,812,corrected,psi0,1.1144487549680382,0.20802218734705014
1000,812,corrected,psi1,0.5632203116041775,0.19636510665176043
1000,813,naive,psi0,-0.11055647192556065,0.17548416368309777
1000,813,naive,psi1,-0.08509369032877494,0.18370237937321526
1000,813,corrected,psi0,1.18305337363676,0.20390293393636033
1000,813,corrected,psi1,0.38020088635454496,0.2145196723721706
1000,814,naive,psi0,-0.21374981221118358,0.17944412806596463
1000,814,naive,psi1,-0.07867013702126402,0.1961702402138687
1000,814,corrected,psi0,0.9897477753897886,0.20793232245899104
1000,814,corrected,psi1,0.3095831398978598,0.22410712167301608
1000,815,naive,psi0,-0.5127041688566152,0.1782264579618867
1000,815,naive,psi1,0.1267471826190396,0.19842165134263062
1000,815,corrected,psi0,0.6847444460943243,0.20716348401467008
1000,815,corrected,psi1,0.6588849178404155,0.228677002781424
1000,816,naive,psi0,-0.3639794497919974,0.17767045759810143
1000,816,naive,psi1,-0.09786544747964356,0.18593348500600212
1000,816,corrected,psi0,0.9051273165937692,0.20756455034343796
1000,816,corrected,psi1,0.4318397418468437,0.2125829706223258
1000,817,naive,psi0,-0.21886812898996938,0.18349622957399894
1000,817,naive,psi1,-0.2636301342661369,0.16964722894354417
1000,817,corrected,psi0,1.0567886925339973,0.2130551734148461
1000,817,corrected,psi1,0.17527925717792905,0.19971973297665
1000,818,naive,psi0,-0.38569445357686727,0.17728000829195742
1000,818,naive,psi1,0.37115470167526965,0.17461267782915937
1000,818,corrected,psi0,0.9342224515983771,0.20525122991962494
1000,818,corrected,psi1,0.8459000308847268,0.20710178085573078
1000,819,naive,psi0,0.009359242944667064,0.17481586371523833
1000,819,naive,psi1,-0.42328056892995575,0.1872415294796205
1000,819,corrected,psi0,1.3523249294912278,0.20114493959542054
1000,819,corrected,psi1,-0.04107720484007474,0.21280730076579832
1000,820,naive,psi0,-0.3688331062582857,0.1742259336208084
1000,820,naive,psi1,0.07166517593565895,0.16987032553786838
1000,820,corrected,psi0,0.8993379208132143,0.2029886109820958
1000,820,corrected,psi1,0.5689449299921421,0.19813725205857058
1000,821,naive,psi0,-0.02046150471690458,0.17046808891950263
1000,821,naive,psi1,-0.2681548069452206,0.18418879576731148
1000,821,corrected,psi0,1.3132753365312293,0.19930698984181283
1000,821,corrected,psi1,0.2585466074772848,0.2121836594999648
1000,822,naive,psi0,-0.15717439923677737,0.177055168977038
1000,822,naive,psi1,0.2712664032429646,0.16093701106377056
1000,822,corrected,psi0,1.1843904895418333,0.20480599660913362
1000,822,corrected,psi1,0.8564464594885427,0.18237387892300014
1000,823,naive,psi0,-0.3410770273122724,0.18197041058318814
1000,823,naive,psi1,-0.24267541102715195,0.2320836640285855
1000,823,corrected,psi0,0.8522993986665176,0.21137565036429284
1000,823,corrected,psi1,0.2541378293849839,0.2737478151016807
1000,824,naive,psi0,-0.31586774327451894,0.18160311764292844
1000,824,naive,psi1,0.045461038573041276,0.1973821196445255
1000,824,corrected,psi0,0.9813574612030311,0.21032456487413462
1000,824,corrected,psi1,0.53450528574728,0.2300192438452343
1000,825,naive,psi0,-0.6121721492186194,0.17819543054278478
1000,825,naive,psi1,-0.04935124890975148,0.18200679600077824
1000,825,corrected,psi0,0.6068099318331863,0.2086700540659468
1000,825,corrected,psi1,0.3924968739067098,0.21085480318604735
1000,826,naive,psi0,-0.36498875219009597,0.17858846533437248
1000,826,naive,psi1,0.007797331061584279,0.1741382816443075
1000,826,corrected,psi0,0.9014144693176693,0.20942797822324097
1000,826,corrected,psi1,0.5275140234280745,0.2011729657440384
1000,827,naive,psi0,-0.4440662145079499,0.18290008476085895
1000,827,naive,psi1,-0.3272045484592795,0.19886240316072554
1000,827,corrected,psi0,0.855767149782976,0.21486582168008478
1000,827,corrected,psi1,0.188187532858191,0.23046127658659812
1000,828,naive,psi0,-0.31798857535357417,0.1877999288271922
1000,828,naive,psi1,0.4329820523041186,0.1981018602838627
1000,828,corrected,psi0,0.9759574731122735,0.21926815662200916
1000,828,corrected,psi1,1.03451450402643,0.2351551174614174
1000,829,naive,psi0,-0.4627250459945592,0.18418355012530163
1000,829,naive,psi1,-0.30919061419193705,0.18238685465793222
1000,829,corrected,psi0,0.7686285546682985,0.21138703441748283
1000,829,corrected,psi1,0.16004042816978423,0.20765414127053047
1000,830,naive,psi0,-0.23658363301257682,0.18233927787868448
1000,830,naive,psi1,-0.20896395479374633,0.20277470057341224
1000,830,corrected,psi0,1.0060535133841781,0.21368903564414354
1000,830,corrected,psi1,0.3379744313001091,0.24077733921755914
1000,831,naive,psi0,-0.34445104923928815,0.1807161624022107
1000,831,naive,psi1,-0.09159637687852336,0.16571306581977754
1000,831,corrected,psi0,0.9611064005273795,0.21102570521831332
1000,831,corrected,psi1,0.3963520480716556,0.1966247562019201
1000,832,naive,psi0,-0.08757875968747607,0.17343610672333357
1000,832,naive,psi1,0.17324825508223882,0.17513947028860058
1000,832,corrected,psi0,1.2319459119435643,0.202299663523755
1000,832,corrected,psi1,0.6515330404073373,0.20073376258016765
1000,833,naive,psi0,-0.40117566903369734,0.17896036912695665
1000,833,naive,psi1,0.1090521645797594,0.21607646624778876
1000,833,corrected,psi0,0.84377189220033,0.20659369993682958
1000,833,corrected,psi1,0.6111112171569276,0.24635183508423383
1000,834,naive,psi0,-0.03378132040064595,0.18959569372950077
1000,834,naive,psi1,-0.2426733966979369,0.17887780660878425
1000,834,corrected,psi0,1.3401351810368463,0.22226762600796798
1000,834,corrected,psi1,0.2508612116411192,0.20320478057112554
1000,835,naive,psi0,-0.12401304618616163,0.1819037664520157
1000,835,naive,psi1,0.01751414159412599,0.21034045873560644
1000,835,corrected,psi0,1.2240273582915093,0.20927438663233003
1000,835,corrected,psi1,0.4981275039624105,0.2345008984267346
1000,836,naive,psi0,-0.352410058319788,0.17905044030236375
1000,836,naive,psi1,0.19105035399038425,0.18985406528667634
1000,836,corrected,psi0,0.923366323018924,0.20685806827851239
1000,836,corrected,psi1,0.7425274492654325,0.21879690273208263
1000,837,naive,psi0,-0.49068821196168316,0.17944130823427928
1000,837,naive,psi1,-0.1602547785117053,0.1897508600124847
1000,837,corrected,psi0,0.6861809952847511,0.2133106797107935
1000,837,corrected,psi1,0.3423353140814783,0.22453873859643989
1000,838,naive,psi0,-0.3060597687736256,0.1833669483140312
1000,838,naive,psi1,-0.1445913477894365,0.21344797946813218
1000,838,corrected,psi0,1.0219525486842476,0.21163434836820808
1000,838,corrected,psi1,0.2357104964205594,0.241859027456296
1000,839,naive,psi0,-0.41860401786106355,0.17275568251434953
1000,839,naive,psi1,-0.2650245011329716,0.1791944904985729
1000,839,corrected,psi0,0.8210808382742757,0.20125045803166086
1000,839,corrected,psi1,0.1343317547106481,0.20906764400184122
1000,840,naive,psi0,-0.40464660104936345,0.17974403531793473
1000,840,naive,psi1,0.22968726252932567,0.19752205559048133
1000,840,corrected,psi0,0.8578657964583013,0.20789109204404876
1000,840,corrected,psi1,0.7994377903567818,0.22555848095298478
1000,841,naive,psi0,-0.21325731257837893,0.1845020282042008
1000,841,naive,psi1,-0.015727460469383555,0.17887474542057508
1000,841,corrected,psi0,1.0270529442248197,0.21437454514392926
1000,841,corrected,psi1,0.4456699133614009,0.21378540961001294
1000,842,naive,psi0,-0.3053657107924956,0.1801869708808411
1000,842,naive,psi1,-0.08649921088125423,0.21130811956741194
1000,842,corrected,psi0,1.0133391467097415,0.2120452736952804
1000,842,corrected,psi1,0.3708106918783052,0.24833337085227153
1000,843,naive,psi0,-0.4266466737899841,0.18800306339702957
1000,843,naive,psi1,0.07944680478043394,0.19607505069613915
1000,843,corrected,psi0,0.8476028436970903,0.22040437756045453
1000,843,corrected,psi1,0.6255147665143405,0.23693213546014474
1000,844,naive,psi0,-0.091661264577513,0.18134117831359947
1000,844,naive,psi1,-0.0463878344130604,0.19409747873030195
1000,844,corrected,psi0,1.1630513949361936,0.21406721347892324
1000,844,corrected,psi1,0.4168113560378078,0.226123221886532
1000,845,naive,psi0,-0.46080142381428746,0.17565498897391668
1000,845,naive,psi1,-0.09132619813577032,0.1814123972029804
1000,845,corrected,psi0,0.8618802949510921,0.20616850203570264
1000,845,corrected,psi1,0.41944354510950205,0.2078104095822565
1000,846,naive,psi0,-0.23900659696918516,0.1808750671821214
1000,846,naive,psi1,0.3941303264171821,0.20213286706770503
1000,846,corrected,psi0,1.1324293698499377,0.21060718087564387
1000,846,corrected,psi1,0.8680167926721005,0.22751625928946742
1000,847,naive,psi0,-0.16531375738071383,0.17860462203618396
1000,847,naive,psi1,-0.23401782816974237,0.1814446006342357
1000,847,corrected,psi0,1.0600463288130246,0.20609312410204647
1000,847,corrected,psi1,0.2761432197561212,0.2071424485637094
1000,848,naive,psi0,-0.17549266694341903,0.18316586818005018
1000,848,naive,psi1,-0.14145515875438477,0.17888478796756832
1000,848,corrected,psi0,1.0480305470167761,0.21217234068225854
1000,848,corrected,psi1,0.3280121067261688,0.2081362963813321
1000,849,naive,psi0,-0.7167312507470188,0.1889042077187036
1000,849,naive,psi1,0.4639405772376362,0.20563555617111892
1000,849,corrected,psi0,0.5061011319133493,0.21571992540903728
1000,849,corrected,psi1,0.9898270842852234,0.23340934383946105
1000,850,naive,psi0,-0.5234246362586659,0.1798972439535942
1000,850,naive,psi1,0.11929765083574931,0.17896017039490322
1000,850,corrected,psi0,0.7471444770325081,0.2073185841655953
1000,850,corrected,psi1,0.7196078445128542,0.20615231013689087
1000,851,naive,psi0,0.06812184076579116,0.17904174344832471
1000,851,naive,psi1,0.11489783857845605,0.18917590003818255
1000,851,corrected,psi0,1.3815578467972511,0.21056755277830141
1000,851,corrected,psi1,0.6702549441267132,0.22568795409431133
1000,852,naive,psi0,-0.36388414370252414,0.18001182431829485
1000,852,naive,psi1,0.11692713234914921,0.19848220462553087
1000,852,corrected,psi0,0.9964319973424065,0.20949820552917903
1000,852,corrected,psi1,0.6232115230337396,0.2286644893219121
1000,853,naive,psi0,-0.17158616061171725,0.17667199002460382
1000,853,naive,psi1,-0.1098973227202435,0.18813468990036403
1000,853,corrected,psi0,1.0508537958331121,0.20600000463317206
1000,853,corrected,psi1,0.39828255029863874,0.21547264611478842
1000,854,naive,psi0,0.04558005823923372,0.18499857803011158
1000,854,naive,psi1,0.020068613515813575,0.19214667864742543
1000,854,corrected,psi0,1.3311718247714919,0.2142338048018259
1000,854,corrected,psi1,0.5249981210252632,0.22317961327122987
1000,855,naive,psi0,-0.440013419799279,0.1805622349362578
1000,855,naive,psi1,-0.16280971390449564,0.21738664541864808
1000,855,corrected,psi0,0.784514485574935,0.20815296806333383
1000,855,corrected,psi1,0.3683374317679615,0.24914373602546863
1000,856,naive,psi0,-0.19180700252047403,0.18368175153940478
1000,856,naive,psi1,-0.07376559314242268,0.19389430215895442
1000,856,corrected,psi0,1.042948299384683,0.21209649950141743
1000,856,corrected,psi1,0.4030206254836563,0.22569081882406475
1000,857,naive,psi0,-0.5459162324643889,0.1782675945482187
1000,857,naive,psi1,0.1271520436932908,0.18237253260651792
1000,857,corrected,psi0,0.7144919007219549,0.20761585293465823
1000,857,corrected,psi1,0.6045898352684619,0.21149927081191586
1000,858,naive,psi0,-0.4667049565897386,0.17132924596262555
1000,858,naive,psi1,0.15095944738632486,0.17558380172317642
1000,858,corrected,psi0,0.8779236550405598,0.19883704997123924
1000,858,corrected,psi1,0.7112725340445043,0.20540566966350618
1000,859,naive,psi0,-0.18161646053452585,0.183820327059673
1000,859,naive,psi1,-0.28062890102893145,0.17178783477363266
1000,859,corrected,psi0,1.063627718935921,0.21578699866017703
1000,859,corrected,psi1,0.21547241298848782,0.2033766397831141
1000,860,naive,psi0,-0.21357277952345136,0.17581811939877423
1000,860,naive,psi1,0.014550744778666368,0.18926317200733464
1000,860,corrected,psi0,1.115681986300147,0.20434444288918535
1000,860,corrected,psi1,0.46590360979730366,0.21961660467623445
1000,861,naive,psi0,-0.23955900421627715,0.18376800244505453
1000,861,naive,psi1,0.14460930291372834,0.18008325463262626
1000,861,corrected,psi0,1.0742924379561816,0.21133669288403595
1000,861,corrected,psi1,0.6951108816245077,0.2038291892594112
1000,862,naive,psi0,-0.4893201926931279,0.18114840203452748
1000,862,naive,psi1,0.10287790275015482,0.21098249231272082
1000,862,corrected,psi0,0.7969059078420421,0.21056064148905648
1000,862,corrected,psi1,0.5083699716564688,0.23957562696163823
1000,863,naive,psi0,-0.2664549561599263,0.18607517892707992
1000,863,naive,psi1,-0.23667077311988197,0.1923182706625554
1000,863,corrected,psi0,0.9508798274235871,0.2171829088649443
1000,863,corrected,psi1,0.2710192074458667,0.22394670864378316
1000,864,naive,psi0,-0.09979018483712354,0.18178103581247423
1000,864,naive,psi1,-0.05531329067081379,0.19985406814350448
1000,864,corrected,psi0,1.1995041110494533,0.21256411692937457
1000,864,corrected,psi1,0.4169338826437094,0.23001168550823117
1000,865,naive,psi0,-0.03953244043427897,0.18002033461000802
1000,865,naive,psi1,0.02968919176976098,0.17704648478964383
1000,865,corrected,psi0,1.2912312720449355,0.2103840409735466
1000,865,corrected,psi1,0.4702058432487552,0.20850210302849773
1000,866,naive,psi0,-0.43709455610504927,0.18043279494232525
1000,866,naive,psi1,-0.33361121925847265,0.1803409737114612
1000,866,corrected,psi0,0.7599774163361153,0.21261791324713875
1000,866,corrected,psi1,0.21581527513411122,0.2150895073656581
1000,867,naive,psi0,0.0682132324450318,0.17500696364830334
1000,867,naive,psi1,-0.2194178267940867,0.1683611891836088
1000,867,corrected,psi0,1.3382824501988704,0.20546251064050755
1000,867,corrected,psi1,0.2801774125048688,0.20225287598154457
1000,868,naive,psi0,-0.505868615281425,0.18295232045439427
1000,868,naive,psi1,-0.3282396665725518,0.18761053147069012
1000,868,corrected,psi0,0.7625486814881948,0.2121171064478343
1000,868,corrected,psi1,0.13306148762802097,0.21393646671743402
1000,869,naive,psi0,-0.2956659466356524,0.17722625857493107
1000,869,naive,psi1,0.19871461872950594,0.18223137981204934
1000,869,corrected,psi0,1.018662559428398,0.20995594747628013
1000,869,corrected,psi1,0.7407086245504051,0.21413335121607396
1000,870,naive,psi0,-0.146869651405702,0.18154769187279962
1000,870,naive,psi1,0.03433139935516142,0.19187585799081425
1000,870,corrected,psi0,1.0961201299971104,0.2151318480975454
1000,870,corrected,psi1,0.5872967910305691,0.23364442839260618
1000,871,naive,psi0,-0.2966581934535647,0.1823667462580032
1000,871,naive,psi1,-0.023678327939091973,0.18662511487624373
1000,871,corrected,psi0,0.9507273961249826,0.20964737350642668
1000,871,corrected,psi1,0.4881604117151526,0.2125374664031253
1000,872,naive,psi0,-0.2975906609594518,0.182152797044276
1000,872,naive,psi1,0.08293200600684267,0.1706856982557308
1000,872,corrected,psi0,1.0910684520946698,0.21038207294934724
1000,872,corrected,psi1,0.5560381230427248,0.19662742933498295
1000,873,naive,psi0,-0.5781424865744487,0.17676260152354217
1000,873,naive,psi1,-0.02084445813526716,0.18775831417801245
1000,873,corrected,psi0,0.7264397531134484,0.20437564396136756
1000,873,corrected,psi1,0.4507921838390544,0.21721304072408792
1000,874,naive,psi0,-0.3176638488830891,0.1815399569251216
1000,874,naive,psi1,-0.0937637025473563,0.1795526628655964
1000,874,corrected,psi0,0.9568621711975037,0.21187795353463046
1000,874,corrected,psi1,0.47018525376823317,0.2123938776466144
1000,875,naive,psi0,-0.5689076035024724,0.17626708245704284
1000,875,naive,psi1,-0.24675107024109025,0.19129149024169761
1000,875,corrected,psi0,0.7361550632599834,0.20979165266882488
1000,875,corrected,psi1,0.2699133257783791,0.22962074640263935
1000,876,naive,psi0,-0.25071508638041673,0.17841164539150806
1000,876,naive,psi1,-0.03523645823041741,0.17311093760572688
1000,876,corrected,psi0,1.0296977464816297,0.21065888462935997
1000,876,corrected,psi1,0.389127346924731,0.2011326312196789
1000,877,naive,psi0,-0.5202670532416509,0.17346690393147857
1000,877,naive,psi1,0.003715843341155084,0.18285273294317278
1000,877,corrected,psi0,0.7619195186000143,0.20599431696707607
1000,877,corrected,psi1,0.5073113283309197,0.22121475719837444
1000,878,naive,psi0,-0.34784504322582105,0.17713745722018265
1000,878,naive,psi1,-0.007535553652533215,0.16600190808779094
1000,878,corrected,psi0,0.9003872233789045,0.2055941131786498
1000,878,corrected,psi1,0.45637254415854805,0.1879601207546102
1000,879,naive,psi0,-0.126081191200361,0.1779616929075128
1000,879,naive,psi1,-0.1804639203357178,0.17698811574023166
1000,879,corrected,psi0,1.1871088770120826,0.20754803915063613
1000,879,corrected,psi1,0.2889798213986256,0.20260834835966524
1000,880,naive,psi0,-0.2206598037465614,0.17444976587855157
1000,880,naive,psi1,0.1463787729612819,0.20000708557805583
1000,880,corrected,psi0,1.1170741813545224,0.2024496874699605
1000,880,corrected,psi1,0.6327536603673776,0.2317817509663136
1000,881,naive,psi0,-0.5205638437294706,0.17792051013419916
1000,881,naive,psi1,0.0633364998859773,0.1865281049700447
1000,881,corrected,psi0,0.780380476864714,0.20602918553292798
1000,881,corrected,psi1,0.5614483452180828,0.21296721624587842
1000,882,naive,psi0,-0.23631430437203926,0.1821805514348645
1000,882,naive,psi1,0.28536713715030043,0.2022966196169371
1000,882,corrected,psi0,1.0455068336984485,0.21007569923207253
1000,882,corrected,psi1,0.8645206507345539,0.23426065347048425
1000,883,naive,psi0,-0.1728687512558228,0.17948748921586094
1000,883,naive,psi1,-0.07968789579605333,0.18833190717854678
1000,883,corrected,psi0,1.0867849696965097,0.20925180273435456
1000,883,corrected,psi1,0.40155302747471877,0.22150437250259428
1000,884,naive,psi0,-0.2793547998295303,0.17542702907504007
1000,884,naive,psi1,-0.09149776727223898,0.18574585875619531
1000,884,corrected,psi0,1.0078377146638244,0.20320687376796018
1000,884,corrected,psi1,0.413583887108736,0.21517668357018374
1000,885,naive,psi0,-0.4106545112538668,0.17639792927909134
1000,885,naive,psi1,0.041690142247880875,0.18819239828314802
1000,885,corrected,psi0,0.859100961104786,0.206278894805054
1000,885,corrected,psi1,0.5417798784339193,0.22178949101450043
1000,886,naive,psi0,-0.3747592176057213,0.17910132212310853
1000,886,naive,psi1,-0.049734454224514536,0.197249055068474
1000,886,corrected,psi0,0.8739570754647216,0.20655278749545555
1000,886,corrected,psi1,0.4283105763437284,0.22139968574070312
1000,887,naive,psi0,-0.25084629717633933,0.1791946279208048
1000,887,naive,psi1,-0.012088932565141717,0.2310264062562376
1000,887,corrected,psi0,1.0286883519677479,0.20790088180008953
1000,887,corrected,psi1,0.5380248592912449,0.2668515999732219
1000,888,naive,psi0,-0.4562478177195449,0.175067662206148
1000,888,naive,psi1,-0.32405436040793195,0.1787186626248637
1000,888,corrected,psi0,0.7610214848133598,0.20055822471201382
1000,888,corrected,psi1,0.184581452475245,0.2067073888995621
1000,889,naive,psi0,-0.32968608940047217,0.17461958191049745
1000,889,naive,psi1,0.07449556466084534,0.18987385415875113
1000,889,corrected,psi0,1.0198110147685149,0.20295032111793784
1000,889,corrected,psi1,0.5841454301820778,0.2175333799541496
1000,890,naive,psi0,-0.2281766701216834,0.17888373049700956
1000,890,naive,psi1,0.15590823409779,0.19117646930732107
1000,890,corrected,psi0,1.095077920496298,0.20515090618493687
1000,890,corrected,psi1,0.6477548099803242,0.2249570445146177
1000,891,naive,psi0,-0.44272495351509766,0.17419300655259382
1000,891,naive,psi1,-0.03219721083521827,0.18326921087508688
1000,891,corrected,psi0,0.8176242960747208,0.20179465265073404
1000,891,corrected,psi1,0.41577807538313416,0.21510870512986102
1000,892,naive,psi0,-0.28931450517262497,0.17563722685521718
1000,892,naive,psi1,0.29769667862910465,0.1931928044144218
1000,892,corrected,psi0,0.9790610020385039,0.20328046354883456
1000,892,corrected,psi1,0.893393673756432,0.22115675193770915
1000,893,naive,psi0,-0.34579085015951244,0.17989485060298768
1000,893,naive,psi1,-0.07722031240161646,0.20503012904258874
1000,893,corrected,psi0,0.8585583576114865,0.20983108474063217
1000,893,corrected,psi1,0.40319657623341804,0.24116820040134823
1000,894,naive,psi0,-0.0028723306150546784,0.17828286195853035
1000,894,naive,psi1,0.07302225189216709,0.20129672839297133
1000,894,corrected,psi0,1.3483050526263125,0.20941314647054715
1000,894,corrected,psi1,0.6024658448407928,0.23585920448691333
1000,895,naive,psi0,0.06799470537819953,0.1785997049438127
1000,895,naive,psi1,-0.14642417425277257,0.18738128844688887
1000,895,corrected,psi0,1.3428479629371608,0.20657893832216045
1000,895,corrected,psi1,0.33089314598901687,0.2152905922107246
1000,896,naive,psi0,-0.6551470015549375,0.18648329695924185
1000,896,naive,psi1,-0.056784444953291935,0.19391699569160528
1000,896,corrected,psi0,0.5981148204888127,0.21772835735684173
1000,896,corrected,psi1,0.44987898906825396,0.22502744931459362
1000,897,naive,psi0,-0.0029388758120048922,0.17171280501359062
1000,897,naive,psi1,-0.07838006415861123,0.18204160871518263
1000,897,corrected,psi0,1.2703446997398429,0.19840348069928865
1000,897,corrected,psi1,0.40310598503094436,0.21064266102248907
1000,898,naive,psi0,0.057580668026157515,0.18052746607859674
1000,898,naive,psi1,0.31581353237021476,0.19421551057130956
1000,898,corrected,psi0,1.401652515467066,0.20907328863166572
1000,898,corrected,psi1,0.813265596825475,0.22696297050203973
1000,899,naive,psi0,-0.16406425502533648,0.18263488595674743
1000,899,naive,psi1,-0.28341040777718746,0.17593091592683127
1000,899,corrected,psi0,1.0737612821634634,0.21159497159996965
1000,899,corrected,psi1,0.16944839117584673,0.20327140752436967
1000,900,naive,psi0,-0.15426249930652003,0.18177823381403369
1000,900,naive,psi1,0.384470680395806,0.2145558992410082
1000,900,corrected,psi0,1.1292637900243199,0.2085087017588539
1000,900,corrected,psi1,0.9677009256073895,0.244685614104898
1000,901,naive,psi0,-0.28579966334889445,0.1867069741743794
1000,901,naive,psi1,0.058668540033827425,0.18644813203865554
1000,901,corrected,psi0,1.0087727770922739,0.21736829699016888
1000,901,corrected,psi1,0.552332257853318,0.2138780158465018
1000,902,naive,psi0,-0.3909125815008499,0.17967802408119568
1000,902,naive,psi1,0.3416654712251423,0.18425552943226217
1000,902,corrected,psi0,0.8960413471370391,0.20830052060027782
1000,902,corrected,psi1,0.8619840576009516,0.21376965911676774
1000,903,naive,psi0,-0.21502377538958425,0.1762019063273322
1000,903,naive,psi1,-0.11503406785862083,0.18584834187838292
1000,903,corrected,psi0,1.0876109753188672,0.2056370512454986
1000,903,corrected,psi1,0.35033523911048614,0.21855606881192755
1000,904,naive,psi0,-0.18302120516958423,0.1793360371810881
1000,904,naive,psi1,-0.10880742533474427,0.17914625650627575
1000,904,corrected,psi0,1.0826797886344517,0.20885974691998332
1000,904,corrected,psi1,0.31618248613947747,0.20641612587112046
1000,905,naive,psi0,-0.11627074876965532,0.18199927535026703
1000,905,naive,psi1,0.09355079899597903,0.18974531408568848
1000,905,corrected,psi0,1.2088053711624145,0.21015757460937673
1000,905,corrected,psi1,0.6470100946229728,0.22175308906405433
1000,906,naive,psi0,-0.11550974187574507,0.18720644746996482
1000,906,naive,psi1,0.024370773681651012,0.18173267292976736
1000,906,corrected,psi0,1.1977913272599683,0.21810092046230536
1000,906,corrected,psi1,0.6082565127915184,0.20910766445678045
1000,907,naive,psi0,-0.2378964836057451,0.18230974865744332
1000,907,naive,psi1,0.0207612004755915,0.18889246384079236
1000,907,corrected,psi0,0.9741342655231255,0.21044419309101492
1000,907,corrected,psi1,0.5823224495750953,0.21748915847485942
1000,908,naive,psi0,-0.17274142560395203,0.1688871430175845
1000,908,naive,psi1,0.11004683493134813,0.18950911083140728
1000,908,corrected,psi0,1.101124405824625,0.19676215730308214
1000,908,corrected,psi1,0.6277873927841935,0.22074652542214088
1000,909,naive,psi0,-0.1244617898948768,0.1799766483542122
1000,909,naive,psi1,0.185593639994255,0.18816457481339538
1000,909,corrected,psi0,1.1858448506955974,0.20860933881475502
1000,909,corrected,psi1,0.7260910298281323,0.21362597159490943
1000,910,naive,psi0,-0.23382756509689198,0.1950175475215212
1000,910,naive,psi1,-0.11916539078847667,0.2004262394792363
1000,910,corrected,psi0,1.0778429007089565,0.22747662015856135
1000,910,corrected,psi1,0.3645357910905722,0.2509175826797173
1000,911,naive,psi0,-0.16774139137284688,0.18431663169256604
1000,911,naive,psi1,0.26986120001021685,0.1770844469848665
1000,911,corrected,psi0,1.0484920745327293,0.21259120664996947
1000,911,corrected,psi1,0.7936109642419255,0.20312728515181433
1000,912,naive,psi0,-0.3675624974615702,0.18326006236526057
1000,912,naive,psi1,0.02708307795948979,0.1916694261525086
1000,912,corrected,psi0,0.8673142223841445,0.21413832742940703
1000,912,corrected,psi1,0.46972053180901013,0.22777998569327806
1000,913,naive,psi0,-0.2971024304612602,0.18645199936531145
1000,913,naive,psi1,-0.17899259123252806,0.19399365378897027
1000,913,corrected,psi0,1.0688611777531274,0.2163761937933542
1000,913,corrected,psi1,0.39288595754914063,0.22691252444345575
1000,914,naive,psi0,-0.265440768095734,0.18403201549155918
1000,914,naive,psi1,0.048394004981282865,0.1986118585850608
1000,914,corrected,psi0,1.0172594996683142,0.21601687495044036
1000,914,corrected,psi1,0.5367767551756233,0.2372636450326618
1000,915,naive,psi0,0.02873333138012725,0.18142662686484207
1000,915,naive,psi1,0.04294765858483582,0.19616371960889184
1000,915,corrected,psi0,1.298946581419079,0.21106036050230817
1000,915,corrected,psi1,0.6199300399140962,0.22642179357067915
1000,916,naive,psi0,-0.29922195619593295,0.18480994964402958
1000,916,naive,psi1,0.3213789208733228,0.17722967466436337
1000,916,corrected,psi0,0.8772295599783465,0.2137866192335701
1000,916,corrected,psi1,0.8879681868121688,0.20395144236530208
1000,917,naive,psi0,-0.43325758275724785,0.18307825574600978
1000,917,naive,psi1,0.0758679333542643,0.1949750943633145
1000,917,corrected,psi0,0.8567114544708789,0.21355900806280526
1000,917,corrected,psi1,0.6804159012341353,0.2362182062982737
1000,918,naive,psi0,-0.2516732296270569,0.17371518662962931
1000,918,naive,psi1,0.23714440699108624,0.18227834215855754
1000,918,corrected,psi0,1.0461661723398463,0.2033979834464211
1000,918,corrected,psi1,0.6598285923925358,0.20845098612667126
1000,919,naive,psi0,-0.034359610591786764,0.18234585727139851
1000,919,naive,psi1,-0.449315576262561,0.2062919284493189
1000,919,corrected,psi0,1.3208780226339227,0.21489497310783892
1000,919,corrected,psi1,0.0345233661807811,0.24345703117721212
1000,920,naive,psi0,-0.2973829633831817,0.1805716675630363
1000,920,naive,psi1,-0.10235150972799652,0.19430312016772663
1000,920,corrected,psi0,1.0163102966969486,0.21043480165543815
1000,920,corrected,psi1,0.3926105523057516,0.22423949874599136
1000,921,naive,psi0,-0.44427137031256225,0.17716309316572745
1000,921,naive,psi1,0.4047438640779676,0.1679781571901623
1000,921,corrected,psi0,0.8577389573177315,0.20509398795024497
1000,921,corrected,psi1,0.903408180328659,0.19362960737842894
1000,922,naive,psi0,0.10357027082439978,0.17704583138166863
1000,922,naive,psi1,0.2816017933633951,0.17873986474306341
1000,922,corrected,psi0,1.4271624708309676,0.20576554058534535
1000,922,corrected,psi1,0.8077436686839872,0.20390068144448575
1000,923,naive,psi0,-0.3083073539601563,0.18415938507613944
1000,923,naive,psi1,0.37063936348502946,0.1975102747458403
1000,923,corrected,psi0,1.0081178571471132,0.2140758113493114
1000,923,corrected,psi1,0.9670817849522491,0.22923680719360298
1000,924,naive,psi0,-0.40048506533384093,0.18797867162622134
1000,924,naive,psi1,0.3298885905351131,0.20228475468088464
1000,924,corrected,psi0,0.8999791918723445,0.21966499965061304
1000,924,corrected,psi1,0.8468930362103778,0.23537185565744007
1000,925,naive,psi0,-0.15774114828175323,0.1759707411093415
1000,925,naive,psi1,0.19024571415102753,0.18337065333518252
1000,925,corrected,psi0,1.0011114890839783,0.20514053476422273
1000,925,corrected,psi1,0.678629264432797,0.21724824241073315
1000,926,naive,psi0,-0.46666623142264774,0.180985583627866
1000,926,naive,psi1,0.04717854945861087,0.17375434624982128
1000,926,corrected,psi0,0.7322739782735679,0.21147191752674885
1000,926,corrected,psi1,0.6579877029538116,0.19545252952346812
1000,927,naive,psi0,-0.22625944935683398,0.173567448532793
1000,927,naive,psi1,-0.17141171675632308,0.17988163547852312
1000,927,corrected,psi0,0.9653942769964752,0.20352157587439282
1000,927,corrected,psi1,0.3163827191740028,0.20997992210355246
1000,928,naive,psi0,-0.0989571745946471,0.1740260404969259
1000,928,naive,psi1,-0.004501160762451017,0.1861737045418151
1000,928,corrected,psi0,1.1456761063110736,0.20271067440157195
1000,928,corrected,psi1,0.4955599241398297,0.21636384567111153
1000,929,naive,psi0,-0.2847048225152607,0.18614761767279744
1000,929,naive,psi1,0.05055675835563496,0.20062702852143718
1000,929,corrected,psi0,1.0573262909084624,0.21630272217845187
1000,929,corrected,psi1,0.559659051924948,0.23564125212819764
1000,930,naive,psi0,-0.5068135390530057,0.17917489890876453
1000,930,naive,psi1,-0.3592726861984087,0.18583885727783384
1000,930,corrected,psi0,0.6980807175511763,0.20916087895357946
1000,930,corrected,psi1,0.03556217202725279,0.21833377367333148
1000,931,naive,psi0,-0.3486810574644095,0.18050348408699815
1000,931,naive,psi1,-0.16754832326921335,0.20452680167577197
1000,931,corrected,psi0,0.9486733688641351,0.21375303965247278
1000,931,corrected,psi1,0.3510017129406409,0.23789094415165477
1000,932,naive,psi0,-0.15226605803615162,0.16855491706777367
1000,932,naive,psi1,-0.1523955222837973,0.1688409590634037
1000,932,corrected,psi0,1.1922276290729783,0.19855965219518257
1000,932,corrected,psi1,0.27739599397518194,0.20281272038070336
1000,933,naive,psi0,-0.46024055253834756,0.17321641559112852
1000,933,naive,psi1,-0.18780348161550434,0.17650506884865427
1000,933,corrected,psi0,0.7340164485355573,0.20479498943121727
1000,933,corrected,psi1,0.3778869253369948,0.2036880114086493
1000,934,naive,psi0,-0.14514056474438158,0.1723870133258304
1000,934,naive,psi1,0.27532244091747443,0.17725262031147201
1000,934,corrected,psi0,1.2002534848835662,0.2006683080492556
1000,934,corrected,psi1,0.7984704037023321,0.20535000468040282
1000,935,naive,psi0,-0.48974056679737393,0.17013419782480285
1000,935,naive,psi1,0.08648585879521684,0.17824906459668738
1000,935,corrected,psi0,0.7310670297706128,0.2011340928999573
1000,935,corrected,psi1,0.6017002453240394,0.2106676805685161
1000,936,naive,psi0,-0.18566272266385048,0.1825350626913791
1000,936,naive,psi1,-0.20313303122827148,0.19817642306015268
1000,936,corrected,psi0,1.099994523132229,0.2121195607413101
1000,936,corrected,psi1,0.3155777418560074,0.2341935394169906
1000,937,naive,psi0,-0.5177118349128137,0.18097470786368952
1000,937,naive,psi1,-0.31106240787994593,0.186393366833332
1000,937,corrected,psi0,0.7444911680951327,0.21209439498773003
1000,937,corrected,psi1,0.16548873728393318,0.21762945662693717
1000,938,naive,psi0,-0.27215842534549256,0.17677116461187103
1000,938,naive,psi1,0.12638310075392087,0.16567360654568203
1000,938,corrected,psi0,0.9927967996651199,0.20782178519200034
1000,938,corrected,psi1,0.6421465102605757,0.19396710455876862
1000,939,naive,psi0,-0.26021654593960436,0.17753607380471795
1000,939,naive,psi1,-0.22730991138804288,0.18932708574739257
1000,939,corrected,psi0,1.03159171303936,0.20525912996759466
1000,939,corrected,psi1,0.1987058064163333,0.21684315921958042
1000,940,naive,psi0,-0.09707330493326745,0.1832130742970779
1000,940,naive,psi1,-0.08814011469694097,0.2056463249979321
1000,940,corrected,psi0,1.1685821190610703,0.2151038545277714
1000,940,corrected,psi1,0.36688635832500577,0.24156407700966917
1000,941,naive,psi0,-0.4280855621994237,0.18229038028183822
1000,941,naive,psi1,-0.1387225627190793,0.20504691075131873
1000,941,corrected,psi0,0.8563514485330458,0.2121509426659507
1000,941,corrected,psi1,0.3950480097354048,0.23720620315524574
1000,942,naive,psi0,-0.1702142088787317,0.1876756875783032
1000,942,naive,psi1,-0.13017326548158661,0.18286428034544255
1000,942,corrected,psi0,1.1338419208445272,0.21973699634587218
1000,942,corrected,psi1,0.3645919996407567,0.21320731300051915
1000,943,naive,psi0,-0.5829683874341358,0.18234158979838658
1000,943,naive,psi1,0.057851179040189445,0.19333488462615347
1000,943,corrected,psi0,0.6626407211465253,0.21186512120006276
1000,943,corrected,psi1,0.5759258123517902,0.22470791357803055
1000,944,naive,psi0,-0.3573124057321053,0.17988903496636527
1000,944,naive,psi1,-0.009680795033072568,0.18054982389074384
1000,944,corrected,psi0,0.9217888342326658,0.20748573931733902
1000,944,corrected,psi1,0.45998432669977163,0.21250120339604817
1000,945,naive,psi0,-0.15618557359513105,0.1781569071206387
1000,945,naive,psi1,-0.06523136387528576,0.18554071873661845
1000,945,corrected,psi0,1.1086721992053525,0.20780260241277806
1000,945,corrected,psi1,0.41617867454656604,0.21398798063431188
1000,946,naive,psi0,-0.35867613671728443,0.17417229091765088
1000,946,naive,psi1,0.4658009678111129,0.18643775449191502
1000,946,corrected,psi0,0.8848850113388556,0.20300244748547208
1000,946,corrected,psi1,1.0378654786509747,0.21774101325342457
1000,947,naive,psi0,0.02922166028214369,0.17515049765396842
1000,947,naive,psi1,-0.280081439419502,0.18798921875035637
1000,947,corrected,psi0,1.4122287706865069,0.20489614777828402
1000,947,corrected,psi1,0.14164364536245244,0.22302012725637574
1000,948,naive,psi0,-0.4051920165681845,0.18064987187501627
1000,948,naive,psi1,0.0017124557332057146,0.17508934549815255
1000,948,corrected,psi0,0.9088482708399005,0.21197841870054476
1000,948,corrected,psi1,0.45883543926082326,0.2074570063238243
1000,949,naive,psi0,-0.33556294799291164,0.1741749495177323
1000,949,naive,psi1,0.2336830197348764,0.1872914469633923
1000,949,corrected,psi0,0.95578580601021,0.20751640604100116
1000,949,corrected,psi1,0.7412094663205319,0.21773822587521294
1000,950,naive,psi0,-0.235633154416701,0.17905961801224826
1000,950,naive,psi1,0.0564049598061325,0.17279969507789694
1000,950,corrected,psi0,1.0605896318005144,0.20714730105072626
1000,950,corrected,psi1,0.4735020724663551,0.19890240087392383
1000,951,naive,psi0,-0.39736307691290834,0.17622684285788712
1000,951,naive,psi1,0.21501611671242482,0.20204089788385865
1000,951,corrected,psi0,0.8181937309346495,0.20718430150019604
1000,951,corrected,psi1,0.7603977844755848,0.23688996428298836
1000,952,naive,psi0,-0.019407130093475236,0.18398110836305884
1000,952,naive,psi1,0.26392327200002397,0.18879509880745185
1000,952,corrected,psi0,1.3113282240011173,0.2139969237567178
1000,952,corrected,psi1,0.8188355299635918,0.2217967038078451
1000,953,naive,psi0,-0.2973714251238199,0.18335153450757252
1000,953,naive,psi1,-0.23056521453825302,0.1919481003789224
1000,953,corrected,psi0,0.9044528292776738,0.21398448477463697
1000,953,corrected,psi1,0.304931300607588,0.2214801942842496
1000,954,naive,psi0,-0.36380712972129803,0.18169063816567674
1000,954,naive,psi1,0.03802723067865637,0.1752972692261142
1000,954,corrected,psi0,0.9088996696628253,0.21186000316627598
1000,954,corrected,psi1,0.491370260202958,0.2062763943910162
1000,955,naive,psi0,-0.10987326032119384,0.175371959986332
1000,955,naive,psi1,0.022696804995046508,0.17097522894478032
1000,955,corrected,psi0,1.1503267191251216,0.20447058643779661
1000,955,corrected,psi1,0.37597624124809975,0.20023311220456877
1000,956,naive,psi0,-0.30949310397994567,0.18200085338342656
1000,956,naive,psi1,-0.11306177712029793,0.18454153114150637
1000,956,corrected,psi0,0.997458556838716,0.21033278855409648
1000,956,corrected,psi1,0.3800364057966073,0.21553149150436235
1000,957,naive,psi0,-0.15171013920968254,0.18217604388287634
1000,957,naive,psi1,0.03861728242678221,0.19986449346898602
1000,957,corrected,psi0,1.1281091185055625,0.2127612633687525
1000,957,corrected,psi1,0.5507157370192325,0.2308302341517341
1000,958,naive,psi0,-0.1923893858714462,0.18379698748981746
1000,958,naive,psi1,0.17204021872293193,0.18921335877661333
1000,958,corrected,psi0,1.0562590586772544,0.2127721910527549
1000,958,corrected,psi1,0.7575858358779801,0.2140502348660389
1000,959,naive,psi0,0.018632123392999408,0.18491647270651662
1000,959,naive,psi1,0.07336448114593126,0.19286211957149785
1000,959,corrected,psi0,1.36742153995543,0.21760594119675755
1000,959,corrected,psi1,0.6166025482531099,0.22906958042816986
1000,960,naive,psi0,0.03695897330387708,0.17483664772502236
1000,960,naive,psi1,-0.2449463069244002,0.1827417729127493
1000,960,corrected,psi0,1.3687228696547387,0.204262321875858
1000,960,corrected,psi1,0.21859245990231474,0.21056169662548976
1000,961,naive,psi0,-0.3566134485572074,0.1900840197278601
1000,961,naive,psi1,-0.20545707556167941,0.1757703747427642
1000,961,corrected,psi0,0.8781802983449472,0.221488323036815
1000,961,corrected,psi1,0.24991625366517004,0.21134285528811275
1000,962,naive,psi0,-0.382804705776806,0.18471630848915907
1000,962,naive,psi1,-0.440558144642491,0.20988107051024976
1000,962,corrected,psi0,0.8284919400330645,0.21885981247089045
1000,962,corrected,psi1,-0.00312243540529727,0.249242845098549
1000,963,naive,psi0,-0.1496426054240425,0.175393767267953
1000,963,naive,psi1,0.20240625735985043,0.1797544963867441
1000,963,corrected,psi0,1.124363840119708,0.20298358582871953
1000,963,corrected,psi1,0.7118169899701816,0.20895418759504664
1000,964,naive,psi0,-0.45240880497901664,0.1749701152181707
1000,964,naive,psi1,0.005534412274359806,0.18557155770088896
1000,964,corrected,psi0,0.7069364588150231,0.20383151434673888
1000,964,corrected,psi1,0.5362472747298198,0.21355270110586047
1000,965,naive,psi0,-0.31880173660278344,0.17608536130609614
1000,965,naive,psi1,0.01102984935274022,0.16014836720836778
1000,965,corrected,psi0,1.0530498320242123,0.2038766395005942
1000,965,corrected,psi1,0.4852792159712146,0.18545603767285226
1000,966,naive,psi0,-0.07633585774018112,0.17910602813132576
1000,966,naive,psi1,-0.28784544533098927,0.1955454599892367
1000,966,corrected,psi0,1.111261846391215,0.20949804549623519
1000,966,corrected,psi1,0.18311123165449775,0.22925986106856125
1000,967,naive,psi0,-0.12888007073292485,0.18420786975994838
1000,967,naive,psi1,0.014681896876626374,0.20484448438497876
1000,967,corrected,psi0,1.129169660899792,0.2124793179679151
1000,967,corrected,psi1,0.49297384327387594,0.23659187488438588
1000,968,naive,psi0,-0.4163863854369098,0.17637144801096094
1000,968,naive,psi1,-0.018714348514299317,0.1856165403545225
1000,968,corrected,psi0,0.834421686843099,0.2060136729455819
1000,968,corrected,psi1,0.5086659765799708,0.21769696405781216
1000,969,naive,psi0,-0.23755449566615022,0.1839256715757012
1000,969,naive,psi1,-0.2268438179336488,0.19431032740657006
1000,969,corrected,psi0,1.0702911046836676,0.21530840037780194
1000,969,corrected,psi1,0.2738944805666756,0.2280312902709808
1000,970,naive,psi0,-0.5714181536941876,0.18537847031360294
1000,970,naive,psi1,0.013474455112365887,0.19048413658973687
1000,970,corrected,psi0,0.6548344888592125,0.2154418593633506
1000,970,corrected,psi1,0.48785024551403233,0.22408638534644118
1000,971,naive,psi0,-0.17686251765700753,0.1788099055872055
1000,971,naive,psi1,0.21147262217571236,0.1939483495319744
1000,971,corrected,psi0,1.1254776351669846,0.2107772487493956
1000,971,corrected,psi1,0.682333909659535,0.229497429132478
1000,972,naive,psi0,-0.22588484832826214,0.17540083649914145
1000,972,naive,psi1,-0.13192302383354657,0.1856489036086127
1000,972,corrected,psi0,1.0284481833070904,0.2008564973053249
1000,972,corrected,psi1,0.3535936658883938,0.20882114214554937
1000,973,naive,psi0,-0.4604412346502021,0.1831227145894729
1000,973,naive,psi1,0.16124650650564268,0.1959199168841276
1000,973,corrected,psi0,0.7366422195201571,0.21401080284939844
1000,973,corrected,psi1,0.6888066436760214,0.22417646973165506
1000,974,naive,psi0,-0.2580862962733695,0.1802559978664478
1000,974,naive,psi1,-0.009305674118883486,0.19434705772393565
1000,974,corrected,psi0,1.033166820445151,0.20945653965066005
1000,974,corrected,psi1,0.45528282640007506,0.22725763576372443
1000,975,naive,psi0,-0.27589961024762466,0.17970749385691856
1000,975,naive,psi1,-0.16984849564431412,0.1898253741299568
1000,975,corrected,psi0,1.0610897663920074,0.2102908617045954
1000,975,corrected,psi1,0.34696654566821694,0.21826735292966687
1000,976,naive,psi0,-0.4196775330941299,0.17445604714822832
1000,976,naive,psi1,-0.18218186521774826,0.16336486740955866
1000,976,corrected,psi0,0.8293893362360908,0.2034753382342964
1000,976,corrected,psi1,0.3141417686722613,0.19151827424729537
1000,977,naive,psi0,0.03628087647398966,0.18217839940548902
1000,977,naive,psi1,0.2802486761373539,0.18101817946822046
1000,977,corrected,psi0,1.3713597937705555,0.21178133703894217
1000,977,corrected,psi1,0.7792102970086502,0.20893182417388678
1000,978,naive,psi0,-0.21138763635804123,0.18521187323519167
1000,978,naive,psi1,0.025110828996243437,0.18375624058888276
1000,978,corrected,psi0,1.1391213197574865,0.21427795562429855
1000,978,corrected,psi1,0.50474677948484,0.21352283706922628
1000,979,naive,psi0,-0.16716523339642897,0.17853798134557625
1000,979,naive,psi1,-0.11393318129489047,0.18239630770295698
1000,979,corrected,psi0,1.0662080316249705,0.20692664635097846
1000,979,corrected,psi1,0.3445834153362383,0.21185557628936028
1000,980,naive,psi0,-0.1875868115404598,0.17719017990415137
1000,980,naive,psi1,0.25727999899251236,0.18592344127054572
1000,980,corrected,psi0,1.130435338235353,0.2053984948966162
1000,980,corrected,psi1,0.7122512860475354,0.2193038930950241
1000,981,naive,psi0,-0.2970894509877556,0.18299819576437937
1000,981,naive,psi1,0.03438718358056536,0.17686236154050297
1000,981,corrected,psi0,0.9390887964266849,0.21296124765036617
1000,981,corrected,psi1,0.5525563964545093,0.2097128256250613
1000,982,naive,psi0,-0.5523764310175131,0.18905303671036724
1000,982,naive,psi1,0.16224977540122937,0.19571035402749032
1000,982,corrected,psi0,0.6466137041998803,0.22015944095979456
1000,982,corrected,psi1,0.6843134618624416,0.22468919274271335
1000,983,naive,psi0,-0.46099341343925415,0.18202217654071198
1000,983,naive,psi1,-0.07328318069676173,0.1928812721578989
1000,983,corrected,psi0,0.7552201548766825,0.2157532730178046
1000,983,corrected,psi1,0.4326556942102719,0.23826241671067128
1000,984,naive,psi0,-0.08406751634200245,0.1816568425026142
1000,984,naive,psi1,0.1578277150079561,0.21350697541946642
1000,984,corrected,psi0,1.1815607424863794,0.21267089286064933
1000,984,corrected,psi1,0.7231878678781324,0.24589044020121456
1000,985,naive,psi0,-0.24225642738552822,0.1868186209613989
1000,985,naive,psi1,-0.03768554954363926,0.20635603954675713
1000,985,corrected,psi0,1.0591081828799631,0.21613570303855334
1000,985,corrected,psi1,0.4292882013797481,0.23650819765980674
1000,986,naive,psi0,-0.5635113771277601,0.18091446209704304
1000,986,naive,psi1,-0.3683640633176451,0.16755373423907824
1000,986,corrected,psi0,0.6633175234261575,0.20871306751628257
1000,986,corrected,psi1,0.11968920832181114,0.1985692548215807
1000,987,naive,psi0,-0.10116571974718674,0.18795973099866034
1000,987,naive,psi1,0.0350015784585455,0.20115157367673261
1000,987,corrected,psi0,1.1944858780521468,0.21946015515714182
1000,987,corrected,psi1,0.47281032565283965,0.23021155702438978
1000,988,naive,psi0,-0.06391715862485323,0.1843500525900798
1000,988,naive,psi1,0.054861444037942145,0.18433633827053958
1000,988,corrected,psi0,1.216079774396374,0.2149695885544895
1000,988,corrected,psi1,0.5298179089359284,0.21915058016997946
1000,989,naive,psi0,-0.026851613967234365,0.1799876844921833
1000,989,naive,psi1,-0.017091555332017352,0.21730702959015302
1000,989,corrected,psi0,1.2929432036395816,0.2093887931057535
1000,989,corrected,psi1,0.5273026763919423,0.2511114930131493
1000,990,naive,psi0,-0.08465652665258346,0.17917013516607003
1000,990,naive,psi1,-0.1528233716793574,0.18236625580168928
1000,990,corrected,psi0,1.2374196585964017,0.2089910437875293
1000,990,corrected,psi1,0.36703707461092633,0.21478395683448961
1000,991,naive,psi0,-0.4389411005788157,0.18267821823229813
1000,991,naive,psi1,0.028936529047262523,0.1864592114476891
1000,991,corrected,psi0,0.890716093453456,0.21600015006615134
1000,991,corrected,psi1,0.5633906269710828,0.2217132154769569
1000,992,naive,psi0,-0.6322727937715726,0.17857350173261105
1000,992,naive,psi1,-0.09611085304594083,0.1908402824428618
1000,992,corrected,psi0,0.565674708965396,0.20772314046115592
1000,992,corrected,psi1,0.4100273374244887,0.22231142604654433
1000,993,naive,psi0,-0.24675331662906264,0.17477772307002673
1000,993,naive,psi1,0.18878264321423305,0.18832867337944828
1000,993,corrected,psi0,1.014584540291615,0.20594706904966653
1000,993,corrected,psi1,0.7306089783350834,0.22078511358171038
1000,994,naive,psi0,-0.3797823988482739,0.1811561395021694
1000,994,naive,psi1,-0.3721352322468963,0.17065873696202133
1000,994,corrected,psi0,0.9094807620579294,0.21009546479090996
1000,994,corrected,psi1,-0.019142161183650558,0.2026471029038263
1000,995,naive,psi0,-0.504843655552594,0.1815413479052285
1000,995,naive,psi1,0.010750854343269417,0.17226874733498432
1000,995,corrected,psi0,0.7623317663098734,0.21029496103789985
1000,995,corrected,psi1,0.3890615354071105,0.20107294129522363
1000,996,naive,psi0,-0.10343405936231345,0.17726115012988708
1000,996,naive,psi1,-0.2590818721551195,0.18825610383768893
1000,996,corrected,psi0,1.220845597281247,0.20775340246545676
1000,996,corrected,psi1,0.18609526315614494,0.22123679116004272
1000,997,naive,psi0,-0.3400263170945218,0.17446763577634064
1000,997,naive,psi1,0.0913797345603013,0.19236631037351934
1000,997,corrected,psi0,0.9212250995478878,0.2027779300843793
1000,997,corrected,psi1,0.6609272925347986,0.21978790208810794
1000,998,naive,psi0,-0.40042743465290853,0.17964292098942986
1000,998,naive,psi1,-0.15102703093966657,0.179162623240198
1000,998,corrected,psi0,0.8870632219794098,0.21045762482047872
1000,998,corrected,psi1,0.31663751307940513,0.20731295542813835
1000,999,naive,psi0,-0.12219200775304592,0.18514621175956963
1000,999,naive,psi1,-0.0920088070511281,0.20838994386180743
1000,999,corrected,psi0,1.1324016074801477,0.2168199802854775
1000,999,corrected,psi1,0.41481642042442674,0.24595715390404554
2000,0,naive,psi0,-0.2841897649928622,0.13016346458219386
2000,0,naive,psi1,0.009875955342743303,0.1344762242590812
2000,0,corrected,psi0,0.9603907240417453,0.1520390241289662
2000,0,corrected,psi1,0.46083840440976176,0.15563732168459343
2000,1,naive,psi0,-0.10049527331595029,0.12991478959240468
2000,1,naive,psi1,-0.138653202956282,0.14350025928121016
2000,1,corrected,psi0,1.2207845082563973,0.15078988607712984
2000,1,corrected,psi1,0.309422226091984,0.16482374893562726
2000,2,naive,psi0,-0.340028886799919,0.12541496323043388
2000,2,naive,psi1,0.2612526731063165,0.1327023547411225
2000,2,corrected,psi0,0.8871370799392865,0.14591073117596967
2000,2,corrected,psi1,0.7454466003723574,0.15388892290473402
2000,3,naive,psi0,-0.021234500477119053,0.12966659191784938
2000,3,naive,psi1,0.10525199355058162,0.13255848215092098
2000,3,corrected,psi0,1.2658447520634688,0.1494422748981472
2000,3,corrected,psi1,0.6660450075714462,0.15271976091961065
2000,4,naive,psi0,-0.13629221403523825,0.12735461884510163
2000,4,naive,psi1,-0.15536804116507397,0.13885591450927548
2000,4,corrected,psi0,1.1293318529421055,0.15049632190957118
2000,4,corrected,psi1,0.3881814558821186,0.16262092728435967
2000,5,naive,psi0,-0.366052522646967,0.12875893759992293
2000,5,naive,psi1,-0.11445279348809069,0.14114159799708964
2000,5,corrected,psi0,0.849134656376542,0.149168890932275
2000,5,corrected,psi1,0.33680127424680945,0.16265114220902607
2000,6,naive,psi0,-0.2179229381635342,0.12669837457417116
2000,6,naive,psi1,-0.016436436256908354,0.14033366374685546
2000,6,corrected,psi0,0.9948520019247172,0.14662748327739478
2000,6,corrected,psi1,0.530911251817001,0.16239399435477322
2000,7,naive,psi0,-0.17591456113322146,0.1264604855502781
2000,7,naive,psi1,0.43777359511374087,0.1234973772440467
2000,7,corrected,psi0,1.1322922649829834,0.14596417324790073
2000,7,corrected,psi1,1.0350385811777008,0.14213972839321098
2000,8,naive,psi0,-0.3201296261594271,0.1289320532998283
2000,8,naive,psi1,-0.09696713470896608,0.13554101348903108
2000,8,corrected,psi0,0.9269420613504983,0.1489154756705776
2000,8,corrected,psi1,0.42058145520574536,0.1569324499024781
2000,9,naive,psi0,-0.2715605005076787,0.13426309852110016
2000,9,naive,psi1,0.007046822698770667,0.15282006225597705
2000,9,corrected,psi0,1.0168926980027364,0.15649195500786794
2000,9,corrected,psi1,0.41895747014752577,0.1766635484475925
2000,10,naive,psi0,-0.1820687437086681,0.12888476538749263
2000,10,naive,psi1,0.20381613544572172,0.14388237381302482
2000,10,corrected,psi0,1.1540059553426354,0.1498114772838441
2000,10,corrected,psi1,0.7418909470373067,0.16703123516220048
2000,11,naive,psi0,-0.40386389195058414,0.12685225884224924
2000,11,naive,psi1,-0.18828061862740195,0.1432232173157705
2000,11,corrected,psi0,0.8900912743055762,0.1462718872462032
2000,11,corrected,psi1,0.2559658180213247,0.16290579856586462
2000,12,naive,psi0,-0.32551448305036246,0.12805128282622288
2000,12,naive,psi1,0.0009742060866616349,0.1261598458337156
2000,12,corrected,psi0,0.9384465792033094,0.1494178763122802
2000,12,corrected,psi1,0.498081676526857,0.14700386590210388
2000,13,naive,psi0,-0.17194112409762832,0.12751237840000107
2000,13,naive,psi1,-0.199333239624213,0.1334566688046412
2000,13,corrected,psi0,1.1374216070416399,0.14856355857583908
2000,13,corrected,psi1,0.25902246914166843,0.15829356934815372
2000,14,naive,psi0,-0.4954655403902688,0.13035060036138468
2000,14,naive,psi1,0.1288713376159352,0.1447348598944549
2000,14,corrected,psi0,0.7143804411489812,0.15285650934642356
2000,14,corrected,psi1,0.602247103985455,0.1680152528400028
2000,15,naive,psi0,-0.4741499755228859,0.12690960019831748
2000,15,naive,psi1,-0.03691284622187345,0.13149021972202204
2000,15,corrected,psi0,0.8082968167436073,0.14950011101196398
2000,15,corrected,psi1,0.42535763829138623,0.15775273572946036
2000,16,naive,psi0,-0.20032982880732883,0.12988347928821484
2000,16,naive,psi1,-0.11609895434916777,0.14765694167484228
2000,16,corrected,psi0,1.0735312282943719,0.15164976801597688
2000,16,corrected,psi1,0.36778330864342856,0.1723415639440759
2000,17,naive,psi0,-0.2589204587765939,0.1273584453625946
2000,17,naive,psi1,0.10169501024220583,0.13521417577195485
2000,17,corrected,psi0,0.9449806801581762,0.14862952949658104
2000,17,corrected,psi1,0.6193426813172361,0.16175803758179083
2000,18,naive,psi0,-0.4602783346879538,0.12688047466577448
2000,18,naive,psi1,0.038745084036084676,0.1405789534215585
2000,18,corrected,psi0,0.7744057059024521,0.14671255469114183
2000,18,corrected,psi1,0.5833644267526659,0.1608726201960542
2000,19,naive,psi0,-0.5007205453406786,0.12620132851400034
2000,19,naive,psi1,-0.12411498517600571,0.13526061691544278
2000,19,corrected,psi0,0.7354330364722437,0.14714468862038013
2000,19,corrected,psi1,0.3790344907599801,0.15688127082380954
2000,20,naive,psi0,-0.2331824426634034,0.12745654711219656
2000,20,naive,psi1,0.38549211930159655,0.13445064599280945
2000,20,corrected,psi0,1.090847792221466,0.1478190043040679
2000,20,corrected,psi1,0.9212267310711292,0.1577384757370705
2000,21,naive,psi0,-0.3703411169999415,0.12732498546171586
2000,21,naive,psi1,-0.10729063694446722,0.12801264467593332
2000,21,corrected,psi0,0.9466118798724138,0.14830439568911158
2000,21,corrected,psi1,0.45999125537647234,0.15077896579242714
2000,22,naive,psi0,-0.43274477799289396,0.12937957620181664
2000,22,naive,psi1,-0.27632258747850164,0.12963998975016364
2000,22,corrected,psi0,0.8025517190672279,0.15016958044622178
2000,22,corrected,psi1,0.2114053306689684,0.14877410550507678
2000,23,naive,psi0,-0.20764512297258342,0.12585213039251575
2000,23,naive,psi1,-0.193712003306354,0.13643507873733715
2000,23,corrected,psi0,1.0901989411519846,0.14732173589948497
2000,23,corrected,psi1,0.25950481861663965,0.15773152415787542
2000,24,naive,psi0,-0.09919478551648749,0.12479892620477757
2000,24,naive,psi1,-0.08828402930289159,0.12334085769364359
2000,24,corrected,psi0,1.1675544410623608,0.14370813913316297
2000,24,corrected,psi1,0.3931557344844478,0.1400207504780657
2000,25,naive,psi0,-0.146907189234871,0.1284070295847664
2000,25,naive,psi1,-0.17403357955276338,0.1318789841692567
2000,25,corrected,psi0,1.1356610763699935,0.14981984162203293
2000,25,corrected,psi1,0.3027601891748507,0.15251000108049104
2000,26,naive,psi0,-0.411654901138859,0.12656055205520275
2000,26,naive,psi1,-0.09698491406771824,0.13644442357151182
2000,26,corrected,psi0,0.8491496461707309,0.14796473889874964
2000,26,corrected,psi1,0.32760877055206367,0.1557685490455407
2000,27,naive,psi0,-0.2949864416776547,0.1233391344921087
2000,27,naive,psi1,-0.1673962040030796,0.13312259570757537
2000,27,corrected,psi0,0.9583680347331864,0.14308502903842696
2000,27,corrected,psi1,0.2932497252819772,0.15623333948560167
2000,28,naive,psi0,-0.5108985016298857,0.12669702478143038
2000,28,naive,psi1,0.22880889041851188,0.12653889091601572
2000,28,corrected,psi0,0.7289631031611228,0.1468623367757768
2000,28,corrected,psi1,0.8070160024289541,0.1474149875163747
2000,29,naive,psi0,-0.388896776914107,0.1261422269206765
2000,29,naive,psi1,-0.016824240514766817,0.1308407909350246
2000,29,corrected,psi0,0.8679200324545763,0.14792108489068906
2000,29,corrected,psi1,0.46319704705920917,0.159461440320835
2000,30,naive,psi0,-0.46203524146612435,0.12815993867510397
2000,30,naive,psi1,0.017569953418620752,0.13945818239555632
2000,30,corrected,psi0,0.7327840035825796,0.1509114531455994
2000,30,corrected,psi1,0.5535747085164444,0.16342849843645685
2000,31,naive,psi0,-0.14254030953063,0.12752857546367977
2000,31,naive,psi1,-0.03681501350441454,0.13736896335669915
2000,31,corrected,psi0,1.149209828335755,0.1490945312148278
2000,31,corrected,psi1,0.47871323079709116,0.1596025481185205
2000,32,naive,psi0,-0.15720096641257447,0.12751330701813512
2000,32,naive,psi1,0.08843731308031617,0.1237783966820318
2000,32,corrected,psi0,1.114045586239698,0.14934940374902927
2000,32,corrected,psi1,0.6204697404659805,0.1470086141828476
2000,33,naive,psi0,-0.16434758087687668,0.12901899865497501
2000,33,naive,psi1,-0.05172746974426818,0.1293982827870692
2000,33,corrected,psi0,1.1442679896764947,0.15034784286424432
2000,33,corrected,psi1,0.43496226614250794,0.15412678061304913
2000,34,naive,psi0,-0.11037984137220039,0.12801260519807395
2000,34,naive,psi1,0.05163646894542087,0.14477501456187972
2000,34,corrected,psi0,1.1961728805466905,0.14916216495100693
2000,34,corrected,psi1,0.501867327510404,0.1693863016943984
2000,35,naive,psi0,-0.17492897635933075,0.12600573261469986
2000,35,naive,psi1,-0.060700449450074294,0.1355550486578464
2000,35,corrected,psi0,1.1328552985429365,0.14522630060085154
2000,35,corrected,psi1,0.35085620307456766,0.1582170310940129
2000,36,naive,psi0,-0.1642854130624699,0.1248700883907604
2000,36,naive,psi1,0.0173271219760588,0.12828611178868404
2000,36,corrected,psi0,1.113337262435078,0.14533152211362663
2000,36,corrected,psi1,0.5344173070499675,0.14880443570860985
2000,37,naive,psi0,-0.15186571338501983,0.127756105300686
2000,37,naive,psi1,0.12200952272784561,0.12756199865303589
2000,37,corrected,psi0,1.1514448856202724,0.1488158076448674
2000,37,corrected,psi1,0.6325653272618559,0.14766263126179063
2000,38,naive,psi0,-0.33008151118798656,0.1278106589210888
2000,38,naive,psi1,0.05683959531629832,0.1324866101836386
2000,38,corrected,psi0,0.9468543645404149,0.14884933595599245
2000,38,corrected,psi1,0.5809806538433687,0.15219418415640165
2000,39,naive,psi0,-0.3053386479292572,0.13256779645708017
2000,39,naive,psi1,-0.1556182588238294,0.15362981483619575
2000,39,corrected,psi0,0.9459311567483893,0.15398388026775567
2000,39,corrected,psi1,0.31437675022079453,0.1770167182401007
2000,40,naive,psi0,-0.3860060113557532,0.12345381314473383
2000,40,naive,psi1,0.09297059034198897,0.12997691713273726
2000,40,corrected,psi0,0.8356413804006871,0.14389678757924174
2000,40,corrected,psi1,0.5613094336517336,0.15413971152065975
2000,41,naive,psi0,-0.18289719395569404,0.1265569254632516
2000,41,naive,psi1,0.21940263438011437,0.12704588351609786
2000,41,corrected,psi0,1.0738270337341465,0.14706785207932777
2000,41,corrected,psi1,0.7396142380369485,0.14741850230677386
2000,42,naive,psi0,-0.24495240814272337,0.1284433745479763
2000,42,naive,psi1,0.08148059941154517,0.14079274867755112
2000,42,corrected,psi0,0.967012800739246,0.14892564520947038
2000,42,corrected,psi1,0.5969161546073255,0.16469915344663705
2000,43,naive,psi0,-0.26880232957308736,0.12611686576507186
2000,43,naive,psi1,0.11520899055632357,0.1292341016046243
2000,43,corrected,psi0,1.0486681953756054,0.14664143900957172
2000,43,corrected,psi1,0.6360854844279932,0.15084771269322944
2000,44,naive,psi0,-0.3354474649061824,0.12641655546838007
2000,44,naive,psi1,-0.1316867534618154,0.1346494556396969
2000,44,corrected,psi0,0.9217902986798179,0.14728576723230552
2000,44,corrected,psi1,0.27416205238602215,0.15585233617728045
2000,45,naive,psi0,-0.3932768180122381,0.12769113318301997
2000,45,naive,psi1,0.06317274449271135,0.1528751200215267
2000,45,corrected,psi0,0.8524798745974216,0.14894612372612281
2000,45,corrected,psi1,0.5302769795740939,0.17647877586858868
2000,46,naive,psi0,-0.1639218871008847,0.12582539841251142
2000,46,naive,psi1,0.21139215916524634,0.1349359725872125
2000,46,corrected,psi0,1.0775027477209278,0.1482068478115691
2000,46,corrected,psi1,0.7577905219158608,0.15895234337150468
2000,47,naive,psi0,-0.3293720854316686,0.1253891732368396
2000,47,naive,psi1,-0.0782499716669836,0.12458497369901139
2000,47,corrected,psi0,0.9705101113666368,0.14668810659142983
2000,47,corrected,psi1,0.3634445302071914,0.14585943237001428
2000,48,naive,psi0,-0.15489736286281133,0.1273430075116948
2000,48,naive,psi1,0.03797898975700105,0.1421845856216139
2000,48,corrected,psi0,1.1078722593133343,0.14647915746237256
2000,48,corrected,psi1,0.5774431777291025,0.1630849001819877
2000,49,naive,psi0,-0.4873612928910225,0.1260563682493293
2000,49,naive,psi1,0.1267564479726917,0.13112199472240416
2000,49,corrected,psi0,0.7510001183954339,0.14747692052616113
2000,49,corrected,psi1,0.6762699481540837,0.15290457684264885
2000,50,naive,psi0,-0.2957961544011622,0.13025084071556026
2000,50,naive,psi1,0.2644127944965963,0.13101196483111222
2000,50,corrected,psi0,0.9727444711602149,0.1507678905707791
2000,50,corrected,psi1,0.7725840826306698,0.15108246575802964
2000,51,naive,psi0,-0.29910238456009597,0.13073402669922052
2000,51,naive,psi1,0.15330475010976136,0.14110136758962355
2000,51,corrected,psi0,1.0020009580138276,0.1516185571131347
2000,51,corrected,psi1,0.6708572558900041,0.16216759744281384
2000,52,naive,psi0,-0.31726322088255376,0.1279780493525287
2000,52,naive,psi1,-0.08367476096597729,0.12705541895143518
2000,52,corrected,psi0,0.934580124226944,0.14810339871943082
2000,52,corrected,psi1,0.40942853431660975,0.14767344014595557
2000,53,naive,psi0,-0.17580679776399183,0.12399307789133177
2000,53,naive,psi1,-0.08605558495999095,0.12788146380241072
2000,53,corrected,psi0,1.1020028728190017,0.14480932783151826
2000,53,corrected,psi1,0.3551749421302745,0.14956095219037638
2000,54,naive,psi0,-0.11654098988301678,0.12434070561626949
2000,54,naive,psi1,-0.04080347700593523,0.12558446409237492
2000,54,corrected,psi0,1.1138639142283853,0.1443440542169112
2000,54,corrected,psi1,0.4576747753152016,0.1470427206513637
2000,55,naive,psi0,-0.0757373338047731,0.12698165719157806
2000,55,naive,psi1,-0.13976202257728892,0.13525768419254464
2000,55,corrected,psi0,1.2488491207027477,0.1492287348929944
2000,55,corrected,psi1,0.35116878417817843,0.15933066212688002
2000,56,naive,psi0,-0.3973382352796961,0.12951094802591528
2000,56,naive,psi1,-0.08059055107785162,0.13907537370608042
2000,56,corrected,psi0,0.8640231181929525,0.15083425141474247
2000,56,corrected,psi1,0.46170441784731725,0.16053646626289914
2000,57,naive,psi0,-0.2460644935648252,0.12919406415454443
2000,57,naive,psi1,0.26821126092504455,0.13153432050529842
2000,57,corrected,psi0,1.0583423822049105,0.14922530641209297
2000,57,corrected,psi1,0.8307363968205393,0.15256698558689558
2000,58,naive,psi0,-0.2557799172021842,0.12782009746632966
2000,58,naive,psi1,-0.20063933251596217,0.13990046781762236
2000,58,corrected,psi0,1.0694849968171505,0.14807308165417754
2000,58,corrected,psi1,0.247030031896463,0.16465712256312318
2000,59,naive,psi0,-0.4018818392893621,0.12919065999008617
2000,59,naive,psi1,-0.004239855136179546,0.13830356724916792
2000,59,corrected,psi0,0.8330505417201898,0.1496178582773906
2000,59,corrected,psi1,0.46742091768714056,0.1600982650517828
2000,60,naive,psi0,0.18276712673164838,0.13390019481627582
2000,60,naive,psi1,-0.04319276302206925,0.14914837796262947
2000,60,corrected,psi0,1.536436438463963,0.15511817536573255
2000,60,corrected,psi1,0.41336948526161776,0.16922428109076357
2000,61,naive,psi0,-0.34803480863174485,0.12432782434375673
2000,61,naive,psi1,-0.23990114873240742,0.1372987049081149
2000,61,corrected,psi0,0.9079839235386034,0.14578529681872884
2000,61,corrected,psi1,0.2338561593864677,0.1618086039743349
2000,62,naive,psi0,-0.4986226728157162,0.12880458187631547
2000,62,naive,psi1,-0.18915483274968503,0.14109789956226387
2000,62,corrected,psi0,0.7994592181200636,0.1494395744884501
2000,62,corrected,psi1,0.20535425578011599,0.16559617258180012
2000,63,naive,psi0,-0.1969756464827563,0.1287476375070011
2000,63,naive,psi1,0.07926161094371259,0.143097066416984
2000,63,corrected,psi0,1.0882088714959741,0.14821616099065157
2000,63,corrected,psi1,0.6349559404910603,0.16535113681111982
2000,64,naive,psi0,-0.2278967567638077,0.13275673629482065
2000,64,naive,psi1,0.014255173242714235,0.1479818239825769
2000,64,corrected,psi0,1.0560030286807838,0.1528796934951681
2000,64,corrected,psi1,0.529492808400733,0.17193903857438786
2000,65,naive,psi0,-0.3122017686379319,0.12435024416338664
2000,65,naive,psi1,0.10944246405113967,0.12666846558385664
2000,65,corrected,psi0,0.9656201984473577,0.14454308053311657
2000,65,corrected,psi1,0.652956178964604,0.14430305432584528
2000,66,naive,psi0,-0.23843293292937842,0.12828909221261503
2000,66,naive,psi1,0.26792215254942936,0.12836098234247037
2000,66,corrected,psi0,1.0033058407436102,0.1505259728925772
2000,66,corrected,psi1,0.8020164937451738,0.15252955569775314
2000,67,naive,psi0,-0.5162142100429297,0.1238140886930156
2000,67,naive,psi1,0.12725623827734467,0.12577659867149188
2000,67,corrected,psi0,0.6890268962174463,0.14365279836821618
2000,67,corrected,psi1,0.5933202773770409,0.14568820271206653
2000,68,naive,psi0,-0.4201957938193172,0.12736316406557713
2000,68,naive,psi1,-0.08319671568349588,0.1264937401974829
2000,68,corrected,psi0,0.8565825436511573,0.14921170725091812
2000,68,corrected,psi1,0.37191486004116897,0.14647526575499567
2000,69,naive,psi0,-0.2611192774913356,0.1285357120904648
2000,69,naive,psi1,-0.16552128382565326,0.14441115010694588
2000,69,corrected,psi0,0.9855994727101184,0.14922442443122616
2000,69,corrected,psi1,0.3000475989467161,0.16845059698115852
2000,70,naive,psi0,-0.15939270146028345,0.12557862386365815
2000,70,naive,psi1,0.20697584670527933,0.13256639206362
2000,70,corrected,psi0,1.1747654239719025,0.14495253433889568
2000,70,corrected,psi1,0.6463051055230122,0.15467264813494266
2000,71,naive,psi0,-0.3279310281037859,0.13071409825588992
2000,71,naive,psi1,0.06560962496176125,0.1346379311134446
2000,71,corrected,psi0,0.9491547384506442,0.1523034120248572
2000,71,corrected,psi1,0.5806283300348516,0.15791544825789167
2000,72,naive,psi0,-0.2192699332236905,0.13039740075423809
2000,72,naive,psi1,0.23170895068472774,0.15546727579844927
2000,72,corrected,psi0,1.0704462885600283,0.15118301139335377
2000,72,corrected,psi1,0.7454398165485809,0.18016192686722876
2000,73,naive,psi0,-0.14859922899341454,0.12793492741632442
2000,73,naive,psi1,0.037924519447148586,0.1273303401304339
2000,73,corrected,psi0,1.1313460046787924,0.14857171286947543
2000,73,corrected,psi1,0.5686691060781918,0.14697558616892537
2000,74,naive,psi0,-0.2150982586244315,0.1277241583150336
2000,74,naive,psi1,0.34008699265343384,0.13598142265325744
2000,74,corrected,psi0,1.0358345532495072,0.14770890024486158
2000,74,corrected,psi1,0.850057843209152,0.15642871370069591
2000,75,naive,psi0,-0.14223293863416886,0.12351544378147082
2000,75,naive,psi1,0.1688168459248661,0.13164926686882317
2000,75,corrected,psi0,1.1019141079053787,0.1439140069335997
2000,75,corrected,psi1,0.6289372400448866,0.15185536349078893
2000,76,naive,psi0,-0.32086792426863375,0.1250467124504275
2000,76,naive,psi1,-0.2093893546666783,0.13926900294824934
2000,76,corrected,psi0,0.9748704072829836,0.14498164650033404
2000,76,corrected,psi1,0.2551275516733419,0.1611715014105602
2000,77,naive,psi0,-0.02040614468525916,0.1269218706855891
2000,77,naive,psi1,0.11832778988876058,0.13232399142907192
2000,77,corrected,psi0,1.2734747038756788,0.1471980514949967
2000,77,corrected,psi1,0.6651079698250036,0.153148376977472
2000,78,naive,psi0,-0.29369817946073234,0.1263180102131516
2000,78,naive,psi1,0.08669715812747747,0.11795493062301729
2000,78,corrected,psi0,1.0274256185143673,0.14705614994583116
2000,78,corrected,psi1,0.5931434963582629,0.13719395343461904
2000,79,naive,psi0,-0.40419465018031786,0.12364592306241769
2000,79,naive,psi1,0.016816806670775997,0.11892453236244376
2000,79,corrected,psi0,0.8574324429075729,0.1437424192605746
2000,79,corrected,psi1,0.5052903517172422,0.13896830223707282
2000,80,naive,psi0,-0.09863518612365746,0.12445907484486983
2000,80,naive,psi1,0.09288953068850916,0.13193935875747417
2000,80,corrected,psi0,1.1966152478719239,0.1446862504105818
2000,80,corrected,psi1,0.6458915617261846,0.15259100328850542
2000,81,naive,psi0,-0.34688807589162945,0.12616377879031246
2000,81,naive,psi1,-0.06326196477654902,0.13115876029339452
2000,81,corrected,psi0,0.9183115167554952,0.14668831656167813
2000,81,corrected,psi1,0.4196483782863389,0.15130849952415104
2000,82,naive,psi0,-0.030421881759026104,0.1303014421949086
2000,82,naive,psi1,-0.1134532934103491,0.12803367618251799
2000,82,corrected,psi0,1.2080504825287166,0.15134398895897277
2000,82,corrected,psi1,0.38125087291853393,0.14717152108173923
2000,83,naive,psi0,-0.3969629369841866,0.12842941505337407
2000,83,naive,psi1,-0.11603030419575668,0.13629897205669947
2000,83,corrected,psi0,0.9304902832158141,0.14958986147380632
2000,83,corrected,psi1,0.3287564631976086,0.1590542576111201
2000,84,naive,psi0,-0.25244477403499965,0.12835676517115727
2000,84,naive,psi1,-0.14541081305092057,0.14154219088087236
2000,84,corrected,psi0,0.9921386673332232,0.14974857035034192
2000,84,corrected,psi1,0.2550076885920266,0.16221871882847783
2000,85,naive,psi0,-0.2734277075255387,0.13066333119735912
2000,85,naive,psi1,0.2935692166413788,0.13645880953500059
2000,85,corrected,psi0,1.0248392795896946,0.15223308339910013
2000,85,corrected,psi1,0.8599020627247592,0.15951049780150134
2000,86,naive,psi0,-0.42026546121183056,0.12812908899157888
2000,86,naive,psi1,-0.1343816890732443,0.12807731180373472
2000,86,corrected,psi0,0.8282857402782493,0.14867690732594435
2000,86,corrected,psi1,0.3875572612744104,0.14833399804902045
2000,87,naive,psi0,-0.2826271541389921,0.12825913656423912
2000,87,naive,psi1,0.03438603204152392,0.1350268818371754
2000,87,corrected,psi0,0.991057356899332,0.15040787328510444
2000,87,corrected,psi1,0.4963498022024515,0.15880321893135307
2000,88,naive,psi0,-0.23278753379378037,0.1265660293851682
2000,88,naive,psi1,-0.07667197148369792,0.13416813282051643
2000,88,corrected,psi0,1.0618490270541865,0.14766032388153183
2000,88,corrected,psi1,0.4206436036808014,0.15624685211049905
2000,89,naive,psi0,-0.13691695493009956,0.1293310869284237
2000,89,naive,psi1,-0.18471609761362945,0.13183357605526325
2000,89,corrected,psi0,1.2106804573795156,0.1498289104733005
2000,89,corrected,psi1,0.2773611049749449,0.15685295907389227
2000,90,naive,psi0,-0.4004603132616505,0.1300573006884483
2000,90,naive,psi1,-0.08225551468093151,0.13975248648095287
2000,90,corrected,psi0,0.8531389026529733,0.1501280647830063
2000,90,corrected,psi1,0.36910625406811154,0.16031521540024296
2000,91,naive,psi0,-0.21993117820815775,0.12999021575286282
2000,91,naive,psi1,0.16470048959836986,0.13692328707337528
2000,91,corrected,psi0,1.0613822622625855,0.15252370888668865
2000,91,corrected,psi1,0.6890083483508562,0.16292482676443754
2000,92,naive,psi0,-0.18085870891776115,0.12318738260265558
2000,92,naive,psi1,0.25690160472254037,0.1373124343265533
2000,92,corrected,psi0,1.1443782761520436,0.144687452869573
2000,92,corrected,psi1,0.7588518045164201,0.16378774240788732
2000,93,naive,psi0,-0.3368444897924573,0.12697664205464243
2000,93,naive,psi1,-0.1273661455496208,0.1409301305022537
2000,93,corrected,psi0,0.9406198155400305,0.1473998941579546
2000,93,corrected,psi1,0.3511561167147905,0.16341748726059277
2000,94,naive,psi0,-0.41425593770951297,0.1264872951011318
2000,94,naive,psi1,0.29333883798297317,0.13869651668296545
2000,94,corrected,psi0,0.8604409184313707,0.1471276270368483
2000,94,corrected,psi1,0.8464969597927069,0.16166512443109776
2000,95,naive,psi0,-0.035233049259305455,0.12950205892275518
2000,95,naive,psi1,-0.06066746644916713,0.137613833588268
2000,95,corrected,psi0,1.2649434458045083,0.14877827891704798
2000,95,corrected,psi1,0.4479708136406232,0.1560925842567342
2000,96,naive,psi0,-0.19607639063545854,0.12765623991251437
2000,96,naive,psi1,0.06625325136075699,0.12699454548228117
2000,96,corrected,psi0,1.0872962376987167,0.15157964042405353
2000,96,corrected,psi1,0.6233112882433036,0.15308771408133612
2000,97,naive,psi0,-0.40470591024290803,0.130153089948544
2000,97,naive,psi1,-0.022475371262565536,0.13429281790462624
2000,97,corrected,psi0,0.8640402075653003,0.15215387566941624
2000,97,corrected,psi1,0.477412041572693,0.15845606110380314
2000,98,naive,psi0,-0.2728414629146675,0.12348447511050402
2000,98,naive,psi1,0.05919043629600991,0.12728791204073542
2000,98,corrected,psi0,0.9843663883482112,0.14520459859041432
2000,98,corrected,psi1,0.6382160008031746,0.15258221762706534
2000,99,naive,psi0,-0.5072386511699284,0.1291601721590783
2000,99,naive,psi1,0.02732382135017467,0.13721737867065786
2000,99,corrected,psi0,0.7750884589907008,0.1508727375184725
2000,99,corrected,psi1,0.5236176476104393,0.16125953746576954
2000,100,naive,psi0,-0.18302682104517512,0.12479917153801276
2000,100,naive,psi1,-0.20440756642183755,0.12662912009078317
2000,100,corrected,psi0,1.1125035272521506,0.1462153352055508
2000,100,corrected,psi1,0.23756464731795576,0.14779378411835173
2000,101,naive,psi0,-0.2154479971374547,0.13000108983447117
2000,101,naive,psi1,0.14544333389938296,0.13622957359084542
2000,101,corrected,psi0,1.1290976949153129,0.1512657739304708
2000,101,corrected,psi1,0.6463316055354403,0.15721342448642517
2000,102,naive,psi0,-0.1153986713070179,0.12729122327818815
2000,102,naive,psi1,-0.03590553706445436,0.1290456702381074
2000,102,corrected,psi0,1.2063541807882974,0.14678878265609127
2000,102,corrected,psi1,0.44247982018359855,0.14961164062833743
2000,103,naive,psi0,-0.25681418894572605,0.1271653215933004
2000,103,naive,psi1,-0.1668672841521298,0.13522065995001425
2000,103,corrected,psi0,1.0071253730456948,0.1481024666946852
2000,103,corrected,psi1,0.30249234769932803,0.15795339816389647
2000,104,naive,psi0,-0.3210224473469602,0.12183723160211427
2000,104,naive,psi1,-0.0033286535449820716,0.12351169694546643
2000,104,corrected,psi0,0.9351924602100433,0.1417917088510745
2000,104,corrected,psi1,0.5088656230179768,0.14358920728407384
2000,105,naive,psi0,-0.01906707020323055,0.13075515544073074
2000,105,naive,psi1,-0.15673141496517679,0.13436143824228122
2000,105,corrected,psi0,1.2837143902770989,0.15180658396194496
2000,105,corrected,psi1,0.28110446939306993,0.15490709693459956
2000,106,naive,psi0,-0.23962937523440422,0.1269913226393182
2000,106,naive,psi1,0.07344950506599873,0.1289729025017307
2000,106,corrected,psi0,1.0134807066743772,0.1474917074644219
2000,106,corrected,psi1,0.5496346734317314,0.1479241269240603
2000,107,naive,psi0,-0.2057876111995889,0.1234628380242665
2000,107,naive,psi1,0.11492457815354984,0.1264099956493809
2000,107,corrected,psi0,1.038896330487794,0.14603110232327052
2000,107,corrected,psi1,0.6586765931414313,0.15038407782082494
2000,108,naive,psi0,-0.32729959190045194,0.12990047246767905
2000,108,naive,psi1,0.007768331269165125,0.13724618136429975
2000,108,corrected,psi0,0.8983010682160193,0.15106272419713138
2000,108,corrected,psi1,0.48130849518558666,0.16173608196875733
2000,109,naive,psi0,-0.42619634266822504,0.12671314456599153
2000,109,naive,psi1,0.03562076953288521,0.12945508860740285
2000,109,corrected,psi0,0.821186114811284,0.14826994390624335
2000,109,corrected,psi1,0.5222154190875653,0.1525724013713272
2000,110,naive,psi0,-0.5417785713943731,0.1239982213515726
2000,110,naive,psi1,-0.19397245216690623,0.13534058660212886
2000,110,corrected,psi0,0.7729288184862733,0.14616806859091636
2000,110,corrected,psi1,0.29148523039848745,0.16073818148269045
2000,111,naive,psi0,-0.3352434045929515,0.12899577636690926
2000,111,naive,psi1,-0.21033523038846869,0.13643650088154546
2000,111,corrected,psi0,0.8693597575204629,0.1507612792047432
2000,111,corrected,psi1,0.24492894290363604,0.16054483530578206
2000,112,naive,psi0,-0.25718716016992416,0.12745407703893616
2000,112,naive,psi1,0.13730728861163136,0.13340186839995086
2000,112,corrected,psi0,0.9392880309389973,0.14923491914375087
2000,112,corrected,psi1,0.6019452838133045,0.15729856959381544
2000,113,naive,psi0,-0.35714465883570284,0.1250194268506454
2000,113,naive,psi1,-0.018215153361669532,0.1306693577299621
2000,113,corrected,psi0,0.8436903200024878,0.14579181105251637
2000,113,corrected,psi1,0.5193274401136881,0.15348807150452362
2000,114,naive,psi0,-0.29036688393092375,0.12770624318700707
2000,114,naive,psi1,-0.0815244134455261,0.13663013367260377
2000,114,corrected,psi0,0.9979837670680326,0.14829655000394035
2000,114,corrected,psi1,0.4148146740096068,0.15822744374360723
2000,115,naive,psi0,-0.3693503003905844,0.13073892543121715
2000,115,naive,psi1,0.15223730260348003,0.13895361886980864
2000,115,corrected,psi0,0.9329864516657157,0.1512928129233356
2000,115,corrected,psi1,0.6293010642078573,0.1609045914156348
2000,116,naive,psi0,-0.3199611167470447,0.12919894961677794
2000,116,naive,psi1,-0.023713356112236295,0.14228738399600763
2000,116,corrected,psi0,1.028283385814015,0.15058206508174585
2000,116,corrected,psi1,0.45492710853434015,0.16549696367088984
2000,117,naive,psi0,-0.42345721610364767,0.1275595123884032
2000,117,naive,psi1,0.4095578131496347,0.1364369039931455
2000,117,corrected,psi0,0.7567682921374529,0.1467699696920061
2000,117,corrected,psi1,0.9114089019679679,0.1574979195195992
2000,118,naive,psi0,-0.23850819611028853,0.12271576258855442
2000,118,naive,psi1,0.007101769173754627,0.12217818934549886
2000,118,corrected,psi0,1.0531930073507256,0.14275217540800308
2000,118,corrected,psi1,0.505610048724161,0.14053541960292415
2000,119,naive,psi0,-0.3225092158574995,0.12563972679065594
2000,119,naive,psi1,0.0866243636261291,0.13095304051118248
2000,119,corrected,psi0,0.9748721187762561,0.14708301523406314
2000,119,corrected,psi1,0.6105575452739187,0.1547892280533687
2000,120,naive,psi0,-0.2688134135232535,0.12799406997118376
2000,120,naive,psi1,0.0133129231206266,0.14506646940644818
2000,120,corrected,psi0,1.0417425437610937,0.14899748265988585
2000,120,corrected,psi1,0.5769740342204643,0.17129317869534066
2000,121,naive,psi0,-0.3524190649472992,0.12998144943923
2000,121,naive,psi1,0.16901973713792637,0.14172832574826924
2000,121,corrected,psi0,0.8867165958377758,0.1511624857110704
2000,121,corrected,psi1,0.692222688815559,0.16391025903922207
2000,122,naive,psi0,-0.1691707032016329,0.12572134011566455
2000,122,naive,psi1,0.060474654123123646,0.1266038182130447
2000,122,corrected,psi0,1.1222133863208548,0.14538215236242694
2000,122,corrected,psi1,0.5555206783545308,0.14875726496127403
2000,123,naive,psi0,-0.2509501885263678,0.1268977246504074
2000,123,naive,psi1,-0.07782467656076977,0.14129471643717728
2000,123,corrected,psi0,1.0423023804267892,0.1484054345720737
2000,123,corrected,psi1,0.39781565568440597,0.16383322977495726
2000,124,naive,psi0,-0.19004457683685955,0.1296607259915588
2000,124,naive,psi1,-0.15447842967585973,0.12929134327534017
2000,124,corrected,psi0,1.1130134456678864,0.15151184846782234
2000,124,corrected,psi1,0.31282084044883357,0.15192965052079152
2000,125,naive,psi0,-0.1650178008884077,0.1269394423433172
2000,125,naive,psi1,0.09865471847030148,0.13972367979650366
2000,125,corrected,psi0,1.1448797952835263,0.14722334850343477
2000,125,corrected,psi1,0.5685373137872927,0.16030325045782198
2000,126,naive,psi0,-0.20008792592102134,0.13188609171868312
2000,126,naive,psi1,-0.05198736822493269,0.13994496136390636
2000,126,corrected,psi0,1.1144568678517408,0.15504981378545293
2000,126,corrected,psi1,0.4662594618542805,0.16453760464740358
2000,127,naive,psi0,-0.17835568668536791,0.12657516609123193
2000,127,naive,psi1,0.038950855296754364,0.13883532126072745
2000,127,corrected,psi0,1.1568882036463297,0.14759702802991356
2000,127,corrected,psi1,0.474129766154458,0.15987021975756666
2000,128,naive,psi0,-0.11215223776419708,0.12546976036037905
2000,128,naive,psi1,0.08492705494189288,0.13444427643763973
2000,128,corrected,psi0,1.1772067481628747,0.1463942037676062
2000,128,corrected,psi1,0.603444548336694,0.15462159021824082
2000,129,naive,psi0,-0.1723250828510956,0.12674608907435658
2000,129,naive,psi1,0.1876633321032661,0.137030734774938
2000,129,corrected,psi0,1.2105588605007527,0.14723583049128183
2000,129,corrected,psi1,0.6992859003892785,0.157283433569089
2000,130,naive,psi0,-0.2051021516413847,0.12499508038474814
2000,130,naive,psi1,-0.15192566024698037,0.13086245919953748
2000,130,corrected,psi0,1.0407595014758895,0.14312011597525914
2000,130,corrected,psi1,0.37759277102422056,0.14794308128826233
2000,131,naive,psi0,-0.2234904810151757,0.12475142603814945
2000,131,naive,psi1,0.14557261985612155,0.11917863821142068
2000,131,corrected,psi0,1.059453329077409,0.14618615113507588
2000,131,corrected,psi1,0.6569773812749892,0.1391683312527725
2000,132,naive,psi0,-0.21432592685459828,0.12827609445182728
2000,132,naive,psi1,-0.04403548597952645,0.13750531307953887
2000,132,corrected,psi0,0.9877591782365637,0.15009570265137623
2000,132,corrected,psi1,0.45407042843905837,0.1619299695572983
2000,133,naive,psi0,-0.3552052702346052,0.12840006664030634
2000,133,naive,psi1,-0.23653701985316167,0.14496355164145333
2000,133,corrected,psi0,0.8810264484816837,0.14925321459473626
2000,133,corrected,psi1,0.22832507749658745,0.16803636256680388
2000,134,naive,psi0,-0.16022175930296575,0.12440924161252624
2000,134,naive,psi1,-0.03936317244733514,0.12455672731792593
2000,134,corrected,psi0,1.0891116872355349,0.14381120054105373
2000,134,corrected,psi1,0.44300891157502287,0.14326806918883866
2000,135,naive,psi0,-0.26994110477403777,0.1271983612844387
2000,135,naive,psi1,0.07099946655596814,0.13093189742123845
2000,135,corrected,psi0,0.9991925329345194,0.14878909255960743
2000,135,corrected,psi1,0.5557301674530051,0.15428734274950145
2000,136,naive,psi0,-0.4086407465852732,0.12610804494456526
2000,136,naive,psi1,0.08293533445727969,0.12519873349021463
2000,136,corrected,psi0,0.8840986479674023,0.14680812009257574
2000,136,corrected,psi1,0.5656542425624395,0.14834829856748102
2000,137,naive,psi0,-0.20359465680614697,0.12771208520905436
2000,137,naive,psi1,-0.051348537407490416,0.13011483239020316
2000,137,corrected,psi0,1.093265456256638,0.14858104729174132
2000,137,corrected,psi1,0.48806388087177227,0.15195121970548736
2000,138,naive,psi0,-0.4240063900225461,0.12566316548197706
2000,138,naive,psi1,0.009674698294031725,0.1347042850060896
2000,138,corrected,psi0,0.818920686177781,0.14611045352723268
2000,138,corrected,psi1,0.5116865706504742,0.15638857767381062
2000,139,naive,psi0,-0.08893395475938067,0.1269269974817982
2000,139,naive,psi1,-0.03178028470026325,0.13407226058413926
2000,139,corrected,psi0,1.2198566728010865,0.14720732283893562
2000,139,corrected,psi1,0.4555929440536081,0.1562413505234034
2000,140,naive,psi0,-0.4634256198344848,0.12630461294342119
2000,140,naive,psi1,0.024869946168559753,0.13593950676264985
2000,140,corrected,psi0,0.739849778116741,0.1474431035172772
2000,140,corrected,psi1,0.5388434943772901,0.15766581321018022
2000,141,naive,psi0,-0.19324696491208157,0.12753154820060753
2000,141,naive,psi1,0.030625429539835734,0.13616773613748837
2000,141,corrected,psi0,1.1119481558676294,0.14796511234731527
2000,141,corrected,psi1,0.48834004378539697,0.15948136646722572
2000,142,naive,psi0,-0.11305494172680526,0.12742525259924486
2000,142,naive,psi1,-0.11645148282670631,0.13813526673760726
2000,142,corrected,psi0,1.1933363317273624,0.15027468846739225
2000,142,corrected,psi1,0.353193467310456,0.1672724817661271
2000,143,naive,psi0,-0.37710380312353886,0.1263398950951143
2000,143,naive,psi1,-0.042657329443894304,0.13677648666995182
2000,143,corrected,psi0,0.9179739524463615,0.14839787055458295
2000,143,corrected,psi1,0.4642571994151163,0.16319917574648868
2000,144,naive,psi0,-0.34579781247649427,0.12923186891389568
2000,144,naive,psi1,0.10307928615924417,0.14940440545248815
2000,144,corrected,psi0,0.9097767449684866,0.15038301263224613
2000,144,corrected,psi1,0.756935214768099,0.18431074517910134
2000,145,naive,psi0,-0.37836616714945365,0.13035276648985006
2000,145,naive,psi1,-0.05372725221297946,0.13541448123438557
2000,145,corrected,psi0,0.8741969428972893,0.15190167598000703
2000,145,corrected,psi1,0.4542581374377215,0.15593642825183934
2000,146,naive,psi0,-0.14816777836097153,0.12596817083908807
2000,146,naive,psi1,0.109930333012382,0.12788922845236672
2000,146,corrected,psi0,1.1879698439173432,0.14719230070797035
2000,146,corrected,psi1,0.623162769255231,0.14918863499790816
2000,147,naive,psi0,-0.39093464358241,0.1277487872893281
2000,147,naive,psi1,-0.03932933069496876,0.14166258456472353
2000,147,corrected,psi0,0.8159869023696694,0.14941651685403687
2000,147,corrected,psi1,0.41782702631186536,0.163293161815668
2000,148,naive,psi0,-0.18327331181189394,0.12938445642276858
2000,148,naive,psi1,0.07839830123470919,0.1370686842419794
2000,148,corrected,psi0,1.1256609250318634,0.15100984988274116
2000,148,corrected,psi1,0.5699246763021446,0.16139647366677082
2000,149,naive,psi0,-0.4820107130586081,0.12831762319201787
2000,149,naive,psi1,-0.11740985061208789,0.139358519885723
2000,149,corrected,psi0,0.7546436671346664,0.14973635291956383
2000,149,corrected,psi1,0.36193938315919144,0.16665296172658436
2000,150,naive,psi0,-0.1376705558764855,0.12785989063547343
2000,150,naive,psi1,0.2302891494019135,0.14725309254029395
2000,150,corrected,psi0,1.1423826850392986,0.14974149137284162
2000,150,corrected,psi1,0.7736685516718443,0.17175284164288904
2000,151,naive,psi0,-0.33988629025344896,0.12624162809383296
2000,151,naive,psi1,0.2553148686083394,0.12763486502252444
2000,151,corrected,psi0,0.9351289206437688,0.14728756156893422
2000,151,corrected,psi1,0.8434485391998826,0.1475443727505815
2000,152,naive,psi0,-0.28818521445791506,0.1284065803281969
2000,152,naive,psi1,-0.007397538856688916,0.15227170595682046
2000,152,corrected,psi0,0.9218737003992235,0.1494281290846291
2000,152,corrected,psi1,0.47269433728741533,0.17554505000691387
2000,153,naive,psi0,-0.3836457844148698,0.12730007119606143
2000,153,naive,psi1,-0.1625220598861926,0.13113644549135794
2000,153,corrected,psi0,0.862527817501009,0.1474093807780296
2000,153,corrected,psi1,0.3553307636372196,0.15176092937642202
2000,154,naive,psi0,-0.4071123143251758,0.12710625934879616
2000,154,naive,psi1,0.41306527014354893,0.13602745018468904
2000,154,corrected,psi0,0.8758523559092657,0.1474366266964958
2000,154,corrected,psi1,0.9431951794248732,0.1581877058773521
2000,155,naive,psi0,-0.34317868693020204,0.12693655855923572
2000,155,naive,psi1,-0.014825478095169839,0.14060077133780177
2000,155,corrected,psi0,0.9247488471463423,0.1468661598130811
2000,155,corrected,psi1,0.45208304467350535,0.1647865252243252
2000,156,naive,psi0,-0.20862104011784485,0.12585898324371625
2000,156,naive,psi1,-0.14786309753645527,0.13146984183504604
2000,156,corrected,psi0,1.0587006392900284,0.1470993777454839
2000,156,corrected,psi1,0.3577082787371341,0.15411819257623574
2000,157,naive,psi0,-0.15260747295008614,0.12620891811434254
2000,157,naive,psi1,-0.14183771934725173,0.13492324653929696
2000,157,corrected,psi0,1.1549447209214612,0.14665445277050285
2000,157,corrected,psi1,0.3322738002007024,0.15964945663223354
2000,158,naive,psi0,-0.5436001428411366,0.12906411092084813
2000,158,naive,psi1,-0.08404012169703505,0.14041568279137412
2000,158,corrected,psi0,0.6811775683086003,0.14988045802579222
2000,158,corrected,psi1,0.3779305695345118,0.16335470191010878
2000,159,naive,psi0,-0.3114569369262294,0.1281966356864051
2000,159,naive,psi1,0.04062403956488525,0.14083963242458913
2000,159,corrected,psi0,0.9258217802736396,0.1500717916758482
2000,159,corrected,psi1,0.5372766614457526,0.16151757563719113
2000,160,naive,psi0,-0.5624784242960839,0.12665258697103898
2000,160,naive,psi1,-0.044809539399363496,0.13919379491981612
2000,160,corrected,psi0,0.6729630150402762,0.1470540043306888
2000,160,corrected,psi1,0.38229270497208584,0.1606331753059994
2000,161,naive,psi0,-0.26956850183277803,0.12612463362589413
2000,161,naive,psi1,0.015202497810970802,0.13495060609679152
2000,161,corrected,psi0,1.0436418861842054,0.14521815913013603
2000,161,corrected,psi1,0.4239753584166414,0.15306934673832936
2000,162,naive,psi0,-0.008004563828130324,0.12684056637530905
2000,162,naive,psi1,0.11081189439671454,0.13182633765543234
2000,162,corrected,psi0,1.325437526489378,0.14673574371530113
2000,162,corrected,psi1,0.6816944419125082,0.1508560181055326
2000,163,naive,psi0,-0.2851806178582701,0.12661677426343382
2000,163,naive,psi1,-0.019379499362618444,0.13431988597457095
2000,163,corrected,psi0,0.9605638669486241,0.14642729944110155
2000,163,corrected,psi1,0.5035869505692081,0.15603865562770913
2000,164,naive,psi0,-0.2076725191122943,0.12978390363521713
2000,164,naive,psi1,-0.3888177561462729,0.1255750388108524
2000,164,corrected,psi0,1.0563763924370608,0.15052568697566093
2000,164,corrected,psi1,0.048494159551094325,0.1439435455361758
2000,165,naive,psi0,-0.4572703454128771,0.1283738212315169
2000,165,naive,psi1,-0.008157886981142962,0.13713945995755208
2000,165,corrected,psi0,0.8188766627532886,0.14924796521090244
2000,165,corrected,psi1,0.5186564075383141,0.15747223268052096
2000,166,naive,psi0,-0.0219002938458832,0.12767746734479832
2000,166,naive,psi1,0.11334692193772264,0.13719065572910277
2000,166,corrected,psi0,1.2621382856122376,0.14865689494129936
2000,166,corrected,psi1,0.633450171072128,0.1614849433083258
2000,167,naive,psi0,-0.35401071244367455,0.12827303791928596
2000,167,naive,psi1,0.14640668267145462,0.11945415532231488
2000,167,corrected,psi0,0.8347186329856867,0.14927482993465246
2000,167,corrected,psi1,0.6574307376174361,0.1416389514621829
2000,168,naive,psi0,-0.3514873213696831,0.1294869164707155
2000,168,naive,psi1,0.13624319612990773,0.13638634366406327
2000,168,corrected,psi0,0.922842536119097,0.15067436957082306
2000,168,corrected,psi1,0.5551755915540438,0.1579126613844999
2000,169,naive,psi0,-0.2880379757127821,0.13026047612283292
2000,169,naive,psi1,-0.0981733492915924,0.14604604350749187
2000,169,corrected,psi0,0.9741775989580949,0.1506537986786002
2000,169,corrected,psi1,0.3783315893364683,0.1673856513581578
2000,170,naive,psi0,-0.36120086010420804,0.12791908457999807
2000,170,naive,psi1,0.21309971965059998,0.12787281225795982
2000,170,corrected,psi0,0.8730057167556888,0.1491422792184261
2000,170,corrected,psi1,0.7376367113627368,0.14902409688916146
2000,171,naive,psi0,-0.3852721484768045,0.12686453290616265
2000,171,naive,psi1,0.15170477109190642,0.1326030668777693
2000,171,corrected,psi0,0.9126273371647251,0.1466975484079088
2000,171,corrected,psi1,0.6437832912122406,0.1558865121923389
2000,172,naive,psi0,-0.3323586413651601,0.12622217625751503
2000,172,naive,psi1,-0.02160437078226426,0.14231193839799736
2000,172,corrected,psi0,0.9101278122083418,0.14749410883843397
2000,172,corrected,psi1,0.5065292482933357,0.1646250750140815
2000,173,naive,psi0,-0.0707135710296005,0.13139932690893757
2000,173,naive,psi1,0.07546484802355134,0.14235711753108987
2000,173,corrected,psi0,1.2745148182198727,0.15424402692036168
2000,173,corrected,psi1,0.562777908295241,0.17055995760930512
2000,174,naive,psi0,-0.2688319156827871,0.12667810412521832
2000,174,naive,psi1,-0.0695576514040902,0.13681962359892735
2000,174,corrected,psi0,1.0211774402809923,0.14750116855926074
2000,174,corrected,psi1,0.3681588259746962,0.15801110201747554
2000,175,naive,psi0,-0.24019071964587746,0.12388032444422054
2000,175,naive,psi1,-0.16881005235460547,0.13088595527473487
2000,175,corrected,psi0,1.0369300092818063,0.14500333462820597
2000,175,corrected,psi1,0.32882589019179564,0.1539257742542893
2000,176,naive,psi0,-0.40113872634717535,0.1285145274685188
2000,176,naive,psi1,0.004348284722519943,0.12939398269426616
2000,176,corrected,psi0,0.8981067338509485,0.14950664684299245
2000,176,corrected,psi1,0.4662884950049307,0.15246417381276886
2000,177,naive,psi0,-0.23232884455757855,0.1280279806114419
2000,177,naive,psi1,0.03169332135704984,0.13383782666566546
2000,177,corrected,psi0,1.0653306379992047,0.14925242640884598
2000,177,corrected,psi1,0.5357557817560573,0.15875756129271212
2000,178,naive,psi0,-0.033882386976647916,0.12798098711436115
2000,178,naive,psi1,0.021105051662404426,0.13373029441467738
2000,178,corrected,psi0,1.2392604844241384,0.1484015426184428
2000,178,corrected,psi1,0.5610921266688191,0.1540790491705152
2000,179,naive,psi0,-0.13757059145746126,0.12359962203020086
2000,179,naive,psi1,-0.0918244962787953,0.13385198160081618
2000,179,corrected,psi0,1.1562725184725504,0.14402759355460565
2000,179,corrected,psi1,0.40843441003621345,0.15087672909245686
2000,180,naive,psi0,-0.376182234240974,0.12799331448202184
2000,180,naive,psi1,-0.19502509974088464,0.1295394599336029
2000,180,corrected,psi0,0.8102457758501979,0.14910835125410815
2000,180,corrected,psi1,0.2550326591438149,0.152506441175409
2000,181,naive,psi0,-0.5375523442946474,0.12619255915760483
2000,181,naive,psi1,0.23156041789145465,0.14288288562304174
2000,181,corrected,psi0,0.6578718571238965,0.14611042495880436
2000,181,corrected,psi1,0.7255993283537191,0.16517675466051415
2000,182,naive,psi0,-0.22638624674877197,0.12988134480954147
2000,182,naive,psi1,-0.14641280808784365,0.13338292800634485
2000,182,corrected,psi0,1.011517911861113,0.1520434490394806
2000,182,corrected,psi1,0.3430260846714774,0.157343472880551
2000,183,naive,psi0,-0.4140123589339172,0.1268651752328554
2000,183,naive,psi1,0.014496480387820717,0.12551856634474623
2000,183,corrected,psi0,0.8193278107902501,0.14737654416949056
2000,183,corrected,psi1,0.5660075174056117,0.14756258348108336
2000,184,naive,psi0,-0.46754452306515565,0.12897049859938095
2000,184,naive,psi1,-0.02341052226819362,0.14626846348711403
2000,184,corrected,psi0,0.7535235055587872,0.15224359024499598
2000,184,corrected,psi1,0.47991183630511175,0.172333806705929
2000,185,naive,psi0,-0.4671960840392248,0.13061379340825513
2000,185,naive,psi1,0.10968844229436289,0.13795806317417614
2000,185,corrected,psi0,0.7563359796700647,0.15238546354088223
2000,185,corrected,psi1,0.6591655596615389,0.161379358528651
2000,186,naive,psi0,0.010273962153861588,0.13263582557785836
2000,186,naive,psi1,-0.2611149242330002,0.15097685627982188
2000,186,corrected,psi0,1.3051819338206228,0.15325776525703305
2000,186,corrected,psi1,0.19685393133533083,0.175804408764661
2000,187,naive,psi0,-0.38169644280655973,0.1297619712106135
2000,187,naive,psi1,0.126761080327578,0.14044919353184
2000,187,corrected,psi0,0.8606057957558012,0.1507393253638395
2000,187,corrected,psi1,0.5832782089645376,0.16177401804199698
2000,188,naive,psi0,-0.10825271263324891,0.1330816824933101
2000,188,naive,psi1,0.18634785048864394,0.1416335103059693
2000,188,corrected,psi0,1.1937808397489256,0.1544718749092766
2000,188,corrected,psi1,0.7322876775246805,0.16578708161033062
2000,189,naive,psi0,-0.2560562239311565,0.1294822644629054
2000,189,naive,psi1,-0.18033481028541565,0.13253543529848807
2000,189,corrected,psi0,1.0297329729646425,0.14983163206545655
2000,189,corrected,psi1,0.3298027244999624,0.15248901293766948
2000,190,naive,psi0,-0.4573275921145143,0.12523109819585881
2000,190,naive,psi1,-0.16362292495512804,0.12799203263827993
2000,190,corrected,psi0,0.8190287127324666,0.1479829841466608
2000,190,corrected,psi1,0.39024980013357846,0.1563577867104184
2000,191,naive,psi0,-0.10206629727780475,0.1259404474039668
2000,191,naive,psi1,0.08591916803278232,0.13041435593939116
2000,191,corrected,psi0,1.2305475896215061,0.14646847822605283
2000,191,corrected,psi1,0.6408597774570048,0.15246852606087097
2000,192,naive,psi0,-0.2561057177479053,0.12607444701560871
2000,192,naive,psi1,-0.27301398451606557,0.12279663778053027
2000,192,corrected,psi0,1.0742142224821898,0.14813085111276278
2000,192,corrected,psi1,0.16625401275488047,0.1449417723429171
2000,193,naive,psi0,-0.02602992728909199,0.12990509432935096
2000,193,naive,psi1,0.0036510799528024027,0.14027337500598075
2000,193,corrected,psi0,1.2687526230037578,0.1508254834114308
2000,193,corrected,psi1,0.5274811790681431,0.16426573470506778
2000,194,naive,psi0,-0.1390626625738658,0.13244369186724225
2000,194,naive,psi1,0.06742723336870643,0.1572923619959845
2000,194,corrected,psi0,1.1260063391126964,0.15482654222455028
2000,194,corrected,psi1,0.5988192763103686,0.18033822159157947
2000,195,naive,psi0,-0.21113002938639636,0.12585956515765034
2000,195,naive,psi1,0.006702376567318055,0.12952593105717553
2000,195,corrected,psi0,1.0648654031107925,0.14672494110840853
2000,195,corrected,psi1,0.5534932179923602,0.15090525639337932
2000,196,naive,psi0,-0.2500912460261952,0.13158815635716506
2000,196,naive,psi1,-0.004793732606665539,0.1391502617573615
2000,196,corrected,psi0,1.0158379639498663,0.15325271761519121
2000,196,corrected,psi1,0.4596245245946277,0.1592031660490929
2000,197,naive,psi0,-0.26741770568224127,0.1275106967610108
2000,197,naive,psi1,-0.22394916181502686,0.1236364279012638
2000,197,corrected,psi0,0.9662675087076484,0.14855387312272417
2000,197,corrected,psi1,0.2835618701165694,0.14442199634013145
2000,198,naive,psi0,-0.179981907355029,0.12766317939339628
2000,198,naive,psi1,-0.14549678432066224,0.13217706361673967
2000,198,corrected,psi0,1.1263103126826537,0.15041820495727692
2000,198,corrected,psi1,0.3622086984564737,0.15448328534465244
2000,199,naive,psi0,-0.323948349779263,0.12801931238525088
2000,199,naive,psi1,0.04956873096163814,0.13669694668411606
2000,199,corrected,psi0,0.9585194857355879,0.14849352089959225
2000,199,corrected,psi1,0.6102064428458605,0.15873077393684612
2000,200,naive,psi0,-0.24056682198226684,0.1307093915913664
2000,200,naive,psi1,0.1305639971885392,0.13943599244707264
2000,200,corrected,psi0,1.0898057103651904,0.15060284640318924
2000,200,corrected,psi1,0.6344483082845798,0.15907254732047924
2000,201,naive,psi0,-0.14898521939131232,0.12366916688637387
2000,201,naive,psi1,0.006878169864966258,0.1270600327548122
2000,201,corrected,psi0,1.1462513660289717,0.14506352143588447
2000,201,corrected,psi1,0.4531879744743638,0.14987389195821915
2000,202,naive,psi0,-0.3536214907132598,0.12918086457325295
2000,202,naive,psi1,-0.06326349334790096,0.13318666982362776
2000,202,corrected,psi0,0.9015501395601745,0.150746928958189
2000,202,corrected,psi1,0.41848727647941814,0.15675120833634262
2000,203,naive,psi0,-0.4834234148502824,0.12744418099557983
2000,203,naive,psi1,-0.05309497606090845,0.14620010526946572
2000,203,corrected,psi0,0.7475954019399472,0.14834883266326945
2000,203,corrected,psi1,0.44510076717748936,0.16476064169172197
2000,204,naive,psi0,-0.18332118832605676,0.1295878207329854
2000,204,naive,psi1,0.03699459324577942,0.13403979826159662
2000,204,corrected,psi0,1.1029009972956523,0.14903061885399674
2000,204,corrected,psi1,0.5339785185999719,0.15566230396855166
2000,205,naive,psi0,-0.2178987462045591,0.12597682951323327
2000,205,naive,psi1,0.003138474168486447,0.1256173919943739
2000,205,corrected,psi0,1.050973210023664,0.14739146419480478
2000,205,corrected,psi1,0.4961784259201569,0.14812803813981412
2000,206,naive,psi0,-0.277462026902983,0.1252809937821873
2000,206,naive,psi1,0.18107214840824046,0.13918518126668447
2000,206,corrected,psi0,0.9919907113873101,0.14529406914302048
2000,206,corrected,psi1,0.7068193764592283,0.1602752794305078
2000,207,naive,psi0,-0.08258038781492848,0.12587384796134368
2000,207,naive,psi1,0.3178892895161975,0.13559333170319948
2000,207,corrected,psi0,1.2939496800911396,0.1458486689271183
2000,207,corrected,psi1,0.8538266412112259,0.15679012160927383
2000,208,naive,psi0,-0.30491122058720177,0.1278283659209107
2000,208,naive,psi1,0.16290214556780402,0.1370234901666673
2000,208,corrected,psi0,0.9692044584563468,0.1496315265714933
2000,208,corrected,psi1,0.6837567342746924,0.1616912970408182
2000,209,naive,psi0,-0.0939128113661193,0.128090790083706
2000,209,naive,psi1,-0.19745806084473763,0.13132789049785534
2000,209,corrected,psi0,1.1430934232958772,0.15058196958489706
2000,209,corrected,psi1,0.2888132399610923,0.1522603220892251
2000,210,naive,psi0,-0.3010796744273853,0.12589681028073685
2000,210,naive,psi1,-0.006119705484156551,0.1273102587933655
2000,210,corrected,psi0,0.9766002011482586,0.14623625374776617
2000,210,corrected,psi1,0.48600942557212634,0.14871706112868557
2000,211,naive,psi0,-0.01953237871266907,0.13244127633348843
2000,211,naive,psi1,-0.1277292087154914,0.142779596841694
2000,211,corrected,psi0,1.3254962659448066,0.15501537079596658
2000,211,corrected,psi1,0.30921363376018063,0.164046140652995
2000,212,naive,psi0,-0.37514342735187994,0.1266862836804985
2000,212,naive,psi1,-0.2011906909674284,0.1291285672240851
2000,212,corrected,psi0,0.9033917420793519,0.14673168536261064
2000,212,corrected,psi1,0.2538334446117365,0.149247856001884
2000,213,naive,psi0,-0.2788937813529015,0.12936835136750155
2000,213,naive,psi1,0.09989299975229314,0.12989700962442366
2000,213,corrected,psi0,0.958933431546216,0.14996451952595247
2000,213,corrected,psi1,0.6216239334280693,0.14850571124998263
2000,214,naive,psi0,-0.25269034709619925,0.12767084700904952
2000,214,naive,psi1,0.20774102648533913,0.13374269411370432
2000,214,corrected,psi0,0.9879609539672433,0.14767167051017768
2000,214,corrected,psi1,0.7430726901909173,0.15187021199099857
2000,215,naive,psi0,-0.4003739570761864,0.12851209827197838
2000,215,naive,psi1,-0.20876178492008424,0.13364635631961735
2000,215,corrected,psi0,0.8665727318230878,0.14925078746286538
2000,215,corrected,psi1,0.24709854398416775,0.15537264648602275
2000,216,naive,psi0,-0.07608534665269659,0.1273261093193851
2000,216,naive,psi1,-0.016058134151681284,0.1301660290089839
2000,216,corrected,psi0,1.1788981719886624,0.14787170217315845
2000,216,corrected,psi1,0.4828225779268786,0.14990491310005358
2000,217,naive,psi0,-0.19662540404802237,0.1255424582269699
2000,217,naive,psi1,0.07149385681962163,0.13442314400839467
2000,217,corrected,psi0,1.1169646126357433,0.14623522357565372
2000,217,corrected,psi1,0.5853919722277676,0.15699935456266897
2000,218,naive,psi0,-0.27675097855511493,0.1269827811666207
2000,218,naive,psi1,0.13572528320706662,0.14732399768210805
2000,218,corrected,psi0,0.9578173782728521,0.14958877276642726
2000,218,corrected,psi1,0.6421943131186671,0.17380335276490494
2000,219,naive,psi0,-0.38775804077018944,0.12775133962220528
2000,219,naive,psi1,0.09062890562130649,0.12790576048083296
2000,219,corrected,psi0,0.9120052121706066,0.1479450433182579
2000,219,corrected,psi1,0.5836145105780761,0.14551700049519714
2000,220,naive,psi0,-0.4655886534514298,0.12526851449328702
2000,220,naive,psi1,0.253086929665948,0.14165031027201275
2000,220,corrected,psi0,0.7668615507713658,0.1466845838943766
2000,220,corrected,psi1,0.8265353882838531,0.16664943658831918
2000,221,naive,psi0,-0.35798706082434284,0.12520634992230528
2000,221,naive,psi1,0.06111264257682704,0.13015109886665427
2000,221,corrected,psi0,0.8779259112011133,0.14482777594582436
2000,221,corrected,psi1,0.5891162961412315,0.15094609755242913
2000,222,naive,psi0,-0.2449353272490521,0.13053690565265771
2000,222,naive,psi1,0.19905656272328018,0.14048729632517223
2000,222,corrected,psi0,1.0822511478305947,0.15110133714746168
2000,222,corrected,psi1,0.6672719209941108,0.1612834909362531
2000,223,naive,psi0,-0.15823773446568778,0.1307723357901473
2000,223,naive,psi1,-0.07908622948536016,0.13824222604761055
2000,223,corrected,psi0,1.1391180302561452,0.15037907480107646
2000,223,corrected,psi1,0.34793530256225674,0.15892393159926263
2000,224,naive,psi0,-0.36546115690203024,0.12186778824966524
2000,224,naive,psi1,0.3476912151987456,0.1331622903799276
2000,224,corrected,psi0,0.9481735231449329,0.14338062560856166
2000,224,corrected,psi1,0.8396858119490885,0.15874463895986823
2000,225,naive,psi0,-0.2489195548702559,0.12708469752705648
2000,225,naive,psi1,-0.12279162438214013,0.132749609269261
2000,225,corrected,psi0,1.0698797635851718,0.14795924408107194
2000,225,corrected,psi1,0.3023254635296379,0.15544634787875863
2000,226,naive,psi0,-0.3286660548850497,0.12920109424121334
2000,226,naive,psi1,0.014106063111368418,0.1405447911297993
2000,226,corrected,psi0,0.908569630821577,0.15091725224049404
2000,226,corrected,psi1,0.5596906838535175,0.1643422015667484
2000,227,naive,psi0,-0.36233439768536846,0.12866694722220368
2000,227,naive,psi1,0.0541836217037861,0.132157086347013
2000,227,corrected,psi0,0.9063872617183669,0.15029184841426177
2000,227,corrected,psi1,0.501964622461565,0.15429806966475923
2000,228,naive,psi0,-0.3389281649242964,0.13049857100654996
2000,228,naive,psi1,0.05154764186976806,0.13379507424073547
2000,228,corrected,psi0,0.9148656096001443,0.15227991719106296
2000,228,corrected,psi1,0.5875492214264857,0.15621976367765547
2000,229,naive,psi0,-0.3380104237249141,0.12413468320679398
2000,229,naive,psi1,0.29470061857629526,0.11664984210964056
2000,229,corrected,psi0,0.9045344774992872,0.14446284674370485
2000,229,corrected,psi1,0.8189204838960535,0.13714592298037231
2000,230,naive,psi0,-0.18493594697378174,0.12833810218990047
2000,230,naive,psi1,-0.016021174626887034,0.13335249950245398
2000,230,corrected,psi0,1.0891054899104748,0.15005268490375004
2000,230,corrected,psi1,0.47826679052819165,0.1573596769783383
2000,231,naive,psi0,-0.2727166370233961,0.12705097258968154
2000,231,naive,psi1,-0.22174611801586033,0.14249922005722104
2000,231,corrected,psi0,1.0025822125833421,0.14781226278032888
2000,231,corrected,psi1,0.249437365238584,0.1699090007248099
2000,232,naive,psi0,-0.2682554398416235,0.1283843730873935
2000,232,naive,psi1,-0.19194642156812736,0.13084287748426904
2000,232,corrected,psi0,0.9873965375100491,0.14804367188366144
2000,232,corrected,psi1,0.3134661228685385,0.15150795251330343
2000,233,naive,psi0,-0.2175594178528395,0.12615570449764935
2000,233,naive,psi1,-0.017878081273800903,0.12830941172907506
2000,233,corrected,psi0,1.0100468070258537,0.14608797740772805
2000,233,corrected,psi1,0.5388603473274931,0.1485940861593564
2000,234,naive,psi0,-0.15551734581768673,0.12725277402255125
2000,234,naive,psi1,-0.15401248355513084,0.1371119367847378
2000,234,corrected,psi0,1.1805526808636926,0.1485505632511595
2000,234,corrected,psi1,0.348596376487846,0.163587071848573
2000,235,naive,psi0,-0.3641773936412466,0.13194461812104277
2000,235,naive,psi1,-0.02155921412177246,0.13871686962219204
2000,235,corrected,psi0,0.8514828922426209,0.15410190666703746
2000,235,corrected,psi1,0.44970896756154916,0.16140797911547825
2000,236,naive,psi0,-0.4200064007665566,0.12983869799871126
2000,236,naive,psi1,0.07970181084414542,0.1293606664653445
2000,236,corrected,psi0,0.8078861739488905,0.15176981936656392
2000,236,corrected,psi1,0.6127103643688983,0.15259871678973458
2000,237,naive,psi0,-0.13976293085960143,0.12400675216687887
2000,237,naive,psi1,0.19969904585506187,0.12536167022783054
2000,237,corrected,psi0,1.127019671148239,0.1435379968802487
2000,237,corrected,psi1,0.6884369768156063,0.1457252817681632
2000,238,naive,psi0,-0.285163858056851,0.1265591966788484
2000,238,naive,psi1,0.03491545099014352,0.13430709990759915
2000,238,corrected,psi0,1.059559643091662,0.14673359316645096
2000,238,corrected,psi1,0.4878184242513441,0.15610111310889016
2000,239,naive,psi0,-0.3099702948353807,0.12622913734172742
2000,239,naive,psi1,0.011164886758418483,0.13356756742774137
2000,239,corrected,psi0,0.9471955599035616,0.1466711529929966
2000,239,corrected,psi1,0.5006627805683206,0.1561932861025068
2000,240,naive,psi0,-0.14540845326284962,0.12724477648862714
2000,240,naive,psi1,-0.33315247518456104,0.1277403420781032
2000,240,corrected,psi0,1.1603195121563945,0.14928798152248132
2000,240,corrected,psi1,0.07282051502382263,0.15269584966398772
2000,241,naive,psi0,-0.11173585827135178,0.12452557895396837
2000,241,naive,psi1,-0.1431625732797339,0.13485036853728286
2000,241,corrected,psi0,1.1909469451821681,0.14642717335149505
2000,241,corrected,psi1,0.31947106255438057,0.1610879293790602
2000,242,naive,psi0,-0.031753829132291994,0.13013362634256753
2000,242,naive,psi1,0.1529341393997645,0.149822083813807
2000,242,corrected,psi0,1.285934066907711,0.1502848386686014
2000,242,corrected,psi1,0.6187014992721249,0.17034630809332724
2000,243,naive,psi0,-0.12502782131078696,0.13153425536258018
2000,243,naive,psi1,0.14654548116030403,0.1439668162742137
2000,243,corrected,psi0,1.1675276192294914,0.1524751985122968
2000,243,corrected,psi1,0.7107014493662182,0.16996714632357415
2000,244,naive,psi0,-0.10139412911742561,0.12641404532545117
2000,244,naive,psi1,-0.007880729814778682,0.13630676006148057
2000,244,corrected,psi0,1.179688720807019,0.14714422321057427
2000,244,corrected,psi1,0.5428636172762329,0.15863341507218343
2000,245,naive,psi0,-0.12915803402951234,0.13089260762708232
2000,245,naive,psi1,0.007215927731237253,0.15346643744630425
2000,245,corrected,psi0,1.2273255742638083,0.1515567810156346
2000,245,corrected,psi1,0.497732191034266,0.17650047501066302
2000,246,naive,psi0,-0.23908094690037096,0.12596271561884034
2000,246,naive,psi1,-0.08593861961240835,0.12986599011164413
2000,246,corrected,psi0,1.033425866229454,0.14750091374455673
2000,246,corrected,psi1,0.46183727625996673,0.15310665615437288
2000,247,naive,psi0,-0.2137696147523898,0.12803015834895995
2000,247,naive,psi1,-0.2149058961012386,0.14103126502965183
2000,247,corrected,psi0,1.075313967239294,0.14884786014508178
2000,247,corrected,psi1,0.24275286223864878,0.162696504877467
2000,248,naive,psi0,-0.25288919125081893,0.12500827903092532
2000,248,naive,psi1,-0.11969996061161024,0.12706474146217067
2000,248,corrected,psi0,1.0189394535749003,0.14442990684421378
2000,248,corrected,psi1,0.37584430219339693,0.14759029347559066
2000,249,naive,psi0,-0.27787111622585753,0.12946070996647352
2000,249,naive,psi1,0.009508088918221122,0.14508283477663886
2000,249,corrected,psi0,1.0156562360149788,0.15072230221037902
2000,249,corrected,psi1,0.4977639565543832,0.16688212294796254
2000,250,naive,psi0,-0.2419183234280929,0.1276440332868353
2000,250,naive,psi1,0.11472062197338512,0.13120168217898917
2000,250,corrected,psi0,1.0724352088780025,0.14826556347174547
2000,250,corrected,psi1,0.594389825123742,0.15213799481442877
2000,251,naive,psi0,-0.16402151501321974,0.12934025098779825
2000,251,naive,psi1,-0.032653295176374206,0.13121302162975582
2000,251,corrected,psi0,1.108096718379006,0.1501058630323612
2000,251,corrected,psi1,0.4745422840471603,0.15267756745221225
2000,252,naive,psi0,-0.11500313874554026,0.12851845534877765
2000,252,naive,psi1,-0.022710902341967987,0.13673285695450485
2000,252,corrected,psi0,1.2366091440856,0.15077574569075153
2000,252,corrected,psi1,0.4664577344519165,0.16357111896884255
2000,253,naive,psi0,-0.33940061712035613,0.12767072917263977
2000,253,naive,psi1,0.10250660386854087,0.14214428578202074
2000,253,corrected,psi0,0.9188830154996005,0.1498316048813732
2000,253,corrected,psi1,0.6211414228236655,0.16717543287389117
2000,254,naive,psi0,-0.47533782045992556,0.12656048402860048
2000,254,naive,psi1,0.023085330742870096,0.12829325985991374
2000,254,corrected,psi0,0.7901314601376709,0.14694050951193777
2000,254,corrected,psi1,0.5292987049724509,0.15030910140921244
2000,255,naive,psi0,-0.4779539047007784,0.12325553971853137
2000,255,naive,psi1,0.02151480843145633,0.12984727918203035
2000,255,corrected,psi0,0.7802294299017369,0.1429010392975093
2000,255,corrected,psi1,0.524841873745319,0.1485324316196449
2000,256,naive,psi0,-0.3785805536317265,0.13186233635399125
2000,256,naive,psi1,-0.10515717532858235,0.14278162690276341
2000,256,corrected,psi0,0.9054774980284325,0.1518391411276655
2000,256,corrected,psi1,0.46200740326198586,0.16516549270034467
2000,257,naive,psi0,-0.2334908039776465,0.13144909865595303
2000,257,naive,psi1,-0.3217426121832328,0.14941287197673236
2000,257,corrected,psi0,1.0838458536164777,0.1558786850003438
2000,257,corrected,psi1,0.16177745498309895,0.18155207486565128
2000,258,naive,psi0,-0.21979373558493634,0.1295840709788205
2000,258,naive,psi1,-0.3584905694449672,0.1390611158562555
2000,258,corrected,psi0,1.0528450314160764,0.15229193791811207
2000,258,corrected,psi1,0.04784661904453983,0.16467715308899278
2000,259,naive,psi0,-0.2370289946481959,0.12760863489712923
2000,259,naive,psi1,0.009511253625183914,0.13440132882080344
2000,259,corrected,psi0,1.0089251393431904,0.14860816963701315
2000,259,corrected,psi1,0.5848222441255267,0.15772345120860035
2000,260,naive,psi0,-0.5468962612592918,0.12901070624141842
2000,260,naive,psi1,-0.11292094563491084,0.13815809044528254
2000,260,corrected,psi0,0.6979693981213313,0.1516862272206051
2000,260,corrected,psi1,0.38442697496745193,0.159748473069079
2000,261,naive,psi0,-0.2044974363648816,0.1273474039830432
2000,261,naive,psi1,-0.21615336173529942,0.13720230391096877
2000,261,corrected,psi0,1.0683283873433231,0.14839874775940337
2000,261,corrected,psi1,0.3250586845602928,0.15723175257630656
2000,262,naive,psi0,-0.33086562947010906,0.1254353430230126
2000,262,naive,psi1,0.010130997409760619,0.13469152172827467
2000,262,corrected,psi0,0.9346283617469011,0.1471426330676926
2000,262,corrected,psi1,0.5139589290738742,0.16011774607833473
2000,263,naive,psi0,-0.3991678293026414,0.1280426579474492
2000,263,naive,psi1,-0.06476728363192209,0.13363651229354315
2000,263,corrected,psi0,0.8515410387047367,0.14796466612290526
2000,263,corrected,psi1,0.4452254429165329,0.15426564727988332
2000,264,naive,psi0,-0.41805100241924387,0.12438891713140413
2000,264,naive,psi1,0.011862305275834997,0.13884936043054075
2000,264,corrected,psi0,0.8610558122876365,0.14446520987297723
2000,264,corrected,psi1,0.5397132198070776,0.16020076097625116
2000,265,naive,psi0,-0.2792548270960304,0.12422036279484235
2000,265,naive,psi1,-0.23313281537333663,0.12485624157348255
2000,265,corrected,psi0,0.9566661264625667,0.1442255854706216
2000,265,corrected,psi1,0.2697875705791069,0.14643592967406835
2000,266,naive,psi0,-0.2127462523536449,0.1265289774523038
2000,266,naive,psi1,0.3701822391633207,0.15187509332597457
2000,266,corrected,psi0,1.0451971333061352,0.14799449174125515
2000,266,corrected,psi1,0.9153405355172676,0.17659701416198878
2000,267,naive,psi0,-0.309451144468476,0.12693799243955045
2000,267,naive,psi1,-0.1876359834896072,0.13329706908055097
2000,267,corrected,psi0,0.9293296372374777,0.14747313665459608
2000,267,corrected,psi1,0.312428605780715,0.155471565312617
2000,268,naive,psi0,-0.40876886290258224,0.12566022366855073
2000,268,naive,psi1,-0.037028958158438034,0.1320082443672197
2000,268,corrected,psi0,0.8342977751155224,0.14703308432023715
2000,268,corrected,psi1,0.42943032689147503,0.15334235964325257
2000,269,naive,psi0,-0.4020717341869582,0.1273828705009025
2000,269,naive,psi1,0.03539413705028841,0.1337394755795018
2000,269,corrected,psi0,0.8500301528336766,0.15000820347191257
2000,269,corrected,psi1,0.522752623195544,0.154911781895018
2000,270,naive,psi0,-0.4304864829876449,0.12981862985824222
2000,270,naive,psi1,-0.06517668971867875,0.1369017413325928
2000,270,corrected,psi0,0.8292959859945334,0.15082272143252454
2000,270,corrected,psi1,0.401120224726335,0.1602605652180477
2000,271,naive,psi0,-0.5023232610373538,0.12748569471369334
2000,271,naive,psi1,-0.11298416919577543,0.137667571995997
2000,271,corrected,psi0,0.7487709317119835,0.14871971013451335
2000,271,corrected,psi1,0.3903601772992577,0.16213457950601534
2000,272,naive,psi0,-0.2630450552874424,0.12443265787830868
2000,272,naive,psi1,-0.2006915913590424,0.13216485306819667
2000,272,corrected,psi0,1.01312770044965,0.14403077348793825
2000,272,corrected,psi1,0.2840193687006787,0.15235382582991291
2000,273,naive,psi0,-0.43522873912445786,0.12092933548518921
2000,273,naive,psi1,0.09978339704415035,0.12016314331931337
2000,273,corrected,psi0,0.8226319114264242,0.14117814415622054
2000,273,corrected,psi1,0.6215411353307104,0.14221846588401477
2000,274,naive,psi0,-0.24294978126288505,0.129259142354362
2000,274,naive,psi1,0.015803176126341894,0.13317017229534575
2000,274,corrected,psi0,1.0642138097453764,0.14926006726612637
2000,274,corrected,psi1,0.49680348362507754,0.15242753166794562
2000,275,naive,psi0,-0.31962163064002613,0.13202727696205563
2000,275,naive,psi1,-0.007984950046774776,0.14199827786971533
2000,275,corrected,psi0,0.9343930852244118,0.1537832038971062
2000,275,corrected,psi1,0.47305605842405163,0.1625615735959773
2000,276,naive,psi0,-0.46411833613058173,0.12810118740132465
2000,276,naive,psi1,-0.10659638048972477,0.13883670537585358
2000,276,corrected,psi0,0.8633989633650092,0.14857604333770558
2000,276,corrected,psi1,0.29942480834786195,0.15945633398117792
2000,277,naive,psi0,-0.1853366219101299,0.12199802886220527
2000,277,naive,psi1,-0.013955344883023234,0.1277152422508127
2000,277,corrected,psi0,1.0987505108411306,0.14205514149557882
2000,277,corrected,psi1,0.42567367141434087,0.14913187249585924
2000,278,naive,psi0,-0.3098285713469752,0.1269359221751918
2000,278,naive,psi1,0.0888706662580516,0.13118611676826597
2000,278,corrected,psi0,0.8889420077093203,0.14886546252584865
2000,278,corrected,psi1,0.5926803133313396,0.15327861292114497
2000,279,naive,psi0,-0.356649416953578,0.1240507122828892
2000,279,naive,psi1,-0.027501208547485254,0.11596523464660757
2000,279,corrected,psi0,0.9557227093094375,0.1460927001437666
2000,279,corrected,psi1,0.4647182660404398,0.13900511364273122
2000,280,naive,psi0,-0.1365653673802967,0.1262607542189139
2000,280,naive,psi1,0.09100605329127898,0.14178001996113473
2000,280,corrected,psi0,1.1638611315814447,0.14714275102211644
2000,280,corrected,psi1,0.5862379746978327,0.1627961555208497
2000,281,naive,psi0,-0.32698073412634115,0.12894468556200106
2000,281,naive,psi1,-0.10163725414406931,0.1449352474104526
2000,281,corrected,psi0,0.935630062038087,0.14860569401510348
2000,281,corrected,psi1,0.4599284794075412,0.1666938720591661
2000,282,naive,psi0,-0.2424623599573689,0.1284961608725064
2000,282,naive,psi1,0.09745696608091498,0.1392133447067037
2000,282,corrected,psi0,1.0339785259180392,0.14919019749438003
2000,282,corrected,psi1,0.6281167742117223,0.15999985586856755
2000,283,naive,psi0,-0.15733615057472794,0.12675039304852764
2000,283,naive,psi1,-0.055278886798655176,0.1248384855027948
2000,283,corrected,psi0,1.1348720451860355,0.14857623067922415
2000,283,corrected,psi1,0.43271613704067896,0.14792634799374982
2000,284,naive,psi0,-0.16372740089383614,0.1274387389196165
2000,284,naive,psi1,0.02950869186929179,0.1388706108440499
2000,284,corrected,psi0,1.1390115218961112,0.1470579682634643
2000,284,corrected,psi1,0.5301128835437038,0.15999929670707697
2000,285,naive,psi0,-0.48101673276029966,0.1299575033243926
2000,285,naive,psi1,-0.029661118387084972,0.14103076364694683
2000,285,corrected,psi0,0.7552022300057628,0.15200604324225883
2000,285,corrected,psi1,0.4597863798023432,0.16667348689982134
2000,286,naive,psi0,-0.5119963152008254,0.1292188848696126
2000,286,naive,psi1,0.01128185148803577,0.13338941360364587
2000,286,corrected,psi0,0.7049623764141087,0.14984891977371875
2000,286,corrected,psi1,0.5361626882953711,0.15462036844788535
2000,287,naive,psi0,-0.49552669491687135,0.12724959701358532
2000,287,naive,psi1,-0.11079032876631922,0.14053834371301446
2000,287,corrected,psi0,0.687452991573691,0.14928648869129785
2000,287,corrected,psi1,0.4036616820544909,0.1675354691852574
2000,288,naive,psi0,-0.31500563393879266,0.12783263384756477
2000,288,naive,psi1,0.11245961066830876,0.13853322715499078
2000,288,corrected,psi0,1.0493847730527652,0.14839541427285477
2000,288,corrected,psi1,0.6261776658696783,0.16096349700488077
2000,289,naive,psi0,-0.012070203009177766,0.1249487844758535
2000,289,naive,psi1,0.037381085507251034,0.13174745219199901
2000,289,corrected,psi0,1.2965720929603322,0.1439109532633798
2000,289,corrected,psi1,0.519029061893764,0.15112511556479172
2000,290,naive,psi0,-0.17308948976577143,0.1251354934506571
2000,290,naive,psi1,-0.2563418508016944,0.13115755953827246
2000,290,corrected,psi0,1.1176113816946558,0.14660906355463776
2000,290,corrected,psi1,0.236087069093546,0.15250717470016717
2000,291,naive,psi0,-0.2315660163988105,0.1303992712410658
2000,291,naive,psi1,0.22106424373221306,0.12659673304483438
2000,291,corrected,psi0,1.040711995399042,0.15108634514588154
2000,291,corrected,psi1,0.805730103285569,0.14717721302597378
2000,292,naive,psi0,-0.17696659278216514,0.12419108770063601
2000,292,naive,psi1,0.10776642801043969,0.13051867676845588
2000,292,corrected,psi0,1.0619208601333046,0.14412206279962025
2000,292,corrected,psi1,0.6127892911330847,0.15062295090939948
2000,293,naive,psi0,-0.31345868306960073,0.1313672544212744
2000,293,naive,psi1,0.053630044060353134,0.1381332850616719
2000,293,corrected,psi0,0.9552245691968452,0.15179411046741564
2000,293,corrected,psi1,0.5021338804545671,0.15928310836117282
2000,294,naive,psi0,-0.1994927383153441,0.1251141254727726
2000,294,naive,psi1,0.057498217226289346,0.11987948653177319
2000,294,corrected,psi0,1.0764839383614733,0.14643780999962838
2000,294,corrected,psi1,0.5813190440706989,0.14116565944166268
2000,295,naive,psi0,-0.3762843418207108,0.12822158551228882
2000,295,naive,psi1,-0.040907442929628904,0.1350967275962977
2000,295,corrected,psi0,0.869865685481625,0.14982128672802414
2000,295,corrected,psi1,0.4966521584463292,0.15875617667692202
2000,296,naive,psi0,-0.25944811413976726,0.12654074963338294
2000,296,naive,psi1,-0.010762973758817967,0.13458646553709813
2000,296,corrected,psi0,1.0276848667378717,0.14800422470800115
2000,296,corrected,psi1,0.4723500086873857,0.1545614483900057
2000,297,naive,psi0,-0.1445193410871299,0.12924161546803223
2000,297,naive,psi1,0.10989056616271982,0.1263824521448844
2000,297,corrected,psi0,1.100294801382247,0.15233152554109675
2000,297,corrected,psi1,0.583914585724406,0.1518387881266365
2000,298,naive,psi0,-0.3233890443359312,0.13020605350620715
2000,298,naive,psi1,-0.09606283665153821,0.13460386841491878
2000,298,corrected,psi0,0.8834436150553348,0.15454615165032362
2000,298,corrected,psi1,0.4732850456298473,0.16375395426851483
2000,299,naive,psi0,-0.11134581491714152,0.1254104030386578
2000,299,naive,psi1,-0.31716291996998697,0.1264196744216048
2000,299,corrected,psi0,1.137213662653299,0.14734380066096833
2000,299,corrected,psi1,0.16055583921448657,0.14758486462069392
2000,300,naive,psi0,-0.10527049473084282,0.12358177371636354
2000,300,naive,psi1,0.17827216881871893,0.12546505743794645
2000,300,corrected,psi0,1.1689867718837383,0.14320142823366255
2000,300,corrected,psi1,0.6870205105394174,0.14010665710343168
2000,301,naive,psi0,-0.3574495060067197,0.1269234824388277
2000,301,naive,psi1,0.20977819144075097,0.13706331288417403
2000,301,corrected,psi0,0.9199618039416396,0.1470902828233972
2000,301,corrected,psi1,0.6740509319798055,0.15905910799763529
2000,302,naive,psi0,-0.18292085663495292,0.12404506948180989
2000,302,naive,psi1,-0.022983183528889336,0.10971244103023965
2000,302,corrected,psi0,1.0987547933278237,0.14280658331885387
2000,302,corrected,psi1,0.44981634809985643,0.1267497279450404
2000,303,naive,psi0,-0.4026596698589642,0.12800184693378847
2000,303,naive,psi1,0.05806202498301147,0.12914356588752096
2000,303,corrected,psi0,0.806462922325298,0.14810687136328896
2000,303,corrected,psi1,0.571078042585841,0.14882122785614701
2000,304,naive,psi0,-0.44277562389988695,0.12542421441357487
2000,304,naive,psi1,-0.06285483780536265,0.13368802270980082
2000,304,corrected,psi0,0.7237648802699128,0.14605505954237952
2000,304,corrected,psi1,0.4023104634986255,0.15985703792345915
2000,305,naive,psi0,-0.1907325639431531,0.12705575763898974
2000,305,naive,psi1,-0.07479374183461598,0.1329894112458086
2000,305,corrected,psi0,1.1016487236898045,0.14731644420542914
2000,305,corrected,psi1,0.35911574493484866,0.15669512296546417
2000,306,naive,psi0,-0.2872447742205423,0.1297396773721314
2000,306,naive,psi1,0.03247768387673997,0.14047106927552808
2000,306,corrected,psi0,0.9952319430323102,0.15130920510080592
2000,306,corrected,psi1,0.45962247608358364,0.15905317674649483
2000,307,naive,psi0,-0.20045204800264554,0.13076883019931895
2000,307,naive,psi1,0.14888006349060523,0.14338492910387424
2000,307,corrected,psi0,1.0776034239081826,0.1521329294484397
2000,307,corrected,psi1,0.6850175183530761,0.1680370330941042
2000,308,naive,psi0,-0.24763981734269994,0.12511221965491764
2000,308,naive,psi1,-0.14912716018660171,0.12448750239403511
2000,308,corrected,psi0,1.0331148336525833,0.14356227527628881
2000,308,corrected,psi1,0.2758298585650568,0.14255797795855074
2000,309,naive,psi0,-0.1796681533317751,0.12795838700138149
2000,309,naive,psi1,-0.17831665767674437,0.1358641580309576
2000,309,corrected,psi0,1.1097609399725836,0.14883403348272584
2000,309,corrected,psi1,0.34844432344528437,0.1566792116617301
2000,310,naive,psi0,-0.3139001960085201,0.12741255198839624
2000,310,naive,psi1,-0.001072214702316767,0.13187824381970553
2000,310,corrected,psi0,1.0049676594149997,0.14765677011188544
2000,310,corrected,psi1,0.499884282664046,0.15409745994325608
2000,311,naive,psi0,-0.29167670521015365,0.12662801251024597
2000,311,naive,psi1,0.04716471915867187,0.136121949003676
2000,311,corrected,psi0,1.0375512306057797,0.14694247100098795
2000,311,corrected,psi1,0.5393951254117652,0.15672671094628848
2000,312,naive,psi0,-0.22019638052111948,0.12683134976062616
2000,312,naive,psi1,0.3525996716896997,0.1431996525782477
2000,312,corrected,psi0,1.082534556083164,0.1468909233909127
2000,312,corrected,psi1,0.8577246358120519,0.162813336526495
2000,313,naive,psi0,-0.20780582922769433,0.12931091298645192
2000,313,naive,psi1,0.13588229459168577,0.13124889342243323
2000,313,corrected,psi0,1.0517212520003991,0.15215467982678416
2000,313,corrected,psi1,0.6806219099395898,0.15327686176909933
2000,314,naive,psi0,-0.4952835562718036,0.13280225441900065
2000,314,naive,psi1,-0.05460300463918332,0.13806285683701885
2000,314,corrected,psi0,0.713393284571127,0.15469776352712303
2000,314,corrected,psi1,0.39016378683998487,0.16073983143456097
2000,315,naive,psi0,-0.217227332432033,0.12955181282255016
2000,315,naive,psi1,-0.1679012974605671,0.13455315481290198
2000,315,corrected,psi0,1.0650525488702427,0.15134816958942607
2000,315,corrected,psi1,0.3295662169368749,0.15607502291124495
2000,316,naive,psi0,-0.2232437682043762,0.13018804588620259
2000,316,naive,psi1,-0.09211719830005974,0.13571704579707802
2000,316,corrected,psi0,1.0728753971574296,0.15091691756729622
2000,316,corrected,psi1,0.37772898659026,0.15878980802949616
2000,317,naive,psi0,-0.10670879196858306,0.12794912558306867
2000,317,naive,psi1,-0.3042360376329143,0.13298880736998897
2000,317,corrected,psi0,1.187436021759444,0.14897286410218158
2000,317,corrected,psi1,0.19828269112995878,0.15677862684947758
2000,318,naive,psi0,-0.20574669372639012,0.1259831520252278
2000,318,naive,psi1,0.21922993141858702,0.1272483565434108
2000,318,corrected,psi0,1.1022565055251172,0.14683634082363833
2000,318,corrected,psi1,0.7395126142926346,0.14956630746958527
2000,319,naive,psi0,-0.5915402084831348,0.1278470795250024
2000,319,naive,psi1,-0.008105619026054792,0.14105095863295783
2000,319,corrected,psi0,0.6548856407042325,0.14911310774397848
2000,319,corrected,psi1,0.4895563009738096,0.16467311950321992
2000,320,naive,psi0,-0.15088873080587203,0.12653769156497385
2000,320,naive,psi1,-0.09244802635890885,0.14149208824397072
2000,320,corrected,psi0,1.098809366297035,0.14762282557653536
2000,320,corrected,psi1,0.4501608356965909,0.16806619045586407
2000,321,naive,psi0,-0.40534816418473,0.13068655027156728
2000,321,naive,psi1,0.0892514979450001,0.14113243792278998
2000,321,corrected,psi0,0.7870340161763224,0.15294377194064648
2000,321,corrected,psi1,0.6338548465024777,0.16629385134444
2000,322,naive,psi0,-0.1935902941570004,0.13065964672387856
2000,322,naive,psi1,0.03934670594572995,0.14103461011711207
2000,322,corrected,psi0,1.153341812691881,0.1532532868098489
2000,322,corrected,psi1,0.5651799051649063,0.1647869022206452
2000,323,naive,psi0,-0.5487652671408433,0.12660357783253864
2000,323,naive,psi1,-0.03648879503145946,0.13890871720158218
2000,323,corrected,psi0,0.6558508152632867,0.14772008247241633
2000,323,corrected,psi1,0.5045953707335957,0.16531011750449806
2000,324,naive,psi0,-0.12296754433513676,0.1278909434294737
2000,324,naive,psi1,-0.1423750093274071,0.1396583643476439
2000,324,corrected,psi0,1.175670719385724,0.14901620171746685
2000,324,corrected,psi1,0.4092389161135896,0.16497865283778
2000,325,naive,psi0,-0.07641164505408092,0.12540922746842034
2000,325,naive,psi1,-0.051271000678334705,0.1301728809602945
2000,325,corrected,psi0,1.2556352123472634,0.14691644214034127
2000,325,corrected,psi1,0.4679208877952983,0.1562429528142292
2000,326,naive,psi0,-0.2850171079359802,0.12743687547252835
2000,326,naive,psi1,-0.07777912709996622,0.15260076122047134
2000,326,corrected,psi0,1.044636519877997,0.14989353802364566
2000,326,corrected,psi1,0.4339011484304121,0.18037993291685625
2000,327,naive,psi0,0.061673950356369585,0.12962030716069262
2000,327,naive,psi1,0.017357733426048048,0.13997482004955597
2000,327,corrected,psi0,1.3888093023426946,0.1505835923814166
2000,327,corrected,psi1,0.47410475139045766,0.16198430763881033
2000,328,naive,psi0,-0.37458658624664337,0.1282382528912804
2000,328,naive,psi1,-0.002596173905486386,0.12327393545722944
2000,328,corrected,psi0,0.8809543546235101,0.1483840321660681
2000,328,corrected,psi1,0.546321041998201,0.1421837433957845
2000,329,naive,psi0,-0.5158174782805051,0.12994796747198722
2000,329,naive,psi1,-0.05189657685618818,0.12768977419478997
2000,329,corrected,psi0,0.7611609721037725,0.1508546989258556
2000,329,corrected,psi1,0.43248167690902867,0.14950371761859804
2000,330,naive,psi0,-0.2308944429823911,0.1258093597418142
2000,330,naive,psi1,-0.10315626291400656,0.13527192392360826
2000,330,corrected,psi0,1.0469336537004585,0.1484895248235986
2000,330,corrected,psi1,0.3717674710433761,0.15817668285934214
2000,331,naive,psi0,-0.12371351365734329,0.130397001397184
2000,331,naive,psi1,-0.18339864363502906,0.14078626540816577
2000,331,corrected,psi0,1.1628300312542759,0.15138991017036718
2000,331,corrected,psi1,0.25607877379846994,0.16285316651360907
2000,332,naive,psi0,-0.18976912446307018,0.12685305487838108
2000,332,naive,psi1,-0.16664712821656147,0.1343943996884375
2000,332,corrected,psi0,1.0608068048110666,0.14696304141556707
2000,332,corrected,psi1,0.314020486500289,0.15648713665537564
2000,333,naive,psi0,-0.36448881376837156,0.13017140606831
2000,333,naive,psi1,0.028156108098304922,0.1454187589202576
2000,333,corrected,psi0,0.9672736437916704,0.15397940464612808
2000,333,corrected,psi1,0.48657190459012994,0.17184223358282147
2000,334,naive,psi0,-0.36663545890605254,0.12121656043102148
2000,334,naive,psi1,-0.16830955063417583,0.12509289133018975
2000,334,corrected,psi0,0.8966767382248484,0.14216900792756063
2000,334,corrected,psi1,0.25430222919475687,0.1481347049871505
2000,335,naive,psi0,-0.10788386830733125,0.12865074529703316
2000,335,naive,psi1,0.07007451136722322,0.13710185844449815
2000,335,corrected,psi0,1.162842766316599,0.14832884923407347
2000,335,corrected,psi1,0.5412294955290066,0.15723269330550804
2000,336,naive,psi0,-0.4435715881204707,0.12360891436138538
2000,336,naive,psi1,0.13998510723692484,0.12343683428537912
2000,336,corrected,psi0,0.8203858779625048,0.14483388631904737
2000,336,corrected,psi1,0.6409525400731121,0.14660941508969047
2000,337,naive,psi0,-0.34935826544997417,0.12720290138218063
2000,337,naive,psi1,-0.3176346886108083,0.12400191929692521
2000,337,corrected,psi0,0.9533982916413406,0.14855296666587625
2000,337,corrected,psi1,0.18503072244374583,0.14612473900250855
2000,338,naive,psi0,-0.48268806734828157,0.12932759810597103
2000,338,naive,psi1,0.18263736121722407,0.1357689908783666
2000,338,corrected,psi0,0.7971218213171916,0.1499025772222797
2000,338,corrected,psi1,0.6959388245886565,0.15490081163935376
2000,339,naive,psi0,-0.3522817504036322,0.1261861375487689
2000,339,naive,psi1,0.09622143355458228,0.13927442852278143
2000,339,corrected,psi0,0.9008368929064184,0.14625420324510702
2000,339,corrected,psi1,0.6213581186091631,0.16156136105101132
2000,340,naive,psi0,-0.038878750410635474,0.13372656691730403
2000,340,naive,psi1,-0.10600732007195497,0.13693751030867762
2000,340,corrected,psi0,1.2644221943221667,0.1554752818615327
2000,340,corrected,psi1,0.3725739105988337,0.16145059192488745
2000,341,naive,psi0,-0.46125594336763387,0.12847400788326416
2000,341,naive,psi1,0.18609258557778266,0.12687086565426708
2000,341,corrected,psi0,0.8201011684503434,0.15045395199833836
2000,341,corrected,psi1,0.7039295102934507,0.1508955614471261
2000,342,naive,psi0,-0.08717083345721245,0.12540936074772507
2000,342,naive,psi1,-0.2194266362438485,0.1448479884910913
2000,342,corrected,psi0,1.163333104376885,0.14515632773472867
2000,342,corrected,psi1,0.18938937130227143,0.1661683260198784
2000,343,naive,psi0,-0.020741511306694167,0.1251151093494407
2000,343,naive,psi1,-0.09811609469138723,0.127965297243073
2000,343,corrected,psi0,1.3431682051278464,0.14706601105890513
2000,343,corrected,psi1,0.38318971444116434,0.1522342836572274
2000,344,naive,psi0,-0.4422788569423418,0.1301735954560548
2000,344,naive,psi1,-0.10879100336559329,0.136480163285473
2000,344,corrected,psi0,0.8820651556876135,0.14988976866210996
2000,344,corrected,psi1,0.32083446097527607,0.15572058982931264
2000,345,naive,psi0,-0.023651530167395882,0.12493476855932831
2000,345,naive,psi1,-0.23953377683825264,0.1267694616765631
2000,345,corrected,psi0,1.254936162371951,0.14556492623211398
2000,345,corrected,psi1,0.27667237497680525,0.14743797850928397
2000,346,naive,psi0,-0.15110357426070836,0.1285116147265768
2000,346,naive,psi1,-0.06220197864661128,0.13476579974279407
2000,346,corrected,psi0,1.116679398952608,0.1504585258772838
2000,346,corrected,psi1,0.3987907820624514,0.15707244152871733
2000,347,naive,psi0,-0.2621864696348974,0.12813142037622488
2000,347,naive,psi1,-0.09381496529909687,0.14741134519497645
2000,347,corrected,psi0,1.023291757945348,0.14983791062525073
2000,347,corrected,psi1,0.3813778953510043,0.1754021010700025
2000,348,naive,psi0,-0.20886959658746534,0.1310635887520363
2000,348,naive,psi1,-0.09358449918067524,0.15276673018384537
2000,348,corrected,psi0,1.0583570646087215,0.15325164694727078
2000,348,corrected,psi1,0.3629168946226088,0.18187304379313646
2000,349,naive,psi0,-0.28550741808634605,0.12867161730579366
2000,349,naive,psi1,0.15799782862160527,0.136229008337789
2000,349,corrected,psi0,0.9582337484320055,0.1503584736546757
2000,349,corrected,psi1,0.7130905381168882,0.16017007593948118
2000,350,naive,psi0,-0.13754526765658923,0.12875644192401378
2000,350,naive,psi1,-0.015873930731521175,0.13846428974753688
2000,350,corrected,psi0,1.1560688427677521,0.14936324821321828
2000,350,corrected,psi1,0.46116780678172203,0.16129711910062272
2000,351,naive,psi0,-0.2212744133253786,0.12945603120363638
2000,351,naive,psi1,-0.01703036626940063,0.13290230403165032
2000,351,corrected,psi0,1.0288806259697867,0.15225632173960785
2000,351,corrected,psi1,0.46487746944400743,0.15767733603481648
2000,352,naive,psi0,-0.4599539868988393,0.12730782655445594
2000,352,naive,psi1,-0.07237808853754739,0.12880116152670373
2000,352,corrected,psi0,0.7840729148695835,0.14773229272924576
2000,352,corrected,psi1,0.3707659995925578,0.14984847013264274
2000,353,naive,psi0,-0.36051630041722094,0.13054783679990628
2000,353,naive,psi1,-0.03389260255261506,0.13768785316939472
2000,353,corrected,psi0,0.838878648430068,0.15026786615208812
2000,353,corrected,psi1,0.513096863559821,0.15871725186074503
2000,354,naive,psi0,-0.12548112433052944,0.12658256944366952
2000,354,naive,psi1,0.03349501876589092,0.13600460739361891
2000,354,corrected,psi0,1.1888864388944607,0.14712807628121374
2000,354,corrected,psi1,0.5340488423169464,0.1596131976335993
2000,355,naive,psi0,0.21034586804826835,0.128233468888079
2000,355,naive,psi1,0.06402184878587062,0.12306136704204294
2000,355,corrected,psi0,1.560238537105462,0.149356894285103
2000,355,corrected,psi1,0.5047838891452143,0.14192551016643662
2000,356,naive,psi0,-0.31199867696956146,0.1264363383779971
2000,356,naive,psi1,0.05723672956285145,0.14422605402218885
2000,356,corrected,psi0,0.945967407373844,0.1458725279624885
2000,356,corrected,psi1,0.5541852509809079,0.1670000750539249
2000,357,naive,psi0,-0.2241783363329341,0.12964674108712412
2000,357,naive,psi1,-0.31795474394118506,0.14717635864396358
2000,357,corrected,psi0,1.0698044043256576,0.1505877272836515
2000,357,corrected,psi1,0.17598758225786043,0.17191887165880926
2000,358,naive,psi0,-0.1502026518840675,0.12974561122729386
2000,358,naive,psi1,0.19349434480136957,0.13877888483483639
2000,358,corrected,psi0,1.1242602146079699,0.1504605389838764
2000,358,corrected,psi1,0.7419007794660067,0.16185521073233236
2000,359,naive,psi0,-0.1935484361506011,0.12779418090506464
2000,359,naive,psi1,-0.013821149858671044,0.12237859215984928
2000,359,corrected,psi0,1.090185418957188,0.14942942276328497
2000,359,corrected,psi1,0.4939601118637781,0.14216384226567852
2000,360,naive,psi0,-0.20497076180754142,0.128433701248693
2000,360,naive,psi1,0.04573989459011515,0.1263171646111926
2000,360,corrected,psi0,1.08718200758229,0.15051910443328637
2000,360,corrected,psi1,0.5382013622712966,0.14711602431323073
2000,361,naive,psi0,-0.25133172252763747,0.1279074951333747
2000,361,naive,psi1,-0.07617399121391813,0.12623933773733825
2000,361,corrected,psi0,1.0269531655915347,0.14857503790935328
2000,361,corrected,psi1,0.4579422958013019,0.148426364657711
2000,362,naive,psi0,-0.2372293528906965,0.1306313006187636
2000,362,naive,psi1,0.34244430830659706,0.12869402362498975
2000,362,corrected,psi0,1.0741461096181821,0.15175331678988285
2000,362,corrected,psi1,0.9207373267690924,0.1497601110073582
2000,363,naive,psi0,-0.31129513013145854,0.1317130578847144
2000,363,naive,psi1,-0.1231733140680314,0.13702441352502878
2000,363,corrected,psi0,0.9418873372999113,0.15366545554009436
2000,363,corrected,psi1,0.3426424897071487,0.15997558834366402
2000,364,naive,psi0,-0.3069322009463174,0.12674425964182728
2000,364,naive,psi1,-0.10551116396226189,0.13892533247359526
2000,364,corrected,psi0,1.025860670316477,0.14675975140546682
2000,364,corrected,psi1,0.4663931513827203,0.1628097850796878
2000,365,naive,psi0,-0.1829023736165158,0.12957039120020936
2000,365,naive,psi1,0.09330384017938623,0.13611874032624766
2000,365,corrected,psi0,1.0973641478706928,0.15037487508547998
2000,365,corrected,psi1,0.5850980694323465,0.16021876901354154
2000,366,naive,psi0,-0.2292465051918889,0.12700902486870128
2000,366,naive,psi1,0.13566560013298914,0.12621511549938708
2000,366,corrected,psi0,1.0601407852990763,0.14864501950283532
2000,366,corrected,psi1,0.6729323950334812,0.1479745549543929
2000,367,naive,psi0,-0.13264941971298605,0.12920794530346122
2000,367,naive,psi1,0.1820907120820105,0.14256607257976217
2000,367,corrected,psi0,1.1962267873658468,0.1498291540953995
2000,367,corrected,psi1,0.7106495488318284,0.16758844681920973
2000,368,naive,psi0,-0.380325042257672,0.128339652864679
2000,368,naive,psi1,-0.04116265276704809,0.1387190319113449
2000,368,corrected,psi0,0.8496786359573781,0.14896547376869693
2000,368,corrected,psi1,0.4467518906007584,0.16119907713297765
2000,369,naive,psi0,-0.2702455102131541,0.1283659393851772
2000,369,naive,psi1,0.02368095384635339,0.14006125350285373
2000,369,corrected,psi0,1.0393297949972562,0.14991228856954014
2000,369,corrected,psi1,0.5073279843911656,0.16139364899133055
2000,370,naive,psi0,-0.27624100974555404,0.12395695653003036
2000,370,naive,psi1,0.062492298595598725,0.12630888158315412
2000,370,corrected,psi0,0.9913706834641349,0.14569540184661053
2000,370,corrected,psi1,0.5236590585360489,0.14892364991902307
2000,371,naive,psi0,-0.31554521722347695,0.12778688844448885
2000,371,naive,psi1,0.16364704136285133,0.12412142816623277
2000,371,corrected,psi0,0.9020373657749925,0.14936307251148578
2000,371,corrected,psi1,0.6517431707137111,0.14785746082703724
2000,372,naive,psi0,-0.359050310713983,0.1307465619973899
2000,372,naive,psi1,0.10050266409926012,0.13694993182344287
2000,372,corrected,psi0,0.9456643663156759,0.1541409226842706
2000,372,corrected,psi1,0.6301534198575619,0.16144851495723356
2000,373,naive,psi0,-0.42722513761301956,0.12346604645987554
2000,373,naive,psi1,-0.0026068818671152014,0.12355762720114208
2000,373,corrected,psi0,0.7855579545684185,0.14398069164075536
2000,373,corrected,psi1,0.5007292351974244,0.14693753077095165
2000,374,naive,psi0,-0.25521353482238796,0.13012625872130068
2000,374,naive,psi1,0.0355347829373768,0.1278694831815804
2000,374,corrected,psi0,0.9946059609614725,0.1513239573010574
2000,374,corrected,psi1,0.5871791323835792,0.147383774796758
2000,375,naive,psi0,-0.43678520219045225,0.12787762220430687
2000,375,naive,psi1,0.0492308802420152,0.12792946241501874
2000,375,corrected,psi0,0.8230582050294605,0.1485264682268571
2000,375,corrected,psi1,0.48528803019468203,0.1494738573682667
2000,376,naive,psi0,-0.443866304948171,0.12472199247029703
2000,376,naive,psi1,0.04209419906088876,0.1309253958428971
2000,376,corrected,psi0,0.7648388497606657,0.14610869175973104
2000,376,corrected,psi1,0.5803108366903283,0.1544026330971727
2000,377,naive,psi0,-0.007667611958293951,0.13006405181840486
2000,377,naive,psi1,0.055371747685089366,0.12839485497938796
2000,377,corrected,psi0,1.2681461412358075,0.1510562222323458
2000,377,corrected,psi1,0.5247794991879727,0.14862386597348126
2000,378,naive,psi0,-0.07239970072058387,0.12737551843488853
2000,378,naive,psi1,0.08528426387551626,0.1329338660874049
2000,378,corrected,psi0,1.2166381282052494,0.1469853715389766
2000,378,corrected,psi1,0.5647204494253554,0.15375772022675588
2000,379,naive,psi0,-0.28853087985879444,0.1286400551620849
2000,379,naive,psi1,-0.04365289560791658,0.13331816214400727
2000,379,corrected,psi0,0.9565804817419703,0.14867778356388975
2000,379,corrected,psi1,0.4370517978898449,0.15400380307493663
2000,380,naive,psi0,-0.017027430410410844,0.1287550709001579
2000,380,naive,psi1,0.0469902146714087,0.14891603315834082
2000,380,corrected,psi0,1.2960732762554015,0.1498264575304288
2000,380,corrected,psi1,0.5395910456925233,0.17059638036307384
2000,381,naive,psi0,-0.07507073022278668,0.12694694220240113
2000,381,naive,psi1,-0.12745948771460652,0.12867497152565047
2000,381,corrected,psi0,1.249532698328526,0.14785202965804384
2000,381,corrected,psi1,0.3529174169089447,0.1486561613106882
2000,382,naive,psi0,-0.33851519022284243,0.12660225423084856
2000,382,naive,psi1,-0.0021354782054338506,0.1365395610283199
2000,382,corrected,psi0,0.9369280089546701,0.14791398753959653
2000,382,corrected,psi1,0.5200535479685294,0.16230823291527138
2000,383,naive,psi0,-0.5551114434922924,0.13056137215606553
2000,383,naive,psi1,0.3153989467672302,0.14028535221348654
2000,383,corrected,psi0,0.6466642834357641,0.15112371352073242
2000,383,corrected,psi1,0.863839544968046,0.1626609949913705
2000,384,naive,psi0,-0.2719775089340112,0.1279800448306814
2000,384,naive,psi1,0.22878814160414307,0.1325837296138333
2000,384,corrected,psi0,1.0145753813541427,0.14903392901878681
2000,384,corrected,psi1,0.761484532457791,0.15509921947121838
2000,385,naive,psi0,-0.09665009907957621,0.13200911388871855
2000,385,naive,psi1,0.023943026992425582,0.13574060022281303
2000,385,corrected,psi0,1.2136818951536938,0.15291301635149457
2000,385,corrected,psi1,0.5506898308372764,0.15731095976645568
2000,386,naive,psi0,-0.4000930564291619,0.1253967969057399
2000,386,naive,psi1,-0.02133191072303141,0.12466852420745209
2000,386,corrected,psi0,0.8553029942123905,0.14714974476811696
2000,386,corrected,psi1,0.530780717750953,0.14585715474791244
2000,387,naive,psi0,-0.2702769629936174,0.1293093255384899
2000,387,naive,psi1,0.0590262575829703,0.13732591042503403
2000,387,corrected,psi0,0.9470168195493197,0.14851898247253525
2000,387,corrected,psi1,0.5392080137369557,0.1586366997404205
2000,388,naive,psi0,-0.40514742056200814,0.13040606443690864
2000,388,naive,psi1,-0.10552233568573943,0.14333663249293035
2000,388,corrected,psi0,0.8322245654603908,0.15184472306942934
2000,388,corrected,psi1,0.42001494254692845,0.16290865128268506
2000,389,naive,psi0,-0.11355284198360999,0.12613369740175012
2000,389,naive,psi1,0.09357147794563081,0.13894925810268652
2000,389,corrected,psi0,1.2335197657995944,0.14685768110396763
2000,389,corrected,psi1,0.5927588370763103,0.16219525307313876
2000,390,naive,psi0,-0.3601171003972555,0.12596723379766794
2000,390,naive,psi1,0.1476248758889722,0.1369003177117643
2000,390,corrected,psi0,0.8973774514748979,0.14531060259446113
2000,390,corrected,psi1,0.6487135255916513,0.15539581438962918
2000,391,naive,psi0,-0.42051414905262696,0.12714412427770244
2000,391,naive,psi1,-0.011238470233822722,0.13244283770014653
2000,391,corrected,psi0,0.8280555848657651,0.14750406121318582
2000,391,corrected,psi1,0.5154155408884563,0.15591653714537798
2000,392,naive,psi0,-0.052103697292111624,0.12639418872219402
2000,392,naive,psi1,0.08660430422839657,0.14338773864246154
2000,392,corrected,psi0,1.215301891317377,0.14834171515755526
2000,392,corrected,psi1,0.5904305407662669,0.16968503508219449
2000,393,naive,psi0,-0.19344258935983244,0.12875115599658776
2000,393,naive,psi1,-0.27643569494677717,0.12802972589721356
2000,393,corrected,psi0,1.1053991052213095,0.15013756139507345
2000,393,corrected,psi1,0.11869525747518271,0.14833998504771145
2000,394,naive,psi0,-0.4044290220790313,0.12974676172902155
2000,394,naive,psi1,-0.11840767795557838,0.15546185162742007
2000,394,corrected,psi0,0.86558672319412,0.15056526421995856
2000,394,corrected,psi1,0.37898820346096873,0.1799691064076524
2000,395,naive,psi0,-0.42142863458541424,0.12758800367560463
2000,395,naive,psi1,0.01829889982001411,0.13629740309920726
2000,395,corrected,psi0,0.8313367853040787,0.15050718999530752
2000,395,corrected,psi1,0.5522526404241243,0.16781073953889075
2000,396,naive,psi0,-0.33621601177408583,0.12518140938804834
2000,396,naive,psi1,0.019867450793000476,0.1257919391481978
2000,396,corrected,psi0,0.9542815751535553,0.1462656178774215
2000,396,corrected,psi1,0.5384849454425402,0.14630389851442385
2000,397,naive,psi0,-0.391696083898091,0.12579990973045008
2000,397,naive,psi1,0.16676470269254273,0.13265642495116922
2000,397,corrected,psi0,0.8499401357347434,0.14522089732818333
2000,397,corrected,psi1,0.691318667135326,0.15232230624394924
2000,398,naive,psi0,-0.2201296616448366,0.1256727991113724
2000,398,naive,psi1,-0.01656901319902917,0.12800870680838916
2000,398,corrected,psi0,1.0835031614954365,0.14728039050658678
2000,398,corrected,psi1,0.4594122826948188,0.1517904383548442
2000,399,naive,psi0,-0.2604063631032831,0.128235742900918
2000,399,naive,psi1,-0.19210222548920056,0.14533964603062044
2000,399,corrected,psi0,0.9892024716784131,0.14966226784112216
2000,399,corrected,psi1,0.283469816619818,0.16731132764363418
2000,400,naive,psi0,-0.07658936755196835,0.131046666729786
2000,400,naive,psi1,0.037288047029717795,0.13449438573056122
2000,400,corrected,psi0,1.2046598610867763,0.15340248257876957
2000,400,corrected,psi1,0.5796832543612015,0.15876896910897967
2000,401,naive,psi0,-0.12231479407118209,0.13215204761603988
2000,401,naive,psi1,-0.17105694132765617,0.14390529538712493
2000,401,corrected,psi0,1.1466954532711082,0.15264865456097815
2000,401,corrected,psi1,0.19783690131098375,0.16663216582169774
2000,402,naive,psi0,-0.23030640971606045,0.13137213098553413
2000,402,naive,psi1,0.11805048977176191,0.13998599046515464
2000,402,corrected,psi0,1.0168907529573117,0.1522989743177752
2000,402,corrected,psi1,0.6558097480328826,0.159626927445493
2000,403,naive,psi0,-0.18442163904289305,0.12513466277217652
2000,403,naive,psi1,-0.21366068069384117,0.1308685172046618
2000,403,corrected,psi0,1.120682669548803,0.14619292911903206
2000,403,corrected,psi1,0.25758667928201123,0.15339192297616216
2000,404,naive,psi0,-0.24443627114094507,0.12837786751278252
2000,404,naive,psi1,-0.005025362535286388,0.13007453282693515
2000,404,corrected,psi0,0.9939805034250978,0.14879685175682664
2000,404,corrected,psi1,0.5255081138235115,0.15131178392084418
2000,405,naive,psi0,-0.26497624640618755,0.12857887872900056
2000,405,naive,psi1,0.025187563678082257,0.1324466198528607
2000,405,corrected,psi0,1.001415701238978,0.14979818010994897
2000,405,corrected,psi1,0.5061154610427215,0.1556835711381296
2000,406,naive,psi0,-0.3671812438754698,0.1253240571848251
2000,406,naive,psi1,-0.011632513069453815,0.121475614005485
2000,406,corrected,psi0,0.8862202038239262,0.14524328857982904
2000,406,corrected,psi1,0.49630223102861837,0.14146602685714948
2000,407,naive,psi0,-0.03163371792431793,0.12969105921884483
2000,407,naive,psi1,0.08453862327703923,0.13600596405419046
2000,407,corrected,psi0,1.280830159753053,0.15178951350171865
2000,407,corrected,psi1,0.5949067973761974,0.1578651193396917
2000,408,naive,psi0,-0.3202932554516426,0.1311915587500026
2000,408,naive,psi1,-0.038017752853259555,0.13752235788214492
2000,408,corrected,psi0,0.9650499032423293,0.15222250588515515
2000,408,corrected,psi1,0.40607198261186417,0.15800092312891204
2000,409,naive,psi0,-0.37014157272675147,0.1241685404428585
2000,409,naive,psi1,0.08480802935414022,0.13671029379287317
2000,409,corrected,psi0,0.9326172246687366,0.1449904696129566
2000,409,corrected,psi1,0.540005182414025,0.16103102216509316
2000,410,naive,psi0,-0.26098877203429266,0.12855240514862554
2000,410,naive,psi1,0.08134903316144733,0.14079508246717276
2000,410,corrected,psi0,0.9981395335653593,0.15025698867636786
2000,410,corrected,psi1,0.5792928738674437,0.16534841991579796
2000,411,naive,psi0,-0.3805304407545257,0.1283432243039981
2000,411,naive,psi1,0.030331980246715302,0.14212249667957952
2000,411,corrected,psi0,0.9137267599769577,0.14822571460426576
2000,411,corrected,psi1,0.49743748702056795,0.1622808592859162
2000,412,naive,psi0,-0.23856064586587739,0.12919740978525027
2000,412,naive,psi1,0.013172073564810911,0.1386682573631505
2000,412,corrected,psi0,1.0345980411893436,0.1493319827996477
2000,412,corrected,psi1,0.6092923099125915,0.16122240647623926
2000,413,naive,psi0,-0.16477359483454773,0.1260324546482593
2000,413,naive,psi1,0.0058894376381622895,0.12966765106156944
2000,413,corrected,psi0,1.1651524290417519,0.14666985776688263
2000,413,corrected,psi1,0.5207883580755346,0.15035904471268305
2000,414,naive,psi0,-0.04703471134430222,0.1287813121946733
2000,414,naive,psi1,-0.20946371548873965,0.1344560523403145
2000,414,corrected,psi0,1.2553497101118896,0.15001585774766812
2000,414,corrected,psi1,0.3096450070914594,0.15668329330712047
2000,415,naive,psi0,-0.14688317287743155,0.12566026293398547
2000,415,naive,psi1,0.22461217118509716,0.13271305684185947
2000,415,corrected,psi0,1.1307603814971317,0.14626989874084492
2000,415,corrected,psi1,0.7279477306389709,0.15274758952532497
2000,416,naive,psi0,-0.3944479800954561,0.1292838396920443
2000,416,naive,psi1,-0.11690324435730153,0.13822493362714386
2000,416,corrected,psi0,0.8755414718741581,0.1510211336010698
2000,416,corrected,psi1,0.3209683219503001,0.1589731132697215
2000,417,naive,psi0,-0.5630454112039254,0.1286621561659733
2000,417,naive,psi1,-0.1729889992097751,0.13831977698496434
2000,417,corrected,psi0,0.6869760138679701,0.14907868484008846
2000,417,corrected,psi1,0.367262601704683,0.16069840182032022
2000,418,naive,psi0,-0.3646908403971079,0.12835319084019312
2000,418,naive,psi1,0.05906164937904756,0.13148591115402733
2000,418,corrected,psi0,0.9631074205129349,0.14964944505538413
2000,418,corrected,psi1,0.49604194551616,0.1508398735848292
2000,419,naive,psi0,-0.34653620624293213,0.1266035066715547
2000,419,naive,psi1,-0.15461942271465226,0.136134718129932
2000,419,corrected,psi0,0.9388409279629618,0.14787295668016456
2000,419,corrected,psi1,0.3090717997778457,0.16034881562720413
2000,420,naive,psi0,-0.42254913100471486,0.12928687210515882
2000,420,naive,psi1,-0.20100359717389668,0.1361165004364232
2000,420,corrected,psi0,0.8422813644301612,0.15129389132057763
2000,420,corrected,psi1,0.24768969994931078,0.15965228405512816
2000,421,naive,psi0,-0.5846577190757506,0.12665467884586504
2000,421,naive,psi1,0.11388345145920958,0.1310071938213402
2000,421,corrected,psi0,0.594039316708759,0.14630862334161296
2000,421,corrected,psi1,0.6124080276362747,0.1503810057934845
2000,422,naive,psi0,-0.184711738878037,0.12710704797948746
2000,422,naive,psi1,-0.04503244912339085,0.1419837732582033
2000,422,corrected,psi0,1.0865174734963476,0.14857623285379185
2000,422,corrected,psi1,0.36690268642993307,0.1628013270370752
2000,423,naive,psi0,-0.18296868524322227,0.12294838592252835
2000,423,naive,psi1,0.05281133611218958,0.12149325623953171
2000,423,corrected,psi0,1.131390785220427,0.1431231221079994
2000,423,corrected,psi1,0.5641554829025455,0.14260622969755887
2000,424,naive,psi0,-0.3170715574867744,0.12709875038655263
2000,424,naive,psi1,-0.026005664405625066,0.12947703829231008
2000,424,corrected,psi0,0.9460017493668358,0.14846333321379812
2000,424,corrected,psi1,0.5656098525751566,0.15274979638287042
2000,425,naive,psi0,-0.11619425866125353,0.1276767538270121
2000,425,naive,psi1,0.0030664442782019816,0.13173301383813588
2000,425,corrected,psi0,1.2063379823598686,0.15002014185348367
2000,425,corrected,psi1,0.5175034830647994,0.15547715434228335
2000,426,naive,psi0,-0.1816212161639617,0.12590822126256723
2000,426,naive,psi1,0.13058429476068797,0.1444999729850788
2000,426,corrected,psi0,1.0755817467625015,0.14588327578346455
2000,426,corrected,psi1,0.6056553694130263,0.16716234443189668
2000,427,naive,psi0,-0.11049198680706676,0.12578855706576075
2000,427,naive,psi1,-0.06801252561958958,0.14135624029517516
2000,427,corrected,psi0,1.2084001763073184,0.14798678843148988
2000,427,corrected,psi1,0.4294453368647195,0.16732845990301345
2000,428,naive,psi0,-0.2761426484744725,0.12523773381714742
2000,428,naive,psi1,0.029923169328972304,0.12360438100215417
2000,428,corrected,psi0,1.0381891653518414,0.14581885399428665
2000,428,corrected,psi1,0.4761092744399216,0.14462788941258176
2000,429,naive,psi0,-0.26613788691969087,0.12423523217514794
2000,429,naive,psi1,0.07524980703752558,0.13077233109549347
2000,429,corrected,psi0,0.9990647459788602,0.14523297255490247
2000,429,corrected,psi1,0.5328221199182301,0.1547411832003966
2000,430,naive,psi0,-0.3370482909264888,0.12613903359680215
2000,430,naive,psi1,-0.2131012398688653,0.13746313574939675
2000,430,corrected,psi0,0.9268476140769984,0.1477659363072746
2000,430,corrected,psi1,0.29051975060237145,0.1621636507311194
2000,431,naive,psi0,-0.4401860861163592,0.1285002612297334
2000,431,naive,psi1,0.03630171743168534,0.12892361793953272
2000,431,corrected,psi0,0.8160228951669292,0.14870138625746976
2000,431,corrected,psi1,0.48905309682734655,0.14717779508554596
2000,432,naive,psi0,-0.4020125976253568,0.13069036474994017
2000,432,naive,psi1,-0.029189181939637043,0.1432053467124842
2000,432,corrected,psi0,0.8849737003102691,0.15366556455420208
2000,432,corrected,psi1,0.4792807850515975,0.16748427367259833
2000,433,naive,psi0,-0.3983729907090692,0.12809788418017284
2000,433,naive,psi1,-0.1930150223201013,0.14085998981298933
2000,433,corrected,psi0,0.8107264833790184,0.14871000065550458
2000,433,corrected,psi1,0.2883901705751112,0.16375277277379122
2000,434,naive,psi0,-0.39433732765605584,0.1291102271110282
2000,434,naive,psi1,0.024566299887381703,0.1460651613653335
2000,434,corrected,psi0,0.8850524524918394,0.15047164131781685
2000,434,corrected,psi1,0.526570731831265,0.167999040221416
2000,435,naive,psi0,-0.15872323740354236,0.12436136295237273
2000,435,naive,psi1,0.15219032356603182,0.11872811357592994
2000,435,corrected,psi0,1.1054914561602778,0.14541209035524283
2000,435,corrected,psi1,0.6996618195394563,0.13835777947884764
2000,436,naive,psi0,-0.497981800804874,0.12722609962760684
2000,436,naive,psi1,-0.04294790326637025,0.1334371471910994
2000,436,corrected,psi0,0.7350419764926892,0.14762746807888397
2000,436,corrected,psi1,0.4590133829121868,0.15360546896311367
2000,437,naive,psi0,-0.32966629058522673,0.12696798282219
2000,437,naive,psi1,0.16659847652705076,0.13872479026583873
2000,437,corrected,psi0,0.9705353331332386,0.1478927600176635
2000,437,corrected,psi1,0.6955932053013875,0.15981235589057413
2000,438,naive,psi0,-0.3698823692489963,0.1263413910776363
2000,438,naive,psi1,-0.067502022124268,0.12917455733935518
2000,438,corrected,psi0,0.9110060517915665,0.14736289198012245
2000,438,corrected,psi1,0.44952366368385205,0.14962944057499036
2000,439,naive,psi0,-0.29087526381067885,0.13003682327952082
2000,439,naive,psi1,-0.05277710136569218,0.13091608437806285
2000,439,corrected,psi0,0.9655227428292066,0.15171277343520503
2000,439,corrected,psi1,0.49384888227940094,0.15348985845048438
2000,440,naive,psi0,-0.4669546579217762,0.1335698491949979
2000,440,naive,psi1,-0.15692377783620276,0.14718737069126084
2000,440,corrected,psi0,0.7702505409750213,0.15432987759748878
2000,440,corrected,psi1,0.3071161195375729,0.17045255726943775
2000,441,naive,psi0,-0.14058553535169643,0.13037652307312197
2000,441,naive,psi1,-0.010083838851036838,0.14217152224176038
2000,441,corrected,psi0,1.135421913873359,0.1500369984023191
2000,441,corrected,psi1,0.488843501809204,0.16341474384772503
2000,442,naive,psi0,-0.4345858668395049,0.12615003068023953
2000,442,naive,psi1,-0.034505386852159106,0.13181667040378148
2000,442,corrected,psi0,0.8216433155160717,0.14631745880341013
2000,442,corrected,psi1,0.4167746228186578,0.15324106483171293
2000,443,naive,psi0,-0.33341560741840126,0.12592547029399326
2000,443,naive,psi1,-0.07535599218481752,0.1250848504018257
2000,443,corrected,psi0,0.9374047692011964,0.14713635694492935
2000,443,corrected,psi1,0.3931416682540811,0.14612619513947614
2000,444,naive,psi0,-0.25161011870226513,0.12617599100141141
2000,444,naive,psi1,-0.04859614267812482,0.12334875329261584
2000,444,corrected,psi0,1.0269886125323016,0.14712413700293042
2000,444,corrected,psi1,0.4728851862281775,0.14338991573496482
2000,445,naive,psi0,-0.27836697790690784,0.12803195795223832
2000,445,naive,psi1,-0.20261582902330763,0.13437972244767424
2000,445,corrected,psi0,1.0126428557485838,0.14856001357592394
2000,445,corrected,psi1,0.23300089481528682,0.15710468774601632
2000,446,naive,psi0,-0.4478422140321857,0.1242222838308618
2000,446,naive,psi1,0.1390026090049426,0.14216779775092692
2000,446,corrected,psi0,0.8091285863885889,0.14429435598136672
2000,446,corrected,psi1,0.6521045153695408,0.1649611792158045
2000,447,naive,psi0,-0.19450472673296093,0.12769853979495255
2000,447,naive,psi1,-0.001973011702926884,0.1431684784056763
2000,447,corrected,psi0,1.0404204594012565,0.14870694543945595
2000,447,corrected,psi1,0.531818105079649,0.1662437476729028
2000,448,naive,psi0,-0.36519588565964045,0.1280973680121262
2000,448,naive,psi1,-0.3065621622960924,0.12325434787997937
2000,448,corrected,psi0,0.8981741070595898,0.14811027502702231
2000,448,corrected,psi1,0.1908343979006215,0.14193672003006047
2000,449,naive,psi0,-0.17415088791979652,0.12150368132201617
2000,449,naive,psi1,-0.1893308664640479,0.12411757869816663
2000,449,corrected,psi0,1.04044851228124,0.14117183946657239
2000,449,corrected,psi1,0.24830283895771307,0.14397853057640125
2000,450,naive,psi0,-0.24932056895854773,0.125440198730097
2000,450,naive,psi1,0.12422203617452002,0.13182684427391844
2000,450,corrected,psi0,1.0147456460700375,0.1448725419783209
2000,450,corrected,psi1,0.5995334009447856,0.15476798781581155
2000,451,naive,psi0,-0.4646717799931056,0.127885146400419
2000,451,naive,psi1,0.10040935528661135,0.1332959832020896
2000,451,corrected,psi0,0.7728489926239012,0.14833341680028547
2000,451,corrected,psi1,0.5528827588413742,0.15388630505562953
2000,452,naive,psi0,-0.23830416445911212,0.12774216606016262
2000,452,naive,psi1,-0.18691936169873677,0.1358486483616131
2000,452,corrected,psi0,1.029619986301416,0.14861630801578085
2000,452,corrected,psi1,0.29105447641520166,0.15808469426966273
2000,453,naive,psi0,0.046203015685241856,0.12700259508919579
2000,453,naive,psi1,-0.3492686526774206,0.13269242577598686
2000,453,corrected,psi0,1.3981763920462806,0.14686056102771233
2000,453,corrected,psi1,0.08997735879907681,0.15658027921884868
2000,454,naive,psi0,-0.369771508089539,0.13036846079898415
2000,454,naive,psi1,-0.1038866842021731,0.13468329112707506
2000,454,corrected,psi0,0.9014690790572067,0.15134446023630008
2000,454,corrected,psi1,0.4275710965893042,0.15674450137464488
2000,455,naive,psi0,-0.4215051080443558,0.13509049755932304
2000,455,naive,psi1,0.0409827790762228,0.14166581793976876
2000,455,corrected,psi0,0.7938541917825161,0.15655810016690735
2000,455,corrected,psi1,0.6218744052426083,0.16167072027383791
2000,456,naive,psi0,-0.3095378244612362,0.12814107313031645
2000,456,naive,psi1,0.1075334854122786,0.13395609320721677
2000,456,corrected,psi0,0.9600081635796672,0.1498009633241119
2000,456,corrected,psi1,0.5996203180973592,0.15605686970035737
2000,457,naive,psi0,-0.03451143699876303,0.12632239040732274
2000,457,naive,psi1,-0.0874832036428045,0.12911428841560244
2000,457,corrected,psi0,1.2413971866880185,0.14843303116071024
2000,457,corrected,psi1,0.3886611308559273,0.15172010020330054
2000,458,naive,psi0,-0.24193323669724895,0.13496323978711808
2000,458,naive,psi1,0.21896143167052964,0.16528760843122198
2000,458,corrected,psi0,1.0500750782758692,0.15543468257666523
2000,458,corrected,psi1,0.8133150783258167,0.18709255853279005
2000,459,naive,psi0,-0.10977925852799311,0.12674741677921522
2000,459,naive,psi1,-0.06311130161206162,0.13986132447499425
2000,459,corrected,psi0,1.2304580242287977,0.14613736847160638
2000,459,corrected,psi1,0.35792743409279,0.16201662440949868
2000,460,naive,psi0,9.50243338626127e-05,0.12923277346691261
2000,460,naive,psi1,-0.2369756505134695,0.12834125626656231
2000,460,corrected,psi0,1.3092532344078223,0.14956887257031798
2000,460,corrected,psi1,0.24184769101655226,0.14786268787536627
2000,461,naive,psi0,-0.31676278017311427,0.1296972397592032
2000,461,naive,psi1,0.08090950244061361,0.1339483299820707
2000,461,corrected,psi0,0.992409640068874,0.14972775307579872
2000,461,corrected,psi1,0.5974700156505346,0.15641863709313297
2000,462,naive,psi0,-0.18492988408224673,0.12634279821584996
2000,462,naive,psi1,0.014314169814947241,0.12684873520692214
2000,462,corrected,psi0,1.037632447592694,0.14683655839905563
2000,462,corrected,psi1,0.5554728974991766,0.14824803947200568
2000,463,naive,psi0,-0.15916496813478428,0.12672339771938587
2000,463,naive,psi1,0.07424348990923256,0.13091197182866193
2000,463,corrected,psi0,1.1479156089617077,0.14916424885942928
2000,463,corrected,psi1,0.6111409313690109,0.1551279584394237
2000,464,naive,psi0,-0.03029101004999441,0.12685140122234778
2000,464,naive,psi1,0.187481404957173,0.12850345288237197
2000,464,corrected,psi0,1.269305256223481,0.147141374767358
2000,464,corrected,psi1,0.7730093613580991,0.14544292296573275
2000,465,naive,psi0,-0.21657877347353402,0.1240205727638718
2000,465,naive,psi1,0.08069004145692409,0.13019286077792308
2000,465,corrected,psi0,1.0329374831681968,0.14550767707299025
2000,465,corrected,psi1,0.5920223986907821,0.15411961758583076
2000,466,naive,psi0,-0.21785532971530783,0.1271633659411359
2000,466,naive,psi1,0.14422377682378273,0.12863123788896139
2000,466,corrected,psi0,1.0166582243051434,0.14932206290706157
2000,466,corrected,psi1,0.6506748730268093,0.15147409995358535
2000,467,naive,psi0,-0.27639057326429656,0.12990513290025282
2000,467,naive,psi1,-0.10750926435854183,0.14008620081683837
2000,467,corrected,psi0,1.0020376682990861,0.15242706683536747
2000,467,corrected,psi1,0.37117905945248403,0.16770487105834572
2000,468,naive,psi0,-0.34717392679336123,0.12469265361376973
2000,468,naive,psi1,0.034401956473658374,0.14203910361264982
2000,468,corrected,psi0,0.9368119657418577,0.14462837220494643
2000,468,corrected,psi1,0.5474006866130062,0.16623171294264324
2000,469,naive,psi0,-0.3031497516203799,0.12742493602058222
2000,469,naive,psi1,-0.14798970941348388,0.13590352431818598
2000,469,corrected,psi0,0.9730401728006818,0.1479853276252884
2000,469,corrected,psi1,0.30829686254815575,0.1593814629526099
2000,470,naive,psi0,-0.08433324661561978,0.12864369799810482
2000,470,naive,psi1,0.002685417000398455,0.13205488637997975
2000,470,corrected,psi0,1.1798837082329388,0.1503352680837589
2000,470,corrected,psi1,0.512299797791148,0.15844242058776725
2000,471,naive,psi0,-0.4915157264071727,0.127853370933883
2000,471,naive,psi1,-0.22348989660713772,0.13153618102081144
2000,471,corrected,psi0,0.7480961982245525,0.14727768949730277
2000,471,corrected,psi1,0.2179083036891085,0.15117800314810967
2000,472,naive,psi0,-0.1996516553817352,0.12138711522858497
2000,472,naive,psi1,0.12779970862961393,0.12550740783480524
2000,472,corrected,psi0,1.0658389584869292,0.141364298084937
2000,472,corrected,psi1,0.6941895233633653,0.14719373896443147
2000,473,naive,psi0,-0.31171292769994813,0.1266835885780353
2000,473,naive,psi1,0.20642972725420414,0.13407162537598102
2000,473,corrected,psi0,0.9255361625340058,0.14666918918074762
2000,473,corrected,psi1,0.7234941202365099,0.15605259599614765
2000,474,naive,psi0,-0.39887855012272166,0.12758255621149517
2000,474,naive,psi1,0.05461067304072938,0.13705164861598604
2000,474,corrected,psi0,0.8535411943029216,0.14838882473899404
2000,474,corrected,psi1,0.5241868928538258,0.15908780311813678
2000,475,naive,psi0,-0.050298475898169,0.1237205367497004
2000,475,naive,psi1,-0.07462366859344122,0.1356809622012922
2000,475,corrected,psi0,1.2996648871650192,0.14398135856216893
2000,475,corrected,psi1,0.42888704386836707,0.15761335581576433
2000,476,naive,psi0,-0.20937960527014812,0.12992616255181097
2000,476,naive,psi1,-0.09716010395995132,0.1370795015397726
2000,476,corrected,psi0,1.032692793058755,0.15221232986924985
2000,476,corrected,psi1,0.3899886777889079,0.1620300421733232
2000,477,naive,psi0,-0.3491196184769362,0.12824534577557528
2000,477,naive,psi1,0.04359561959075323,0.12600490659952687
2000,477,corrected,psi0,0.9700724199013018,0.14800854507960393
2000,477,corrected,psi1,0.5433934056111317,0.14486818956060085
2000,478,naive,psi0,-0.4931655036709146,0.12834692289368826
2000,478,naive,psi1,0.17122729969229783,0.13695038677522836
2000,478,corrected,psi0,0.80767288515245,0.1499994530153751
2000,478,corrected,psi1,0.6522321215841854,0.1583441599190646
2000,479,naive,psi0,-0.12703185978381784,0.12727188135181822
2000,479,naive,psi1,-0.00802453285662574,0.1383195903346817
2000,479,corrected,psi0,1.204905910502851,0.14838887851326932
2000,479,corrected,psi1,0.5125853229728635,0.16133409499762172
2000,480,naive,psi0,-0.3022337058927366,0.1307218619999467
2000,480,naive,psi1,0.07352447192862616,0.1396132697626921
2000,480,corrected,psi0,1.0305158662654137,0.15141237082970202
2000,480,corrected,psi1,0.5466943246914964,0.16155202338387156
2000,481,naive,psi0,-0.22012152419247452,0.1285174680683193
2000,481,naive,psi1,0.4579158761969053,0.14064121462043505
2000,481,corrected,psi0,1.0715975282701269,0.1491448328290646
2000,481,corrected,psi1,0.9650793806359496,0.1620145757520262
2000,482,naive,psi0,-0.20165018211635172,0.1310854766001971
2000,482,naive,psi1,-0.006136705466093082,0.1453328648767295
2000,482,corrected,psi0,1.025409053711768,0.15227059583443958
2000,482,corrected,psi1,0.5483484784453733,0.1694201823789513
2000,483,naive,psi0,-0.2677404937490987,0.12910693122081415
2000,483,naive,psi1,-0.16984211248656653,0.12887483525638058
2000,483,corrected,psi0,1.0094026049194342,0.15001908521400703
2000,483,corrected,psi1,0.3071233151061282,0.1491872956984818
2000,484,naive,psi0,-0.2348848057379822,0.1294740049352297
2000,484,naive,psi1,-0.08348920227539208,0.13203357063710958
2000,484,corrected,psi0,1.045502574353607,0.15010925302369738
2000,484,corrected,psi1,0.39621566247885154,0.1520635691873848
2000,485,naive,psi0,-0.21090064710758433,0.12605301892735515
2000,485,naive,psi1,-0.12057941987531294,0.13136245673868596
2000,485,corrected,psi0,1.0762907608689367,0.14566177257453772
2000,485,corrected,psi1,0.31654641593571653,0.1528653159778427
2000,486,naive,psi0,-0.40366509145343743,0.12631421659919292
2000,486,naive,psi1,0.011314674198474352,0.13879012641636698
2000,486,corrected,psi0,0.7799936487378543,0.14622503059266517
2000,486,corrected,psi1,0.48061882288219804,0.15917798518877016
2000,487,naive,psi0,-0.02549732697861745,0.12535836473381426
2000,487,naive,psi1,-0.23176273153373173,0.13789372022682642
2000,487,corrected,psi0,1.2815000656994433,0.1450532154008903
2000,487,corrected,psi1,0.2506514639685554,0.16362879326101426
2000,488,naive,psi0,-0.23860743110039911,0.12846787747693672
2000,488,naive,psi1,-0.05945730768221071,0.12891928159403188
2000,488,corrected,psi0,1.0620280347006412,0.15008302617787012
2000,488,corrected,psi1,0.38897477789484886,0.14965208872448385
2000,489,naive,psi0,-0.22085625406793216,0.12184191083938083
2000,489,naive,psi1,0.004758638757590569,0.11999489006021612
2000,489,corrected,psi0,1.0278070635705536,0.14366981516031951
2000,489,corrected,psi1,0.5330537504859951,0.14298492010225441
2000,490,naive,psi0,-0.047702363279275205,0.13033112877387495
2000,490,naive,psi1,0.09964811649768361,0.13834181117618438
2000,490,corrected,psi0,1.2065516323814287,0.1516556991649461
2000,490,corrected,psi1,0.6398491422494306,0.15827363384127724
2000,491,naive,psi0,-0.25369364059512406,0.12719895153549787
2000,491,naive,psi1,-0.10395700261119914,0.12914824365092203
2000,491,corrected,psi0,1.0379607892055065,0.14785421748293773
2000,491,corrected,psi1,0.41318608444955673,0.1510877717000415
2000,492,naive,psi0,-0.10130734725756417,0.1268215665316844
2000,492,naive,psi1,0.10874728107525491,0.1322447656960797
2000,492,corrected,psi0,1.128155004187298,0.14910414739936342
2000,492,corrected,psi1,0.6513906167704128,0.1543938451085945
2000,493,naive,psi0,-0.3422546343171262,0.1290599905128267
2000,493,naive,psi1,0.08708884549175475,0.14034126495193808
2000,493,corrected,psi0,0.9742687398437206,0.15052959160102786
2000,493,corrected,psi1,0.6107428081332356,0.16551054695200348
2000,494,naive,psi0,-0.17961242309388595,0.12780035152977512
2000,494,naive,psi1,0.02622425638693602,0.1295314331414576
2000,494,corrected,psi0,1.1707176803733164,0.14822431347811257
2000,494,corrected,psi1,0.5205631715252855,0.15163414598427036
2000,495,naive,psi0,-0.3678831161747458,0.1263421665813537
2000,495,naive,psi1,0.05637376180792212,0.1237762882946249
2000,495,corrected,psi0,0.9502912124660379,0.14653551141000465
2000,495,corrected,psi1,0.6037757742456449,0.1432216312835514
2000,496,naive,psi0,-0.2269613516592105,0.12709425672206393
2000,496,naive,psi1,0.21224103399405087,0.14182956015016723
2000,496,corrected,psi0,1.0302946610108443,0.14866382342412418
2000,496,corrected,psi1,0.7551390479452645,0.1641144545278702
2000,497,naive,psi0,-0.2755061102453757,0.12614973094656842
2000,497,naive,psi1,0.0708730970338258,0.13332747801588174
2000,497,corrected,psi0,0.9681108535484586,0.14897302046930888
2000,497,corrected,psi1,0.5247349778232661,0.15512825513361525
2000,498,naive,psi0,-0.18220016164193625,0.12518783597524233
2000,498,naive,psi1,0.07101422027511604,0.127336232881413
2000,498,corrected,psi0,1.044597995059529,0.14599415121992387
2000,498,corrected,psi1,0.6116821381944207,0.14786162993655882
2000,499,naive,psi0,-0.14871547252554823,0.12895724377087434
2000,499,naive,psi1,0.04140968484372152,0.14116398358163695
2000,499,corrected,psi0,1.0942242195060599,0.15065445074542042
2000,499,corrected,psi1,0.496140263827809,0.16509865982141117
2000,500,naive,psi0,-0.2388450125922802,0.12915754277198738
2000,500,naive,psi1,-0.06382657201971532,0.12614282934142976
2000,500,corrected,psi0,1.0699335037999056,0.14993620648544487
2000,500,corrected,psi1,0.46841051176765147,0.14705943243289418
2000,501,naive,psi0,-0.33523721001753015,0.1261752242859083
2000,501,naive,psi1,0.005597895479166603,0.13636364772770182
2000,501,corrected,psi0,0.9392936789491526,0.14760790883745672
2000,501,corrected,psi1,0.46757613528576936,0.16267644053322794
2000,502,naive,psi0,-0.45550499236653935,0.13167540360544058
2000,502,naive,psi1,0.14156672221631894,0.14419750375790796
2000,502,corrected,psi0,0.7210502018333835,0.15330329366717063
2000,502,corrected,psi1,0.652123093432429,0.16869569439470058
2000,503,naive,psi0,-0.2296736510308312,0.1254083986501582
2000,503,naive,psi1,0.11137153621634892,0.13907790731288794
2000,503,corrected,psi0,1.0828492634088056,0.14742898679098854
2000,503,corrected,psi1,0.5854480006429604,0.1604547134650349
2000,504,naive,psi0,-0.2937240248139609,0.12392524550653998
2000,504,naive,psi1,0.17784141642479404,0.13335869034988296
2000,504,corrected,psi0,0.9888338322818684,0.1438662046780708
2000,504,corrected,psi1,0.6767474360103376,0.1540038980700085
2000,505,naive,psi0,-0.2178969085252364,0.12578463853010582
2000,505,naive,psi1,0.3285170422802026,0.13936140805917574
2000,505,corrected,psi0,1.0468266369957975,0.14690720521146347
2000,505,corrected,psi1,0.8635220610922535,0.163467649750252
2000,506,naive,psi0,-0.208780199855312,0.1270078993501599
2000,506,naive,psi1,-0.11339192370657525,0.13173851264848233
2000,506,corrected,psi0,1.0902145995322885,0.14759027245279552
2000,506,corrected,psi1,0.3283732935046503,0.15392886104685247
2000,507,naive,psi0,-0.1385805370106554,0.127896527933227
2000,507,naive,psi1,0.18842691383726098,0.12761315428128103
2000,507,corrected,psi0,1.1998057329172,0.14840051035778667
2000,507,corrected,psi1,0.6473582529494575,0.14721802137180567
2000,508,naive,psi0,-0.08301794621682465,0.13319216071673412
2000,508,naive,psi1,-0.04955010104977814,0.13982676314473033
2000,508,corrected,psi0,1.2069686700697972,0.15491435179866211
2000,508,corrected,psi1,0.4250744126751178,0.1634107889077942
2000,509,naive,psi0,-0.29672877153331395,0.12972964842022283
2000,509,naive,psi1,0.22019945874600363,0.13502857736365526
2000,509,corrected,psi0,0.9564508084870514,0.1514694147113701
2000,509,corrected,psi1,0.7364162857738183,0.15670677045613807
2000,510,naive,psi0,-0.4502416352207379,0.12700561216024736
2000,510,naive,psi1,0.2500846729748292,0.1422622496678773
2000,510,corrected,psi0,0.761467610349827,0.14801713166955943
2000,510,corrected,psi1,0.7388219615315132,0.16456848290068243
2000,511,naive,psi0,-0.4238929740249518,0.12916743733931313
2000,511,naive,psi1,0.0463462431649124,0.12877070299104507
2000,511,corrected,psi0,0.8415374875797986,0.1502516065121351
2000,511,corrected,psi1,0.5677176624586889,0.14784775451387916
2000,512,naive,psi0,-0.05730426243527037,0.1288014789266316
2000,512,naive,psi1,-0.09265616322332607,0.13102219690457498
2000,512,corrected,psi0,1.2795588915842717,0.1503899925324122
2000,512,corrected,psi1,0.3692622459239924,0.15149464693193265
2000,513,naive,psi0,-0.599815474055358,0.1282673698516008
2000,513,naive,psi1,0.2594182745342048,0.15140291310929954
2000,513,corrected,psi0,0.6492331755351203,0.15009147977021728
2000,513,corrected,psi1,0.7931415537645445,0.1781702654171164
2000,514,naive,psi0,-0.3207825183945245,0.12813060953392424
2000,514,naive,psi1,0.0011145662786886208,0.13201540461409966
2000,514,corrected,psi0,0.9433619075413122,0.1495109070525682
2000,514,corrected,psi1,0.5075684345788413,0.153491792692603
2000,515,naive,psi0,-0.06799466804717837,0.12322815344337765
2000,515,naive,psi1,-0.14062916687273375,0.13120151626124227
2000,515,corrected,psi0,1.235593099594391,0.14274279756624553
2000,515,corrected,psi1,0.37036891418110085,0.15303526533815193
2000,516,naive,psi0,-0.35750526769765445,0.12389980902759723
2000,516,naive,psi1,-0.07660111153505945,0.13175813245469892
2000,516,corrected,psi0,0.8811410940051595,0.14492304182067858
2000,516,corrected,psi1,0.4299735033866185,0.1559847252895797
2000,517,naive,psi0,-0.4446419284410724,0.12518478435334138
2000,517,naive,psi1,0.0950636184903451,0.12918290529137186
2000,517,corrected,psi0,0.8081544761915187,0.1450237266503307
2000,517,corrected,psi1,0.5858024032723761,0.15103005992512736
2000,518,naive,psi0,-0.3134251172507153,0.12819912873528003
2000,518,naive,psi1,0.15292900702753343,0.1419392344820018
2000,518,corrected,psi0,0.9306237699839921,0.1493817281143012
2000,518,corrected,psi1,0.6694114946303353,0.16422630333611482
2000,519,naive,psi0,-0.3499863993170202,0.12618157027178975
2000,519,naive,psi1,0.22593467314022964,0.14329669052470428
2000,519,corrected,psi0,0.9033281282612703,0.14683404946204703
2000,519,corrected,psi1,0.7193239405501454,0.16490329367804762
2000,520,naive,psi0,-0.3132127547856929,0.12657872201379944
2000,520,naive,psi1,-0.19085212804942678,0.1257506282198797
2000,520,corrected,psi0,0.9924510067138277,0.14723700802141806
2000,520,corrected,psi1,0.3046230187268654,0.14590992473859693
2000,521,naive,psi0,-0.27000582417352925,0.12502612727789003
2000,521,naive,psi1,-0.15663666842383037,0.14813502994422958
2000,521,corrected,psi0,1.0336635424119407,0.14653480664582216
2000,521,corrected,psi1,0.32453048336496404,0.17466809688758567
2000,522,naive,psi0,-0.2703494815194262,0.1267271262110708
2000,522,naive,psi1,-0.06993511094193833,0.13638594865453493
2000,522,corrected,psi0,1.0355437348734962,0.1472726507842483
2000,522,corrected,psi1,0.4267682530210677,0.15890537390468693
2000,523,naive,psi0,-0.2717821119030019,0.12829617062512136
2000,523,naive,psi1,0.056472729409463504,0.13652959298742254
2000,523,corrected,psi0,0.9927575747154579,0.14981675443325423
2000,523,corrected,psi1,0.5971682237882175,0.16080646712227173
2000,524,naive,psi0,0.13127869342939694,0.12845765619063682
2000,524,naive,psi1,-0.02221766622524269,0.1330335164744475
2000,524,corrected,psi0,1.4616175602101307,0.14966024682940895
2000,524,corrected,psi1,0.42717989867082634,0.1565252694285559
2000,525,naive,psi0,-0.1682541010514171,0.1264205362138445
2000,525,naive,psi1,0.07234848128408455,0.13121784919668308
2000,525,corrected,psi0,1.1134840619220834,0.14647824808893467
2000,525,corrected,psi1,0.525834750067951,0.15039163264805427
2000,526,naive,psi0,-0.5255810086653971,0.12953637090501985
2000,526,naive,psi1,-0.030352458259151924,0.14310821529383894
2000,526,corrected,psi0,0.7298630302782053,0.15147502897470358
2000,526,corrected,psi1,0.4467130271448658,0.16653941303312148
2000,527,naive,psi0,-0.47817200001984467,0.12402443422607468
2000,527,naive,psi1,-0.006792947734431057,0.1304625967296227
2000,527,corrected,psi0,0.7780816801169649,0.14278592460272665
2000,527,corrected,psi1,0.47654640852219254,0.15099068872942228
2000,528,naive,psi0,-0.2897204349169618,0.1296467987987962
2000,528,naive,psi1,-0.1324597653816103,0.13508643965320397
2000,528,corrected,psi0,0.995223384025059,0.15136805911136103
2000,528,corrected,psi1,0.32565283309445947,0.15780067274099385
2000,529,naive,psi0,-0.1667179598346524,0.1241359100902336
2000,529,naive,psi1,0.08702501967611449,0.13329420125496252
2000,529,corrected,psi0,1.1415642242071236,0.14481494242531792
2000,529,corrected,psi1,0.6870998214359693,0.15848092895449625
2000,530,naive,psi0,-0.37447104799946146,0.12495816675091637
2000,530,naive,psi1,-0.05539625841765715,0.12590110692992498
2000,530,corrected,psi0,0.8826520589451837,0.14465827361038902
2000,530,corrected,psi1,0.43230464786851436,0.14609326344648702
2000,531,naive,psi0,-0.37233403498231776,0.1272517094362466
2000,531,naive,psi1,-0.1693687625693719,0.13526184684067508
2000,531,corrected,psi0,0.9077407994512867,0.14605774257140722
2000,531,corrected,psi1,0.32932598289111653,0.15589155396090768
2000,532,naive,psi0,-0.4510241726825982,0.12744004101053075
2000,532,naive,psi1,0.09875338393142104,0.1388041567333693
2000,532,corrected,psi0,0.8102642110710844,0.14872824989607242
2000,532,corrected,psi1,0.5725349221385687,0.16209769383172237
2000,533,naive,psi0,-0.3078384011147013,0.12500311910379103
2000,533,naive,psi1,-0.278455396664388,0.13367985908570973
2000,533,corrected,psi0,0.933868326836977,0.14473686959727317
2000,533,corrected,psi1,0.2126342371039885,0.1544381640904061
2000,534,naive,psi0,-0.2485158570407611,0.12639675288359767
2000,534,naive,psi1,-0.09549043741276744,0.12828353880291224
2000,534,corrected,psi0,1.0473655225493743,0.1481236096873547
2000,534,corrected,psi1,0.32802270328654715,0.148001413733452
2000,535,naive,psi0,-0.36162918560789054,0.12229109999365526
2000,535,naive,psi1,0.020009884502779646,0.12300021263916724
2000,535,corrected,psi0,0.9211100278293347,0.14221427220132438
2000,535,corrected,psi1,0.5173529784211418,0.14214452675299527
2000,536,naive,psi0,-0.19643065461675818,0.12736227374275577
2000,536,naive,psi1,-0.20489300815745826,0.13502449207472692
2000,536,corrected,psi0,1.094657357466398,0.14781773275974563
2000,536,corrected,psi1,0.24528848502537762,0.15839393961205878
2000,537,naive,psi0,-0.2306417677027579,0.12876215332203172
2000,537,naive,psi1,-0.29741512814892096,0.13068313501861975
2000,537,corrected,psi0,1.0733456874355851,0.14925510218061755
2000,537,corrected,psi1,0.19742790782555994,0.1536473412925197
2000,538,naive,psi0,-0.33604861007940845,0.12509195817992502
2000,538,naive,psi1,0.12636819676514052,0.12928093367374283
2000,538,corrected,psi0,0.8948380112153898,0.14645989034864504
2000,538,corrected,psi1,0.6796409076090156,0.15139870624357912
2000,539,naive,psi0,-0.5949748971246073,0.12588514060635822
2000,539,naive,psi1,-0.05137799641597376,0.13108589919785354
2000,539,corrected,psi0,0.6979356714245735,0.14586825788757524
2000,539,corrected,psi1,0.5036845584668056,0.15070996885737414
2000,540,naive,psi0,-0.5116570288504055,0.127892949737898
2000,540,naive,psi1,0.15594125573733586,0.13429147654126877
2000,540,corrected,psi0,0.7242240475018789,0.14886562465121994
2000,540,corrected,psi1,0.6608789011893755,0.15728496162370265
2000,541,naive,psi0,-0.1847873773410854,0.12592302213273243
2000,541,naive,psi1,0.056066521481128985,0.12323529450359107
2000,541,corrected,psi0,1.1172849646965195,0.14840968513737407
2000,541,corrected,psi1,0.5534973730035059,0.1438621845650239
2000,542,naive,psi0,-0.26128737084334136,0.13001917601177507
2000,542,naive,psi1,0.06907924837397789,0.14234086989297456
2000,542,corrected,psi0,0.990645360987743,0.1514172226890025
2000,542,corrected,psi1,0.5774363501964245,0.16713586698302194
2000,543,naive,psi0,-0.5491271661582287,0.13245195624154513
2000,543,naive,psi1,-0.13186329953247836,0.13923307040161526
2000,543,corrected,psi0,0.7095398840868792,0.15430962027654643
2000,543,corrected,psi1,0.3311417241016472,0.16195291812102205
2000,544,naive,psi0,-0.035678902473180174,0.12747315327143469
2000,544,naive,psi1,-0.11944838262266709,0.13900262554668738
2000,544,corrected,psi0,1.2764422941989364,0.14856747092962427
2000,544,corrected,psi1,0.4436192273443138,0.16290133567246526
2000,545,naive,psi0,-0.028314347744013736,0.12516481298329837
2000,545,naive,psi1,-0.06638898931609134,0.13089327909472911
2000,545,corrected,psi0,1.2393183371055108,0.14542555924515582
2000,545,corrected,psi1,0.4118403108685945,0.15241610851650453
2000,546,naive,psi0,-0.48147427861206343,0.1256473285739105
2000,546,naive,psi1,-0.0714099635098922,0.12964129152892545
2000,546,corrected,psi0,0.8033337061911734,0.14531795948715742
2000,546,corrected,psi1,0.41155373204102697,0.1500564585214505
2000,547,naive,psi0,-0.038293610181924974,0.12516370446750796
2000,547,naive,psi1,0.18234762299213722,0.12463715705923462
2000,547,corrected,psi0,1.2983252021863947,0.14541822509266342
2000,547,corrected,psi1,0.7214088579916436,0.14618146867134288
2000,548,naive,psi0,-0.4060829911408422,0.1282747142518231
2000,548,naive,psi1,0.11482449023663614,0.13774514486616574
2000,548,corrected,psi0,0.8366942861890975,0.14907450763637378
2000,548,corrected,psi1,0.6222827350977097,0.1586641384151433
2000,549,naive,psi0,-0.20371599991584366,0.12971536483584573
2000,549,naive,psi1,0.1212828115761358,0.13487551153316193
2000,549,corrected,psi0,1.0815394395920432,0.15011881327224905
2000,549,corrected,psi1,0.6582691690966619,0.1611263488437013
2000,550,naive,psi0,-0.22443259109616845,0.1264497671508749
2000,550,naive,psi1,-0.0005854083602041751,0.1271326928870681
2000,550,corrected,psi0,1.0168466368369864,0.147564043075499
2000,550,corrected,psi1,0.4999983853876855,0.1480628207619246
2000,551,naive,psi0,-0.3283619625795508,0.12635573039457562
2000,551,naive,psi1,-0.17267011741503308,0.12158276394348291
2000,551,corrected,psi0,0.9759805966898187,0.146338300193692
2000,551,corrected,psi1,0.334699511489347,0.139842398357737
2000,552,naive,psi0,-0.29965077805750157,0.12439569488284108
2000,552,naive,psi1,0.15064678199137316,0.1349252730591901
2000,552,corrected,psi0,0.8895889801093579,0.1467561150165203
2000,552,corrected,psi1,0.6432896891623939,0.16110948179242493
2000,553,naive,psi0,-0.23141499710854205,0.12884260396743963
2000,553,naive,psi1,0.1282746252663427,0.12797610149849564
2000,553,corrected,psi0,1.069094654833881,0.14961456274396867
2000,553,corrected,psi1,0.6622646142129603,0.14859140693346706
2000,554,naive,psi0,-0.39535410248371916,0.12522892626301435
2000,554,naive,psi1,-0.2014389901425483,0.131894370302522
2000,554,corrected,psi0,0.8376581212049118,0.14815499163658352
2000,554,corrected,psi1,0.21512321798513986,0.15182673820039583
2000,555,naive,psi0,-0.16133551892068163,0.12931090865846945
2000,555,naive,psi1,0.06293461300111267,0.14131121920251538
2000,555,corrected,psi0,1.1700692021343417,0.15025569542782966
2000,555,corrected,psi1,0.6389645275486725,0.16530483043472627
2000,556,naive,psi0,-0.2720310531383765,0.12354499206595626
2000,556,naive,psi1,-0.0006871165840433378,0.1197232483671081
2000,556,corrected,psi0,0.9586290711000295,0.14476010431479322
2000,556,corrected,psi1,0.5356020245669847,0.14235320250914174
2000,557,naive,psi0,-0.33535989154782236,0.12857336051804819
2000,557,naive,psi1,-0.15498056204935964,0.14189174357963244
2000,557,corrected,psi0,0.9558843408187354,0.14990469493504535
2000,557,corrected,psi1,0.34258869823882293,0.1648691470345654
2000,558,naive,psi0,-0.11387428339461815,0.13176916179556553
2000,558,naive,psi1,-0.1695307445694137,0.14184196591951703
2000,558,corrected,psi0,1.1873612315956823,0.15310805774337768
2000,558,corrected,psi1,0.25108924095013463,0.16511306824634223
2000,559,naive,psi0,-0.055557937354268436,0.13035491385048306
2000,559,naive,psi1,-0.2939131304549335,0.14884291660917093
2000,559,corrected,psi0,1.2880411993866812,0.15198501342213305
2000,559,corrected,psi1,0.17715836880550792,0.17334836473504434
2000,560,naive,psi0,-0.3835257039881396,0.12609196586151697
2000,560,naive,psi1,0.20347512464903467,0.13644050537666047
2000,560,corrected,psi0,0.8870851963666258,0.1455586136603246
2000,560,corrected,psi1,0.746229961393866,0.15656399678867552
2000,561,naive,psi0,-0.37900094398193873,0.12870753771807011
2000,561,naive,psi1,-0.28413538125016385,0.13401519854457206
2000,561,corrected,psi0,0.9024225146878676,0.14937946070287847
2000,561,corrected,psi1,0.1644488114662235,0.1554007318765449
2000,562,naive,psi0,-0.1037714111286403,0.1273952943224072
2000,562,naive,psi1,-0.05944847402826654,0.13348615855695717
2000,562,corrected,psi0,1.2057627989235162,0.15004648522092873
2000,562,corrected,psi1,0.4329182370025514,0.16051005529394352
2000,563,naive,psi0,-0.29278066484123316,0.12567173103840049
2000,563,naive,psi1,-0.015781313104886913,0.12826480292060255
2000,563,corrected,psi0,1.0408461743250834,0.1478081386797044
2000,563,corrected,psi1,0.4635288144803557,0.15129598181255252
2000,564,naive,psi0,-0.36632066440735017,0.12816164130155955
2000,564,naive,psi1,-0.04608327613589363,0.13401048841122534
2000,564,corrected,psi0,0.9267366052778861,0.15027040124323968
2000,564,corrected,psi1,0.3926077187245415,0.15637257309893376
2000,565,naive,psi0,-0.18486745216443476,0.12487258937930536
2000,565,naive,psi1,0.27166103379358403,0.1227310625293201
2000,565,corrected,psi0,1.1094609474623194,0.1463669876373362
2000,565,corrected,psi1,0.8154311671453582,0.14440556320613893
2000,566,naive,psi0,-0.2681615807396288,0.12728527450794555
2000,566,naive,psi1,0.01952849269859039,0.1444035331176907
2000,566,corrected,psi0,0.9786919302165437,0.14808364976831762
2000,566,corrected,psi1,0.5397172750089669,0.16784346861296312
2000,567,naive,psi0,-0.2259114557482902,0.12543311806079152
2000,567,naive,psi1,0.11417919167260725,0.12416372703053415
2000,567,corrected,psi0,1.0675448726424308,0.14622102107545704
2000,567,corrected,psi1,0.650058669539803,0.1457662392119247
2000,568,naive,psi0,-0.3670291637391863,0.12753280208433818
2000,568,naive,psi1,0.002598298146216781,0.13178551065279456
2000,568,corrected,psi0,0.9430993503932998,0.14903007914316843
2000,568,corrected,psi1,0.5049258005572699,0.15440753834998217
2000,569,naive,psi0,-0.22717393878425132,0.12673808793145033
2000,569,naive,psi1,-0.2486262020165451,0.13906340515711807
2000,569,corrected,psi0,1.100097054817497,0.14682065773935205
2000,569,corrected,psi1,0.12930205054540755,0.16182847683649704
2000,570,naive,psi0,-0.28692705060924495,0.1313185758653798
2000,570,naive,psi1,0.11863380761397001,0.14270401800455892
2000,570,corrected,psi0,0.9000365289106704,0.15377252511636366
2000,570,corrected,psi1,0.6709102064766176,0.17217875422304177
2000,571,naive,psi0,-0.2534820895618929,0.12983995609766413
2000,571,naive,psi1,0.01582173776662505,0.1342614842601922
2000,571,corrected,psi0,1.065190549299364,0.15211031002609432
2000,571,corrected,psi1,0.47039596612238727,0.1565624962439311
2000,572,naive,psi0,-0.17398758266162226,0.13269255250422923
2000,572,naive,psi1,-0.026869180572415288,0.1340798078927503
2000,572,corrected,psi0,1.1079432392749005,0.15319698995319533
2000,572,corrected,psi1,0.44204953065688457,0.15439495362997574
2000,573,naive,psi0,-0.3614560735004989,0.12498179765432282
2000,573,naive,psi1,-0.13115599730852925,0.12761145489635342
2000,573,corrected,psi0,0.8948720968293203,0.14692193551840205
2000,573,corrected,psi1,0.32829812640153394,0.15273191765307098
2000,574,naive,psi0,-0.44491617875101086,0.12570980423774006
2000,574,naive,psi1,-0.0037843701322307836,0.13060517292391388
2000,574,corrected,psi0,0.8465199458219586,0.1463073459922084
2000,574,corrected,psi1,0.5434380071652883,0.1541329047499528
2000,575,naive,psi0,-0.3586226168821362,0.12757503492041403
2000,575,naive,psi1,-0.12251288539855933,0.13314383270723235
2000,575,corrected,psi0,0.9034105420096147,0.14902569038518995
2000,575,corrected,psi1,0.34799432868440844,0.1559061253915727
2000,576,naive,psi0,-0.17108463260631515,0.12919124022311199
2000,576,naive,psi1,-0.0023975890725638615,0.13483478414454972
2000,576,corrected,psi0,1.0866482445137595,0.15074019502436362
2000,576,corrected,psi1,0.5409221974475654,0.15815346755073617
2000,577,naive,psi0,-0.3144263969512216,0.12379595327441652
2000,577,naive,psi1,-0.049953426037056006,0.12589448944082973
2000,577,corrected,psi0,0.9192695742076228,0.14393695220325486
2000,577,corrected,psi1,0.398810111332854,0.14643917893132757
2000,578,naive,psi0,-0.398483415655308,0.12725026632476247
2000,578,naive,psi1,0.011000644249297135,0.1281425930977933
2000,578,corrected,psi0,0.8618528762716579,0.1478372212776862
2000,578,corrected,psi1,0.5208242136843544,0.14714705096544317
2000,579,naive,psi0,-0.27374515110431097,0.12698820044833545
2000,579,naive,psi1,-0.03176117681123382,0.1401681222056438
2000,579,corrected,psi0,1.0162290166575672,0.14872418468004028
2000,579,corrected,psi1,0.39786870072817293,0.16725626164906338
2000,580,naive,psi0,-0.4029751824574843,0.1252403955599324
2000,580,naive,psi1,-0.0053989648339700875,0.1311518718220959
2000,580,corrected,psi0,0.8587217590901849,0.1462185035242905
2000,580,corrected,psi1,0.5365564593230709,0.15319674580609727
2000,581,naive,psi0,-0.3686304986692513,0.12521533830885948
2000,581,naive,psi1,0.04635383835918117,0.12992981404431958
2000,581,corrected,psi0,0.9500951228912198,0.14727432724190115
2000,581,corrected,psi1,0.5554628252758614,0.1528295650492898
2000,582,naive,psi0,-0.5312197142057132,0.12561190174752493
2000,582,naive,psi1,-0.05328901508172158,0.12303055054439602
2000,582,corrected,psi0,0.7312949122366531,0.14680155471608394
2000,582,corrected,psi1,0.40153901482221444,0.14264629251999347
2000,583,naive,psi0,-0.11201761921459405,0.12675983917463185
2000,583,naive,psi1,0.05348286778188928,0.1298057396858837
2000,583,corrected,psi0,1.1993299689903305,0.14655383362128382
2000,583,corrected,psi1,0.5665306162086667,0.1510298191788111
2000,584,naive,psi0,-0.34855173614973345,0.12837541603522598
2000,584,naive,psi1,0.03457732418627772,0.14391092364513342
2000,584,corrected,psi0,0.9647278553535972,0.15016169610934696
2000,584,corrected,psi1,0.5505700379788842,0.1699716332006976
2000,585,naive,psi0,-0.2250191415028097,0.1303172032859207
2000,585,naive,psi1,-0.1494360386164322,0.14590926788106678
2000,585,corrected,psi0,1.0075648586577275,0.15158511034462535
2000,585,corrected,psi1,0.2723937976344283,0.16656962538678408
2000,586,naive,psi0,-0.299517066176634,0.1259502959555549
2000,586,naive,psi1,0.06199656074389671,0.14326872365807375
2000,586,corrected,psi0,0.9377123512987853,0.14828178797901168
2000,586,corrected,psi1,0.5987279721955074,0.165571758024101
2000,587,naive,psi0,-0.3969699827942825,0.12456891182773522
2000,587,naive,psi1,-0.10696838802070177,0.1172831302677715
2000,587,corrected,psi0,0.8779796451738413,0.14465537191368427
2000,587,corrected,psi1,0.3686171834335134,0.1372807774969626
2000,588,naive,psi0,-0.2611502921822084,0.12683671134196015
2000,588,naive,psi1,0.023662005605869,0.12811527792686928
2000,588,corrected,psi0,0.9978166459416968,0.14708850838020499
2000,588,corrected,psi1,0.5629309517352188,0.14747296711087843
2000,589,naive,psi0,-0.19857667785938612,0.13034861804321002
2000,589,naive,psi1,-0.3417560368889863,0.14869451342999837
2000,589,corrected,psi0,1.0803811050282235,0.15128147297079625
2000,589,corrected,psi1,0.11167594966438571,0.1731624645210991
2000,590,naive,psi0,-0.21766525839169365,0.13220769146341568
2000,590,naive,psi1,0.007877469959569339,0.14059993148094363
2000,590,corrected,psi0,1.0615737743893763,0.15331270787429688
2000,590,corrected,psi1,0.4195505879339212,0.1643881092318903
2000,591,naive,psi0,-0.2543371374051684,0.12323685222685912
2000,591,naive,psi1,-0.1297569419847278,0.12360484055852991
2000,591,corrected,psi0,1.0355281955924804,0.14405839522652308
2000,591,corrected,psi1,0.3644112196403265,0.14509438699985827
2000,592,naive,psi0,-0.05507196038824313,0.12601380515803431
2000,592,naive,psi1,0.020072520521645872,0.1335570172766883
2000,592,corrected,psi0,1.2440756346962483,0.14577281800718467
2000,592,corrected,psi1,0.5609957090960976,0.15444168324098506
2000,593,naive,psi0,-0.2763443536971181,0.1300559065007068
2000,593,naive,psi1,0.008964369200915168,0.12880302241849548
2000,593,corrected,psi0,0.9709724295296923,0.15087617120832897
2000,593,corrected,psi1,0.5166707225434758,0.14728165822525163
2000,594,naive,psi0,-0.17197374878912577,0.12814278948933916
2000,594,naive,psi1,0.12424035695206741,0.15257797129872497
2000,594,corrected,psi0,1.13882546246554,0.14900441823851523
2000,594,corrected,psi1,0.6410139828793663,0.17466139604902695
2000,595,naive,psi0,-0.47346004797870483,0.1288758661015771
2000,595,naive,psi1,-0.10124495954552062,0.1415029131398905
2000,595,corrected,psi0,0.7517371808475946,0.14987553755857633
2000,595,corrected,psi1,0.394980248875325,0.1634340953416702
2000,596,naive,psi0,-0.4111872475403206,0.12557627942413668
2000,596,naive,psi1,-0.01228669668540557,0.1289721213940738
2000,596,corrected,psi0,0.8227416713466337,0.14636943521000356
2000,596,corrected,psi1,0.5235260462799536,0.14912124012238806
2000,597,naive,psi0,-0.1211892237977008,0.12832484525756838
2000,597,naive,psi1,0.0933522887538348,0.13432775492268492
2000,597,corrected,psi0,1.166939308754208,0.14974017291028527
2000,597,corrected,psi1,0.6314791008321329,0.15675226607843537
2000,598,naive,psi0,-0.2766964931549712,0.12714171344859232
2000,598,naive,psi1,0.167728095611764,0.13983018802481884
2000,598,corrected,psi0,1.032705296985683,0.14799059430115233
2000,598,corrected,psi1,0.6726820066358369,0.1646685078484488
2000,599,naive,psi0,-0.20650207882925958,0.13002933541056885
2000,599,naive,psi1,-0.2606286671222092,0.13265815218119206
2000,599,corrected,psi0,1.075667584943567,0.15207227906423956
2000,599,corrected,psi1,0.21982794169582356,0.156482277105877
2000,600,naive,psi0,-0.35297209464287255,0.12594925674971794
2000,600,naive,psi1,0.2772683810637095,0.1281767109505233
2000,600,corrected,psi0,0.9035732444672103,0.14665427167141845
2000,600,corrected,psi1,0.854784218120664,0.15098968748756522
2000,601,naive,psi0,-0.33448219094578135,0.12642789464086734
2000,601,naive,psi1,-0.22209764208541874,0.13418568036900902
2000,601,corrected,psi0,0.9450974555368654,0.14651035172450438
2000,601,corrected,psi1,0.22506796301928064,0.15460182279139506
2000,602,naive,psi0,-0.09028976888195875,0.1269066853801035
2000,602,naive,psi1,-0.1794475125216051,0.1267027657413845
2000,602,corrected,psi0,1.2267743981584411,0.14619280631256476
2000,602,corrected,psi1,0.28623004221320275,0.1453318898681595
2000,603,naive,psi0,-0.039266123202073976,0.12459406283476514
2000,603,naive,psi1,0.10743296281868905,0.14310862771653182
2000,603,corrected,psi0,1.2718922773745573,0.1456862718929908
2000,603,corrected,psi1,0.6488696738741263,0.1700138755295682
2000,604,naive,psi0,-0.15822861623315818,0.12929552322846982
2000,604,naive,psi1,0.012597940313160859,0.13836885594272563
2000,604,corrected,psi0,1.104418228474313,0.15203611609899195
2000,604,corrected,psi1,0.4972069624669949,0.16226379424464452
2000,605,naive,psi0,-0.30501754473156023,0.12607764851716707
2000,605,naive,psi1,-0.03454523196070299,0.1336501332908855
2000,605,corrected,psi0,0.9292404544170692,0.14766545370181966
2000,605,corrected,psi1,0.48501309808088416,0.15910857548021862
2000,606,naive,psi0,-0.25402711413422424,0.1276387556163439
2000,606,naive,psi1,-0.09273156845006986,0.1342919688190215
2000,606,corrected,psi0,1.0880017036306158,0.14900449008882968
2000,606,corrected,psi1,0.38878174308507885,0.15806733185765884
2000,607,naive,psi0,-0.19884893005133944,0.1288294933633404
2000,607,naive,psi1,-0.0011418097093648934,0.13685776575143443
2000,607,corrected,psi0,1.0622104371268288,0.1508498648375907
2000,607,corrected,psi1,0.5050918385408046,0.15876569688033904
2000,608,naive,psi0,-0.16718839453556966,0.1306103137324941
2000,608,naive,psi1,-0.2615209731840233,0.13791270256042734
2000,608,corrected,psi0,1.1244551391572237,0.1514360812393775
2000,608,corrected,psi1,0.1464383856189976,0.15970528581552454
2000,609,naive,psi0,-0.38015883773931614,0.13004242680713754
2000,609,naive,psi1,0.18738294176002585,0.12679933113857764
2000,609,corrected,psi0,0.8673285861289579,0.15151088453157688
2000,609,corrected,psi1,0.7281923470264731,0.14660765895386796
2000,610,naive,psi0,-0.42595963362058303,0.12975704193833032
2000,610,naive,psi1,0.08154037301880111,0.13317733150457922
2000,610,corrected,psi0,0.8954162342702842,0.15026251227978776
2000,610,corrected,psi1,0.5889646547081034,0.15354231279939856
2000,611,naive,psi0,-0.029282931235024397,0.13082127513818861
2000,611,naive,psi1,-0.002484712810129707,0.14494319999889138
2000,611,corrected,psi0,1.2341990720886717,0.1520694730493379
2000,611,corrected,psi1,0.538754223048162,0.16766842330173232
2000,612,naive,psi0,-0.2597172507639664,0.13017573063035828
2000,612,naive,psi1,-0.20455593504980343,0.14306428178272299
2000,612,corrected,psi0,1.0120996416670638,0.15271009331801932
2000,612,corrected,psi1,0.2768865042356121,0.1648647129122345
2000,613,naive,psi0,-0.37846967434026424,0.1232104089683984
2000,613,naive,psi1,0.005765451882099125,0.13884679478069653
2000,613,corrected,psi0,0.8902973866593726,0.14272248169306262
2000,613,corrected,psi1,0.5274775082047137,0.16179295472390498
2000,614,naive,psi0,-0.3519564356288179,0.12429669337451565
2000,614,naive,psi1,0.016358457602627993,0.13199194930824554
2000,614,corrected,psi0,0.884439049686191,0.14515564068183504
2000,614,corrected,psi1,0.5571645403904246,0.1537496650006709
2000,615,naive,psi0,-0.33311355696784467,0.12667328997343943
2000,615,naive,psi1,0.11542181139532351,0.13264128836354008
2000,615,corrected,psi0,0.8862344165647043,0.14569525240374767
2000,615,corrected,psi1,0.6477164740819642,0.15097612588638887
2000,616,naive,psi0,-0.4911960411238494,0.1235582400146098
2000,616,naive,psi1,-0.011621818588123337,0.12309337761836704
2000,616,corrected,psi0,0.7384427941413887,0.14504031352088897
2000,616,corrected,psi1,0.46146518577448015,0.14400545003525922
2000,617,naive,psi0,-0.05074902469892756,0.12970808125419295
2000,617,naive,psi1,0.11946761148601008,0.13639879169999977
2000,617,corrected,psi0,1.2911862931287026,0.15043249514630389
2000,617,corrected,psi1,0.6408512077892828,0.1611232438501454
2000,618,naive,psi0,-0.29955525253870263,0.12813084836370817
2000,618,naive,psi1,-0.07742894931255673,0.13437643314668946
2000,618,corrected,psi0,0.9688446421646163,0.1505288222707878
2000,618,corrected,psi1,0.43315436926676654,0.15679815320774634
2000,619,naive,psi0,-0.26294239869933106,0.12883062071051574
2000,619,naive,psi1,-0.04181139968292454,0.1326352819467145
2000,619,corrected,psi0,1.031059151995283,0.14933414993272978
2000,619,corrected,psi1,0.44232717543937966,0.15103637082275873
2000,620,naive,psi0,-0.3736398495151861,0.1283219646663759
2000,620,naive,psi1,-0.13721951852859457,0.1316041285509336
2000,620,corrected,psi0,0.8243671068407318,0.1487750229718349
2000,620,corrected,psi1,0.42347980852482087,0.1524512926080402
2000,621,naive,psi0,-0.06593807845614125,0.12701114427272148
2000,621,naive,psi1,0.2619048045402144,0.14169673846477437
2000,621,corrected,psi0,1.25900945869394,0.14741170055997124
2000,621,corrected,psi1,0.8428129304601218,0.16569351550797512
2000,622,naive,psi0,0.10781510305290706,0.126091196089757
2000,622,naive,psi1,0.019688556060512494,0.12263695637880248
2000,622,corrected,psi0,1.4332607107273085,0.14765933760279754
2000,622,corrected,psi1,0.5545106452091934,0.14557564360821823
2000,623,naive,psi0,-0.4769115400892719,0.1313391056708132
2000,623,naive,psi1,0.20572283963520616,0.1439434709136905
2000,623,corrected,psi0,0.7769891072362036,0.15297050309934204
2000,623,corrected,psi1,0.6772202165444207,0.16631040012863246
2000,624,naive,psi0,-0.2338658067354813,0.12629398456973978
2000,624,naive,psi1,0.08723170055787391,0.14012935321548425
2000,624,corrected,psi0,1.0504834642760492,0.14785570013313684
2000,624,corrected,psi1,0.6568408594391038,0.1633685100917455
2000,625,naive,psi0,-0.06997006758368268,0.12640061922728119
2000,625,naive,psi1,-0.13883990666704557,0.13050734323981392
2000,625,corrected,psi0,1.2302587289660365,0.14609668144000673
2000,625,corrected,psi1,0.3922663423630275,0.15026143616548027
2000,626,naive,psi0,-0.24495081598590945,0.1294446739721182
2000,626,naive,psi1,0.23274831276543606,0.1337502100272101
2000,626,corrected,psi0,1.0243331238771924,0.14868694941330488
2000,626,corrected,psi1,0.743000641556813,0.1548230981197247
2000,627,naive,psi0,-0.37438994165312195,0.1267771139569237
2000,627,naive,psi1,-0.06638637205564854,0.13709128534762083
2000,627,corrected,psi0,0.8850103724265883,0.1466252937444256
2000,627,corrected,psi1,0.4303405198849572,0.15838812668954882
2000,628,naive,psi0,-0.1998500784044054,0.12794651886975364
2000,628,naive,psi1,-0.07885404330120345,0.12715823435771734
2000,628,corrected,psi0,1.0443627758539071,0.14980178713603826
2000,628,corrected,psi1,0.43684981856105337,0.1490083429997125
2000,629,naive,psi0,-0.17606166337937762,0.12925651486585749
2000,629,naive,psi1,-0.03992627485802215,0.14480988572684547
2000,629,corrected,psi0,1.011860270037266,0.1514642418148716
2000,629,corrected,psi1,0.4401977391710555,0.16980004996603998
2000,630,naive,psi0,-0.462712808455586,0.12779903238258253
2000,630,naive,psi1,0.16573480274201582,0.1409358979318186
2000,630,corrected,psi0,0.7871952613718168,0.14854294691282952
2000,630,corrected,psi1,0.7366626476653245,0.16139866429381503
2000,631,naive,psi0,-0.21848649666679634,0.12719788105331015
2000,631,naive,psi1,-0.08737701041830966,0.13715460700227547
2000,631,corrected,psi0,1.1019924370959362,0.14749080215377416
2000,631,corrected,psi1,0.3790321441544452,0.15772855064422658
2000,632,naive,psi0,-0.5197811400660428,0.1264730006858589
2000,632,naive,psi1,-0.041600307398949515,0.13951521055864916
2000,632,corrected,psi0,0.7657009266330489,0.14675778327377453
2000,632,corrected,psi1,0.39637133269568,0.1591898466519067
2000,633,naive,psi0,-0.44320171765439365,0.12803897970593858
2000,633,naive,psi1,-0.20068612914931802,0.1357092592745491
2000,633,corrected,psi0,0.8244869602802837,0.15023117523598653
2000,633,corrected,psi1,0.27226884713484073,0.16072496086497864
2000,634,naive,psi0,-0.48928453464321264,0.1264063566068884
2000,634,naive,psi1,0.13476559331261223,0.1334858835936658
2000,634,corrected,psi0,0.7476493075849329,0.14670465666302993
2000,634,corrected,psi1,0.6732868428323665,0.15356597533201524
2000,635,naive,psi0,-0.09513442785146367,0.12774018409545745
2000,635,naive,psi1,-0.03794428482505278,0.1470268630257866
2000,635,corrected,psi0,1.2155006160512123,0.14749635878618186
2000,635,corrected,psi1,0.433109687030395,0.17033544054053756
2000,636,naive,psi0,-0.2789866388286469,0.1310001633988171
2000,636,naive,psi1,-0.18229626009038527,0.14281417879201164
2000,636,corrected,psi0,1.0255418881312555,0.15222767985236818
2000,636,corrected,psi1,0.32817809328368136,0.1669966161890499
2000,637,naive,psi0,-0.44055372999624604,0.12960295572023084
2000,637,naive,psi1,0.2335620302376717,0.1401468529565829
2000,637,corrected,psi0,0.7649325153458721,0.15061282693300526
2000,637,corrected,psi1,0.8280753809208103,0.16225660771425185
2000,638,naive,psi0,-0.34434119601253727,0.12721805111241463
2000,638,naive,psi1,-0.01754191737192818,0.1350166452092548
2000,638,corrected,psi0,0.9268306743388094,0.14685608952544887
2000,638,corrected,psi1,0.45566003958863205,0.15507978808449527
2000,639,naive,psi0,-0.3776334376784886,0.12707779069716502
2000,639,naive,psi1,-0.09144093011915412,0.13715353468961192
2000,639,corrected,psi0,0.8743155636761151,0.1474299640738706
2000,639,corrected,psi1,0.3748505512155869,0.16106918578566945
2000,640,naive,psi0,-0.29546251984696187,0.13007040137450313
2000,640,naive,psi1,0.2552468957826987,0.13923858584704665
2000,640,corrected,psi0,0.9151901610184616,0.15162258354222743
2000,640,corrected,psi1,0.8124855299612338,0.16232830325739164
2000,641,naive,psi0,-0.21553224637009247,0.1272788781453941
2000,641,naive,psi1,0.17343000861522684,0.12789734175038053
2000,641,corrected,psi0,1.0147959020419814,0.14859414773886426
2000,641,corrected,psi1,0.6741727199828488,0.14821381771702422
2000,642,naive,psi0,-0.1177123195406514,0.12489144311961689
2000,642,naive,psi1,0.16722271815653095,0.12718235962404523
2000,642,corrected,psi0,1.1334310216054582,0.1458670439526847
2000,642,corrected,psi1,0.6862271495710316,0.14784814912230082
2000,643,naive,psi0,-0.30234759003002326,0.1302496990454046
2000,643,naive,psi1,0.00863632020120726,0.14585091153169719
2000,643,corrected,psi0,0.9147080967787267,0.15188465437118873
2000,643,corrected,psi1,0.4888771058214504,0.16846596203550973
2000,644,naive,psi0,-0.3191386600573731,0.1246006291443827
2000,644,naive,psi1,-0.09975088685515413,0.12612868331392715
2000,644,corrected,psi0,0.9493721516753904,0.1457547990108761
2000,644,corrected,psi1,0.3672098636993263,0.1501461576096909
2000,645,naive,psi0,-0.3491890220872041,0.12811871488832793
2000,645,naive,psi1,-0.07434631958692597,0.1335312335755293
2000,645,corrected,psi0,0.9245774855510593,0.1499347721311615
2000,645,corrected,psi1,0.4295160991854996,0.15821633267667998
2000,646,naive,psi0,-0.19328644813827134,0.1276223175515437
2000,646,naive,psi1,0.1901260967039478,0.15049792093000394
2000,646,corrected,psi0,1.0753984499831983,0.14791885509321542
2000,646,corrected,psi1,0.7078092572463032,0.17214415188080048
2000,647,naive,psi0,-0.4816848672827356,0.12762779290226053
2000,647,naive,psi1,-0.036341669341204336,0.13956243102114554
2000,647,corrected,psi0,0.7843536109698865,0.14900711773599118
2000,647,corrected,psi1,0.4716434489461317,0.1663883587279829
2000,648,naive,psi0,-0.3114352427477343,0.1260175887167313
2000,648,naive,psi1,0.07981455723728757,0.1324908132618064
2000,648,corrected,psi0,1.0385709249929047,0.14654608602755825
2000,648,corrected,psi1,0.5855687575224716,0.15236461059117945
2000,649,naive,psi0,-0.2874895878342261,0.12809408952798884
2000,649,naive,psi1,-0.06328891463778312,0.13068794668534398
2000,649,corrected,psi0,1.019059611952676,0.14702761688023905
2000,649,corrected,psi1,0.3812107214047417,0.15001874220773154
2000,650,naive,psi0,-0.17482355049130788,0.12469492260476753
2000,650,naive,psi1,0.04111714598757407,0.12783999941185645
2000,650,corrected,psi0,1.1022028343534496,0.1444434208510274
2000,650,corrected,psi1,0.552602127366568,0.14698943594444472
2000,651,naive,psi0,-0.32251207959687195,0.12708824518410874
2000,651,naive,psi1,0.20550031224625018,0.1406488777339702
2000,651,corrected,psi0,1.0275458938807718,0.14829239693273022
2000,651,corrected,psi1,0.7205322852837645,0.16344611372785145
2000,652,naive,psi0,-0.3426139082116097,0.13023464330537182
2000,652,naive,psi1,0.013099023428729801,0.14150688235273676
2000,652,corrected,psi0,0.9084464491351562,0.15086258699246377
2000,652,corrected,psi1,0.4690812401479003,0.16563365921568968
2000,653,naive,psi0,-0.4070789183530677,0.12809713041392387
2000,653,naive,psi1,-0.14132021444632412,0.13238832617911528
2000,653,corrected,psi0,0.8457464818533733,0.1484194851804703
2000,653,corrected,psi1,0.3034571864900606,0.15383532943366177
2000,654,naive,psi0,-0.1906272537608533,0.13293833836165023
2000,654,naive,psi1,0.1233216919133075,0.14350235959932184
2000,654,corrected,psi0,1.0739855520377246,0.15581148175085419
2000,654,corrected,psi1,0.6650308362058551,0.16926409203271459
2000,655,naive,psi0,-0.11737768472599774,0.12632305372893918
2000,655,naive,psi1,-0.12984730509970974,0.12246683784960892
2000,655,corrected,psi0,1.1352017668399208,0.14541769296781995
2000,655,corrected,psi1,0.39931010720237403,0.142005809881833
2000,656,naive,psi0,-0.3668164709601695,0.12686834788957946
2000,656,naive,psi1,0.057549492459148276,0.13787093852891066
2000,656,corrected,psi0,0.8890533674040757,0.1482492140496159
2000,656,corrected,psi1,0.595721285132657,0.16044116657703164
2000,657,naive,psi0,-0.3547578634398237,0.12571046689739235
2000,657,naive,psi1,0.21612694224371642,0.12225526505919461
2000,657,corrected,psi0,0.9148923638478255,0.14710135207349315
2000,657,corrected,psi1,0.7678051023221067,0.1450506094742665
2000,658,naive,psi0,-0.2607558529986832,0.12768902589117287
2000,658,naive,psi1,-0.19273373174511566,0.13013480581759584
2000,658,corrected,psi0,1.049571447192532,0.15008459147622943
2000,658,corrected,psi1,0.3248243524034127,0.15306850560784713
2000,659,naive,psi0,-0.2704515533000986,0.12675542194713968
2000,659,naive,psi1,-0.29359814794576405,0.13955995337444657
2000,659,corrected,psi0,0.9579768663244604,0.14765414707511337
2000,659,corrected,psi1,0.14562245323016407,0.16261319734260957
2000,660,naive,psi0,-0.5584285841389879,0.1281776954094209
2000,660,naive,psi1,0.0974226943060105,0.14052127262076894
2000,660,corrected,psi0,0.6678018949323069,0.1493539243183923
2000,660,corrected,psi1,0.5989000662388285,0.16294180975044328
2000,661,naive,psi0,-0.17789168651028497,0.12381432903795075
2000,661,naive,psi1,0.11413680959164318,0.13023646871521635
2000,661,corrected,psi0,1.1759966365020984,0.14505737081804496
2000,661,corrected,psi1,0.5679891472115187,0.15243807404030002
2000,662,naive,psi0,-0.12455730181042891,0.1277093039436957
2000,662,naive,psi1,-0.0028937330986614157,0.13586576440164339
2000,662,corrected,psi0,1.1666980581498618,0.14731991168171446
2000,662,corrected,psi1,0.4825435177186875,0.15670415674873484
2000,663,naive,psi0,-0.1835681888640334,0.1269001880228283
2000,663,naive,psi1,-0.048450147471868155,0.1255674156874349
2000,663,corrected,psi0,1.1346480819320346,0.14854296363188196
2000,663,corrected,psi1,0.46372524676444005,0.14845423129292992
2000,664,naive,psi0,-0.2806657503879833,0.1296777165778417
2000,664,naive,psi1,0.10980365165402198,0.1412914046238554
2000,664,corrected,psi0,0.9513382844818692,0.1497930187773959
2000,664,corrected,psi1,0.6127291453299344,0.16206123349395776
2000,665,naive,psi0,-0.20524829181166374,0.12715831556457083
2000,665,naive,psi1,0.039787314014016174,0.13798411948715605
2000,665,corrected,psi0,1.0600974327029287,0.14692736528353442
2000,665,corrected,psi1,0.5516626166970925,0.1575102714353921
2000,666,naive,psi0,-0.1516257071270092,0.12904751516810045
2000,666,naive,psi1,0.22276369135769777,0.13320248269853807
2000,666,corrected,psi0,1.129584901032381,0.14942272941834875
2000,666,corrected,psi1,0.7610019467624836,0.1537732609630437
2000,667,naive,psi0,-0.22215697456499295,0.12759386303679285
2000,667,naive,psi1,-0.0021941147882211607,0.13689601152892225
2000,667,corrected,psi0,1.0703112890061177,0.14920531867669196
2000,667,corrected,psi1,0.49702808902395107,0.15911205745288026
2000,668,naive,psi0,-0.3000557129506497,0.12391824981413688
2000,668,naive,psi1,-0.038030744021392254,0.12803660616848003
2000,668,corrected,psi0,0.9587019719449693,0.14526287850755515
2000,668,corrected,psi1,0.436853504046545,0.1516165593138865
2000,669,naive,psi0,-0.3623984611999893,0.13103028749207032
2000,669,naive,psi1,0.0003800021590434812,0.13712457205672268
2000,669,corrected,psi0,0.9279677099348989,0.15265494915620162
2000,669,corrected,psi1,0.4541122912323301,0.16215553464988006
2000,670,naive,psi0,-0.29526798548049193,0.12679819814495744
2000,670,naive,psi1,-0.27283718867961704,0.12845665656785646
2000,670,corrected,psi0,0.9930323926186896,0.1479372564984253
2000,670,corrected,psi1,0.22222326967114017,0.14895495343760007
2000,671,naive,psi0,-0.19272294476881538,0.12764337077712323
2000,671,naive,psi1,-0.14686246549959123,0.13513527456392066
2000,671,corrected,psi0,1.1507533816295537,0.1484247312038938
2000,671,corrected,psi1,0.3228495699263511,0.1569694255705795
2000,672,naive,psi0,-0.29525542613906486,0.12682097981642235
2000,672,naive,psi1,0.05205055493512427,0.13303948279131744
2000,672,corrected,psi0,0.9757996206881199,0.14784055628049922
2000,672,corrected,psi1,0.5082882337793296,0.15694560053716688
2000,673,naive,psi0,-0.15005209404102027,0.1296021739757789
2000,673,naive,psi1,-0.15514493097768023,0.1365420171406702
2000,673,corrected,psi0,1.1765632201999512,0.1508645256489263
2000,673,corrected,psi1,0.2996781363109485,0.16040648675457841
2000,674,naive,psi0,-0.15212517453176203,0.1266266430762682
2000,674,naive,psi1,-0.15770335173060201,0.13209850505153184
2000,674,corrected,psi0,1.1930853886020767,0.14716637092484502
2000,674,corrected,psi1,0.3350878448384979,0.15321032669091295
2000,675,naive,psi0,-0.26183416478069277,0.1251113943122835
2000,675,naive,psi1,-0.0023422235674068668,0.12989542544422267
2000,675,corrected,psi0,0.9868919452896336,0.14710912091572353
2000,675,corrected,psi1,0.4806009781026269,0.15452645590245012
2000,676,naive,psi0,-0.13112839359220274,0.1319127792793066
2000,676,naive,psi1,-0.042291057948107204,0.14942339252522926
2000,676,corrected,psi0,1.0922410357119554,0.15336675689984838
2000,676,corrected,psi1,0.41712539492769746,0.17420681304403438
2000,677,naive,psi0,-0.3595843714638482,0.12668565453209027
2000,677,naive,psi1,-0.08604908232751649,0.1373568647681424
2000,677,corrected,psi0,0.9383084320957353,0.14655302903118
2000,677,corrected,psi1,0.4049825839044536,0.15737443276671279
2000,678,naive,psi0,-0.3458528423546448,0.12927382565346573
2000,678,naive,psi1,0.1608762129116953,0.13967196316774622
2000,678,corrected,psi0,0.9541085579274406,0.14860614185189114
2000,678,corrected,psi1,0.6648487724861376,0.1613838346189962
2000,679,naive,psi0,-0.4165566097311325,0.12487461306005943
2000,679,naive,psi1,-0.08013047303331207,0.1286995005476315
2000,679,corrected,psi0,0.797568830217383,0.1457411789317805
2000,679,corrected,psi1,0.45496853736420406,0.1488415828063798
2000,680,naive,psi0,-0.15613255058284087,0.1284125939824931
2000,680,naive,psi1,-0.0982036398638267,0.12655794566048867
2000,680,corrected,psi0,1.1054936521239394,0.14954195439673298
2000,680,corrected,psi1,0.36564992749590436,0.14676232001491843
2000,681,naive,psi0,-0.13185287223066827,0.12965727180902661
2000,681,naive,psi1,-0.01874556290730625,0.12459885093744422
2000,681,corrected,psi0,1.1546094826098128,0.1512696947776309
2000,681,corrected,psi1,0.4668810717683747,0.14769250566064965
2000,682,naive,psi0,-0.33193562884559497,0.1260397031928063
2000,682,naive,psi1,-0.1551410932055068,0.1358574424954454
2000,682,corrected,psi0,0.9368339713847084,0.14747394131958894
2000,682,corrected,psi1,0.26498830481779284,0.15739004144769791
2000,683,naive,psi0,-0.11179909290514221,0.1310955279321823
2000,683,naive,psi1,0.08317765420167565,0.1296421888560144
2000,683,corrected,psi0,1.206739706969514,0.1544588151761136
2000,683,corrected,psi1,0.5627692718159746,0.15435831187165142
2000,684,naive,psi0,-0.4084057173640174,0.1298100159295819
2000,684,naive,psi1,0.06680639448207863,0.14266505516511935
2000,684,corrected,psi0,0.9301717289043063,0.14951052095279752
2000,684,corrected,psi1,0.5209496882886598,0.16474369042168946
2000,685,naive,psi0,-0.352773001761503,0.12380939889539065
2000,685,naive,psi1,-0.02090883990148488,0.11685596134851121
2000,685,corrected,psi0,0.8824572862783812,0.1435918134741888
2000,685,corrected,psi1,0.4774745973147206,0.1343495418723304
2000,686,naive,psi0,-0.16581491407738616,0.12553681323970875
2000,686,naive,psi1,-0.2767113879690831,0.13570553194873006
2000,686,corrected,psi0,1.1767099751922454,0.14603821574341422
2000,686,corrected,psi1,0.07413922510518518,0.15989626968053103
2000,687,naive,psi0,-0.2018425783139953,0.1276249027850319
2000,687,naive,psi1,-0.025430073304384664,0.13566888286987686
2000,687,corrected,psi0,1.0972388116868284,0.15006794122936584
2000,687,corrected,psi1,0.4343912093162045,0.15909773966498422
2000,688,naive,psi0,-0.19649816565142159,0.1278161501588814
2000,688,naive,psi1,-0.1562058065612511,0.14598998849811776
2000,688,corrected,psi0,1.073654033723869,0.14735523958750954
2000,688,corrected,psi1,0.35263128043461334,0.1679141092573111
2000,689,naive,psi0,-0.10450856941349201,0.12488000834095901
2000,689,naive,psi1,0.011111021799872911,0.12444084559719049
2000,689,corrected,psi0,1.1697425828334889,0.14590972270325023
2000,689,corrected,psi1,0.5000106222590899,0.1429646548652024
2000,690,naive,psi0,-0.4635299108749194,0.12836867672496743
2000,690,naive,psi1,0.1110513627922772,0.14259408759706516
2000,690,corrected,psi0,0.7729262513599808,0.14911972365022744
2000,690,corrected,psi1,0.6180598799872691,0.1701215172882414
2000,691,naive,psi0,-0.41603710002935584,0.12365986201893543
2000,691,naive,psi1,0.0016520446880516962,0.12729617006368346
2000,691,corrected,psi0,0.811806646011555,0.14434416848376977
2000,691,corrected,psi1,0.5248280478796064,0.1510976386802957
2000,692,naive,psi0,-0.25933336384965816,0.12799978495225842
2000,692,naive,psi1,0.09230850067203976,0.12919385534247402
2000,692,corrected,psi0,1.0953245140566603,0.14787580378500367
2000,692,corrected,psi1,0.5771061448982072,0.14920585238659206
2000,693,naive,psi0,-0.2718175462356579,0.12884338170157214
2000,693,naive,psi1,0.3615564378704552,0.13609808616700622
2000,693,corrected,psi0,0.9782895278832257,0.15085169403179866
2000,693,corrected,psi1,0.8947168860823216,0.16104648667024424
2000,694,naive,psi0,-0.2271442244026435,0.12556701145430074
2000,694,naive,psi1,-0.14976438086119212,0.1309844269975591
2000,694,corrected,psi0,1.0631939461398114,0.1473408261776885
2000,694,corrected,psi1,0.33789715102844825,0.1553606033300027
2000,695,naive,psi0,-0.359900616766527,0.12884078604363158
2000,695,naive,psi1,0.034242034347743366,0.13665203731449596
2000,695,corrected,psi0,0.9214689766261691,0.14790026157940867
2000,695,corrected,psi1,0.5814045718568682,0.15534828693614464
2000,696,naive,psi0,-0.2948475614158816,0.12428180489402502
2000,696,naive,psi1,0.0064872447945618335,0.12577354681078765
2000,696,corrected,psi0,0.9931191425448711,0.14503783487044344
2000,696,corrected,psi1,0.47593692464551113,0.14545883884898078
2000,697,naive,psi0,-0.37598227594122874,0.12866742187514102
2000,697,naive,psi1,0.06029008373006575,0.12946054142877808
2000,697,corrected,psi0,0.937978804921239,0.1500759875802412
2000,697,corrected,psi1,0.5825138553684786,0.15223282699415813
2000,698,naive,psi0,-0.4061764034756228,0.12601315608994285
2000,698,naive,psi1,0.02057529468241193,0.13105890104846105
2000,698,corrected,psi0,0.8442477128712657,0.14829882184286575
2000,698,corrected,psi1,0.5835146308132684,0.15479406950513483
2000,699,naive,psi0,-0.03468216610524747,0.12590094115886782
2000,699,naive,psi1,0.08039170748183397,0.13342709402688174
2000,699,corrected,psi0,1.2381608788273968,0.14721040381388711
2000,699,corrected,psi1,0.5609492765337525,0.15845615932765336
2000,700,naive,psi0,-0.2287650511655333,0.12212444736855797
2000,700,naive,psi1,0.10077830029791475,0.12631256681477748
2000,700,corrected,psi0,1.0562978934483462,0.14198756254506084
2000,700,corrected,psi1,0.6444908393324877,0.14811437562585758
2000,701,naive,psi0,-0.3194417938712798,0.12870483905950983
2000,701,naive,psi1,0.024834982580047234,0.1507279776740688
2000,701,corrected,psi0,0.9308021637290869,0.14887805046917368
2000,701,corrected,psi1,0.5450362724817579,0.17367655680467617
2000,702,naive,psi0,-0.2464661545977395,0.12703632992102656
2000,702,naive,psi1,0.08733637133590251,0.13319731279409247
2000,702,corrected,psi0,1.0404279932988973,0.1466873084085981
2000,702,corrected,psi1,0.567160640155939,0.15452929800927354
2000,703,naive,psi0,-0.44712807417978256,0.12678253618701454
2000,703,naive,psi1,-0.21859007178477682,0.134704837002426
2000,703,corrected,psi0,0.8379695002514644,0.1476397302620631
2000,703,corrected,psi1,0.2764535294424998,0.1562213515149602
2000,704,naive,psi0,-0.3167960229570387,0.1253160455696971
2000,704,naive,psi1,-0.03267831564393621,0.13252865283048004
2000,704,corrected,psi0,0.9543997616898385,0.1476549074394166
2000,704,corrected,psi1,0.45197822858958786,0.15971477521935623
2000,705,naive,psi0,-0.2174985025272565,0.12782589648845188
2000,705,naive,psi1,0.01928509945418527,0.1322607816869281
2000,705,corrected,psi0,1.0546150001133654,0.14939834418481562
2000,705,corrected,psi1,0.5005533494492593,0.15348631155087644
2000,706,naive,psi0,-0.4405253821519113,0.1290766142477159
2000,706,naive,psi1,0.053768357701143805,0.1407993478453767
2000,706,corrected,psi0,0.8302948012889779,0.15118050379540285
2000,706,corrected,psi1,0.5755613856370636,0.16476377751891985
2000,707,naive,psi0,-0.17707018440672212,0.13076774899383492
2000,707,naive,psi1,-0.057746471985203045,0.15096474418412956
2000,707,corrected,psi0,1.0856137989679202,0.1532054613181032
2000,707,corrected,psi1,0.4048260827251711,0.17455343814663982
2000,708,naive,psi0,-0.10363232505095506,0.1256074880919499
2000,708,naive,psi1,0.04793109878282662,0.12535450173020213
2000,708,corrected,psi0,1.2091767040455048,0.14394476635092557
2000,708,corrected,psi1,0.5341425219139314,0.14358268187759568
2000,709,naive,psi0,-0.1483848964142497,0.12921348666060184
2000,709,naive,psi1,0.06348089684580199,0.13468997537069835
2000,709,corrected,psi0,1.0502428071415486,0.15038473428217905
2000,709,corrected,psi1,0.589215576027542,0.15788537130885208
2000,710,naive,psi0,-0.3445605902108156,0.126218733862383
2000,710,naive,psi1,0.0894220856186063,0.1415474827774294
2000,710,corrected,psi0,0.9103276789427299,0.1482646898213084
2000,710,corrected,psi1,0.6106414826363913,0.16817791263806536
2000,711,naive,psi0,-0.3384029348823164,0.12844652606520118
2000,711,naive,psi1,0.06245100506077556,0.12759454791806019
2000,711,corrected,psi0,0.9566092342920616,0.14866528495749598
2000,711,corrected,psi1,0.5552310746773066,0.1459481747136861
2000,712,naive,psi0,-0.2693925856849156,0.1292680193027361
2000,712,naive,psi1,-0.0505843865858773,0.1447476949434899
2000,712,corrected,psi0,1.0258560503439393,0.1495171511824599
2000,712,corrected,psi1,0.4021156419942965,0.16701554855372683
2000,713,naive,psi0,-0.4162097833354829,0.12714621228612927
2000,713,naive,psi1,0.057604187213934156,0.15231479110034238
2000,713,corrected,psi0,0.8453794434653836,0.1480709225205708
2000,713,corrected,psi1,0.4976102855782842,0.17464036790030335
2000,714,naive,psi0,-0.2970968156387679,0.12816851106510718
2000,714,naive,psi1,0.13540474224703064,0.13172905105865934
2000,714,corrected,psi0,0.9687276241096715,0.14945610942752677
2000,714,corrected,psi1,0.635185986849067,0.15432974394878152
2000,715,naive,psi0,-0.29060479860021454,0.1297956169013714
2000,715,naive,psi1,0.018009734959364674,0.13836752643487793
2000,715,corrected,psi0,0.9583906654178315,0.14991384516767348
2000,715,corrected,psi1,0.516395243259935,0.15994487956750403
2000,716,naive,psi0,-0.22617567568598493,0.12324211704353114
2000,716,naive,psi1,0.151835800052803,0.13787953389452579
2000,716,corrected,psi0,1.121993670509615,0.1433629207082538
2000,716,corrected,psi1,0.6247539742334837,0.15902562312581328
2000,717,naive,psi0,-0.29407112666803625,0.12507016181393477
2000,717,naive,psi1,-0.02900617948173041,0.12758667790243663
2000,717,corrected,psi0,0.9641048623595572,0.14574758229058363
2000,717,corrected,psi1,0.45524569225226724,0.14681461907624968
2000,718,naive,psi0,-0.3300192672376242,0.12648701833155085
2000,718,naive,psi1,-0.026179643698383166,0.13357040424865407
2000,718,corrected,psi0,0.9238744254269255,0.14728803734241377
2000,718,corrected,psi1,0.4379559082662071,0.15596844358465708
2000,719,naive,psi0,-0.17792411691571633,0.12733027029085522
2000,719,naive,psi1,0.018039258435675904,0.12703078986921568
2000,719,corrected,psi0,1.103539513131169,0.14812029978139118
2000,719,corrected,psi1,0.5228035161952211,0.14791209755336793
2000,720,naive,psi0,-0.06347307681386585,0.13056695667592286
2000,720,naive,psi1,0.24075293294492367,0.13704182786723243
2000,720,corrected,psi0,1.2260842664906266,0.15259759257639177
2000,720,corrected,psi1,0.7879240589336866,0.15949384949095544
2000,721,naive,psi0,-0.29833171791512275,0.12816979176464363
2000,721,naive,psi1,0.06867860492664941,0.14151515807811854
2000,721,corrected,psi0,1.0409322797697438,0.14963825162282465
2000,721,corrected,psi1,0.6568055246777477,0.16615662449901233
2000,722,naive,psi0,-0.3736451422667871,0.12757823043626892
2000,722,naive,psi1,-0.110034641620037,0.13251039791328367
2000,722,corrected,psi0,0.8952719836824216,0.1470314360895268
2000,722,corrected,psi1,0.3946668251755157,0.1519847478799772
2000,723,naive,psi0,-0.4387927356590391,0.127339966783617
2000,723,naive,psi1,-0.04339140634339686,0.13517495695663787
2000,723,corrected,psi0,0.8077028514987983,0.14855247543039904
2000,723,corrected,psi1,0.42172260089170127,0.15593635731833846
2000,724,naive,psi0,-0.337832714874567,0.1255991813300374
2000,724,naive,psi1,0.015775236687646774,0.12887241492516002
2000,724,corrected,psi0,0.9574471203437696,0.14564937895878333
2000,724,corrected,psi1,0.4736724460360786,0.14938285943220228
2000,725,naive,psi0,-0.19993002468289442,0.12661728831557098
2000,725,naive,psi1,0.12135868717586701,0.13694004399769152
2000,725,corrected,psi0,1.1099906320766446,0.14774645878808687
2000,725,corrected,psi1,0.5815495090327129,0.15873397172655804
2000,726,naive,psi0,-0.24705254355994788,0.13228991879158886
2000,726,naive,psi1,-0.12386648162604566,0.13881959454876341
2000,726,corrected,psi0,0.973624276234281,0.15495706484155386
2000,726,corrected,psi1,0.4195023878034591,0.16767719308718
2000,727,naive,psi0,-0.27542743893398414,0.1281494781933818
2000,727,naive,psi1,-0.03967814173304776,0.13778964033375524
2000,727,corrected,psi0,1.0227129073790224,0.15012413528222887
2000,727,corrected,psi1,0.4280567522360764,0.163185955923492
2000,728,naive,psi0,-0.15124733223402287,0.12609213993162868
2000,728,naive,psi1,-0.06057404633765524,0.13160497874693616
2000,728,corrected,psi0,1.154177286898375,0.14673274366417724
2000,728,corrected,psi1,0.4023742911170253,0.15493868739524136
2000,729,naive,psi0,-0.23654882276702366,0.12921240120924884
2000,729,naive,psi1,0.014042242417242444,0.1312748677775758
2000,729,corrected,psi0,1.0685855257599206,0.15053917588279023
2000,729,corrected,psi1,0.5685493943565995,0.1540083336851626
2000,730,naive,psi0,-0.022339636615780013,0.1271852033151909
2000,730,naive,psi1,0.04363810007961969,0.1340176864288161
2000,730,corrected,psi0,1.2828431233641275,0.14751208775961272
2000,730,corrected,psi1,0.5534951495496074,0.15695834678783968
2000,731,naive,psi0,-0.44195496817170316,0.12649757516363452
2000,731,naive,psi1,0.0049283296575039414,0.12251887558888004
2000,731,corrected,psi0,0.8651717289019979,0.1474453667070526
2000,731,corrected,psi1,0.5049681034469095,0.14572335940616282
2000,732,naive,psi0,-0.3296062950375982,0.12846405600499697
2000,732,naive,psi1,0.024156925458729415,0.13437285563392956
2000,732,corrected,psi0,0.9320168374456409,0.14917165155195083
2000,732,corrected,psi1,0.5658030551394341,0.15727104043831058
2000,733,naive,psi0,-0.3195117736513196,0.12674732021112234
2000,733,naive,psi1,-0.07646959526348984,0.13627950401908767
2000,733,corrected,psi0,0.9366557786281962,0.14836722059133597
2000,733,corrected,psi1,0.4237401550489485,0.16934379085299098
2000,734,naive,psi0,-0.2641963835699804,0.13103836144972936
2000,734,naive,psi1,0.15316289747508796,0.1402210293955696
2000,734,corrected,psi0,1.011109874102619,0.15108298974943313
2000,734,corrected,psi1,0.7528691353298231,0.16358191567562372
2000,735,naive,psi0,-0.2757720113158855,0.13529647018691798
2000,735,naive,psi1,-0.12266089752921945,0.13958238499403097
2000,735,corrected,psi0,0.9902169607123965,0.15704872923456856
2000,735,corrected,psi1,0.37709611783396646,0.1622868882221369
2000,736,naive,psi0,-0.5279028252526672,0.12662035523849577
2000,736,naive,psi1,0.2214072209374031,0.1280991214466097
2000,736,corrected,psi0,0.7687943726468169,0.147398077643031
2000,736,corrected,psi1,0.7027167601342947,0.14988785892638504
2000,737,naive,psi0,-0.3127803527813557,0.1273621024871467
2000,737,naive,psi1,-0.022943600640652657,0.13775202664427708
2000,737,corrected,psi0,0.951599043089751,0.1481477662796165
2000,737,corrected,psi1,0.49594762214652777,0.1631693601194557
2000,738,naive,psi0,-0.2750614998950653,0.12883003139482296
2000,738,naive,psi1,0.1276286829879831,0.13280351893382852
2000,738,corrected,psi0,1.0151544941415314,0.15000907780047418
2000,738,corrected,psi1,0.6565978105036042,0.15441719553815228
2000,739,naive,psi0,-0.2212720402610825,0.1254024978663926
2000,739,naive,psi1,0.09690587879470969,0.1352842352585818
2000,739,corrected,psi0,1.034094848974318,0.1469230999736806
2000,739,corrected,psi1,0.6358498895329933,0.15465986038368457
2000,740,naive,psi0,-0.4274528636858737,0.1226519990125438
2000,740,naive,psi1,-0.04639403433745679,0.11550926832037188
2000,740,corrected,psi0,0.7925864366023765,0.14327916297026175
2000,740,corrected,psi1,0.5025001931352009,0.13532603858211714
2000,741,naive,psi0,-0.10516678283933059,0.12780024180982877
2000,741,naive,psi1,0.19580723850701573,0.13185479639530884
2000,741,corrected,psi0,1.1512708519546262,0.14788835112836077
2000,741,corrected,psi1,0.743020664237702,0.15161962352109015
2000,742,naive,psi0,-0.29020960688116215,0.127754865613868
2000,742,naive,psi1,-0.15294970832192142,0.1446622902586033
2000,742,corrected,psi0,0.998200342527942,0.1483029467553688
2000,742,corrected,psi1,0.35065756570141937,0.1671060124604254
2000,743,naive,psi0,-0.34837912917439745,0.12710202923798103
2000,743,naive,psi1,0.14747394576453005,0.12087306661095473
2000,743,corrected,psi0,0.9098249957159149,0.14917504218672037
2000,743,corrected,psi1,0.6832576220426201,0.1451108509876189
2000,744,naive,psi0,-0.24197689581200912,0.12853920896490711
2000,744,naive,psi1,-0.17941626175807865,0.1450879667073942
2000,744,corrected,psi0,1.0149968494082926,0.15101300720909241
2000,744,corrected,psi1,0.3374730278055179,0.17436767704075987
2000,745,naive,psi0,-0.3067616195468282,0.1260668512215041
2000,745,naive,psi1,-0.049561601802262975,0.1379072484016108
2000,745,corrected,psi0,0.988742702961354,0.14840747964884665
2000,745,corrected,psi1,0.47526429987481017,0.1613169553641742
2000,746,naive,psi0,-0.23921236255722586,0.1300920965026219
2000,746,naive,psi1,0.05171553429016194,0.13203084141405935
2000,746,corrected,psi0,1.0000348214857793,0.15109421426446407
2000,746,corrected,psi1,0.5368576861865513,0.15583789871393364
2000,747,naive,psi0,-0.1359022233553065,0.13173627476248811
2000,747,naive,psi1,0.08159862401389673,0.14274559420885558
2000,747,corrected,psi0,1.1504856405281787,0.15244639557533238
2000,747,corrected,psi1,0.613246813883475,0.16347950240941256
2000,748,naive,psi0,-0.32312213610376994,0.1260024382053428
2000,748,naive,psi1,-0.20003098739748984,0.12725073808655768
2000,748,corrected,psi0,0.9825138044630032,0.14655366633081443
2000,748,corrected,psi1,0.2710307264383933,0.14885590691617162
2000,749,naive,psi0,-0.18961302246088205,0.12942486816698293
2000,749,naive,psi1,-0.11586231884317556,0.14632109536969146
2000,749,corrected,psi0,1.110690977518156,0.1510830940347029
2000,749,corrected,psi1,0.39881823976403125,0.17042799176980147
2000,750,naive,psi0,-0.41005500884908463,0.125794910396642
2000,750,naive,psi1,0.06797223554228117,0.1367643305904898
2000,750,corrected,psi0,0.8234287666111095,0.14720514716805072
2000,750,corrected,psi1,0.58798041310593,0.16202923850943976
2000,751,naive,psi0,-0.18812371475594705,0.1266861924072175
2000,751,naive,psi1,0.20811516898775675,0.1268753875636913
2000,751,corrected,psi0,1.1525597543430628,0.14672726498348226
2000,751,corrected,psi1,0.6593210649245004,0.1488125563336139
2000,752,naive,psi0,-0.4624204488153538,0.12750658532226192
2000,752,naive,psi1,0.08138579018739163,0.1311914935968571
2000,752,corrected,psi0,0.7681875896914011,0.14929214486046027
2000,752,corrected,psi1,0.5830455195525412,0.15364013295723616
2000,753,naive,psi0,-0.241853810845434,0.12807867379330312
2000,753,naive,psi1,0.37603074223455746,0.13567401358394027
2000,753,corrected,psi0,1.059081318636191,0.1507827907217406
2000,753,corrected,psi1,0.915896186080239,0.1603563684477545
2000,754,naive,psi0,-0.15371018500901645,0.13057173247826376
2000,754,naive,psi1,-0.3600667487374835,0.13818900348810045
2000,754,corrected,psi0,1.0957012773071202,0.15328699251034944
2000,754,corrected,psi1,0.06245414966709813,0.16364321177837288
2000,755,naive,psi0,-0.41008853856444905,0.12704031503087979
2000,755,naive,psi1,0.02035349336969386,0.13842990473318934
2000,755,corrected,psi0,0.8140932212712265,0.1477438133169274
2000,755,corrected,psi1,0.5305697797881903,0.15888021506440192
2000,756,naive,psi0,-0.19663014016866434,0.1303957584355924
2000,756,naive,psi1,-0.11293642121255767,0.132531966773062
2000,756,corrected,psi0,1.0919585559812395,0.15230056804211253
2000,756,corrected,psi1,0.34640801569711555,0.15416718426322695
2000,757,naive,psi0,-0.169389480918322,0.1278425907740818
2000,757,naive,psi1,-0.05754494133559847,0.14446080677465276
2000,757,corrected,psi0,1.1149560001643124,0.14917718743884426
2000,757,corrected,psi1,0.4440924174809303,0.16852036616249094
2000,758,naive,psi0,-0.2054380928855606,0.13099372922039476
2000,758,naive,psi1,0.11262655735765958,0.1312175971087546
2000,758,corrected,psi0,1.0851604267017958,0.15237483927238915
2000,758,corrected,psi1,0.7023157323448413,0.15231503388834997
2000,759,naive,psi0,-0.26461329357068575,0.1288906361411411
2000,759,naive,psi1,-0.11992810773142122,0.13770031688247986
2000,759,corrected,psi0,1.0028723980820966,0.15093151317502854
2000,759,corrected,psi1,0.4132196045864992,0.16191373714940985
2000,760,naive,psi0,-0.11787598030845182,0.125882327854565
2000,760,naive,psi1,-0.0002588209700143635,0.13435993322252965
2000,760,corrected,psi0,1.1257490914716506,0.14852023003422757
2000,760,corrected,psi1,0.5419753541873186,0.15776235240932032
2000,761,naive,psi0,-0.2855736107551736,0.12581070465010702
2000,761,naive,psi1,-0.03019307622877056,0.13251099393356502
2000,761,corrected,psi0,0.9493646706111789,0.14608004275390987
2000,761,corrected,psi1,0.44161897465467387,0.15436896579057988
2000,762,naive,psi0,-0.13602543253748237,0.1252546716425717
2000,762,naive,psi1,-0.044890008349696635,0.12761266657926715
2000,762,corrected,psi0,1.1673086025113333,0.14572453748232414
2000,762,corrected,psi1,0.4399196242137733,0.14765361364278826
2000,763,naive,psi0,-0.19679210017311377,0.13067588903413788
2000,763,naive,psi1,0.1327329192969729,0.1385816452869377
2000,763,corrected,psi0,1.097838551416784,0.15344246327637812
2000,763,corrected,psi1,0.6427100632941413,0.16238234323573036
2000,764,naive,psi0,-0.1877414208502178,0.12794529725824
2000,764,naive,psi1,-0.15375884902103204,0.13330500972508516
2000,764,corrected,psi0,1.0109107169351763,0.14933977100366616
2000,764,corrected,psi1,0.2977532803784198,0.15442089899188866
2000,765,naive,psi0,-0.29966512357814157,0.1288337075423497
2000,765,naive,psi1,-0.08037415760474984,0.1306130606386069
2000,765,corrected,psi0,1.0017737700049882,0.14797596431428062
2000,765,corrected,psi1,0.3480831109250075,0.1473652767086058
2000,766,naive,psi0,-0.3659505207450402,0.12903433515828258
2000,766,naive,psi1,0.0029710778988366773,0.14479231441784024
2000,766,corrected,psi0,0.8646559258127823,0.15131596434314856
2000,766,corrected,psi1,0.46951585155046605,0.17075510502341737
2000,767,naive,psi0,-0.1651675009920546,0.12816170437044586
2000,767,naive,psi1,-0.07418522657825434,0.13606131182160944
2000,767,corrected,psi0,1.1488524514290575,0.1504022892492116
2000,767,corrected,psi1,0.35594810318130604,0.15843204036582637
2000,768,naive,psi0,-0.42767049477159613,0.12629902583460753
2000,768,naive,psi1,-0.0836437103227558,0.13243883265516448
2000,768,corrected,psi0,0.8216409210840223,0.14609613524826548
2000,768,corrected,psi1,0.41207885607361233,0.15413400282865453
2000,769,naive,psi0,-0.4611100988872158,0.1272048186632472
2000,769,naive,psi1,-0.3268126955299431,0.14881014068925716
2000,769,corrected,psi0,0.7970227154508269,0.14844477749112517
2000,769,corrected,psi1,0.05002675716891301,0.1703876418287685
2000,770,naive,psi0,-0.29386652459188334,0.1268237231727215
2000,770,naive,psi1,0.16365457750854226,0.14761982517725214
2000,770,corrected,psi0,0.9608212825913822,0.1471104134474862
2000,770,corrected,psi1,0.7031951452053008,0.16862009999140912
2000,771,naive,psi0,-0.3128707769100821,0.12960655717368338
2000,771,naive,psi1,-0.013913259073463802,0.13331612662735554
2000,771,corrected,psi0,0.9743582013411248,0.1488634896141312
2000,771,corrected,psi1,0.49464739527514645,0.1527091337572724
2000,772,naive,psi0,-0.35816027906423137,0.13116822376116027
2000,772,naive,psi1,-0.06904350547698673,0.15243474289428757
2000,772,corrected,psi0,0.9150947090619973,0.15289314451896902
2000,772,corrected,psi1,0.42803541871131184,0.17558430753928814
2000,773,naive,psi0,-0.184818150418629,0.12560944544017477
2000,773,naive,psi1,0.12975920725169915,0.12916336950694735
2000,773,corrected,psi0,1.1034621118199195,0.1447132313684808
2000,773,corrected,psi1,0.608887456094545,0.14798151450407315
2000,774,naive,psi0,-0.23471529555482165,0.12832548905292823
2000,774,naive,psi1,-0.2578256345626383,0.1456360695775741
2000,774,corrected,psi0,1.024587962775977,0.14856643340924186
2000,774,corrected,psi1,0.2222182611700712,0.16851996253998983
2000,775,naive,psi0,-0.3478340765497148,0.12823721719387277
2000,775,naive,psi1,-0.03498515019488592,0.12829235675445277
2000,775,corrected,psi0,0.9913261799653136,0.1492773561615115
2000,775,corrected,psi1,0.3723966306994595,0.1484244109366716
2000,776,naive,psi0,-0.1359123120467367,0.12821899778185006
2000,776,naive,psi1,-0.01876897810457857,0.14188241124825335
2000,776,corrected,psi0,1.202048277465177,0.14783027002037327
2000,776,corrected,psi1,0.424300484736148,0.16269089428966405
2000,777,naive,psi0,-0.2900573966060285,0.1273209356197207
2000,777,naive,psi1,0.18937102175373627,0.1468734640280177
2000,777,corrected,psi0,0.9686994091066288,0.1488292221034959
2000,777,corrected,psi1,0.6825196299803192,0.16967318036861512
2000,778,naive,psi0,-0.1803634535705592,0.12801934732964024
2000,778,naive,psi1,0.007549819018970945,0.1497367581584168
2000,778,corrected,psi0,1.1381336259309747,0.14969076006062593
2000,778,corrected,psi1,0.5347899159288834,0.17252070511061657
2000,779,naive,psi0,-0.12534726249795136,0.12632791181918293
2000,779,naive,psi1,-0.08722027391890438,0.13138288993188213
2000,779,corrected,psi0,1.1631063214999302,0.1469158115176629
2000,779,corrected,psi1,0.3458426165545934,0.1513344848854472
2000,780,naive,psi0,-0.13245669649031705,0.12979634787524874
2000,780,naive,psi1,0.34662893867998934,0.12786141974964405
2000,780,corrected,psi0,1.1205161373406498,0.15081375855943466
2000,780,corrected,psi1,0.9275964458994884,0.14583720157181088
2000,781,naive,psi0,-0.2104425025205889,0.1314000047544413
2000,781,naive,psi1,-0.1320226827972559,0.13108001380254022
2000,781,corrected,psi0,1.0288934133591743,0.1534012831227519
2000,781,corrected,psi1,0.35284194903665067,0.1545932416788951
2000,782,naive,psi0,-0.22505289832206404,0.13257951257827388
2000,782,naive,psi1,0.0640257198033161,0.14471888356125417
2000,782,corrected,psi0,1.0224399112260862,0.15562445726892501
2000,782,corrected,psi1,0.5506645273426392,0.17245432330522573
2000,783,naive,psi0,-0.21227907423507694,0.12407222620371143
2000,783,naive,psi1,0.20408452795193666,0.12932237419485518
2000,783,corrected,psi0,1.0534323954898037,0.14399897356030503
2000,783,corrected,psi1,0.737437620991229,0.15027012722030658
2000,784,naive,psi0,-0.15486759885456294,0.12544204091701988
2000,784,naive,psi1,0.26633746780371315,0.13103360474408896
2000,784,corrected,psi0,1.1260630490303372,0.14479149715060255
2000,784,corrected,psi1,0.8428054254832302,0.15166671004378957
2000,785,naive,psi0,-0.14364276882863428,0.124774772621042
2000,785,naive,psi1,0.04833076636506714,0.13042048190650352
2000,785,corrected,psi0,1.1136777291147208,0.14535756654956897
2000,785,corrected,psi1,0.579387213647213,0.15185163809676483
2000,786,naive,psi0,-0.3114097903265689,0.12834062312277666
2000,786,naive,psi1,-0.157083221089862,0.1500663546782237
2000,786,corrected,psi0,0.9395654663451964,0.1496559872418581
2000,786,corrected,psi1,0.35073665101859985,0.1755792451413214
2000,787,naive,psi0,-0.45224958999759257,0.12615103511565615
2000,787,naive,psi1,-0.010458989120756386,0.13359312641264912
2000,787,corrected,psi0,0.8260752989117925,0.14745550096911425
2000,787,corrected,psi1,0.5256906056055235,0.15916913447067452
2000,788,naive,psi0,-0.4053372397633416,0.12526589348318956
2000,788,naive,psi1,-0.06755125157548358,0.13336600155385864
2000,788,corrected,psi0,0.8547605731216154,0.14609567921247474
2000,788,corrected,psi1,0.45515813274961975,0.1603221830000741
2000,789,naive,psi0,-0.08558224345925738,0.12913515201306
2000,789,naive,psi1,0.13030804528092838,0.1369122888333806
2000,789,corrected,psi0,1.2119099593864826,0.15025725665658315
2000,789,corrected,psi1,0.6165180919516278,0.15890486292558326
2000,790,naive,psi0,-0.02947331336068673,0.13000534593545518
2000,790,naive,psi1,0.05989326205349263,0.13168281123201858
2000,790,corrected,psi0,1.2879832164910636,0.15124396725219397
2000,790,corrected,psi1,0.5413618970745906,0.15340022595476982
2000,791,naive,psi0,-0.28578704201432065,0.12913400693045388
2000,791,naive,psi1,0.09168492468303137,0.13721302022346807
2000,791,corrected,psi0,0.9885238138596326,0.14936160596265816
2000,791,corrected,psi1,0.6293970663917535,0.15953781978861045
2000,792,naive,psi0,-0.22570221954787686,0.12410727529238318
2000,792,naive,psi1,-0.006238191793541561,0.12764718250518545
2000,792,corrected,psi0,1.0916528290572909,0.14608836181400323
2000,792,corrected,psi1,0.46862810334778315,0.14992204111807544
2000,793,naive,psi0,-0.2825147388544017,0.12882471662913922
2000,793,naive,psi1,-0.24946512795041642,0.13198584166160973
2000,793,corrected,psi0,0.9510856290508584,0.1508246425916567
2000,793,corrected,psi1,0.24510721803127478,0.15520856743492564
2000,794,naive,psi0,-0.40882026062387616,0.12307432257757461
2000,794,naive,psi1,0.2731922487137856,0.1296142027546089
2000,794,corrected,psi0,0.8756761752694598,0.1440441554293337
2000,794,corrected,psi1,0.784286487555432,0.155469264626682
2000,795,naive,psi0,-0.48186462861682894,0.12785990263154007
2000,795,naive,psi1,0.03478420697260499,0.13772915131620259
2000,795,corrected,psi0,0.7721697415053616,0.14990194670976112
2000,795,corrected,psi1,0.5273970823806342,0.16070901605387947
2000,796,naive,psi0,-0.23901237417525423,0.12689583815837058
2000,796,naive,psi1,-0.10379807284475552,0.13685378914608312
2000,796,corrected,psi0,1.0762405570136397,0.14769292553090888
2000,796,corrected,psi1,0.33718713235514214,0.15786157652846694
2000,797,naive,psi0,-0.14218337259698208,0.12569113712830707
2000,797,naive,psi1,-0.2804186926890319,0.12324671654812876
2000,797,corrected,psi0,1.1674404098635687,0.14980044072377277
2000,797,corrected,psi1,0.22518734723763958,0.1466273536695255
2000,798,naive,psi0,-0.2656281624895061,0.12693411111830794
2000,798,naive,psi1,-0.04907294535259059,0.13442672063187702
2000,798,corrected,psi0,0.9491516853623958,0.14708397697719158
2000,798,corrected,psi1,0.46462120410161445,0.1586666900135705
2000,799,naive,psi0,-0.2488771778009473,0.12922973914567154
2000,799,naive,psi1,-0.12994436484467778,0.12870996163067305
2000,799,corrected,psi0,1.0417421158986007,0.15066079008138739
2000,799,corrected,psi1,0.3384133544137003,0.1492182698368259
2000,800,naive,psi0,-0.32679858262290123,0.12847749304511402
2000,800,naive,psi1,0.0010097185308071955,0.128772990678107
2000,800,corrected,psi0,0.9454083202614132,0.15092251501259402
2000,800,corrected,psi1,0.42437625578408444,0.14995742303577345
2000,801,naive,psi0,-0.146335167112395,0.1264963241598437
2000,801,naive,psi1,0.08274655989378629,0.1380281292248478
2000,801,corrected,psi0,1.1136082451356382,0.14966659310181343
2000,801,corrected,psi1,0.6357827783577961,0.1678203623445298
2000,802,naive,psi0,-0.2728287021890037,0.1247268777891644
2000,802,naive,psi1,-0.0016743521092203058,0.13717140548296614
2000,802,corrected,psi0,0.9540083504536322,0.14651504381636016
2000,802,corrected,psi1,0.5327144096482004,0.1585406962273133
2000,803,naive,psi0,-0.42005442072086013,0.12799356419780925
2000,803,naive,psi1,-0.06354051049413315,0.13305911087648872
2000,803,corrected,psi0,0.8988792539467948,0.14978599808011933
2000,803,corrected,psi1,0.3582150556633509,0.15641028060275597
2000,804,naive,psi0,-0.2523335592211223,0.12594735459721704
2000,804,naive,psi1,-0.15149970013948671,0.12339258445819984
2000,804,corrected,psi0,1.0711390649045922,0.14628200431514052
2000,804,corrected,psi1,0.3398150444263423,0.14466999675092412
2000,805,naive,psi0,-0.4822558991434308,0.1303694612105275
2000,805,naive,psi1,-0.14605983529915792,0.13485684126078631
2000,805,corrected,psi0,0.8140783280401553,0.15189465678460068
2000,805,corrected,psi1,0.32988782383415804,0.15938617598206534
2000,806,naive,psi0,-0.25535423397375473,0.12922831011730904
2000,806,naive,psi1,-0.01137171691556311,0.13232613641868737
2000,806,corrected,psi0,1.0310435121607588,0.14914717849238077
2000,806,corrected,psi1,0.45779345894746604,0.15202381716099148
2000,807,naive,psi0,-0.411343544616601,0.12906156153330064
2000,807,naive,psi1,-0.16002534721215747,0.1379608523412294
2000,807,corrected,psi0,0.8296227073501368,0.1500020081965986
2000,807,corrected,psi1,0.34496378638986336,0.16033290831864222
2000,808,naive,psi0,-0.3502590883763614,0.12749090721772682
2000,808,naive,psi1,0.049116086777979295,0.129193337947713
2000,808,corrected,psi0,0.9517744041464443,0.14846029753853002
2000,808,corrected,psi1,0.6378341115198758,0.15123369399325529
2000,809,naive,psi0,-0.11063949630995329,0.12987981637829485
2000,809,naive,psi1,-0.1989135496782471,0.13870738586288178
2000,809,corrected,psi0,1.2159430355278884,0.14954432291486375
2000,809,corrected,psi1,0.2557831214527667,0.15981646773743025
2000,810,naive,psi0,-0.42309145939457304,0.13088392066166935
2000,810,naive,psi1,0.21845977572563563,0.13594107035428205
2000,810,corrected,psi0,0.8357191847006172,0.15016006543106233
2000,810,corrected,psi1,0.8000599095348104,0.15725482690868423
2000,811,naive,psi0,-0.4024774147986623,0.1287332252283262
2000,811,naive,psi1,-0.0038591154225935914,0.14660698582797485
2000,811,corrected,psi0,0.8506349190773081,0.15127987379403476
2000,811,corrected,psi1,0.48032435325418754,0.17348587155614334
2000,812,naive,psi0,-0.23214983028516556,0.12980837153041505
2000,812,naive,psi1,-0.12967212045265386,0.1251366047450451
2000,812,corrected,psi0,1.1627808736530425,0.15043253025301911
2000,812,corrected,psi1,0.3076004797284285,0.14576784795846753
2000,813,naive,psi0,-0.3146602020112543,0.12700946352023587
2000,813,naive,psi1,0.10350415882297215,0.14717032203077737
2000,813,corrected,psi0,0.944199927098534,0.1472603121279237
2000,813,corrected,psi1,0.6472366336076629,0.17204383291559408
2000,814,naive,psi0,-0.5301381181109043,0.12815182829289087
2000,814,naive,psi1,0.03417678417904227,0.1278182534169385
2000,814,corrected,psi0,0.7279178905989542,0.14947289340136088
2000,814,corrected,psi1,0.5760652591106795,0.14919808307038485
2000,815,naive,psi0,-0.12084068758179485,0.12686519183141637
2000,815,naive,psi1,-0.02816365768639495,0.1325916549494336
2000,815,corrected,psi0,1.1470182946070717,0.14667999214620273
2000,815,corrected,psi1,0.45594145796329105,0.15385839463249829
2000,816,naive,psi0,-0.18248244790282706,0.12618058680712363
2000,816,naive,psi1,-0.08796361506814886,0.13254889584652949
2000,816,corrected,psi0,1.1107132454796365,0.14646616849929456
2000,816,corrected,psi1,0.3919913680100603,0.1548636515583678
2000,817,naive,psi0,-0.29902770531382217,0.1263362044347349
2000,817,naive,psi1,0.20789166845738055,0.13274270856045972
2000,817,corrected,psi0,0.9617528568456256,0.14610940228741714
2000,817,corrected,psi1,0.7411066987440869,0.15515440029539598
2000,818,naive,psi0,-0.2707919933449344,0.12498643148029756
2000,818,naive,psi1,0.0118973094176312,0.1262527785056584
2000,818,corrected,psi0,1.0318881703831622,0.14501247103315804
2000,818,corrected,psi1,0.5255690341076259,0.14595778518899535
2000,819,naive,psi0,-0.2513070054311849,0.127721536299116
2000,819,naive,psi1,-0.04981427112766129,0.13156410107750102
2000,819,corrected,psi0,1.0147697373009796,0.1504093887336744
2000,819,corrected,psi1,0.45308119821563386,0.15793359482695907
2000,820,naive,psi0,-0.3293622909531884,0.1272444877261612
2000,820,naive,psi1,0.007625638284697626,0.13437526740757283
2000,820,corrected,psi0,0.9376368621984268,0.14732751816038409
2000,820,corrected,psi1,0.5381884519521205,0.15541740217229746
2000,821,naive,psi0,-0.12187202316282242,0.12697823780568268
2000,821,naive,psi1,0.0414964388799392,0.13139701454306993
2000,821,corrected,psi0,1.1962156684890437,0.1468947577731293
2000,821,corrected,psi1,0.49963280516428205,0.15063878081752832
2000,822,naive,psi0,-0.4447814922911085,0.12686427519349225
2000,822,naive,psi1,-0.17110122645998024,0.13362062556042098
2000,822,corrected,psi0,0.8413662812487027,0.14752325415355122
2000,822,corrected,psi1,0.2826787168371397,0.15412760259818067
2000,823,naive,psi0,-0.29208439085239457,0.12689483947127084
2000,823,naive,psi1,0.004673108346355914,0.13807409741467902
2000,823,corrected,psi0,1.0290692922158642,0.147823884766465
2000,823,corrected,psi1,0.4893439138132021,0.1581843328024041
2000,824,naive,psi0,-0.20624516079856833,0.1254461666985008
2000,824,naive,psi1,0.00947654805796231,0.13769711615606606
2000,824,corrected,psi0,1.05496749886431,0.14658196510969973
2000,824,corrected,psi1,0.5391962301488101,0.16455666525547452
2000,825,naive,psi0,-0.26527912964206124,0.12453412527801416
2000,825,naive,psi1,-0.1098017513566341,0.13520596786266997
2000,825,corrected,psi0,1.0192789583824116,0.1456301286708343
2000,825,corrected,psi1,0.3836281099830975,0.15693077942457917
2000,826,naive,psi0,-0.2676031065324199,0.1274472344491172
2000,826,naive,psi1,0.05274261655213333,0.14892185318204101
2000,826,corrected,psi0,1.0048359950768162,0.14876118602002958
2000,826,corrected,psi1,0.5605091747280078,0.17293833492593855
2000,827,naive,psi0,-0.48190052061267774,0.1261469914902892
2000,827,naive,psi1,-0.007312810754924247,0.12958270699149269
2000,827,corrected,psi0,0.7899076911068555,0.146680988270548
2000,827,corrected,psi1,0.45568651087799505,0.14997460692524434
2000,828,naive,psi0,-0.33730504774319614,0.1236228718673285
2000,828,naive,psi1,-0.043094272387637717,0.12903192708245134
2000,828,corrected,psi0,0.9169048659372737,0.14387729851781833
2000,828,corrected,psi1,0.45058442439339697,0.14844648425233226
2000,829,naive,psi0,-0.15807966331860435,0.12197995137736033
2000,829,naive,psi1,0.031963019767902515,0.13222285934449782
2000,829,corrected,psi0,1.1649347061129613,0.14340298677686586
2000,829,corrected,psi1,0.4902567353556326,0.15429935094390598
2000,830,naive,psi0,-0.19942818133359208,0.12842381619705787
2000,830,naive,psi1,-0.18922989095465895,0.13219027092873042
2000,830,corrected,psi0,1.0805502060866627,0.14881254775566088
2000,830,corrected,psi1,0.25568838796440074,0.1541144689323573
2000,831,naive,psi0,-0.3784296704270262,0.12839202490878962
2000,831,naive,psi1,-0.10738556483668969,0.14137656025067374
2000,831,corrected,psi0,0.8941771441815048,0.1510752165968407
2000,831,corrected,psi1,0.38391667318866135,0.16583685595278214
2000,832,naive,psi0,-0.10967177486702662,0.12881012032837538
2000,832,naive,psi1,-0.09878053869933372,0.15974621814703613
2000,832,corrected,psi0,1.1778412029251095,0.15116410264170346
2000,832,corrected,psi1,0.38202260943595767,0.18780060956002598
2000,833,naive,psi0,-0.37004399278550393,0.12741967908891477
2000,833,naive,psi1,0.17713003409671754,0.13285826428605374
2000,833,corrected,psi0,0.8773425495747612,0.14843051275614297
2000,833,corrected,psi1,0.747863341899859,0.15790624379023743
2000,834,naive,psi0,-0.14695473130535452,0.12830933808860465
2000,834,naive,psi1,0.06924455370459225,0.13829444655709514
2000,834,corrected,psi0,1.1380729857113046,0.1487620031190952
2000,834,corrected,psi1,0.5934767943734458,0.1592840602348772
2000,835,naive,psi0,-0.07092400806482199,0.13007089231465638
2000,835,naive,psi1,0.27302617735143475,0.14400321792323129
2000,835,corrected,psi0,1.2399758942017876,0.15197516172139353
2000,835,corrected,psi1,0.8260116931612143,0.16835014727800993
2000,836,naive,psi0,-0.41696440521331907,0.13027026029670022
2000,836,naive,psi1,-0.21477299254067683,0.14780177238528863
2000,836,corrected,psi0,0.8116000382943688,0.15200617732973942
2000,836,corrected,psi1,0.21292511695340663,0.173795941690454
2000,837,naive,psi0,-0.6477508769690961,0.12863864481091167
2000,837,naive,psi1,0.11262127862304892,0.11956780535958046
2000,837,corrected,psi0,0.5501822689597569,0.14886941662163508
2000,837,corrected,psi1,0.6255927684388616,0.13944004927778061
2000,838,naive,psi0,-0.2454591352528178,0.12913696007924813
2000,838,naive,psi1,-0.17033810692253645,0.14074111195871863
2000,838,corrected,psi0,0.9906949803769484,0.1505762359528175
2000,838,corrected,psi1,0.3302052492932733,0.1635555870507177
2000,839,naive,psi0,-0.5826642225658303,0.13033025494581046
2000,839,naive,psi1,0.07930057832495221,0.14336732548592657
2000,839,corrected,psi0,0.6414687611754765,0.15007977835603842
2000,839,corrected,psi1,0.537719297943847,0.16320637642604247
2000,840,naive,psi0,-0.4191582075468993,0.12742095057673444
2000,840,naive,psi1,0.24415800459434814,0.12658655798645557
2000,840,corrected,psi0,0.8384563803708115,0.14663208501631445
2000,840,corrected,psi1,0.7562743193579161,0.14458582634586947
2000,841,naive,psi0,-0.3894078756212638,0.1258403618672534
2000,841,naive,psi1,-0.20961049847770494,0.1282318734279702
2000,841,corrected,psi0,0.838305266872386,0.14756666542762845
2000,841,corrected,psi1,0.27433020630596505,0.15433009770688044
2000,842,naive,psi0,-0.09011340608038365,0.12844432362606853
2000,842,naive,psi1,-0.0716387365772485,0.13234894361758998
2000,842,corrected,psi0,1.205608537452807,0.15049566634517533
2000,842,corrected,psi1,0.4285402620297082,0.15794173764869415
2000,843,naive,psi0,-0.30096491194271147,0.13162512886765523
2000,843,naive,psi1,0.20881769706855766,0.13843963645918272
2000,843,corrected,psi0,0.9520199896122719,0.15369335499446243
2000,843,corrected,psi1,0.833807899692992,0.16185971082240305
2000,844,naive,psi0,-0.2776732369159518,0.12824234199813628
2000,844,naive,psi1,-0.014971737063711391,0.1286158565245762
2000,844,corrected,psi0,1.0202113877695538,0.14891362298038505
2000,844,corrected,psi1,0.43180168149498566,0.14897350621288102
2000,845,naive,psi0,-0.1993045525954879,0.12624678588314472
2000,845,naive,psi1,-0.009493041824329591,0.13142901558879724
2000,845,corrected,psi0,1.083107434775429,0.14712371463965435
2000,845,corrected,psi1,0.5113537697098867,0.15275695105066722
2000,846,naive,psi0,-0.3892121399308772,0.12529416672021296
2000,846,naive,psi1,0.028124687971478834,0.1271436303511902
2000,846,corrected,psi0,0.9050773883939868,0.14617693996699518
2000,846,corrected,psi1,0.5697957849562436,0.14823123426815152
2000,847,naive,psi0,-0.14079254633218036,0.12776985440388083
2000,847,naive,psi1,-0.04228969922503216,0.13538819068644017
2000,847,corrected,psi0,1.1534637941658996,0.14897423056964781
2000,847,corrected,psi1,0.5072334219314906,0.15659355730565797
2000,848,naive,psi0,-0.27252255902581873,0.12986618104713266
2000,848,naive,psi1,0.09688596287797331,0.14180942245743572
2000,848,corrected,psi0,0.9837100618073402,0.1511897109358779
2000,848,corrected,psi1,0.6500602237251188,0.16541216411740342
2000,849,naive,psi0,-0.1331375099785187,0.12377741774350808
2000,849,naive,psi1,-0.009306030633939224,0.14208447314594444
2000,849,corrected,psi0,1.219003638070594,0.144924540522567
2000,849,corrected,psi1,0.4739026674890854,0.1639490930754931
2000,850,naive,psi0,-0.36913830774383055,0.1259229517376562
2000,850,naive,psi1,-0.16586186745767464,0.12222182011725329
2000,850,corrected,psi0,0.902654116472987,0.14612554780540674
2000,850,corrected,psi1,0.28088527322198936,0.14102399727843537
2000,851,naive,psi0,-0.24908967609100421,0.12603859095984624
2000,851,naive,psi1,-0.08416631229387135,0.12767048255272395
2000,851,corrected,psi0,1.0753530737226304,0.147124995079628
2000,851,corrected,psi1,0.4765478036959924,0.14776745460129423
2000,852,naive,psi0,-0.4700884591239201,0.12001936704771293
2000,852,naive,psi1,-0.10298917378559735,0.11829830205086063
2000,852,corrected,psi0,0.8242042766006809,0.14039679611015662
2000,852,corrected,psi1,0.4266966973716145,0.1411176935372916
2000,853,naive,psi0,-0.5394576876171933,0.12536638986771298
2000,853,naive,psi1,-0.09839582414847951,0.1322916847422595
2000,853,corrected,psi0,0.6902968116187731,0.1461970663076745
2000,853,corrected,psi1,0.4105923737533573,0.15309551086669418
2000,854,naive,psi0,-0.23902957230647517,0.12413994444352527
2000,854,naive,psi1,0.2134261694181835,0.13217826010115333
2000,854,corrected,psi0,1.0255529947535504,0.1444709593913758
2000,854,corrected,psi1,0.7868810660818976,0.15238626128000363
2000,855,naive,psi0,-0.20113613234100938,0.12294917712811498
2000,855,naive,psi1,-0.12341796688546185,0.13094301092020658
2000,855,corrected,psi0,1.1290193133226505,0.14267744478123887
2000,855,corrected,psi1,0.3469068279316653,0.1503268933617565
2000,856,naive,psi0,-0.46057650201819766,0.13185026425226168
2000,856,naive,psi1,0.07785310266085528,0.14672467839985168
2000,856,corrected,psi0,0.7499505884300797,0.1544091653528677
2000,856,corrected,psi1,0.6525967577764638,0.17045621376087458
2000,857,naive,psi0,-0.13959367391990166,0.12959104743635755
2000,857,naive,psi1,0.04220647363543444,0.13587308348651447
2000,857,corrected,psi0,1.1608894817868314,0.15053770824650967
2000,857,corrected,psi1,0.5663012395376883,0.1584073312744261
2000,858,naive,psi0,-0.3158353198735965,0.131602624330916
2000,858,naive,psi1,-0.38134851480941745,0.13898482878012056
2000,858,corrected,psi0,0.9683275909525497,0.15393265560316916
2000,858,corrected,psi1,0.11269185260964486,0.16386303193266838
2000,859,naive,psi0,-0.3977049720187307,0.12785097045445729
2000,859,naive,psi1,-0.052487545979062494,0.1263398460087
2000,859,corrected,psi0,0.8540178590043052,0.14917909211522912
2000,859,corrected,psi1,0.4623782360402444,0.14616174582936034
2000,860,naive,psi0,-0.47876238835239,0.12428622097301377
2000,860,naive,psi1,0.008629221238791767,0.1381317799076952
2000,860,corrected,psi0,0.7824590347894581,0.1449475913662915
2000,860,corrected,psi1,0.4481653100493953,0.16064428346522067
2000,861,naive,psi0,-0.35923121989482176,0.1281055061524513
2000,861,naive,psi1,0.016627810819871008,0.1303710699277172
2000,861,corrected,psi0,0.8763606909756105,0.1497648980095352
2000,861,corrected,psi1,0.4949423248456569,0.15418036405278435
2000,862,naive,psi0,-0.2521278805235644,0.1289283554046886
2000,862,naive,psi1,0.039609058927019304,0.13662104430160002
2000,862,corrected,psi0,1.0433179627632494,0.14948666630438662
2000,862,corrected,psi1,0.5178038924250636,0.16146932277588885
2000,863,naive,psi0,-0.2444388878054855,0.12889981650505494
2000,863,naive,psi1,-0.08856954624811109,0.13255732792569938
2000,863,corrected,psi0,1.0395564070590004,0.15244962385873975
2000,863,corrected,psi1,0.4501823900166145,0.1590745540655864
2000,864,naive,psi0,-0.361555834767733,0.12736296938096583
2000,864,naive,psi1,-0.10931815656342535,0.12965563845389283
2000,864,corrected,psi0,0.8639549341393727,0.14896760041416537
2000,864,corrected,psi1,0.37420509227195403,0.15276124956961137
2000,865,naive,psi0,-0.25058428418876266,0.13188649360847635
2000,865,naive,psi1,0.16898910273788942,0.1388946190786002
2000,865,corrected,psi0,1.008410628184929,0.15313116332335777
2000,865,corrected,psi1,0.6993648934348944,0.16033292304193159
2000,866,naive,psi0,-0.07725201112718792,0.12335292119045367
2000,866,naive,psi1,0.20326758909546286,0.13483330242981414
2000,866,corrected,psi0,1.1531670615701524,0.14428283972460937
2000,866,corrected,psi1,0.7409284818904469,0.15690013871472885
2000,867,naive,psi0,-0.09972614898158048,0.12902370642984964
2000,867,naive,psi1,0.35373032481395206,0.13039170461411265
2000,867,corrected,psi0,1.1852600195413379,0.15139296842619557
2000,867,corrected,psi1,0.8665406808229301,0.15233825885016378
2000,868,naive,psi0,-0.3190093580465019,0.1275090794714943
2000,868,naive,psi1,-0.061912075571736086,0.1255167798799275
2000,868,corrected,psi0,0.9528725464081124,0.1464059197246043
2000,868,corrected,psi1,0.4112059620285999,0.14577618480289736
2000,869,naive,psi0,-0.41577649447804554,0.12454404177514693
2000,869,naive,psi1,-0.09264936941197915,0.12345920782757912
2000,869,corrected,psi0,0.8613849272168445,0.14467070758652398
2000,869,corrected,psi1,0.42170802260109025,0.14392810475398704
2000,870,naive,psi0,-0.17401160516527395,0.12675292927353626
2000,870,naive,psi1,0.06945560186461429,0.13987582517928937
2000,870,corrected,psi0,1.1126936175297788,0.14902948059310536
2000,870,corrected,psi1,0.5311327856962418,0.1622161326251276
2000,871,naive,psi0,-0.09213425792137896,0.12444355691154556
2000,871,naive,psi1,0.0767981007630279,0.12883023020679873
2000,871,corrected,psi0,1.198056406278876,0.14570272001203005
2000,871,corrected,psi1,0.5938861700777399,0.14909162065934817
2000,872,naive,psi0,-0.2428251027781647,0.12721079834853014
2000,872,naive,psi1,0.10566080491717299,0.1279861028451947
2000,872,corrected,psi0,1.0823921796956169,0.14791669208143446
2000,872,corrected,psi1,0.6238028653228378,0.14978685963465238
2000,873,naive,psi0,0.05697983789947884,0.13132884871108721
2000,873,naive,psi1,-0.016532122647302118,0.1467440474980957
2000,873,corrected,psi0,1.3478597292212429,0.15293870385456473
2000,873,corrected,psi1,0.5328596184161647,0.17419418526355523
2000,874,naive,psi0,-0.4171097901045067,0.12729521306149605
2000,874,naive,psi1,-0.2930663303212393,0.13951897406574607
2000,874,corrected,psi0,0.8818202159335305,0.1483979573224019
2000,874,corrected,psi1,0.1552871441522237,0.1637338426306179
2000,875,naive,psi0,-0.18795520971970167,0.12649597381986835
2000,875,naive,psi1,-0.11311625194141586,0.13223515399135954
2000,875,corrected,psi0,1.1125070472842347,0.14901613917866754
2000,875,corrected,psi1,0.3625067132031746,0.15887819820509363
2000,876,naive,psi0,-0.3078854995669899,0.12789014759493914
2000,876,naive,psi1,0.03683573661984247,0.12217376251096808
2000,876,corrected,psi0,0.9746261619702927,0.14887223731828084
2000,876,corrected,psi1,0.5021301411769838,0.14391555255065247
2000,877,naive,psi0,-0.1736744534266067,0.1239096713780017
2000,877,naive,psi1,0.0868322086518376,0.12498767370691022
2000,877,corrected,psi0,1.125498801845297,0.14345244835534207
2000,877,corrected,psi1,0.6204890114454297,0.14408120646530728
2000,878,naive,psi0,-0.522082908174492,0.12958259805449712
2000,878,naive,psi1,-0.19603186338307205,0.13858689398811
2000,878,corrected,psi0,0.7895698745571332,0.14936608253565095
2000,878,corrected,psi1,0.25558605673625184,0.15865663080436568
2000,879,naive,psi0,-0.30626188908080937,0.13198718709943388
2000,879,naive,psi1,0.010204422064688589,0.14070776972984897
2000,879,corrected,psi0,0.9748441552491707,0.1527963446621957
2000,879,corrected,psi1,0.5231623244555863,0.1629060343413205
2000,880,naive,psi0,-0.36601885042204596,0.1233481898497002
2000,880,naive,psi1,-0.044709015973151904,0.12622744702417915
2000,880,corrected,psi0,0.9380479663877297,0.14386110528908896
2000,880,corrected,psi1,0.4361755405729839,0.14841381485249042
2000,881,naive,psi0,-0.13209510079608486,0.1273263475580471
2000,881,naive,psi1,0.10394565084157019,0.1334155938448845
2000,881,corrected,psi0,1.2069465406899444,0.14802523276667118
2000,881,corrected,psi1,0.5671947592272499,0.15544660107671948
2000,882,naive,psi0,-0.1378998029292996,0.12269737889154517
2000,882,naive,psi1,-0.05848489037655489,0.13082694971061495
2000,882,corrected,psi0,1.1547049740365005,0.142683796194285
2000,882,corrected,psi1,0.45313527496548367,0.15160497125414496
2000,883,naive,psi0,-0.2139560417120178,0.12252942060529258
2000,883,naive,psi1,-0.014205238745168774,0.12126036421318424
2000,883,corrected,psi0,1.0743661411005245,0.14246963473554086
2000,883,corrected,psi1,0.4840948429283461,0.1417312648469478
2000,884,naive,psi0,-0.19288390932342145,0.12845306149838343
2000,884,naive,psi1,0.013903876265293505,0.14211475500436996
2000,884,corrected,psi0,1.116018621631659,0.1490940999932769
2000,884,corrected,psi1,0.5139940644878962,0.16315377159420888
2000,885,naive,psi0,-0.09554825161008017,0.1252311140437828
2000,885,naive,psi1,0.05896434042663875,0.1264013905665594
2000,885,corrected,psi0,1.1903567775869943,0.14566254332512302
2000,885,corrected,psi1,0.5143718701630927,0.1456829912944509
2000,886,naive,psi0,-0.09160446135945895,0.12710756360756104
2000,886,naive,psi1,0.37363599868283354,0.1377277155172507
2000,886,corrected,psi0,1.1917560130731055,0.14940225394063084
2000,886,corrected,psi1,0.9709307591991639,0.1656303978076093
2000,887,naive,psi0,-0.18023593691326129,0.12603140824825806
2000,887,naive,psi1,-0.014703306590238965,0.13291640224374146
2000,887,corrected,psi0,1.1083470630299888,0.14730978173213957
2000,887,corrected,psi1,0.5012585181358274,0.1547234206763954
2000,888,naive,psi0,-0.258913977754719,0.1270210146602268
2000,888,naive,psi1,0.1823267310781622,0.14762084200085776
2000,888,corrected,psi0,1.0344088795447934,0.148245089971112
2000,888,corrected,psi1,0.6950516701892842,0.17169329034724698
2000,889,naive,psi0,-0.518943017109498,0.12752319059503944
2000,889,naive,psi1,0.12263307548508637,0.14517714990328107
2000,889,corrected,psi0,0.730343850970788,0.14793387874237868
2000,889,corrected,psi1,0.6507411007176402,0.16563787765889368
2000,890,naive,psi0,-0.016573839181215404,0.13028727622201167
2000,890,naive,psi1,0.20648375375524877,0.1417019471689339
2000,890,corrected,psi0,1.3061198202888684,0.15093451680624376
2000,890,corrected,psi1,0.7041799147535958,0.16353603454661678
2000,891,naive,psi0,-0.3366215600244467,0.12314911850025666
2000,891,naive,psi1,-0.14466636599920885,0.13132686700019566
2000,891,corrected,psi0,0.9254867095168585,0.14453494678244566
2000,891,corrected,psi1,0.34398785771945956,0.15591525562101494
2000,892,naive,psi0,-0.296826560042899,0.12593237864345663
2000,892,naive,psi1,-0.043105817494185725,0.14050816970191468
2000,892,corrected,psi0,0.9781698255900636,0.14758073725706752
2000,892,corrected,psi1,0.42321833046525137,0.16303379602221715
2000,893,naive,psi0,-0.05548158557707075,0.12693887277960414
2000,893,naive,psi1,0.018603222689983333,0.1370879914515323
2000,893,corrected,psi0,1.2338285454225228,0.14814666552308697
2000,893,corrected,psi1,0.5331761864379655,0.15915578742555922
2000,894,naive,psi0,-0.29716497406187714,0.1254813015555888
2000,894,naive,psi1,-0.06372897209489496,0.13012383836320116
2000,894,corrected,psi0,0.9717842812875606,0.147517338826674
2000,894,corrected,psi1,0.410045514079516,0.1523543781170542
2000,895,naive,psi0,-0.3732694482383183,0.12859056597707483
2000,895,naive,psi1,-0.132885244826056,0.13142437919994426
2000,895,corrected,psi0,0.9322615957877023,0.1491624546706361
2000,895,corrected,psi1,0.387190937584896,0.1503246221588596
2000,896,naive,psi0,-0.11195301156492236,0.12553697765564684
2000,896,naive,psi1,0.06311379974537154,0.12460755250627602
2000,896,corrected,psi0,1.200073359442935,0.14575615673650327
2000,896,corrected,psi1,0.5514897687988288,0.1448903871963762
2000,897,naive,psi0,-0.333560872348836,0.12721511225026358
2000,897,naive,psi1,-0.1392707089447683,0.1499882831600684
2000,897,corrected,psi0,0.9294527384218909,0.14704647893053396
2000,897,corrected,psi1,0.2887710819703298,0.169410410570221
2000,898,naive,psi0,-0.15670744741682066,0.12761949459020272
2000,898,naive,psi1,0.0033975216332124496,0.13862875158209337
2000,898,corrected,psi0,1.0935054249477119,0.14827802101538196
2000,898,corrected,psi1,0.5066556918593965,0.16054015650630302
2000,899,naive,psi0,-0.1606753490538385,0.12501029652920406
2000,899,naive,psi1,-0.02699208490830855,0.13019533598215113
2000,899,corrected,psi0,1.1381195766156533,0.14425746363955716
2000,899,corrected,psi1,0.47154700493302865,0.14828969555801363
2000,900,naive,psi0,-0.39244399426839605,0.12922555293929847
2000,900,naive,psi1,0.04605669263138285,0.1269616895579673
2000,900,corrected,psi0,0.8672968387705488,0.15074819067442166
2000,900,corrected,psi1,0.6038198191087637,0.1487943530435306
2000,901,naive,psi0,-0.18327113761559252,0.1278045383342895
2000,901,naive,psi1,-0.12874544381960362,0.1343817261015055
2000,901,corrected,psi0,1.0632067405646073,0.15044113218645253
2000,901,corrected,psi1,0.36228091592520156,0.16061200056635147
2000,902,naive,psi0,-0.05636300984600269,0.12894571654333575
2000,902,naive,psi1,0.04983050592788255,0.13239779283596204
2000,902,corrected,psi0,1.287775425772306,0.14855391715810523
2000,902,corrected,psi1,0.5545005262298387,0.15103056991850158
2000,903,naive,psi0,-0.2996866360057677,0.12406862266048113
2000,903,naive,psi1,-0.1342468377812057,0.1361456622195929
2000,903,corrected,psi0,0.9487559436700885,0.14455643394238224
2000,903,corrected,psi1,0.3216411632142726,0.16033767630644602
2000,904,naive,psi0,-0.3064243574795616,0.12868430324012747
2000,904,naive,psi1,0.06653655955120046,0.1414138742178099
2000,904,corrected,psi0,1.038144087889456,0.14944583644643136
2000,904,corrected,psi1,0.591653248038189,0.1636810332424387
2000,905,naive,psi0,-0.16103829222741273,0.12746321928687426
2000,905,naive,psi1,0.03063391238482015,0.13615758304866696
2000,905,corrected,psi0,1.149752113897175,0.148513959795144
2000,905,corrected,psi1,0.46668720875064545,0.1582118018814609
2000,906,naive,psi0,-0.11786524520490924,0.1269635501092442
2000,906,naive,psi1,-0.08149963191850344,0.1295451416719893
2000,906,corrected,psi0,1.2113993571345092,0.1479872135101703
2000,906,corrected,psi1,0.36176424301516824,0.15047987648750197
2000,907,naive,psi0,-0.12541965382910944,0.12546234605602863
2000,907,naive,psi1,0.15582269930976198,0.12559090194198802
2000,907,corrected,psi0,1.190122414666742,0.14636966864454576
2000,907,corrected,psi1,0.6636047789981522,0.15001695926430578
2000,908,naive,psi0,-0.35701429680378916,0.12758587880134648
2000,908,naive,psi1,-0.023636017021601306,0.12852533634927446
2000,908,corrected,psi0,0.889896665850135,0.1490778532127577
2000,908,corrected,psi1,0.4507926934012203,0.1511287698996987
2000,909,naive,psi0,-0.38549945745904984,0.12849190435387722
2000,909,naive,psi1,0.0061418536640978905,0.12423575403526994
2000,909,corrected,psi0,0.893154394038425,0.14774707670097434
2000,909,corrected,psi1,0.5086834273119069,0.14272314365395014
2000,910,naive,psi0,-0.35543426297103803,0.12706518176370088
2000,910,naive,psi1,0.012819181270530347,0.12628911582925773
2000,910,corrected,psi0,0.9092408846901715,0.14772298257909355
2000,910,corrected,psi1,0.48846567915685196,0.14659332408760067
2000,911,naive,psi0,-0.22254082823124713,0.12950500786250363
2000,911,naive,psi1,-0.08803230415486028,0.1370764635634226
2000,911,corrected,psi0,1.0431603812158476,0.15180635442555487
2000,911,corrected,psi1,0.3683847597928766,0.16122084472288367
2000,912,naive,psi0,-0.336076128325081,0.12839281975801645
2000,912,naive,psi1,0.10229112814385105,0.13742464369515325
2000,912,corrected,psi0,0.934062120471508,0.15008585578758557
2000,912,corrected,psi1,0.5943262024239168,0.15891979675780812
2000,913,naive,psi0,-0.24003102681285085,0.12839063356725416
2000,913,naive,psi1,0.0670297473860873,0.1349130053850274
2000,913,corrected,psi0,1.0743398564977402,0.14855191519371827
2000,913,corrected,psi1,0.5241410742404468,0.15794918288489437
2000,914,naive,psi0,-0.3593416389332748,0.12812215249964012
2000,914,naive,psi1,0.11257791623462778,0.1395581024779268
2000,914,corrected,psi0,0.8583102442535815,0.14781090858481716
2000,914,corrected,psi1,0.6410377028026868,0.16228767665883975
2000,915,naive,psi0,-0.19936027582446664,0.12984432923807032
2000,915,naive,psi1,-0.1094306319908992,0.12940953946669131
2000,915,corrected,psi0,1.0520427295382802,0.15069499148204094
2000,915,corrected,psi1,0.4702926059439539,0.15013503217612964
2000,916,naive,psi0,-0.3092402922992023,0.12839247637366097
2000,916,naive,psi1,-0.10587300602189711,0.13962372206581494
2000,916,corrected,psi0,1.0200836498102681,0.14990675465007688
2000,916,corrected,psi1,0.3548084806460176,0.16234244930212266
2000,917,naive,psi0,-0.35960537862774644,0.12458157418694714
2000,917,naive,psi1,0.10796735445380663,0.12652296819274308
2000,917,corrected,psi0,0.9340535960952426,0.1463353813066866
2000,917,corrected,psi1,0.6488597073090089,0.1477436249225944
2000,918,naive,psi0,-0.2654303732474805,0.12714877306529307
2000,918,naive,psi1,-0.06384507000229302,0.13390818749584815
2000,918,corrected,psi0,1.058897299804129,0.1493826617548792
2000,918,corrected,psi1,0.43686983599132745,0.15646072757487417
2000,919,naive,psi0,-0.33826631405272467,0.12582555348799085
2000,919,naive,psi1,0.06328519468989427,0.12021838737488465
2000,919,corrected,psi0,0.9168035825437252,0.1467523092406011
2000,919,corrected,psi1,0.5663091128441398,0.13842513401480847
2000,920,naive,psi0,-0.5816002776249347,0.13027360221608625
2000,920,naive,psi1,0.003590607122222535,0.1403330867589458
2000,920,corrected,psi0,0.6891627197003695,0.15119921638301967
2000,920,corrected,psi1,0.5168936887895321,0.16498030210542539
2000,921,naive,psi0,0.0017925979263007663,0.12546075903123288
2000,921,naive,psi1,-0.19477448364198072,0.1290320973621065
2000,921,corrected,psi0,1.2742179950420731,0.147071776940481
2000,921,corrected,psi1,0.3080798217870489,0.15132752245735218
2000,922,naive,psi0,-0.21889871173602765,0.12986822770201395
2000,922,naive,psi1,-0.044479298617344905,0.13031884905265667
2000,922,corrected,psi0,1.0510117458639339,0.1521003748002574
2000,922,corrected,psi1,0.47941958781352945,0.1522132617042976
2000,923,naive,psi0,-0.18275352278712342,0.12735701027324153
2000,923,naive,psi1,-0.16328273432157553,0.1285266244598696
2000,923,corrected,psi0,1.0801474097438588,0.14922154942297577
2000,923,corrected,psi1,0.330763156335257,0.1510034888690203
2000,924,naive,psi0,-0.15990863402350147,0.13139093844148805
2000,924,naive,psi1,-0.1158267669938667,0.13439261027629282
2000,924,corrected,psi0,1.1214102154093393,0.15275536690432312
2000,924,corrected,psi1,0.31633798225373105,0.15740171597252012
2000,925,naive,psi0,-0.28733724130308863,0.12531296426658756
2000,925,naive,psi1,0.1213472475617767,0.12978576860845162
2000,925,corrected,psi0,1.0148938169098192,0.14604867639210192
2000,925,corrected,psi1,0.6353081628220609,0.1514578635628055
2000,926,naive,psi0,0.0023937245510874104,0.13090157275733927
2000,926,naive,psi1,0.0003325159586351243,0.14442944510681915
2000,926,corrected,psi0,1.3404111798567422,0.1513298913265086
2000,926,corrected,psi1,0.4867542897373171,0.16546072436139211
2000,927,naive,psi0,-0.42238699353479,0.1310028159662504
2000,927,naive,psi1,-0.11225490206212277,0.13673529384795757
2000,927,corrected,psi0,0.8323904552463045,0.15227040892966368
2000,927,corrected,psi1,0.31396940468734175,0.15747547938750373
2000,928,naive,psi0,-0.10808933825854773,0.12980520895849149
2000,928,naive,psi1,-0.11711866182233485,0.14526265661405827
2000,928,corrected,psi0,1.1744610967466709,0.14966657129842553
2000,928,corrected,psi1,0.3567911630344003,0.16513840278286515
2000,929,naive,psi0,-0.1783409802285307,0.12743437091237447
2000,929,naive,psi1,0.1761912992282476,0.12843201237826618
2000,929,corrected,psi0,1.1285791018687945,0.1472529539186834
2000,929,corrected,psi1,0.670836322395958,0.1458598653394142
2000,930,naive,psi0,-0.3208263074882228,0.12650923695646027
2000,930,naive,psi1,-0.12625217408150655,0.13237477679362275
2000,930,corrected,psi0,0.881668583463537,0.1480344716806896
2000,930,corrected,psi1,0.378659059779513,0.1549314916093042
2000,931,naive,psi0,-0.20543240481407127,0.1270428543570723
2000,931,naive,psi1,-0.15071551938623629,0.14205385473936205
2000,931,corrected,psi0,1.1131357926908354,0.14813010314524894
2000,931,corrected,psi1,0.35160015037011255,0.1642208004991044
2000,932,naive,psi0,-0.2648576194064066,0.129306045731095
2000,932,naive,psi1,0.07209237660883644,0.13263687652045558
2000,932,corrected,psi0,0.9906739286865885,0.15031054840403754
2000,932,corrected,psi1,0.6461156080012997,0.1549963614112258
2000,933,naive,psi0,-0.03266699921730048,0.12743517997754947
2000,933,naive,psi1,0.25639783944312794,0.14516984313126535
2000,933,corrected,psi0,1.3027163658218615,0.14891400857865023
2000,933,corrected,psi1,0.8063527816519216,0.1698438427222763
2000,934,naive,psi0,-0.3751971670264568,0.12564701615008075
2000,934,naive,psi1,-0.2171648136967773,0.1286922837246561
2000,934,corrected,psi0,0.8858746871507512,0.146318470758225
2000,934,corrected,psi1,0.3005432816287933,0.14934474330640932
2000,935,naive,psi0,-0.015781337756341916,0.12783928613781795
2000,935,naive,psi1,0.023842948124845855,0.13064874822919226
2000,935,corrected,psi0,1.2547974172958078,0.14833326656450324
2000,935,corrected,psi1,0.5502955705902317,0.1509805997897547
2000,936,naive,psi0,-0.28915519825375025,0.12735089815042272
2000,936,naive,psi1,-0.01739862110307747,0.13316253637096287
2000,936,corrected,psi0,0.9733520167576152,0.14876321935662482
2000,936,corrected,psi1,0.45973733438698716,0.15763327441928493
2000,937,naive,psi0,-0.27249593227764785,0.13220879859052553
2000,937,naive,psi1,0.008359681740114871,0.13315371773839527
2000,937,corrected,psi0,0.9908098214649992,0.15514819066385477
2000,937,corrected,psi1,0.5110025963912274,0.15409012151160548
2000,938,naive,psi0,0.10946010638180555,0.12827492959741477
2000,938,naive,psi1,0.12462004001221792,0.14519234286557295
2000,938,corrected,psi0,1.4506221620022928,0.1496858438718534
2000,938,corrected,psi1,0.6727790867742307,0.16979453659737384
2000,939,naive,psi0,-0.33761998986866926,0.126556552384482
2000,939,naive,psi1,-0.07821526729134815,0.12198477863944249
2000,939,corrected,psi0,0.8910599334825599,0.1479428377582573
2000,939,corrected,psi1,0.4143777619207836,0.14236708828506878
2000,940,naive,psi0,-0.3219622510332511,0.1279777204891991
2000,940,naive,psi1,0.0755406661996442,0.13749870610573142
2000,940,corrected,psi0,0.9270990650523095,0.14877467397549748
2000,940,corrected,psi1,0.5931243243690478,0.16217355614277623
2000,941,naive,psi0,-0.2514745000633416,0.1280498972841001
2000,941,naive,psi1,-0.02901132218308139,0.13686306966624665
2000,941,corrected,psi0,1.0352037569384944,0.14978654526188626
2000,941,corrected,psi1,0.45892491661646745,0.15975360913908643
2000,942,naive,psi0,-0.21510847590337767,0.12666659690710938
2000,942,naive,psi1,-0.13972848646847547,0.1262750228036278
2000,942,corrected,psi0,1.066169555149319,0.14653859521247156
2000,942,corrected,psi1,0.3084573617512223,0.14669117670323342
2000,943,naive,psi0,-0.42783071458804944,0.12660841918883203
2000,943,naive,psi1,0.10171716584088165,0.13411953092438036
2000,943,corrected,psi0,0.8395159351449155,0.14740383297442
2000,943,corrected,psi1,0.5846375691443982,0.15994842965327252
2000,944,naive,psi0,-0.26347359087500954,0.12795841411903164
2000,944,naive,psi1,0.2762367465376801,0.12738761105002536
2000,944,corrected,psi0,1.025095219884087,0.14857189122417677
2000,944,corrected,psi1,0.8020478514852049,0.1459394018920255
2000,945,naive,psi0,-0.17185414769463164,0.12563944847991623
2000,945,naive,psi1,-0.14716707011745123,0.12582959959014528
2000,945,corrected,psi0,1.1373747901517133,0.14370124953948907
2000,945,corrected,psi1,0.3186525959726799,0.14271392845605252
2000,946,naive,psi0,-0.12012494582554141,0.12829819271609474
2000,946,naive,psi1,0.28283992102743094,0.14551687585347547
2000,946,corrected,psi0,1.1361830451174095,0.14687603728451148
2000,946,corrected,psi1,0.8568490415410299,0.1654797692716444
2000,947,naive,psi0,-0.48534553461152274,0.128901480006055
2000,947,naive,psi1,-0.0871986783020011,0.13468377804499218
2000,947,corrected,psi0,0.7555314489517605,0.14961545032442167
2000,947,corrected,psi1,0.3994852768105307,0.15453802541636144
2000,948,naive,psi0,-0.13665532558366741,0.1240469537458266
2000,948,naive,psi1,0.08032659050938962,0.12747386067262959
2000,948,corrected,psi0,1.2280136324717226,0.14488095501822137
2000,948,corrected,psi1,0.5754425381804801,0.14711642944153228
2000,949,naive,psi0,0.052051811430167266,0.12638541961957284
2000,949,naive,psi1,0.0613865732681088,0.137852555905512
2000,949,corrected,psi0,1.3441810190421664,0.1485270263355715
2000,949,corrected,psi1,0.5983661885036311,0.1607264973474021
2000,950,naive,psi0,-0.20811406596676207,0.12382971158249659
2000,950,naive,psi1,0.1304932528673597,0.13019252990140412
2000,950,corrected,psi0,1.1053768230048768,0.1435737627556272
2000,950,corrected,psi1,0.644387743666402,0.14963471987327204
2000,951,naive,psi0,-0.18412850495972025,0.1298706444508528
2000,951,naive,psi1,-0.010849661210956775,0.13072853032355086
2000,951,corrected,psi0,1.041890791836488,0.15021428857628782
2000,951,corrected,psi1,0.512989782001416,0.15109327306356723
2000,952,naive,psi0,-0.25080708755967107,0.12464657740834965
2000,952,naive,psi1,-0.049189884519006355,0.12156761876477935
2000,952,corrected,psi0,1.045589538387231,0.1438389272198336
2000,952,corrected,psi1,0.4335846458745287,0.14157852567315027
2000,953,naive,psi0,-0.2593518748080873,0.12818082065474687
2000,953,naive,psi1,-0.025638901445054905,0.13055490036671508
2000,953,corrected,psi0,1.0281570748461535,0.14831185036328218
2000,953,corrected,psi1,0.4237482433987467,0.14869004146124273
2000,954,naive,psi0,-0.3948135018620415,0.12587719765412078
2000,954,naive,psi1,0.057501465991437566,0.12281670552895478
2000,954,corrected,psi0,0.8617450272845381,0.14636975010594436
2000,954,corrected,psi1,0.5576193044845325,0.143853578111006
2000,955,naive,psi0,-0.13559640255457453,0.12408052095677942
2000,955,naive,psi1,0.006949287017282201,0.13117392122968857
2000,955,corrected,psi0,1.1199217996948565,0.14557860224233063
2000,955,corrected,psi1,0.5652085405524343,0.15863457111239615
2000,956,naive,psi0,-0.028177679025574463,0.12729380548034155
2000,956,naive,psi1,-0.37396357531990115,0.1515217236587432
2000,956,corrected,psi0,1.259204378924428,0.14817716711037196
2000,956,corrected,psi1,0.09365937354189903,0.17671570758486385
2000,957,naive,psi0,-0.06324767260520033,0.12535365327619227
2000,957,naive,psi1,-0.169679482576794,0.13086890259716652
2000,957,corrected,psi0,1.2593884219100366,0.14690921178993793
2000,957,corrected,psi1,0.3357699328269043,0.1586146573141872
2000,958,naive,psi0,-0.5152228806230731,0.12714539592489812
2000,958,naive,psi1,0.07704189469684547,0.13581888763916158
2000,958,corrected,psi0,0.7337819134275451,0.14961585085316328
2000,958,corrected,psi1,0.6076297359423806,0.1599878932374419
2000,959,naive,psi0,-0.3862528530791995,0.13411240829409968
2000,959,naive,psi1,-0.0736470921061847,0.15068065859871252
2000,959,corrected,psi0,0.8728693972706559,0.1572520649989144
2000,959,corrected,psi1,0.3964066072654401,0.18038837652431974
2000,960,naive,psi0,-0.35861547632376295,0.1301094404361203
2000,960,naive,psi1,0.001453096623845088,0.12547529519180067
2000,960,corrected,psi0,0.9786944212877715,0.14961561696270081
2000,960,corrected,psi1,0.46272293723368574,0.14364148961934883
2000,961,naive,psi0,-0.3542204481348435,0.12857045997878846
2000,961,naive,psi1,0.227216136160316,0.12716585386137613
2000,961,corrected,psi0,0.9419534382417887,0.15041356292486807
2000,961,corrected,psi1,0.7173239725711157,0.14839525394174227
2000,962,naive,psi0,-0.3051239796271526,0.12355768995442767
2000,962,naive,psi1,-0.041734667935021626,0.12987156215109447
2000,962,corrected,psi0,0.9286161798630582,0.14306850696980258
2000,962,corrected,psi1,0.4489086906689745,0.1520002273658646
2000,963,naive,psi0,-0.39657556403584737,0.12302450414408483
2000,963,naive,psi1,0.10873298659491011,0.1361650871040564
2000,963,corrected,psi0,0.8800992949471738,0.1440592940910137
2000,963,corrected,psi1,0.5965534962126431,0.1592754115775875
2000,964,naive,psi0,-0.2942142500697517,0.12792219698434995
2000,964,naive,psi1,0.10354999378909421,0.13179138848895483
2000,964,corrected,psi0,1.000479284633837,0.1491710275548095
2000,964,corrected,psi1,0.5862600065313777,0.1549416547517041
2000,965,naive,psi0,-0.1344129036540779,0.13267839611899832
2000,965,naive,psi1,-0.23121078386615543,0.1390360156937733
2000,965,corrected,psi0,1.1793664910147967,0.1536582647958272
2000,965,corrected,psi1,0.2580160882729279,0.15975609223143367
2000,966,naive,psi0,-0.3317150959637531,0.1297421632466417
2000,966,naive,psi1,0.14422070184372218,0.12606576750858017
2000,966,corrected,psi0,0.9366394395503544,0.15189489826268526
2000,966,corrected,psi1,0.6661045789791756,0.14721402106499049
2000,967,naive,psi0,0.0005843739531130559,0.12737484205273386
2000,967,naive,psi1,0.13100686205922904,0.13245583772948696
2000,967,corrected,psi0,1.270739952123539,0.1468894213146408
2000,967,corrected,psi1,0.6988933217693055,0.1548032292102185
2000,968,naive,psi0,-0.4329414866338999,0.12755919414823977
2000,968,naive,psi1,0.019499418554198837,0.1323034842058942
2000,968,corrected,psi0,0.8368810072184327,0.14775000565964874
2000,968,corrected,psi1,0.5077317524355971,0.15159712545606763
2000,969,naive,psi0,-0.36849173922054945,0.12712415897270662
2000,969,naive,psi1,-0.16252844395013222,0.13616751821096176
2000,969,corrected,psi0,0.8721639301616516,0.14881800327980724
2000,969,corrected,psi1,0.3088002448825222,0.16130419749223351
2000,970,naive,psi0,-0.4135220194281092,0.13161782016467027
2000,970,naive,psi1,-0.09513653062331767,0.13989310026591295
2000,970,corrected,psi0,0.8733343165202326,0.15317909046489306
2000,970,corrected,psi1,0.4477574954167221,0.16205490249228602
2000,971,naive,psi0,-0.39069169861748754,0.12570363020138342
2000,971,naive,psi1,-0.2128610947118195,0.15035985630032905
2000,971,corrected,psi0,0.8724208928412462,0.14539136833989957
2000,971,corrected,psi1,0.20762820909489743,0.1726642240966684
2000,972,naive,psi0,-0.18550551411573635,0.12671927867389624
2000,972,naive,psi1,0.004034991662088672,0.12473419258893276
2000,972,corrected,psi0,1.0792587509751654,0.15055629376592816
2000,972,corrected,psi1,0.510437304195431,0.14888779587025613
2000,973,naive,psi0,-0.533450867940709,0.13066726095069223
2000,973,naive,psi1,-0.16839789275791356,0.13915849468519328
2000,973,corrected,psi0,0.6890314697686555,0.15239032440708933
2000,973,corrected,psi1,0.35176011724268136,0.16124076556911174
2000,974,naive,psi0,-0.25824296944441905,0.12798203527785462
2000,974,naive,psi1,0.13309320457148152,0.12346973691135432
2000,974,corrected,psi0,1.044498092817525,0.1498638211357864
2000,974,corrected,psi1,0.6859399627355084,0.1464102036231309
2000,975,naive,psi0,-0.3187305082770283,0.12819658453811714
2000,975,naive,psi1,0.07411006570968304,0.1269327278361461
2000,975,corrected,psi0,0.968515987437104,0.14964305663713792
2000,975,corrected,psi1,0.5764604691073548,0.1512637929169491
2000,976,naive,psi0,-0.2776158382660761,0.1267349856638179
2000,976,naive,psi1,-0.1253952290927231,0.13436770180065788
2000,976,corrected,psi0,1.0203723190370755,0.1463198989722521
2000,976,corrected,psi1,0.33038087838910357,0.1529437821472626
2000,977,naive,psi0,-0.30676780029296313,0.12398719436747012
2000,977,naive,psi1,-0.30939813267740784,0.11786754352037784
2000,977,corrected,psi0,0.9113068084824965,0.1459334092123217
2000,977,corrected,psi1,0.12404302118109949,0.14174980121051112
2000,978,naive,psi0,-0.31001631374829897,0.12862228965086495
2000,978,naive,psi1,0.31906463004455493,0.1133248454980903
2000,978,corrected,psi0,0.9650894091293329,0.1491383557205948
2000,978,corrected,psi1,0.891662887218475,0.1326581612146832
2000,979,naive,psi0,-0.2550649777564771,0.13148548689794184
2000,979,naive,psi1,0.08857268700333548,0.1414074763538946
2000,979,corrected,psi0,1.0106229392573327,0.15305031590161028
2000,979,corrected,psi1,0.6087277911261595,0.16442508372074244
2000,980,naive,psi0,-0.283069632063584,0.12720573378307248
2000,980,naive,psi1,0.11227339019141294,0.1310676006642013
2000,980,corrected,psi0,0.9577366330804239,0.14696559430325673
2000,980,corrected,psi1,0.6013600668169554,0.15250589802476086
2000,981,naive,psi0,-0.32000861107465134,0.12659699837370184
2000,981,naive,psi1,-0.023534814967917907,0.1326304066247656
2000,981,corrected,psi0,0.9324121353430821,0.14798296674787642
2000,981,corrected,psi1,0.5118767133332488,0.15284842560175527
2000,982,naive,psi0,-0.26299828478560083,0.12239614469084639
2000,982,naive,psi1,-0.20419138909347362,0.1335251811322681
2000,982,corrected,psi0,1.0379721349263686,0.14261436718363682
2000,982,corrected,psi1,0.24722328960467085,0.15704904374227438
2000,983,naive,psi0,-0.17678530356109087,0.12318375961856709
2000,983,naive,psi1,-0.07774075900617285,0.13335801738879602
2000,983,corrected,psi0,1.0815654996851807,0.14440715558447403
2000,983,corrected,psi1,0.42542106578163474,0.15600148147467732
2000,984,naive,psi0,-0.24561262378186344,0.1280819084519146
2000,984,naive,psi1,0.016886033050159434,0.13308986373939405
2000,984,corrected,psi0,1.0118001744226268,0.14712294140885146
2000,984,corrected,psi1,0.5066545617189978,0.15203911001198717
2000,985,naive,psi0,-0.24545977194839755,0.12953574916141672
2000,985,naive,psi1,0.08632932655634988,0.14211255142068754
2000,985,corrected,psi0,1.088286297269394,0.15195954165677344
2000,985,corrected,psi1,0.6702073620117449,0.16487403890555768
2000,986,naive,psi0,-0.24074033619654597,0.13227280538107875
2000,986,naive,psi1,0.19366482604196336,0.13955709561987795
2000,986,corrected,psi0,1.0511941400040299,0.15466227877260227
2000,986,corrected,psi1,0.687702732533634,0.16278914430789568
2000,987,naive,psi0,-0.3727075957214567,0.12712885722833897
2000,987,naive,psi1,-0.029718469086343388,0.12525561506892052
2000,987,corrected,psi0,0.9001658229151148,0.14975897448746944
2000,987,corrected,psi1,0.4584278569302454,0.15655324269113005
2000,988,naive,psi0,-0.3354300279157804,0.13154664790420947
2000,988,naive,psi1,-0.09863034280682885,0.13537568064908134
2000,988,corrected,psi0,0.9281352071869408,0.15333772964167397
2000,988,corrected,psi1,0.3220707491137565,0.15883158241079315
2000,989,naive,psi0,-0.38208637167454973,0.12521574835371668
2000,989,naive,psi1,-0.11106708499444455,0.1474319307743628
2000,989,corrected,psi0,0.8328751599940868,0.14695615997364606
2000,989,corrected,psi1,0.3715419262092923,0.17388588827421145
2000,990,naive,psi0,-0.12411261019186388,0.1285117710159177
2000,990,naive,psi1,-0.06015160825798421,0.13660375964595764
2000,990,corrected,psi0,1.1043076836955235,0.14811890930781593
2000,990,corrected,psi1,0.4317977835417823,0.1585659578119252
2000,991,naive,psi0,-0.5702401757308386,0.13049215682477402
2000,991,naive,psi1,-0.07997276132655652,0.13427772439924032
2000,991,corrected,psi0,0.6765745617379947,0.15202632442522082
2000,991,corrected,psi1,0.3772009111610861,0.157953752271903
2000,992,naive,psi0,-0.12040169374853175,0.12748256039684402
2000,992,naive,psi1,-0.07588471942195123,0.13407655200733154
2000,992,corrected,psi0,1.1943230225877264,0.14955132347834335
2000,992,corrected,psi1,0.4384309638599481,0.1592907467583916
2000,993,naive,psi0,-0.3566353612697411,0.12747734949117562
2000,993,naive,psi1,0.2486392606571215,0.13473138240063212
2000,993,corrected,psi0,0.9114518126383241,0.1492239092241674
2000,993,corrected,psi1,0.7936243756568389,0.15936657901853005
2000,994,naive,psi0,-0.22820993282544022,0.12807828003599356
2000,994,naive,psi1,0.016319199243373606,0.13339615536179536
2000,994,corrected,psi0,1.0339200047122084,0.15039809226135556
2000,994,corrected,psi1,0.5235329727896646,0.16059353532854506
2000,995,naive,psi0,-0.18480041512923653,0.12776384285967807
2000,995,naive,psi1,-0.039987033682695045,0.1268079650404804
2000,995,corrected,psi0,1.080369914621699,0.14949016391865824
2000,995,corrected,psi1,0.4503112993448549,0.15378406271523043
2000,996,naive,psi0,-0.3345801342222362,0.12595841154406157
2000,996,naive,psi1,-0.15472899227408232,0.1496661377163226
2000,996,corrected,psi0,0.9770591095299486,0.14588720634072463
2000,996,corrected,psi1,0.32083532808659293,0.17120091683810454
2000,997,naive,psi0,-0.2987345527284023,0.1287623531127709
2000,997,naive,psi1,-0.010709553246716033,0.13937357525617258
2000,997,corrected,psi0,0.9071708264720334,0.14992654578977196
2000,997,corrected,psi1,0.49196655011055684,0.16109574665363038
2000,998,naive,psi0,-0.33426050462271945,0.13045588308512007
2000,998,naive,psi1,0.07116423611422336,0.1314299885257022
2000,998,corrected,psi0,0.9229849450358625,0.15168703578360132
2000,998,corrected,psi1,0.549340231988236,0.15170541015582198
2000,999,naive,psi0,-0.17013930702186889,0.12576157191115017
2000,999,naive,psi1,0.08165721856128737,0.12224066448890528
2000,999,corrected,psi0,1.112123189741877,0.14530236084378975
2000,999,corrected,psi1,0.6526843070173274,0.14063806738882428
5000,0,naive,psi0,-0.20029121094042293,0.07972037329411895
5000,0,naive,psi1,0.10270640825207296,0.08387641551289814
5000,0,corrected,psi0,1.097014196115525,0.0926100793945406
5000,0,corrected,psi1,0.6066740306991052,0.09795393053536075
5000,1,naive,psi0,-0.22668006761934623,0.0802238880742434
5000,1,naive,psi1,-0.04929220977479318,0.08521055725737244
5000,1,corrected,psi0,1.0533587224093461,0.09363019757418854
5000,1,corrected,psi1,0.44156937090720266,0.09967090261546123
5000,2,naive,psi0,-0.2226796654048452,0.0821915080990311
5000,2,naive,psi1,0.03226119019443215,0.08903280047367935
5000,2,corrected,psi0,1.050618412762825,0.09528663910038813
5000,2,corrected,psi1,0.5180958299563609,0.10335736374981329
5000,3,naive,psi0,-0.37162414526932924,0.07935210258751917
5000,3,naive,psi1,-0.13675563980388256,0.07968981051769464
5000,3,corrected,psi0,0.8785137172723704,0.09220919728629463
5000,3,corrected,psi1,0.3400109572663382,0.09284370863620804
5000,4,naive,psi0,-0.2290877970017302,0.08210982161862213
5000,4,naive,psi1,0.03319407799729657,0.08815261221147727
5000,4,corrected,psi0,1.0578506329681363,0.09561575925536588
5000,4,corrected,psi1,0.5579953776431845,0.10262426694759114
5000,5,naive,psi0,-0.40386509588639596,0.08028492507362571
5000,5,naive,psi1,-0.1144500726361684,0.08787476514918341
5000,5,corrected,psi0,0.863435086139491,0.09303079828602802
5000,5,corrected,psi1,0.36798573878552837,0.10166372054837881
5000,6,naive,psi0,-0.26036823329744446,0.08112086477849978
5000,6,naive,psi1,-0.24880186420033304,0.0853441166770163
5000,6,corrected,psi0,1.050307348797393,0.09454694692224103
5000,6,corrected,psi1,0.2524472960453262,0.10019472253808481
5000,7,naive,psi0,-0.2190416385881795,0.08074496652279753
5000,7,naive,psi1,0.06202715788857267,0.08545890726846547
5000,7,corrected,psi0,1.0507755047556393,0.09337963045933591
5000,7,corrected,psi1,0.6039087577902076,0.09883288544873092
5000,8,naive,psi0,-0.1041614172076996,0.08268105186557473
5000,8,naive,psi1,-0.21736678294321704,0.08513022304265104
5000,8,corrected,psi0,1.1875351531595042,0.09530231445362279
5000,8,corrected,psi1,0.2331430597477823,0.098458230419529
5000,9,naive,psi0,-0.2849596424917853,0.08020401394408233
5000,9,naive,psi1,-0.001099170620879295,0.0897580838701897
5000,9,corrected,psi0,0.9875162540697782,0.0930664338264847
5000,9,corrected,psi1,0.4741175946510686,0.10400384945307213
5000,10,naive,psi0,-0.37177597222090536,0.0797057946507505
5000,10,naive,psi1,0.047256731759283015,0.08180473192177085
5000,10,corrected,psi0,0.892744864440742,0.09285192417241955
5000,10,corrected,psi1,0.5632928393259413,0.09635274708079654
5000,11,naive,psi0,-0.2047981650749812,0.08092116313838443
5000,11,naive,psi1,0.05431893645565754,0.07972509984383792
5000,11,corrected,psi0,1.0556716316224468,0.09425889624362287
5000,11,corrected,psi1,0.5427930044947252,0.09285434912972372
5000,12,naive,psi0,-0.26503276953219096,0.08019388101713394
5000,12,naive,psi1,-0.025709575988577003,0.08250935510143188
5000,12,corrected,psi0,0.9754616752904207,0.09384849988535696
5000,12,corrected,psi1,0.5251879643194051,0.09566586356605512
5000,13,naive,psi0,-0.3271387818220661,0.08013038200981011
5000,13,naive,psi1,-0.04117592999515783,0.08654460102008252
5000,13,corrected,psi0,0.9643811671749288,0.09297088304904119
5000,13,corrected,psi1,0.4476236961777254,0.09949747827045023
5000,14,naive,psi0,-0.19185854941199496,0.08197616550622022
5000,14,naive,psi1,0.0959894778216539,0.08736358810792824
5000,14,corrected,psi0,1.0609415357550527,0.09520841056714424
5000,14,corrected,psi1,0.6332525602013815,0.10282434106789007
5000,15,naive,psi0,-0.26345499479844936,0.08042887139787976
5000,15,naive,psi1,0.033671029406351465,0.08438593290405812
5000,15,corrected,psi0,0.9945395344158312,0.09385784625397277
5000,15,corrected,psi1,0.6181985674957761,0.09868530210739108
5000,16,naive,psi0,-0.3257627988425841,0.0810258685551814
5000,16,naive,psi1,0.059118203532086945,0.08395969808291463
5000,16,corrected,psi0,0.9234796957264045,0.09437427211927144
5000,16,corrected,psi1,0.5912293019006738,0.0982497663596691
5000,17,naive,psi0,-0.22578115601685686,0.07919745280907738
5000,17,naive,psi1,0.07175335910595271,0.0880115494200711
5000,17,corrected,psi0,1.0222311705977438,0.0928584718266682
5000,17,corrected,psi1,0.5621583386459302,0.10380925261467408
5000,18,naive,psi0,-0.1399782977566228,0.07979352391130506
5000,18,naive,psi1,0.021614575799439473,0.08547525022572827
5000,18,corrected,psi0,1.1534566296373105,0.09321313490733611
5000,18,corrected,psi1,0.49677067511613643,0.10038820423540949
5000,19,naive,psi0,-0.14149961310295914,0.08021402457220446
5000,19,naive,psi1,0.09760317671133878,0.0845948813875525
5000,19,corrected,psi0,1.1537373776843403,0.09339291257887905
5000,19,corrected,psi1,0.6163859936771843,0.09851260942092248
5000,20,naive,psi0,-0.28499910944760587,0.0813924083499595
5000,20,naive,psi1,-0.08672639796879994,0.08317602674682771
5000,20,corrected,psi0,0.9678760128749612,0.09514522243165026
5000,20,corrected,psi1,0.3982088430238515,0.09740105919059032
5000,21,naive,psi0,-0.3029027652287389,0.07919989943262845
5000,21,naive,psi1,-0.07090653561200722,0.08199482544016329
5000,21,corrected,psi0,0.9769441207806853,0.09199084993591752
5000,21,corrected,psi1,0.4227501423398494,0.09596944979050782
5000,22,naive,psi0,-0.2116577657816179,0.08064512194541187
5000,22,naive,psi1,0.015059911188902673,0.08653968843096158
5000,22,corrected,psi0,1.082736442979949,0.09289051452672124
5000,22,corrected,psi1,0.5078929689998771,0.09832830097189875
5000,23,naive,psi0,-0.4099792750880674,0.08042252587320343
5000,23,naive,psi1,0.20347555575067403,0.08160742296845805
5000,23,corrected,psi0,0.8516633004366786,0.09422280406931259
5000,23,corrected,psi1,0.7629317691656409,0.09541325257657655
5000,24,naive,psi0,-0.30046450200448827,0.08111009345147964
5000,24,naive,psi1,0.1139324998481224,0.08265033999815331
5000,24,corrected,psi0,0.9594651588536579,0.09443463722464222
5000,24,corrected,psi1,0.603987086889153,0.09615801008971157
5000,25,naive,psi0,-0.25823330347067686,0.07980301181550134
5000,25,naive,psi1,0.0034804581780304706,0.08155503100874045
5000,25,corrected,psi0,0.9755146248624524,0.09296384336117931
5000,25,corrected,psi1,0.5117561216536505,0.09528018704122974
5000,26,naive,psi0,-0.32561251665878654,0.08045371853836479
5000,26,naive,psi1,-0.014372772632981982,0.08110943072447373
5000,26,corrected,psi0,0.938495748400769,0.09405086584407882
5000,26,corrected,psi1,0.4809776976044777,0.09502165205736364
5000,27,naive,psi0,-0.20421907420306915,0.0799401329069249
5000,27,naive,psi1,-0.050868452042033364,0.0841844546612717
5000,27,corrected,psi0,1.087523597876905,0.09343898981269635
5000,27,corrected,psi1,0.44792196727028866,0.09767680291752902
5000,28,naive,psi0,-0.21593677450419754,0.08078422763334979
5000,28,naive,psi1,-0.03276110259428565,0.08703441495750129
5000,28,corrected,psi0,1.0544139863083368,0.09405568007138557
5000,28,corrected,psi1,0.4683971115158809,0.10097838973282171
5000,29,naive,psi0,-0.43427351891016786,0.08063505469440028
5000,29,naive,psi1,-0.09723077608093711,0.08373761561878758
5000,29,corrected,psi0,0.8465763609703957,0.09333997613899468
5000,29,corrected,psi1,0.35832450396624577,0.09768420481703739
5000,30,naive,psi0,-0.41935572734281484,0.0794867406072622
5000,30,naive,psi1,-0.03566103557656049,0.08122101211489687
5000,30,corrected,psi0,0.8280256326627534,0.09252098976569662
5000,30,corrected,psi1,0.48461184271376156,0.09413055034827414
5000,31,naive,psi0,-0.27893670112879043,0.08205826332722124
5000,31,naive,psi1,-0.005026465592642815,0.08613535027778538
5000,31,corrected,psi0,0.9976157508337032,0.09548137827741472
5000,31,corrected,psi1,0.4673617607990816,0.10050498674185256
5000,32,naive,psi0,-0.3903379538751117,0.08107623894257954
5000,32,naive,psi1,0.02678031617974736,0.08436468541412541
5000,32,corrected,psi0,0.8923761928715392,0.09468893988736027
5000,32,corrected,psi1,0.5141232782304686,0.09876800818727416
5000,33,naive,psi0,-0.23403404031850958,0.08106102771683336
5000,33,naive,psi1,0.07048799572027827,0.0904145784898827
5000,33,corrected,psi0,1.0450152126933758,0.09453407520484236
5000,33,corrected,psi1,0.5922281009383698,0.10624798507431032
5000,34,naive,psi0,-0.28297563382531643,0.08099648369928898
5000,34,naive,psi1,0.02257435440011908,0.08921052652815013
5000,34,corrected,psi0,1.003912846866343,0.0937088737368833
5000,34,corrected,psi1,0.49127215534458685,0.10310545451371349
5000,35,naive,psi0,-0.31962845115820576,0.08140857218495222
5000,35,naive,psi1,-0.02643123638156169,0.0850897398543566
5000,35,corrected,psi0,0.9313161395304086,0.09486812219087656
5000,35,corrected,psi1,0.5187097815209126,0.09906965670635144
5000,36,naive,psi0,-0.2534829710081037,0.08152496729879324
5000,36,naive,psi1,0.048855169471000305,0.08480927851774404
5000,36,corrected,psi0,1.0165934122208067,0.09454753777985579
5000,36,corrected,psi1,0.5324049330729248,0.09836627019661337
5000,37,naive,psi0,-0.2056351393800071,0.08068582703574681
5000,37,naive,psi1,0.17801119839869423,0.09076524059182309
5000,37,corrected,psi0,1.0754096366748518,0.09355471605491249
5000,37,corrected,psi1,0.6930461990204182,0.10354020555203212
5000,38,naive,psi0,-0.31041459430851165,0.08050508602479957
5000,38,naive,psi1,0.07636654079315687,0.08310023335752192
5000,38,corrected,psi0,0.961587221775266,0.09341351304650379
5000,38,corrected,psi1,0.5751640450166542,0.09551807446409365
5000,39,naive,psi0,-0.3237264509828755,0.07947951524309965
5000,39,naive,psi1,-0.0021552345335094274,0.08345603452362618
5000,39,corrected,psi0,0.9453263977749964,0.09248480919484618
5000,39,corrected,psi1,0.4755463112123081,0.09645383372686772
5000,40,naive,psi0,-0.28574028244500355,0.08125093787345607
5000,40,naive,psi1,0.032409381191096286,0.08388843322685552
5000,40,corrected,psi0,1.0162991927641352,0.09469985050378556
5000,40,corrected,psi1,0.5305049830493087,0.09765476047266192
5000,41,naive,psi0,-0.2433932360789294,0.0815485640796433
5000,41,naive,psi1,0.02577814687709889,0.0821294253982527
5000,41,corrected,psi0,1.0359275471401443,0.09473261167988585
5000,41,corrected,psi1,0.5357388713691554,0.0960899939006406
5000,42,naive,psi0,-0.2429561206923384,0.07966829197185407
5000,42,naive,psi1,0.026149353964078123,0.08015776832187106
5000,42,corrected,psi0,0.9946436074278696,0.0925434344186917
5000,42,corrected,psi1,0.5543856338598097,0.09313924429428114
5000,43,naive,psi0,-0.3316493412653466,0.08003083887496013
5000,43,naive,psi1,0.06683993044115125,0.08363109263888163
5000,43,corrected,psi0,0.9753949571462023,0.09384409688711912
5000,43,corrected,psi1,0.6011204565726589,0.09912939289825391
5000,44,naive,psi0,-0.2988805481880699,0.08045748385827307
5000,44,naive,psi1,-0.13083432840509598,0.08358914088764367
5000,44,corrected,psi0,0.9620282498697258,0.09360850003300561
5000,44,corrected,psi1,0.3378773083577086,0.09737750248733029
5000,45,naive,psi0,-0.18009341824880767,0.08094020742482073
5000,45,naive,psi1,-0.0050168442069569484,0.08491488674811178
5000,45,corrected,psi0,1.100664243251262,0.09406148852134788
5000,45,corrected,psi1,0.510139977588165,0.09824899095625579
5000,46,naive,psi0,-0.2862921945417717,0.08072927458867253
5000,46,naive,psi1,0.023772334219344732,0.0842819796623923
5000,46,corrected,psi0,0.9922887066852797,0.09381408029053576
5000,46,corrected,psi1,0.48443271099592194,0.09822733797108717
5000,47,naive,psi0,-0.33701698394451235,0.0799747433425305
5000,47,naive,psi1,-0.059035320914309464,0.08906569815219645
5000,47,corrected,psi0,0.952476592282769,0.09292574596453182
5000,47,corrected,psi1,0.4420249896359695,0.10349656122354452
5000,48,naive,psi0,-0.30922255752414196,0.08048014735734291
5000,48,naive,psi1,0.03966620172978584,0.0815187273138684
5000,48,corrected,psi0,0.9445134043185585,0.09336100106355522
5000,48,corrected,psi1,0.5330058779652144,0.09504040315022533
5000,49,naive,psi0,-0.2442632338367557,0.08118743727859432
5000,49,naive,psi1,-0.024895435988368898,0.08632397409103092
5000,49,corrected,psi0,1.008990007655025,0.09456592112457607
5000,49,corrected,psi1,0.49330501311176544,0.1003412529776715
5000,50,naive,psi0,-0.26208960917331076,0.0810637194989119
5000,50,naive,psi1,0.0336917341396701,0.08563883537125908
5000,50,corrected,psi0,1.0125448248405406,0.094266014010353
5000,50,corrected,psi1,0.5469156435408129,0.0995568232703768
5000,51,naive,psi0,-0.29136385968830425,0.08048775953380517
5000,51,naive,psi1,-0.024615887339223534,0.0834031334051648
5000,51,corrected,psi0,0.984466312920436,0.09384699937313386
5000,51,corrected,psi1,0.4881721006085323,0.09684540265068084
5000,52,naive,psi0,-0.1784307034238014,0.08063902818855972
5000,52,naive,psi1,0.033334314264523865,0.08041645810651947
5000,52,corrected,psi0,1.0836417771225377,0.09352493694766781
5000,52,corrected,psi1,0.5192118732584681,0.09363340478925294
5000,53,naive,psi0,-0.38778746094262584,0.07880342264667493
5000,53,naive,psi1,-0.052521587250007114,0.08191818928980431
5000,53,corrected,psi0,0.8806479984463025,0.09191796591352006
5000,53,corrected,psi1,0.4341930077971945,0.09578227670046724
5000,54,naive,psi0,-0.21639063875820488,0.08208610824090443
5000,54,naive,psi1,0.02474901212629784,0.08864661679293713
5000,54,corrected,psi0,1.0917433681098254,0.09535269299473914
5000,54,corrected,psi1,0.5284904714074959,0.10315844447336847
5000,55,naive,psi0,-0.36380807747691124,0.08109107561738807
5000,55,naive,psi1,0.13540211873969715,0.08335281070535232
5000,55,corrected,psi0,0.8616719584434214,0.09546884462056733
5000,55,corrected,psi1,0.6299357321750321,0.09799321162170195
5000,56,naive,psi0,-0.3325135631535023,0.08114985033980875
5000,56,naive,psi1,-0.019517063047148134,0.08880929478654852
5000,56,corrected,psi0,0.94035497033809,0.0947073791667054
5000,56,corrected,psi1,0.4503120052832484,0.10244122982790822
5000,57,naive,psi0,-0.2465532813294093,0.08165988533957347
5000,57,naive,psi1,0.025677805809897338,0.08835399741213243
5000,57,corrected,psi0,1.0428878028902628,0.09470461183045263
5000,57,corrected,psi1,0.5065095446060659,0.10149913304555454
5000,58,naive,psi0,-0.304744569540742,0.08087820723399883
5000,58,naive,psi1,0.1188173654197075,0.08605635972572186
5000,58,corrected,psi0,0.9717688809072502,0.09473735371538737
5000,58,corrected,psi1,0.6267942352733525,0.10126543645386996
5000,59,naive,psi0,-0.4179276438863706,0.08197269621289983
5000,59,naive,psi1,-0.016380272035085425,0.08875702110574193
5000,59,corrected,psi0,0.8239618738397294,0.09582101385284413
5000,59,corrected,psi1,0.4458573542303061,0.10462153119492519
5000,60,naive,psi0,-0.36046883869211266,0.08047812844623907
5000,60,naive,psi1,-0.12781716801610726,0.08248842180816285
5000,60,corrected,psi0,0.8941404538775252,0.09329587544577557
5000,60,corrected,psi1,0.3626238268238065,0.09510412556593432
5000,61,naive,psi0,-0.5217891493234986,0.07958789356239014
5000,61,naive,psi1,-0.08224615237123738,0.08407897287813701
5000,61,corrected,psi0,0.731262749670854,0.09258684476084883
5000,61,corrected,psi1,0.3914069195927346,0.09860250908967208
5000,62,naive,psi0,-0.30389213295750495,0.08100154603905096
5000,62,naive,psi1,-0.05898567432020645,0.08417458015669603
5000,62,corrected,psi0,0.958374838664456,0.0941114414158798
5000,62,corrected,psi1,0.42337566392923187,0.09746401020118085
5000,63,naive,psi0,-0.3328666253161371,0.08239810145254577
5000,63,naive,psi1,0.09359683416662894,0.08491987245037194
5000,63,corrected,psi0,0.9623834576362897,0.09580656856204606
5000,63,corrected,psi1,0.6171199073001795,0.09821239400250006
5000,64,naive,psi0,-0.3107080203934911,0.08071786767712347
5000,64,naive,psi1,0.023426893890171052,0.08943513521983405
5000,64,corrected,psi0,0.9304690232061995,0.09423263322315759
5000,64,corrected,psi1,0.5538276744149653,0.10449790966957202
5000,65,naive,psi0,-0.3185429851022421,0.08170895651256127
5000,65,naive,psi1,-0.07558744599654833,0.08496529905199374
5000,65,corrected,psi0,0.9605860847333174,0.09450311340400683
5000,65,corrected,psi1,0.45359081604144535,0.0982675854281986
5000,66,naive,psi0,-0.2460995738359678,0.08010283052913715
5000,66,naive,psi1,0.016811964395074493,0.08555721579140464
5000,66,corrected,psi0,1.0240771293825153,0.09347641129145903
5000,66,corrected,psi1,0.509665372942219,0.09941145410998802
5000,67,naive,psi0,-0.4645535905136036,0.08127682673686529
5000,67,naive,psi1,-0.012793974977369225,0.0896815386628999
5000,67,corrected,psi0,0.8324849297989358,0.09477784242063213
5000,67,corrected,psi1,0.49029233721622484,0.10389301889708484
5000,68,naive,psi0,-0.09444147354300908,0.08263858134290869
5000,68,naive,psi1,0.09151724196773403,0.08894030708326642
5000,68,corrected,psi0,1.1904470637164664,0.09638001778168735
5000,68,corrected,psi1,0.5809158034248061,0.10314701233281595
5000,69,naive,psi0,-0.2899619648722453,0.08143227465510137
5000,69,naive,psi1,-0.05813627212833835,0.089249317977376
5000,69,corrected,psi0,0.9791171716162793,0.09425654218165433
5000,69,corrected,psi1,0.4498320108286782,0.10342481646325487
5000,70,naive,psi0,-0.2813095776507235,0.07935307414880348
5000,70,naive,psi1,0.10727294460614731,0.08456806750930636
5000,70,corrected,psi0,0.9781416282843205,0.09224973595924063
5000,70,corrected,psi1,0.5937821385630553,0.09752677332307419
5000,71,naive,psi0,-0.3423263960594332,0.08180704942488191
5000,71,naive,psi1,0.11108845058601519,0.0891250258371409
5000,71,corrected,psi0,0.9566934153100809,0.09534668969755349
5000,71,corrected,psi1,0.5871625060006807,0.10481919738564849
5000,72,naive,psi0,-0.4125629676576155,0.08283437608958129
5000,72,naive,psi1,0.11069662735548486,0.08663152967024833
5000,72,corrected,psi0,0.8899871938929743,0.09635252823397872
5000,72,corrected,psi1,0.6821199647816282,0.10016761688322251
5000,73,naive,psi0,-0.26978976693050194,0.08051084920704073
5000,73,naive,psi1,0.08311291821100482,0.0878100300861802
5000,73,corrected,psi0,1.0020831449872403,0.09472052601964305
5000,73,corrected,psi1,0.5945913467960287,0.10518739668198367
5000,74,naive,psi0,-0.3296159835756927,0.08044288573343593
5000,74,naive,psi1,0.09389611697617317,0.0824164492725346
5000,74,corrected,psi0,0.9418713446356743,0.09426178329399121
5000,74,corrected,psi1,0.5977617865276744,0.0955811209858436
5000,75,naive,psi0,-0.452602199487944,0.08196512928387939
5000,75,naive,psi1,0.037591406187806375,0.08953375749213098
5000,75,corrected,psi0,0.7833019582692636,0.09620195354211454
5000,75,corrected,psi1,0.5012404906056419,0.10534055085700848
5000,76,naive,psi0,-0.17186889763910293,0.08181747716258629
5000,76,naive,psi1,0.12354711520313344,0.08366940964402378
5000,76,corrected,psi0,1.1390409633354643,0.09531487290075762
5000,76,corrected,psi1,0.6249345181392446,0.09638201892527515
5000,77,naive,psi0,-0.2999503496530578,0.08113962799560603
5000,77,naive,psi1,0.08954404734023845,0.08438877131465267
5000,77,corrected,psi0,0.9633774884695444,0.09432716547804519
5000,77,corrected,psi1,0.6180080260304067,0.09815896864236008
5000,78,naive,psi0,-0.12131752373824287,0.07953202593824651
5000,78,naive,psi1,-0.08133019108725573,0.08569487159247796
5000,78,corrected,psi0,1.1981593943782334,0.09227498769878605
5000,78,corrected,psi1,0.42715637424011815,0.09918283988710254
5000,79,naive,psi0,-0.09290721943173658,0.08056143531534601
5000,79,naive,psi1,-0.10499581082049843,0.08068223075348625
5000,79,corrected,psi0,1.2322629387204371,0.09333359089039718
5000,79,corrected,psi1,0.3648549577155095,0.09285930507074636
5000,80,naive,psi0,-0.3074862291770638,0.0808060448706239
5000,80,naive,psi1,0.04783970309675268,0.08362768403512258
5000,80,corrected,psi0,0.9465970167369837,0.09417165029412805
5000,80,corrected,psi1,0.5841710805167541,0.10032182974022211
5000,81,naive,psi0,-0.12182083887613966,0.08067413971921597
5000,81,naive,psi1,-0.03615425412010001,0.08491128645362227
5000,81,corrected,psi0,1.1735095629721604,0.09329929428151724
5000,81,corrected,psi1,0.4432381335490672,0.09776710538525156
5000,82,naive,psi0,-0.3201162869648215,0.07945444543473285
5000,82,naive,psi1,0.012825007454140256,0.08000608658931353
5000,82,corrected,psi0,0.9265892640480304,0.09303772319608512
5000,82,corrected,psi1,0.5273091618212846,0.09407967552673328
5000,83,naive,psi0,-0.44879370295323917,0.08117368101060395
5000,83,naive,psi1,0.04173781174324704,0.08355344951925768
5000,83,corrected,psi0,0.7946663041478365,0.09403331299344014
5000,83,corrected,psi1,0.5462647925723837,0.0962658382095447
5000,84,naive,psi0,-0.2719947077433042,0.08068653565075286
5000,84,naive,psi1,-0.06301319668378107,0.07899120376015763
5000,84,corrected,psi0,0.988307485911934,0.09403080432493009
5000,84,corrected,psi1,0.4679237241554319,0.09191821818222415
5000,85,naive,psi0,-0.39395151804771444,0.08120487000022415
5000,85,naive,psi1,-0.12040762912562047,0.08435578298642031
5000,85,corrected,psi0,0.9056053343624683,0.09465036494882664
5000,85,corrected,psi1,0.36046915321153344,0.0978396297747264
5000,86,naive,psi0,-0.3714421757154661,0.08081075577567998
5000,86,naive,psi1,0.030570676363673648,0.08773257590373311
5000,86,corrected,psi0,0.9074719425211787,0.09449553354234058
5000,86,corrected,psi1,0.5370516891018617,0.10196410662411484
5000,87,naive,psi0,-0.27030312626604014,0.08069110692548237
5000,87,naive,psi1,-0.0871368932279067,0.08825162263601918
5000,87,corrected,psi0,0.9893212827658967,0.09369338940124557
5000,87,corrected,psi1,0.4208996998972573,0.10269582713212566
5000,88,naive,psi0,-0.17973875772234219,0.0805495857830077
5000,88,naive,psi1,0.07318917799854475,0.0835651313019478
5000,88,corrected,psi0,1.056159100599514,0.09408387379963863
5000,88,corrected,psi1,0.597733508766357,0.0984588967957795
5000,89,naive,psi0,-0.291356394241239,0.08122233082924406
5000,89,naive,psi1,-0.0539672756180599,0.08563564015727981
5000,89,corrected,psi0,0.9644690894830699,0.09492450540136042
5000,89,corrected,psi1,0.4805634386337777,0.10184159504684373
5000,90,naive,psi0,-0.2677545377116247,0.08153046148565031
5000,90,naive,psi1,0.0843170993371034,0.08817409386782782
5000,90,corrected,psi0,1.0234762589550803,0.09507441356765665
5000,90,corrected,psi1,0.6315356080521042,0.10217431531440631
5000,91,naive,psi0,-0.3452573928766222,0.08150922225682884
5000,91,naive,psi1,0.08318946840944941,0.08557732475785954
5000,91,corrected,psi0,0.9001135014280544,0.09513931373196281
5000,91,corrected,psi1,0.5817544951184166,0.09989442865385686
5000,92,naive,psi0,-0.2510719985173708,0.07999924254142943
5000,92,naive,psi1,-0.15927509044068003,0.08482665319255502
5000,92,corrected,psi0,1.0475616087259403,0.09303801085141736
5000,92,corrected,psi1,0.2910864220633254,0.09810352458867277
5000,93,naive,psi0,-0.2889328630995082,0.08138712015633565
5000,93,naive,psi1,-0.04395659910659458,0.08816531379902688
5000,93,corrected,psi0,0.9701562655220977,0.09481842370869545
5000,93,corrected,psi1,0.4514860292752074,0.10386489574195132
5000,94,naive,psi0,-0.2363995618783778,0.08015529791254865
5000,94,naive,psi1,-0.04724065000135412,0.08678790882788727
5000,94,corrected,psi0,1.0398925404881005,0.09357896695188826
5000,94,corrected,psi1,0.4534480445851037,0.09954065815448565
5000,95,naive,psi0,-0.19476705105525047,0.08058465200389976
5000,95,naive,psi1,0.05677140600578477,0.08572373914355312
5000,95,corrected,psi0,1.0811659687203956,0.09429492297456578
5000,95,corrected,psi1,0.5930383004647275,0.10004413897870897
5000,96,naive,psi0,-0.3383520546077436,0.07977831644909542
5000,96,naive,psi1,-0.05531140096122317,0.08189635969235277
5000,96,corrected,psi0,0.9477154424259112,0.09253693643240428
5000,96,corrected,psi1,0.40190767981291114,0.09446109617321871
5000,97,naive,psi0,-0.2268224014375715,0.08132312778941607
5000,97,naive,psi1,-0.02985014837067684,0.08691561157756969
5000,97,corrected,psi0,1.0596559502675982,0.09422897878760621
5000,97,corrected,psi1,0.5127962263413472,0.10075928314688953
5000,98,naive,psi0,-0.23197544628883582,0.08107037991194442
5000,98,naive,psi1,0.0005138750286443629,0.08236065925938785
5000,98,corrected,psi0,1.0241112426896772,0.09432097317565556
5000,98,corrected,psi1,0.5016483102821634,0.09537173917393273
5000,99,naive,psi0,-0.28716019090622336,0.07855945170326106
5000,99,naive,psi1,-0.049045509989073074,0.08743548002989737
5000,99,corrected,psi0,0.9819408320059111,0.09176990503477826
5000,99,corrected,psi1,0.42402356848944955,0.10190737405347955
5000,100,naive,psi0,-0.20103336163714045,0.0797966488668978
5000,100,naive,psi1,0.04862312170787485,0.08707505836547234
5000,100,corrected,psi0,1.057411643424342,0.09328800302003276
5000,100,corrected,psi1,0.5480025055619959,0.10521971269550708
5000,101,naive,psi0,-0.2130095053398888,0.08049693329158192
5000,101,naive,psi1,-0.035062732225655646,0.08381367949878697
5000,101,corrected,psi0,1.074632467696837,0.09373257989773195
5000,101,corrected,psi1,0.45006108219565,0.0966124278975526
5000,102,naive,psi0,-0.233837512824563,0.07908799442925209
5000,102,naive,psi1,0.1162129735944972,0.08144055060631651
5000,102,corrected,psi0,1.0420893412311896,0.09209597591458395
5000,102,corrected,psi1,0.636833257195949,0.0946828676023726
5000,103,naive,psi0,-0.3294816247404435,0.08225753441987557
5000,103,naive,psi1,-0.020005218536066818,0.08967468416462966
5000,103,corrected,psi0,0.9345189198333054,0.09602967060375145
5000,103,corrected,psi1,0.496546957265177,0.10544826901012383
5000,104,naive,psi0,-0.24911604287853267,0.08153358550441556
5000,104,naive,psi1,0.05742928644227525,0.08937966909352585
5000,104,corrected,psi0,1.048188183478184,0.09469498665973895
5000,104,corrected,psi1,0.5425657471218506,0.1035250635574025
5000,105,naive,psi0,-0.22180901680683418,0.08145280540790052
5000,105,naive,psi1,0.0712204438769475,0.08688564911926458
5000,105,corrected,psi0,1.0492961372092975,0.09514080223838173
5000,105,corrected,psi1,0.603190132197439,0.10233523027760034
5000,106,naive,psi0,-0.24572672280286836,0.080169253647662
5000,106,naive,psi1,0.06485844033882843,0.08660225520090235
5000,106,corrected,psi0,1.0400480509543182,0.09306364948786017
5000,106,corrected,psi1,0.5730755204949675,0.10002163144892447
5000,107,naive,psi0,-0.2997478509989181,0.08130210838269275
5000,107,naive,psi1,0.10801989367900112,0.08773574738585586
5000,107,corrected,psi0,1.0176147805630849,0.09463123880798854
5000,107,corrected,psi1,0.6177824021741946,0.10258345547567808
5000,108,naive,psi0,-0.33265046969492695,0.08081909193805302
5000,108,naive,psi1,0.1053993893757846,0.08613118141994759
5000,108,corrected,psi0,0.9392047057138203,0.09418206657441515
5000,108,corrected,psi1,0.5983856386576033,0.09985856818360415
5000,109,naive,psi0,-0.11593781145860442,0.0804615021054304
5000,109,naive,psi1,-0.03300064234037414,0.08800519816403603
5000,109,corrected,psi0,1.1720266398273476,0.09425847245951775
5000,109,corrected,psi1,0.4549321959380639,0.10474177683979029
5000,110,naive,psi0,-0.360590922438424,0.08125862148013664
5000,110,naive,psi1,0.0229299282585644,0.09259014990647671
5000,110,corrected,psi0,0.8731980226258832,0.09423360430653385
5000,110,corrected,psi1,0.5393022886177892,0.10638314337448648
5000,111,naive,psi0,-0.25853995429808235,0.08141044083558915
5000,111,naive,psi1,0.08054598994150843,0.08357251777226939
5000,111,corrected,psi0,1.0289479981241472,0.0940127509422128
5000,111,corrected,psi1,0.5772306929591623,0.0970205691038346
5000,112,naive,psi0,-0.25239780377717713,0.08183479423643333
5000,112,naive,psi1,-0.027011046660129125,0.08772600988636274
5000,112,corrected,psi0,1.0307817917546875,0.09538605281559945
5000,112,corrected,psi1,0.4836885051086489,0.10281250288472824
5000,113,naive,psi0,-0.2380916384938927,0.08111874397719943
5000,113,naive,psi1,-0.15370636032378415,0.08818493348303448
5000,113,corrected,psi0,1.0449675909412683,0.09431287444670555
5000,113,corrected,psi1,0.325241608025809,0.10290625977579398
5000,114,naive,psi0,-0.2946343065031927,0.07971294752252978
5000,114,naive,psi1,-0.14747934530659398,0.08525104980917549
5000,114,corrected,psi0,1.0115306697692747,0.093357231223158
5000,114,corrected,psi1,0.34694806828886166,0.09946477765494378
5000,115,naive,psi0,-0.27818601834758583,0.0813939302269396
5000,115,naive,psi1,-0.04159423773274437,0.08784657320592867
5000,115,corrected,psi0,0.9966521974166141,0.0953586416551707
5000,115,corrected,psi1,0.44884228869148424,0.10387321503426422
5000,116,naive,psi0,-0.2804776564218722,0.07987167683850202
5000,116,naive,psi1,-0.14750987622563516,0.0831830415555157
5000,116,corrected,psi0,0.9424774593937638,0.0930738827134504
5000,116,corrected,psi1,0.33259459645879225,0.09772059343214148
5000,117,naive,psi0,-0.19933867843331407,0.08022405835683526
5000,117,naive,psi1,-0.051896308410744996,0.08523111410658943
5000,117,corrected,psi0,1.068076227266241,0.0936958286477939
5000,117,corrected,psi1,0.45816637646294833,0.10031217378811756
5000,118,naive,psi0,-0.3112377112705742,0.08053899135295725
5000,118,naive,psi1,-0.13233008787121428,0.0858485916388743
5000,118,corrected,psi0,0.9690506782631116,0.09341235205797686
5000,118,corrected,psi1,0.32256583926511456,0.09881312162903776
5000,119,naive,psi0,-0.26647939798756703,0.08088625655437524
5000,119,naive,psi1,0.10189208495035018,0.0831381490675176
5000,119,corrected,psi0,1.033214272987615,0.09420311081555742
5000,119,corrected,psi1,0.6112567529794082,0.09622060795861745
5000,120,naive,psi0,-0.2604257233372602,0.08060879241122663
5000,120,naive,psi1,-0.031678216168157004,0.08850598709691325
5000,120,corrected,psi0,1.0358786162900302,0.09370220637965057
5000,120,corrected,psi1,0.4320625030497877,0.10282834291145054
5000,121,naive,psi0,-0.20725446563041178,0.08044510592567003
5000,121,naive,psi1,0.10089950777341168,0.08574465183371198
5000,121,corrected,psi0,1.0777806949111146,0.09454514232456565
5000,121,corrected,psi1,0.5921588014629093,0.10278974496085808
5000,122,naive,psi0,-0.3719742698943108,0.08115891192214301
5000,122,naive,psi1,0.03823455205290696,0.08528579380557096
5000,122,corrected,psi0,0.8935943236182126,0.09415565967617578
5000,122,corrected,psi1,0.5732811041078458,0.09947229201146535
5000,123,naive,psi0,-0.3847310940485346,0.07950742126110998
5000,123,naive,psi1,0.1052326211304639,0.07988865366118311
5000,123,corrected,psi0,0.9173760585312328,0.0922548948316782
5000,123,corrected,psi1,0.5866944980575569,0.09320427741574067
5000,124,naive,psi0,-0.26463329212440945,0.08077546598985563
5000,124,naive,psi1,-0.18111492989711914,0.08319766239753672
5000,124,corrected,psi0,0.989467564610137,0.0944662238858371
5000,124,corrected,psi1,0.29007437025394717,0.09701527109111491
5000,125,naive,psi0,-0.31887600318283044,0.08090563643167005
5000,125,naive,psi1,-0.164451830955478,0.08846834177602775
5000,125,corrected,psi0,0.978965288820044,0.09432857734391166
5000,125,corrected,psi1,0.3205200087972741,0.10239182852881448
5000,126,naive,psi0,-0.38631718782809527,0.07891859070600454
5000,126,naive,psi1,-0.014300397762108069,0.08345177662059244
5000,126,corrected,psi0,0.8664939131489715,0.09164790485719368
5000,126,corrected,psi1,0.4902915444997296,0.09889325780202553
5000,127,naive,psi0,-0.2134070731040143,0.08060011766222368
5000,127,naive,psi1,-0.014227650523864122,0.0846713034931845
5000,127,corrected,psi0,1.0715247494101674,0.09397559384018331
5000,127,corrected,psi1,0.521486262922461,0.09883958520061313
5000,128,naive,psi0,-0.37707504642000755,0.08045910568172442
5000,128,naive,psi1,-0.014874718086526798,0.08803527362721392
5000,128,corrected,psi0,0.8911629023986936,0.09371476844826808
5000,128,corrected,psi1,0.5008153299433525,0.10312889544556261
5000,129,naive,psi0,-0.3360094805959314,0.08120561233311308
5000,129,naive,psi1,-0.1597613034703953,0.08443879421655322
5000,129,corrected,psi0,0.9004651309421984,0.09444670396350213
5000,129,corrected,psi1,0.345524185261649,0.09844487571504347
5000,130,naive,psi0,-0.23645696786903686,0.08084680204716349
5000,130,naive,psi1,0.004625071128821941,0.08445193057587556
5000,130,corrected,psi0,1.0453312395007208,0.09411995027681666
5000,130,corrected,psi1,0.5308901347640439,0.09844283942812602
5000,131,naive,psi0,-0.11637916724115056,0.08049432242804898
5000,131,naive,psi1,0.03643929620823194,0.0873585686837487
5000,131,corrected,psi0,1.1747119423279946,0.09413866666559151
5000,131,corrected,psi1,0.5546888641558418,0.10323255677105453
5000,132,naive,psi0,-0.3531728361872791,0.081214161923132
5000,132,naive,psi1,0.14432166639339933,0.0850094928840588
5000,132,corrected,psi0,0.9394658361817279,0.09414639005954155
5000,132,corrected,psi1,0.6427746051306853,0.09880475337857714
5000,133,naive,psi0,-0.20390114871943202,0.07985154848035098
5000,133,naive,psi1,0.023828805158432595,0.08479193546601191
5000,133,corrected,psi0,1.0717046088084332,0.09323814509485048
5000,133,corrected,psi1,0.552435846123251,0.09813493039817946
5000,134,naive,psi0,-0.3154968659718471,0.0798897717061446
5000,134,naive,psi1,-0.028280326712718094,0.08708025146440238
5000,134,corrected,psi0,0.9857644353250768,0.09287287384505344
5000,134,corrected,psi1,0.4789611377163713,0.10011919009806465
5000,135,naive,psi0,-0.09108139756541421,0.08039108140450811
5000,135,naive,psi1,0.08373873954829085,0.08650986769649933
5000,135,corrected,psi0,1.2229419687042895,0.09385264581612594
5000,135,corrected,psi1,0.5831587995050944,0.10087715149657685
5000,136,naive,psi0,-0.2307288010682556,0.0804269967868691
5000,136,naive,psi1,0.07976682485033723,0.0840420419307011
5000,136,corrected,psi0,1.053555194335686,0.0935124181357312
5000,136,corrected,psi1,0.5606102848104632,0.09819575731741542
5000,137,naive,psi0,-0.20992103553030125,0.08065401549181246
5000,137,naive,psi1,-0.032159675597127825,0.08545020726071893
5000,137,corrected,psi0,1.1138258884427943,0.09403337372971372
5000,137,corrected,psi1,0.47484893613368406,0.1007361560156071
5000,138,naive,psi0,-0.17657607974549971,0.08001513167421608
5000,138,naive,psi1,-0.10328983007463388,0.08221514955725269
5000,138,corrected,psi0,1.1349180945136623,0.09354284329631495
5000,138,corrected,psi1,0.4172893030174,0.09528624693679996
5000,139,naive,psi0,-0.3134022944834221,0.08107806033046953
5000,139,naive,psi1,-0.012505563313759882,0.08531141009936673
5000,139,corrected,psi0,0.942718451390907,0.09379227877063526
5000,139,corrected,psi1,0.498070260487951,0.09797900131022198
5000,140,naive,psi0,-0.2112173159106691,0.07890186367975738
5000,140,naive,psi1,-0.12043086793788048,0.07972428333740372
5000,140,corrected,psi0,1.0506883273131329,0.09235928406643754
5000,140,corrected,psi1,0.39092943070880226,0.09349619903776035
5000,141,naive,psi0,-0.32289552977194474,0.08110478380278409
5000,141,naive,psi1,0.007206862534424954,0.08378444743825303
5000,141,corrected,psi0,0.9550278210991664,0.09387531434034882
5000,141,corrected,psi1,0.47672119952496483,0.09691843287036461
5000,142,naive,psi0,-0.31754179746276495,0.08028348481005433
5000,142,naive,psi1,0.04549800795580117,0.08911418781602555
5000,142,corrected,psi0,0.9215559310209716,0.09289439370802535
5000,142,corrected,psi1,0.5759668508907039,0.10235569632571782
5000,143,naive,psi0,-0.21572760947328082,0.08159331788238182
5000,143,naive,psi1,-0.059789906907142094,0.08598977390647385
5000,143,corrected,psi0,1.0719200029039921,0.09469755734484027
5000,143,corrected,psi1,0.4192733376544889,0.10011233440951649
5000,144,naive,psi0,-0.28974075521929316,0.0802947210846905
5000,144,naive,psi1,-0.06151708838539031,0.08102397289230424
5000,144,corrected,psi0,0.9893213054127894,0.09331960642442676
5000,144,corrected,psi1,0.40042229271080254,0.09455056916650802
5000,145,naive,psi0,-0.14641820302823186,0.08136091871215148
5000,145,naive,psi1,-0.09449209227802452,0.08374112558030072
5000,145,corrected,psi0,1.1199845813960525,0.09482886171868697
5000,145,corrected,psi1,0.3732317513317642,0.09793775998919994
5000,146,naive,psi0,-0.3411993481289778,0.08012066437553651
5000,146,naive,psi1,0.01225341772438997,0.0800118096587297
5000,146,corrected,psi0,0.9465380198429173,0.09276972818371058
5000,146,corrected,psi1,0.48923967615999836,0.09185318838619642
5000,147,naive,psi0,-0.29984987074007735,0.08319139104465667
5000,147,naive,psi1,0.10777322441091991,0.09032044074504951
5000,147,corrected,psi0,1.0011748363057353,0.09675423100447174
5000,147,corrected,psi1,0.6312766510186779,0.10518655936075114
5000,148,naive,psi0,-0.27553541360050837,0.08053079725596253
5000,148,naive,psi1,-0.001976976029411328,0.081866975247891
5000,148,corrected,psi0,0.9973471263681902,0.0934400906580575
5000,148,corrected,psi1,0.5080551746146736,0.09491909902736471
5000,149,naive,psi0,-0.3470445109907326,0.08123027244139046
5000,149,naive,psi1,-0.1023111465236031,0.08973657276140792
5000,149,corrected,psi0,0.9105551924605854,0.09459774845089193
5000,149,corrected,psi1,0.4251772928237858,0.10399446558479271
5000,150,naive,psi0,-0.4669992917798714,0.08063948701542124
5000,150,naive,psi1,0.029243696086811294,0.08321957731981595
5000,150,corrected,psi0,0.7742338493174503,0.0940228468697877
5000,150,corrected,psi1,0.4942319399918103,0.09688746141537886
5000,151,naive,psi0,-0.24205856101344161,0.07937093841127611
5000,151,naive,psi1,0.05019505812560306,0.08255953030876372
5000,151,corrected,psi0,1.0307541997870784,0.09176235353778925
5000,151,corrected,psi1,0.5411251832032754,0.09538580801725176
5000,152,naive,psi0,-0.16788963128068773,0.08086108263495136
5000,152,naive,psi1,0.07232079080516607,0.08671182497500418
5000,152,corrected,psi0,1.1005322378573028,0.09430954741563737
5000,152,corrected,psi1,0.5753137913625017,0.10118305430719696
5000,153,naive,psi0,-0.19691910418725422,0.08127191412096103
5000,153,naive,psi1,0.05836441143511409,0.08269668303471563
5000,153,corrected,psi0,1.1020627488857162,0.0944952100423923
5000,153,corrected,psi1,0.5579412042546099,0.09532764273912686
5000,154,naive,psi0,-0.30128520699266625,0.07951867970087811
5000,154,naive,psi1,0.10741626839566461,0.08214764210119235
5000,154,corrected,psi0,0.9804819866393735,0.09212739945498122
5000,154,corrected,psi1,0.632808147772662,0.09496851484946232
5000,155,naive,psi0,-0.22249900651071775,0.08267016484598108
5000,155,naive,psi1,-0.04736291839334294,0.0850589100923246
5000,155,corrected,psi0,1.065557000950502,0.09690727435318136
5000,155,corrected,psi1,0.4310286228813491,0.10070807148409092
5000,156,naive,psi0,-0.1868289079368069,0.07982278888227647
5000,156,naive,psi1,0.010024873660769497,0.08315559260683163
5000,156,corrected,psi0,1.0837483324641606,0.09261924395463692
5000,156,corrected,psi1,0.49920248596364614,0.09627531500829867
5000,157,naive,psi0,-0.23267747257772697,0.0815992901390919
5000,157,naive,psi1,-0.01369091070304997,0.0874883574379119
5000,157,corrected,psi0,1.034994248509661,0.09470744705389267
5000,157,corrected,psi1,0.5112129170309105,0.10147240810047191
5000,158,naive,psi0,-0.2505458433758607,0.07993252882981282
5000,158,naive,psi1,-0.029714281723588143,0.08227243717780089
5000,158,corrected,psi0,0.9828420700503302,0.09277160478160862
5000,158,corrected,psi1,0.48144390092174477,0.09496518665582879
5000,159,naive,psi0,-0.29080180709841175,0.07899043608928807
5000,159,naive,psi1,0.039041384774457934,0.08085911008343924
5000,159,corrected,psi0,1.0271860860855733,0.09181392273048415
5000,159,corrected,psi1,0.5668951463808498,0.09398519602390487
5000,160,naive,psi0,-0.2116924506394982,0.0832757409051879
5000,160,naive,psi1,-0.016572913605085074,0.08770926243826631
5000,160,corrected,psi0,1.0661711011303798,0.09648733889903588
5000,160,corrected,psi1,0.4526419498949091,0.10192467960583651
5000,161,naive,psi0,-0.42433394642984695,0.08055344751587604
5000,161,naive,psi1,-0.03319533329709796,0.08726325233316165
5000,161,corrected,psi0,0.8688283302292441,0.09329017654751215
5000,161,corrected,psi1,0.44743186627563697,0.10080958634671926
5000,162,naive,psi0,-0.153134284752947,0.08202339896369089
5000,162,naive,psi1,-0.06734322330103208,0.08687959775722642
5000,162,corrected,psi0,1.1361968567637692,0.09535982958676992
5000,162,corrected,psi1,0.4316682373910457,0.10135460342032383
5000,163,naive,psi0,-0.046581436126353834,0.07994812925410312
5000,163,naive,psi1,-0.062286549206586314,0.08514106084735407
5000,163,corrected,psi0,1.3130210029527831,0.09335234411206178
5000,163,corrected,psi1,0.4231380619707439,0.09867594523279323
5000,164,naive,psi0,-0.12467415833754845,0.08158799175040833
5000,164,naive,psi1,0.09588014788808566,0.08582782933674557
5000,164,corrected,psi0,1.1691947094081252,0.09482689150651794
5000,164,corrected,psi1,0.6115683713011385,0.10162967612943365
5000,165,naive,psi0,-0.31870391818788063,0.08086681814550416
5000,165,naive,psi1,0.013954212538403758,0.08568386525342656
5000,165,corrected,psi0,0.9838508665570083,0.09358026068197427
5000,165,corrected,psi1,0.513348042891338,0.09906494125648692
5000,166,naive,psi0,-0.17452666982574894,0.08105588336919306
5000,166,naive,psi1,-0.03592223548318921,0.0931847274535549
5000,166,corrected,psi0,1.091214263374848,0.09449505522367044
5000,166,corrected,psi1,0.4625984436642845,0.1099335105272322
5000,167,naive,psi0,-0.26775724788052996,0.08000040034167807
5000,167,naive,psi1,0.0031208961153890674,0.08092347128164418
5000,167,corrected,psi0,1.0115090670684899,0.0929946831331022
5000,167,corrected,psi1,0.5132769382288588,0.09383431087416438
5000,168,naive,psi0,-0.19124851713218352,0.08005320795284536
5000,168,naive,psi1,-0.07264232592728323,0.08487643563410838
5000,168,corrected,psi0,1.0369435806342575,0.09340777330534165
5000,168,corrected,psi1,0.41083707131964925,0.09953533537054675
5000,169,naive,psi0,-0.3817491695030852,0.08127816866422548
5000,169,naive,psi1,0.1775925881181784,0.08771317337900011
5000,169,corrected,psi0,0.876397559519792,0.09513605647801046
5000,169,corrected,psi1,0.7038738436659703,0.10180091811638126
5000,170,naive,psi0,-0.30807270716667073,0.08085323637481216
5000,170,naive,psi1,-0.0655221162504649,0.0840531037308903
5000,170,corrected,psi0,0.9637466145054535,0.09416794149386738
5000,170,corrected,psi1,0.4333136674247534,0.09854405812863258
5000,171,naive,psi0,-0.09099331440501825,0.07966762732783268
5000,171,naive,psi1,0.041001677282341005,0.08583570007674243
5000,171,corrected,psi0,1.1598880307528479,0.09271645286152673
5000,171,corrected,psi1,0.56971476311554,0.09899174530232649
5000,172,naive,psi0,-0.21204315362337328,0.08074822007055185
5000,172,naive,psi1,-0.056869420391340623,0.08194163837184999
5000,172,corrected,psi0,1.0806865677770436,0.09411266236057211
5000,172,corrected,psi1,0.47437520126409394,0.0952486114260253
5000,173,naive,psi0,-0.26437832190856597,0.0810772188903784
5000,173,naive,psi1,-0.2015790604552357,0.08639002227783896
5000,173,corrected,psi0,0.9980478233941248,0.09425677879491916
5000,173,corrected,psi1,0.26052624433169963,0.100089677941994
5000,174,naive,psi0,-0.3561274963838339,0.08006223292708486
5000,174,naive,psi1,0.11395788033083895,0.08332506029175599
5000,174,corrected,psi0,0.8848579727596245,0.09361167874109201
5000,174,corrected,psi1,0.6333429759853961,0.09790962779239103
5000,175,naive,psi0,-0.18018114344671368,0.08118736360156624
5000,175,naive,psi1,0.08134366512771976,0.0868934325214273
5000,175,corrected,psi0,1.1030518882570441,0.09372033465882046
5000,175,corrected,psi1,0.5813318548546279,0.10022171312401933
5000,176,naive,psi0,-0.37833719238565106,0.0808691997441392
5000,176,naive,psi1,-0.1059866408685825,0.08642212211182126
5000,176,corrected,psi0,0.9187161948374302,0.09364216829608928
5000,176,corrected,psi1,0.35115317159757925,0.10002636791550504
5000,177,naive,psi0,-0.2718227842834991,0.08152475120944662
5000,177,naive,psi1,0.1432528466749091,0.08564632344360014
5000,177,corrected,psi0,0.9994989027997218,0.09481249015289456
5000,177,corrected,psi1,0.6513989239385336,0.09876823198792425
5000,178,naive,psi0,-0.20575616133660518,0.08041535998054596
5000,178,naive,psi1,-0.02797737038569641,0.08441294574967775
5000,178,corrected,psi0,1.1010772990804085,0.09325210227563654
5000,178,corrected,psi1,0.4386062976852481,0.09769149005233925
5000,179,naive,psi0,-0.14528294186014093,0.08110298939213954
5000,179,naive,psi1,-0.1062202457972598,0.08702353846669021
5000,179,corrected,psi0,1.2039682881046052,0.0943041284383502
5000,179,corrected,psi1,0.3776777474479249,0.10083826239814186
5000,180,naive,psi0,-0.29431753014417555,0.08003847587043018
5000,180,naive,psi1,-0.06396834203986586,0.08202184961405083
5000,180,corrected,psi0,0.9682945632875409,0.09376470925180959
5000,180,corrected,psi1,0.4074667973253505,0.09541389774079222
5000,181,naive,psi0,-0.25134684660425566,0.0809842782902033
5000,181,naive,psi1,-0.08478830352157672,0.08650575493239053
5000,181,corrected,psi0,1.0353247458380241,0.09414476356473186
5000,181,corrected,psi1,0.399447828762191,0.10073671800701074
5000,182,naive,psi0,-0.15435764670759242,0.08033148630490031
5000,182,naive,psi1,0.03375264994130557,0.08801355086264186
5000,182,corrected,psi0,1.1465385277428153,0.09330282681824345
5000,182,corrected,psi1,0.512854515480366,0.10174735686010607
5000,183,naive,psi0,-0.3905080801714205,0.08056532113541615
5000,183,naive,psi1,0.011335603638111829,0.08381555618605727
5000,183,corrected,psi0,0.9093774377479628,0.0933809389260276
5000,183,corrected,psi1,0.4962630299725673,0.09732821249505041
5000,184,naive,psi0,-0.18919204055203262,0.08182634632888361
5000,184,naive,psi1,-0.08542071885965866,0.08603079579816497
5000,184,corrected,psi0,1.1141990211048338,0.09532665791311781
5000,184,corrected,psi1,0.38519556911296193,0.10014721794972538
5000,185,naive,psi0,-0.2092824270389229,0.07892551214646723
5000,185,naive,psi1,0.11402448906288398,0.08540661349619623
5000,185,corrected,psi0,1.0924688104149802,0.09209078455626932
5000,185,corrected,psi1,0.6470057435718397,0.09879613687191036
5000,186,naive,psi0,-0.34304593087030594,0.08019338784656778
5000,186,naive,psi1,-0.07522832751110133,0.08532377323204096
5000,186,corrected,psi0,0.9329761328464538,0.09319743881206484
5000,186,corrected,psi1,0.4187907135050627,0.09822732394570623
5000,187,naive,psi0,-0.339753658163798,0.07969146283589511
5000,187,naive,psi1,-0.12680475300606084,0.08022009132171562
5000,187,corrected,psi0,0.9138457723554392,0.092656787543173
5000,187,corrected,psi1,0.36389356071926265,0.09410044547315446
5000,188,naive,psi0,-0.23927715536463448,0.08078674598410707
5000,188,naive,psi1,-0.027297347042732067,0.08725022435699668
5000,188,corrected,psi0,1.0354309962548063,0.09297764888774218
5000,188,corrected,psi1,0.4726747123170286,0.09992893497893456
5000,189,naive,psi0,-0.08197920904394387,0.0791681159694079
5000,189,naive,psi1,0.17109828011324038,0.08777835705003975
5000,189,corrected,psi0,1.2174344649246651,0.09172864066382229
5000,189,corrected,psi1,0.6595665347766392,0.10245331646273788
5000,190,naive,psi0,-0.35565676937375706,0.07977187575337949
5000,190,naive,psi1,0.12121576091573386,0.08392331728389404
5000,190,corrected,psi0,0.9005492610954805,0.09300589163242862
5000,190,corrected,psi1,0.6868420496504457,0.09729141735226404
5000,191,naive,psi0,-0.2467347593373344,0.08018074654131058
5000,191,naive,psi1,-0.016225120815611536,0.08715339753884324
5000,191,corrected,psi0,1.0364034699054527,0.09347483281270612
5000,191,corrected,psi1,0.4699358191977832,0.10383434066762989
5000,192,naive,psi0,-0.3899493835428073,0.08203843037104122
5000,192,naive,psi1,0.0170936113139941,0.08987878833941475
5000,192,corrected,psi0,0.8673462908464593,0.09576392136267677
5000,192,corrected,psi1,0.471607515328909,0.10486346144592364
5000,193,naive,psi0,-0.30278008354230546,0.08064329791700889
5000,193,naive,psi1,0.022722543122171007,0.08596550732549314
5000,193,corrected,psi0,0.9402192645913634,0.09369985225033516
5000,193,corrected,psi1,0.5178720371796027,0.09906620590752416
5000,194,naive,psi0,-0.3733597361296042,0.08073816451859948
5000,194,naive,psi1,-0.06164303365619106,0.08104335092389764
5000,194,corrected,psi0,0.8944040738580387,0.09389499901866924
5000,194,corrected,psi1,0.42698867360294596,0.09470969489042477
5000,195,naive,psi0,-0.2771950056656648,0.08263210157169856
5000,195,naive,psi1,0.02003403924301285,0.08488671579909064
5000,195,corrected,psi0,1.0425027234507898,0.09602559077542351
5000,195,corrected,psi1,0.5036572105783518,0.09924879434105106
5000,196,naive,psi0,-0.33927367746190906,0.08028178911606511
5000,196,naive,psi1,0.07204348352933088,0.08405205895199645
5000,196,corrected,psi0,0.9077027800475795,0.09350286174525957
5000,196,corrected,psi1,0.5887245440612056,0.09763077318679522
5000,197,naive,psi0,-0.23933876240049,0.07935187181616067
5000,197,naive,psi1,-0.09974080526852125,0.08511778278042817
5000,197,corrected,psi0,1.0131116296499567,0.09208615806304395
5000,197,corrected,psi1,0.39362278858330924,0.09836128281142299
5000,198,naive,psi0,-0.24705385048447362,0.0799240431891282
5000,198,naive,psi1,-0.11061243921764684,0.0819160161965284
5000,198,corrected,psi0,0.9780373887722756,0.09357052011595986
5000,198,corrected,psi1,0.3584260852634425,0.09646188855382988
5000,199,naive,psi0,-0.3061839221164391,0.08151063168705477
5000,199,naive,psi1,0.02780098346005323,0.08805544753073137
5000,199,corrected,psi0,0.9930553556887445,0.0948982451777827
5000,199,corrected,psi1,0.4985938513860497,0.1028443940098486
5000,200,naive,psi0,-0.3135345605865655,0.0829769300959058
5000,200,naive,psi1,0.06825679463663599,0.08486214017632342
5000,200,corrected,psi0,0.9223847514439092,0.09618773438551015
5000,200,corrected,psi1,0.5714737944212205,0.09862754601945727
5000,201,naive,psi0,-0.19778791145471197,0.08020819369046708
5000,201,naive,psi1,0.0065321897607595195,0.08285398867468531
5000,201,corrected,psi0,1.059172169535683,0.09296631560488465
5000,201,corrected,psi1,0.4984029184313014,0.0960314238158741
5000,202,naive,psi0,-0.38968559570513067,0.08033263557048775
5000,202,naive,psi1,0.1188171122000169,0.0883201231520378
5000,202,corrected,psi0,0.8585113543423469,0.093093390246113
5000,202,corrected,psi1,0.6306395128429146,0.10258682469063898
5000,203,naive,psi0,-0.15275674849961135,0.0817034686872454
5000,203,naive,psi1,0.17282652055053638,0.08246973446503703
5000,203,corrected,psi0,1.116292447826468,0.09504593597394884
5000,203,corrected,psi1,0.6868186246806467,0.09662749252861778
5000,204,naive,psi0,-0.15587454282817173,0.0805925166082867
5000,204,naive,psi1,-0.020076643388943632,0.08546652119808582
5000,204,corrected,psi0,1.124573141341262,0.09438342409429094
5000,204,corrected,psi1,0.48505959212226407,0.10045033240494783
5000,205,naive,psi0,-0.36453869504397873,0.0796248277147257
5000,205,naive,psi1,-0.08696452227124006,0.08343500287267783
5000,205,corrected,psi0,0.858192482957596,0.09288966155061164
5000,205,corrected,psi1,0.4130225787215904,0.09714404594316868
5000,206,naive,psi0,-0.31711103556774833,0.07887068983917006
5000,206,naive,psi1,0.13253088188813394,0.08364439535978446
5000,206,corrected,psi0,0.9833134362463355,0.09239865869523141
5000,206,corrected,psi1,0.6450805537863873,0.09866779327568766
5000,207,naive,psi0,-0.28078290407416145,0.08090903321912812
5000,207,naive,psi1,0.11092566165054693,0.08552464984186901
5000,207,corrected,psi0,1.017533711179222,0.09454999242573646
5000,207,corrected,psi1,0.6586126628287177,0.09881186396981866
5000,208,naive,psi0,-0.2756178166947515,0.0813597084303455
5000,208,naive,psi1,0.0059395967385949475,0.08686406991899957
5000,208,corrected,psi0,1.0512385794341224,0.09527143137897813
5000,208,corrected,psi1,0.4776882325060902,0.10099521763273214
5000,209,naive,psi0,-0.3195092265875404,0.08177761235755326
5000,209,naive,psi1,0.03607910041287913,0.08679713866685329
5000,209,corrected,psi0,0.9652492865306801,0.0953957592423076
5000,209,corrected,psi1,0.5258927060997409,0.10330579055532967
5000,210,naive,psi0,-0.2984091664623257,0.08174586909265129
5000,210,naive,psi1,-0.059206230475605325,0.08661075586091291
5000,210,corrected,psi0,1.0056971020171481,0.0951624654351406
5000,210,corrected,psi1,0.4466822451836455,0.10055476525242565
5000,211,naive,psi0,-0.2976146715180519,0.08142466137021476
5000,211,naive,psi1,-0.011098007687339704,0.08979655669335457
5000,211,corrected,psi0,1.0022830674081085,0.09482146649961802
5000,211,corrected,psi1,0.4817371385197189,0.10463456022729704
5000,212,naive,psi0,-0.1816760098903775,0.08007819846351578
5000,212,naive,psi1,0.005552135761717571,0.08334838783802213
5000,212,corrected,psi0,1.1229214103888807,0.09282629138943177
5000,212,corrected,psi1,0.5232840268469673,0.09716000366534057
5000,213,naive,psi0,-0.3027618665902656,0.08012289590667258
5000,213,naive,psi1,-0.23807780470216044,0.08485394480985221
5000,213,corrected,psi0,0.9551197170642611,0.09312500980073903
5000,213,corrected,psi1,0.22450724697508825,0.09808173081371796
5000,214,naive,psi0,-0.36911172641928675,0.08167289079771324
5000,214,naive,psi1,0.10719697651917096,0.08852767615861833
5000,214,corrected,psi0,0.911635304600119,0.09512270534721878
5000,214,corrected,psi1,0.6251055264016727,0.10255551607633448
5000,215,naive,psi0,-0.26938628475344434,0.08081846039273889
5000,215,naive,psi1,0.06346905281307376,0.08510158473979858
5000,215,corrected,psi0,0.9852491177999896,0.09433198158405695
5000,215,corrected,psi1,0.5335281563060812,0.09961337175867468
5000,216,naive,psi0,-0.25087959946704586,0.08030981254991096
5000,216,naive,psi1,-0.021869274657836196,0.08220052407514593
5000,216,corrected,psi0,1.0224996487591473,0.09336225645282961
5000,216,corrected,psi1,0.5038634102370192,0.09626714274086504
5000,217,naive,psi0,-0.40340447371585836,0.08163088588785826
5000,217,naive,psi1,0.08573936407566662,0.08478558425455256
5000,217,corrected,psi0,0.8381605208883272,0.09456818972108491
5000,217,corrected,psi1,0.5826671580730963,0.09872247982109032
5000,218,naive,psi0,-0.24230126022185094,0.0795727369374084
5000,218,naive,psi1,-0.07735165780387714,0.08367692024382836
5000,218,corrected,psi0,1.0412645295431684,0.09277008612140893
5000,218,corrected,psi1,0.438595199934085,0.09780564235821045
5000,219,naive,psi0,-0.31251169554041786,0.08123011054719952
5000,219,naive,psi1,-0.10754376266691633,0.08841740889697902
5000,219,corrected,psi0,0.9749971384408105,0.09465950323817822
5000,219,corrected,psi1,0.3506282872221955,0.10259473268798752
5000,220,naive,psi0,-0.12284131488766127,0.07986665802529087
5000,220,naive,psi1,0.0636653830950618,0.08934549290368869
5000,220,corrected,psi0,1.189206940489577,0.0923572582896502
5000,220,corrected,psi1,0.5922908534721745,0.10289496299789784
5000,221,naive,psi0,-0.29631001969832094,0.07975044750458361
5000,221,naive,psi1,-0.1950908607499345,0.08419098109567788
5000,221,corrected,psi0,0.9864023944528973,0.09306355697461814
5000,221,corrected,psi1,0.2940815371644927,0.09903577045418772
5000,222,naive,psi0,-0.2141631601301519,0.08105209321954186
5000,222,naive,psi1,0.11152348612952162,0.08408482349290797
5000,222,corrected,psi0,1.0894139093017596,0.09403415997765707
5000,222,corrected,psi1,0.6469998748195029,0.09870282496421469
5000,223,naive,psi0,-0.2908244239307008,0.08024294655720277
5000,223,naive,psi1,-0.09164914516473655,0.08286277092103403
5000,223,corrected,psi0,0.9844120262696777,0.09332764242763855
5000,223,corrected,psi1,0.3985761692061426,0.0964177176593317
5000,224,naive,psi0,-0.32259047706632793,0.08094329789895904
5000,224,naive,psi1,-0.04152557416720167,0.08631940799170067
5000,224,corrected,psi0,0.9655523480046636,0.09427660444474555
5000,224,corrected,psi1,0.4375664101061266,0.10058806402608692
5000,225,naive,psi0,-0.18684387395597155,0.07976481684393763
5000,225,naive,psi1,-0.08370727254541457,0.08089207878638267
5000,225,corrected,psi0,1.0858546322260665,0.0928096264988639
5000,225,corrected,psi1,0.39333193803317473,0.09389887917424339
5000,226,naive,psi0,-0.1377502179025573,0.08032453926670148
5000,226,naive,psi1,-0.18795599448473577,0.07823308504774372
5000,226,corrected,psi0,1.1621006125556148,0.0933432493642929
5000,226,corrected,psi1,0.29401517282938333,0.09127136709892256
5000,227,naive,psi0,-0.27521842994504586,0.0806282710498169
5000,227,naive,psi1,0.10636713385323797,0.08221823424599768
5000,227,corrected,psi0,1.0232627329099617,0.09366455721650858
5000,227,corrected,psi1,0.6294861273558762,0.09573378590606117
5000,228,naive,psi0,-0.3344671902519323,0.08054135131405661
5000,228,naive,psi1,0.051190331007220743,0.08639241433982046
5000,228,corrected,psi0,0.9290333675684024,0.09376223555248328
5000,228,corrected,psi1,0.526057635661336,0.10092041022837654
5000,229,naive,psi0,-0.14473011521219,0.08146812761527948
5000,229,naive,psi1,-0.06810520650977267,0.08940042700770909
5000,229,corrected,psi0,1.177836533648756,0.09462196671202415
5000,229,corrected,psi1,0.4206384759273572,0.10312099501721561
5000,230,naive,psi0,-0.30505411632058627,0.08080608152849564
5000,230,naive,psi1,-0.056141083855942686,0.0909537952418708
5000,230,corrected,psi0,0.9510240299924126,0.09427179531749111
5000,230,corrected,psi1,0.44911034494598157,0.10554222527719596
5000,231,naive,psi0,-0.23824955163866143,0.08196924782701924
5000,231,naive,psi1,-0.016911990097354668,0.08498825554144296
5000,231,corrected,psi0,1.0676470719188194,0.09494580390308535
5000,231,corrected,psi1,0.4808834415244579,0.09784318650317497
5000,232,naive,psi0,-0.18588201025397577,0.07852511887416992
5000,232,naive,psi1,-0.0880071178681801,0.08333519569813382
5000,232,corrected,psi0,1.0879694791788093,0.09185269794856021
5000,232,corrected,psi1,0.40535828875481833,0.09697545290135015
5000,233,naive,psi0,-0.31034112390304175,0.08086918045504012
5000,233,naive,psi1,0.1149089827309223,0.08209182594526176
5000,233,corrected,psi0,0.971840448506234,0.09399697029971156
5000,233,corrected,psi1,0.6549077339345692,0.09569946511612291
5000,234,naive,psi0,-0.22803475653311614,0.08020868939956004
5000,234,naive,psi1,0.021384011164861754,0.08454877120261836
5000,234,corrected,psi0,1.0339276838775198,0.09318069856753136
5000,234,corrected,psi1,0.5332835648094991,0.0979837311044041
5000,235,naive,psi0,-0.27765451763603255,0.07982164090047611
5000,235,naive,psi1,-0.09128178739626837,0.08490496466229244
5000,235,corrected,psi0,0.9856289870941166,0.09283231827890512
5000,235,corrected,psi1,0.3735199055777449,0.09968031762131663
5000,236,naive,psi0,-0.32806640073262566,0.0822399089922113
5000,236,naive,psi1,0.01872526565395878,0.08878539297983534
5000,236,corrected,psi0,0.9288451664512518,0.09566274700777332
5000,236,corrected,psi1,0.5049109857618961,0.10329351651369413
5000,237,naive,psi0,-0.41411960334145786,0.08213744361838672
5000,237,naive,psi1,0.0024835097423368344,0.08444914536326203
5000,237,corrected,psi0,0.8248389111161204,0.09548670747038696
5000,237,corrected,psi1,0.48430876947183676,0.09842461664548896
5000,238,naive,psi0,-0.26126504525980027,0.08155134501646175
5000,238,naive,psi1,-0.11655593951943088,0.0875028892165086
5000,238,corrected,psi0,1.0135345408005656,0.09481485505931257
5000,238,corrected,psi1,0.3491121586675764,0.10202505016558033
5000,239,naive,psi0,-0.32986882171935256,0.07974506500171093
5000,239,naive,psi1,-0.030019085308898942,0.07980125684103308
5000,239,corrected,psi0,0.9203364011518871,0.09316856445257854
5000,239,corrected,psi1,0.44555298580479996,0.09311647035371756
5000,240,naive,psi0,-0.2885186726423258,0.08054298298563604
5000,240,naive,psi1,-0.03257414421709863,0.08623149932734885
5000,240,corrected,psi0,0.9859888026343793,0.0942197412900942
5000,240,corrected,psi1,0.4679766145648327,0.10035620422493272
5000,241,naive,psi0,-0.17448422161108748,0.07933809184292838
5000,241,naive,psi1,-0.08079094310328984,0.08345695080963798
5000,241,corrected,psi0,1.0971791727902622,0.09213417697311545
5000,241,corrected,psi1,0.39820840729814727,0.09834819053312743
5000,242,naive,psi0,-0.15226540184270393,0.08116831289961686
5000,242,naive,psi1,0.007319650679412969,0.08013363720506114
5000,242,corrected,psi0,1.1483838890263267,0.09461006682328206
5000,242,corrected,psi1,0.49536367367344813,0.09347056846723978
5000,243,naive,psi0,-0.2743600794274051,0.07937587785977786
5000,243,naive,psi1,0.04518665175909206,0.08084428376343174
5000,243,corrected,psi0,0.9774044112402257,0.09293696276691177
5000,243,corrected,psi1,0.5738606595123992,0.09421760476335192
5000,244,naive,psi0,-0.469674021054134,0.0789625459721112
5000,244,naive,psi1,-0.047920617696746784,0.08449557372642917
5000,244,corrected,psi0,0.7443840628511543,0.09209402205690938
5000,244,corrected,psi1,0.47421575664213267,0.09809064715810835
5000,245,naive,psi0,-0.2738248786739616,0.08218434098978378
5000,245,naive,psi1,-0.14074735129884697,0.09131376639721699
5000,245,corrected,psi0,0.9984219850322207,0.09582699867886138
5000,245,corrected,psi1,0.33952069745521496,0.10642662620917459
5000,246,naive,psi0,-0.3412699068184364,0.08149840657730897
5000,246,naive,psi1,0.044446447483105014,0.08780432888352556
5000,246,corrected,psi0,0.9404314317766304,0.09430827704769451
5000,246,corrected,psi1,0.5210944567178223,0.10099609153239965
5000,247,naive,psi0,-0.3310653963102173,0.0794067586574093
5000,247,naive,psi1,0.1170379257047127,0.0885632266211659
5000,247,corrected,psi0,0.9727456126367867,0.09198217747030382
5000,247,corrected,psi1,0.6414422771255919,0.10223838009339455
5000,248,naive,psi0,-0.29596891820793686,0.07976435583671093
5000,248,naive,psi1,-0.08088047752751466,0.08278675812072203
5000,248,corrected,psi0,0.9745364684001708,0.0927560270832481
5000,248,corrected,psi1,0.39293409793891576,0.0969521984736789
5000,249,naive,psi0,-0.31368540142464246,0.07956082570177808
5000,249,naive,psi1,-0.007555108077215931,0.08464064334829416
5000,249,corrected,psi0,0.9888869654679655,0.09292897324870843
5000,249,corrected,psi1,0.4828270806338069,0.09934654051673349
5000,250,naive,psi0,-0.3024397825420587,0.08027843983419646
5000,250,naive,psi1,-0.23844568602757482,0.08424992449842925
5000,250,corrected,psi0,0.937085551180635,0.0929306280266928
5000,250,corrected,psi1,0.24720774965567097,0.09761611551342159
5000,251,naive,psi0,-0.3784139378475737,0.08128200704515226
5000,251,naive,psi1,0.06642920264768906,0.08823246271612005
5000,251,corrected,psi0,0.8906976567636955,0.0945002532014146
5000,251,corrected,psi1,0.5987547487437063,0.10168261647459573
5000,252,naive,psi0,-0.18225316838755978,0.07923408862248789
5000,252,naive,psi1,-0.038431943711021856,0.08011064532801532
5000,252,corrected,psi0,1.136699324442201,0.09164838527226914
5000,252,corrected,psi1,0.45136346505417224,0.09222233923127673
5000,253,naive,psi0,-0.355099740751389,0.08048421335330266
5000,253,naive,psi1,-0.10800079355787535,0.08096387646622037
5000,253,corrected,psi0,0.9101134038800122,0.093184143661141
5000,253,corrected,psi1,0.3369716194631994,0.09344790413979384
5000,254,naive,psi0,-0.2774621294422246,0.08203453247523264
5000,254,naive,psi1,0.07833878873819045,0.08983234386500137
5000,254,corrected,psi0,0.994038181262549,0.09495996333848931
5000,254,corrected,psi1,0.6069389573133402,0.10483741350267313
5000,255,naive,psi0,-0.2866146300845851,0.08268623862455052
5000,255,naive,psi1,-0.058574971829436634,0.0869456306583872
5000,255,corrected,psi0,0.9572194411761216,0.09606709395684787
5000,255,corrected,psi1,0.4568431883487166,0.1018865014507541
5000,256,naive,psi0,-0.1527827212399602,0.08204405132853539
5000,256,naive,psi1,-0.049268964254971674,0.08938920876363399
5000,256,corrected,psi0,1.1657435099033084,0.09599414798245824
5000,256,corrected,psi1,0.4641267555667988,0.10567147718867934
5000,257,naive,psi0,-0.26029380446203726,0.08034168747397587
5000,257,naive,psi1,-0.0010860062178937523,0.0866140905305469
5000,257,corrected,psi0,0.9801304883051398,0.09328469969990646
5000,257,corrected,psi1,0.5130058659704265,0.10002099468907694
5000,258,naive,psi0,-0.1147729059463213,0.08044057358374604
5000,258,naive,psi1,0.03574994175811812,0.08471755253174292
5000,258,corrected,psi0,1.165741465742234,0.09394785822150845
5000,258,corrected,psi1,0.5498797406296947,0.09857396547666163
5000,259,naive,psi0,-0.3969244110504018,0.08163700647925017
5000,259,naive,psi1,0.013713778043759861,0.08645714057450403
5000,259,corrected,psi0,0.8576140119325149,0.09483543183246253
5000,259,corrected,psi1,0.4546322970593604,0.1003330623990728
5000,260,naive,psi0,-0.28320494507779975,0.08023527353513388
5000,260,naive,psi1,-0.0015959090694489567,0.08718726798099807
5000,260,corrected,psi0,0.9876318911156965,0.09326929258841357
5000,260,corrected,psi1,0.4901583034773121,0.1027998416594414
5000,261,naive,psi0,-0.1302498832053205,0.08191363258342867
5000,261,naive,psi1,0.0915596333198515,0.090690801513563
5000,261,corrected,psi0,1.1910556513066317,0.09585661950369119
5000,261,corrected,psi1,0.591561900337691,0.10609372788377953
5000,262,naive,psi0,-0.15494752098473968,0.07971020557529887
5000,262,naive,psi1,0.07077054357172104,0.08709711064353502
5000,262,corrected,psi0,1.120954009575449,0.09214632002821223
5000,262,corrected,psi1,0.617716127720129,0.10027252384468092
5000,263,naive,psi0,-0.29003237885140215,0.08075977936128756
5000,263,naive,psi1,0.039645309232493486,0.08466524043146369
5000,263,corrected,psi0,0.9831026116749552,0.09394655960861147
5000,263,corrected,psi1,0.5202876730562794,0.0973804909458253
5000,264,naive,psi0,-0.08373415786979674,0.08168920517742066
5000,264,naive,psi1,0.10799896093952027,0.08632127595657346
5000,264,corrected,psi0,1.2113183983231628,0.0954391814834323
5000,264,corrected,psi1,0.5634417249692991,0.10045256890199847
5000,265,naive,psi0,-0.38191669473770695,0.08079966708040343
5000,265,naive,psi1,-0.00042002785954746295,0.08661701915491055
5000,265,corrected,psi0,0.8749908269265863,0.09401830476642807
5000,265,corrected,psi1,0.49554413868365266,0.10063254907315931
5000,266,naive,psi0,-0.32092511218440595,0.081824055276058
5000,266,naive,psi1,-0.03341425266949401,0.08949942814824195
5000,266,corrected,psi0,0.9620206058921976,0.0945001757021952
5000,266,corrected,psi1,0.490951851302036,0.10336001086524436
5000,267,naive,psi0,-0.20435093273065957,0.07974866947822101
5000,267,naive,psi1,-0.030556695740969517,0.08732243606324258
5000,267,corrected,psi0,1.088109577501047,0.09287816709861299
5000,267,corrected,psi1,0.44094977817084025,0.10180457984923814
5000,268,naive,psi0,-0.31934826956956597,0.0804435396942706
5000,268,naive,psi1,0.06799968563626244,0.08545826369365088
5000,268,corrected,psi0,0.9594427214545648,0.09353050063881439
5000,268,corrected,psi1,0.5767126846481794,0.09866536445460457
5000,269,naive,psi0,-0.2689388893254298,0.08064716609227421
5000,269,naive,psi1,-0.09449756469251168,0.08434265103661309
5000,269,corrected,psi0,0.9952169374557505,0.09329402565353619
5000,269,corrected,psi1,0.40981928573601967,0.09712455124684272
5000,270,naive,psi0,-0.26030022777338724,0.08091195464604994
5000,270,naive,psi1,-0.1284566310697677,0.09110718018435116
5000,270,corrected,psi0,1.0080208380775104,0.09443595233013603
5000,270,corrected,psi1,0.3407549813610013,0.1041333396931191
5000,271,naive,psi0,-0.3021395969236222,0.0822722617933515
5000,271,naive,psi1,-0.12925964907504084,0.08364857835389429
5000,271,corrected,psi0,0.9638045791159737,0.09526893950386375
5000,271,corrected,psi1,0.37920767504492686,0.09791570595956282
5000,272,naive,psi0,-0.29486850876983733,0.0811032514656767
5000,272,naive,psi1,-0.0708317475515951,0.08767614163587743
5000,272,corrected,psi0,0.9912638299892317,0.09438156720502522
5000,272,corrected,psi1,0.4122004632267542,0.10263945129659653
5000,273,naive,psi0,-0.2500829659176952,0.08065730337021602
5000,273,naive,psi1,0.04730185935168432,0.08705200282487385
5000,273,corrected,psi0,1.0041769604697304,0.09388788809283706
5000,273,corrected,psi1,0.58058300765273,0.10198021716840851
5000,274,naive,psi0,-0.4040685817082737,0.08139512554332552
5000,274,naive,psi1,-0.08882555994831459,0.09019101358646021
5000,274,corrected,psi0,0.8420346269937639,0.09479626986805564
5000,274,corrected,psi1,0.41314656125108834,0.10492879074344229
5000,275,naive,psi0,-0.2835458852471681,0.08048738836132409
5000,275,naive,psi1,-0.07094932670941857,0.08722228228106149
5000,275,corrected,psi0,0.9502999077456519,0.09358950725059055
5000,275,corrected,psi1,0.44828973187780363,0.10051045307454046
5000,276,naive,psi0,-0.22738660161558358,0.0826930180858988
5000,276,naive,psi1,-0.006908700862925794,0.0951694462700728
5000,276,corrected,psi0,1.0853411105930388,0.09649019565155274
5000,276,corrected,psi1,0.5185753926781022,0.11164185377180161
5000,277,naive,psi0,-0.3260567252464214,0.07994612399715847
5000,277,naive,psi1,-0.06130870710145696,0.08346021282921087
5000,277,corrected,psi0,0.9181807775369167,0.09246211033382479
5000,277,corrected,psi1,0.39505960837803944,0.0963061235768044
5000,278,naive,psi0,-0.3348094389836957,0.08020696251815077
5000,278,naive,psi1,-0.035222289081804234,0.08671793584359917
5000,278,corrected,psi0,0.9604870653823622,0.0932683261491938
5000,278,corrected,psi1,0.45551448519692644,0.1007707730931533
5000,279,naive,psi0,-0.3648977730404891,0.08080961893959292
5000,279,naive,psi1,0.00762749780680772,0.08589779776147655
5000,279,corrected,psi0,0.8832403259741796,0.09457005000391243
5000,279,corrected,psi1,0.5011836453611509,0.09972135823024582
5000,280,naive,psi0,-0.2790686796130464,0.08113341052792696
5000,280,naive,psi1,0.0031664255375926566,0.08823044689966537
5000,280,corrected,psi0,1.0001349530690542,0.09501522636236578
5000,280,corrected,psi1,0.4947255654067812,0.10353274702278233
5000,281,naive,psi0,-0.38993748071296136,0.08144167218047055
5000,281,naive,psi1,-0.016574543561152837,0.08153889188557041
5000,281,corrected,psi0,0.855020969265004,0.09469751464458893
5000,281,corrected,psi1,0.47024880410005027,0.09434572818526193
5000,282,naive,psi0,-0.2399157798259916,0.0805959590941608
5000,282,naive,psi1,0.08234285616191504,0.08062381076593966
5000,282,corrected,psi0,1.0349998386610706,0.09398710577171628
5000,282,corrected,psi1,0.61256019055198,0.09357045119245425
5000,283,naive,psi0,-0.35197119517261843,0.08087779828513057
5000,283,naive,psi1,-0.03492212604588206,0.08351863932958155
5000,283,corrected,psi0,0.9047932073565592,0.09406899154662457
5000,283,corrected,psi1,0.4636173310684294,0.09673222417454161
5000,284,naive,psi0,-0.3491977843741659,0.08017315392762717
5000,284,naive,psi1,0.04209563025380819,0.08615917100174482
5000,284,corrected,psi0,0.9012022777084526,0.09318317608833783
5000,284,corrected,psi1,0.5405686259316191,0.09934488920391031
5000,285,naive,psi0,-0.39107455488160586,0.081576382815915
5000,285,naive,psi1,0.03374620519821841,0.08824546285501061
5000,285,corrected,psi0,0.850927457705551,0.0954348604419467
5000,285,corrected,psi1,0.5206373313067217,0.10326719184698738
5000,286,naive,psi0,-0.20039270530421305,0.08137483692245025
5000,286,naive,psi1,0.057996516917874635,0.08477038652350546
5000,286,corrected,psi0,1.0897835280199772,0.09495995999550846
5000,286,corrected,psi1,0.5656611311548497,0.09806449039513798
5000,287,naive,psi0,-0.23223318033816773,0.07993718240171505
5000,287,naive,psi1,-0.03425084527051883,0.08667190149261127
5000,287,corrected,psi0,1.0757074116048595,0.09251872119520368
5000,287,corrected,psi1,0.47562411393005366,0.09950762766668447
5000,288,naive,psi0,-0.2097840633288327,0.07917909463209928
5000,288,naive,psi1,0.09310265042318902,0.08365925645797759
5000,288,corrected,psi0,1.117208212694098,0.09176386151891748
5000,288,corrected,psi1,0.5820928303208098,0.09751992805392708
5000,289,naive,psi0,-0.26055095604878364,0.07966026762357308
5000,289,naive,psi1,-0.0759057017511079,0.08511733214405569
5000,289,corrected,psi0,1.0210696790613378,0.09297600685951941
5000,289,corrected,psi1,0.374328719153463,0.09817642793297787
5000,290,naive,psi0,-0.33234073840072625,0.0783453555194012
5000,290,naive,psi1,0.023312866882067948,0.08507620553647073
5000,290,corrected,psi0,0.9127473433109087,0.09145890749869041
5000,290,corrected,psi1,0.5204692968543414,0.09950020530368961
5000,291,naive,psi0,-0.2955892330909391,0.07933519363396128
5000,291,naive,psi1,-0.0775312161699868,0.08702956195667785
5000,291,corrected,psi0,0.9645673857655305,0.09254091041411364
5000,291,corrected,psi1,0.4410607735960592,0.10133225927651476
5000,292,naive,psi0,-0.19813174435611133,0.0812710924676034
5000,292,naive,psi1,-0.12167728070462258,0.08612387193891871
5000,292,corrected,psi0,1.1142999767408628,0.09485911456177024
5000,292,corrected,psi1,0.34523842961346773,0.10046701675851528
5000,293,naive,psi0,-0.13216181742999053,0.08039145780653116
5000,293,naive,psi1,0.03138390154177164,0.08951232643805244
5000,293,corrected,psi0,1.1775062806557426,0.09337205643248456
5000,293,corrected,psi1,0.5642955619565216,0.10413882334318778
5000,294,naive,psi0,-0.39198793508402385,0.0815915589015313
5000,294,naive,psi1,-0.01690686659247583,0.09076469455496258
5000,294,corrected,psi0,0.8664282160401486,0.09506492505723768
5000,294,corrected,psi1,0.49944250882075614,0.10596665961094794
5000,295,naive,psi0,-0.29206216279588787,0.0805157453873233
5000,295,naive,psi1,0.028019400608629872,0.08485864045839676
5000,295,corrected,psi0,0.94568576885388,0.09372463385819425
5000,295,corrected,psi1,0.4994784559308008,0.09894408796238158
5000,296,naive,psi0,-0.2573562423894094,0.08044344887866646
5000,296,naive,psi1,-0.16039033521327803,0.08041076976783895
5000,296,corrected,psi0,0.9965741858197381,0.0930966236753343
5000,296,corrected,psi1,0.33496495551623057,0.09304986366729875
5000,297,naive,psi0,-0.4962351578948606,0.07959911667944299
5000,297,naive,psi1,0.01982118510648089,0.08290744221232889
5000,297,corrected,psi0,0.7523453350253613,0.09316550867284322
5000,297,corrected,psi1,0.5478598413446621,0.09679378643254266
5000,298,naive,psi0,-0.16583128683387166,0.07999993711643205
5000,298,naive,psi1,0.14176061866808712,0.0821362701026123
5000,298,corrected,psi0,1.1425140451357487,0.09327707708857605
5000,298,corrected,psi1,0.6497611080293546,0.09629635764356523
5000,299,naive,psi0,-0.325523701284207,0.08111423200741685
5000,299,naive,psi1,0.13385836512466276,0.08442223476404058
5000,299,corrected,psi0,0.9310344832012668,0.09432907848071824
5000,299,corrected,psi1,0.679722058368459,0.09860812938271772
5000,300,naive,psi0,-0.30664056894048664,0.08079716928714996
5000,300,naive,psi1,0.021653213032215363,0.08484375449429583
5000,300,corrected,psi0,0.9430161979836297,0.09394069466192163
5000,300,corrected,psi1,0.5145628112073782,0.09849505927901732
5000,301,naive,psi0,-0.371297806513458,0.08162487135406822
5000,301,naive,psi1,-0.0035583593465758016,0.08715199495845141
5000,301,corrected,psi0,0.9002422045447533,0.09554323131253786
5000,301,corrected,psi1,0.533477907741624,0.1021641560208491
5000,302,naive,psi0,-0.33138577362235705,0.08242031120842344
5000,302,naive,psi1,0.019259881139216988,0.08760260908713881
5000,302,corrected,psi0,0.923562184442763,0.09606404429378923
5000,302,corrected,psi1,0.5390047107798951,0.10329808529763446
5000,303,naive,psi0,-0.2879086625883985,0.07904181623403259
5000,303,naive,psi1,0.053760527792127255,0.08267170164006836
5000,303,corrected,psi0,0.9177324595854478,0.09170101397126074
5000,303,corrected,psi1,0.5733855902008709,0.09552231903036437
5000,304,naive,psi0,-0.3806892306770983,0.08029885970460417
5000,304,naive,psi1,-0.10657166869396353,0.08916745697365397
5000,304,corrected,psi0,0.8887907908546077,0.09355105369189753
5000,304,corrected,psi1,0.40533515538225284,0.10449130918096822
5000,305,naive,psi0,-0.3518730172798404,0.08063810533897971
5000,305,naive,psi1,-0.041457062949442916,0.0873484013892437
5000,305,corrected,psi0,0.9155239758769036,0.09420124017177589
5000,305,corrected,psi1,0.44352057417510754,0.10220981018580158
5000,306,naive,psi0,-0.267312402924418,0.08041643670934838
5000,306,naive,psi1,0.10481920298627455,0.08929485945925353
5000,306,corrected,psi0,1.0100563651189634,0.09348006120129541
5000,306,corrected,psi1,0.569428718257369,0.10305061938107977
5000,307,naive,psi0,-0.08855663545467299,0.08209275423522483
5000,307,naive,psi1,-0.006495161813242685,0.08742796260495177
5000,307,corrected,psi0,1.199453578003599,0.09546099739108348
5000,307,corrected,psi1,0.4952546319999921,0.10159568782038543
5000,308,naive,psi0,-0.2872438611291058,0.08055749454912767
5000,308,naive,psi1,0.041370451689190825,0.08413639231868042
5000,308,corrected,psi0,1.0043543168953601,0.09367138039351719
5000,308,corrected,psi1,0.5683281327804908,0.09780590490986553
5000,309,naive,psi0,-0.3712212266008103,0.08158768272826152
5000,309,naive,psi1,0.02101343181571705,0.08596974683664517
5000,309,corrected,psi0,0.8564684204637105,0.09527097559041596
5000,309,corrected,psi1,0.5790260780836846,0.10109989844059203
5000,310,naive,psi0,-0.2515110658292996,0.07968296786216048
5000,310,naive,psi1,0.29699264832757305,0.08632311876186427
5000,310,corrected,psi0,1.0433590979792884,0.093213494942501
5000,310,corrected,psi1,0.818921815668652,0.10030117815858529
5000,311,naive,psi0,-0.42352931226600643,0.08151995162927551
5000,311,naive,psi1,0.04324599924996812,0.08707699819961404
5000,311,corrected,psi0,0.8360933353507919,0.09455868906660142
5000,311,corrected,psi1,0.576493290875715,0.10266868694363393
5000,312,naive,psi0,-0.2602639961644653,0.07907960017311302
5000,312,naive,psi1,-0.019302370660164988,0.08283563465738174
5000,312,corrected,psi0,1.010850103918447,0.09189732881543392
5000,312,corrected,psi1,0.4737825282334152,0.0967610532529358
5000,313,naive,psi0,-0.21994748495103608,0.08018839921482798
5000,313,naive,psi1,-0.1086086664233299,0.08725544577651957
5000,313,corrected,psi0,1.0940540423703236,0.09314801788039359
5000,313,corrected,psi1,0.36529207913194073,0.10124120343283823
5000,314,naive,psi0,-0.2825910471639869,0.0799754218006084
5000,314,naive,psi1,-0.11091350968217703,0.08325212598676804
5000,314,corrected,psi0,0.9940950796472668,0.09330201980160888
5000,314,corrected,psi1,0.3770081110224745,0.09734853782148781
5000,315,naive,psi0,-0.33486296903223767,0.08114556300988897
5000,315,naive,psi1,0.02938080378874257,0.0877195927003311
5000,315,corrected,psi0,0.9181694779231464,0.09464306563840647
5000,315,corrected,psi1,0.5101975521067551,0.10248055563614647
5000,316,naive,psi0,-0.3301153461610953,0.08152313875192957
5000,316,naive,psi1,-0.047925337721108206,0.08394402376397131
5000,316,corrected,psi0,0.9237013897915873,0.09495649986480971
5000,316,corrected,psi1,0.4715491856254468,0.09870993578257173
5000,317,naive,psi0,-0.21839180997715515,0.08247477834090657
5000,317,naive,psi1,0.03098498499921156,0.08952348883898138
5000,317,corrected,psi0,1.0746569901454541,0.0961813097671799
5000,317,corrected,psi1,0.57006776750009,0.104806622528557
5000,318,naive,psi0,-0.25584374442411634,0.08049772883071563
5000,318,naive,psi1,0.11096481024495972,0.08212602798393137
5000,318,corrected,psi0,1.0036206467920563,0.09336937233540225
5000,318,corrected,psi1,0.6519418535117159,0.0957717396320179
5000,319,naive,psi0,-0.3240105435607316,0.08073720664163961
5000,319,naive,psi1,-0.11427114483460467,0.0876874293122251
5000,319,corrected,psi0,0.9482773682661896,0.09320649151536273
5000,319,corrected,psi1,0.4036592109068924,0.1005692413154083
5000,320,naive,psi0,-0.19912782624512013,0.08146225502302366
5000,320,naive,psi1,0.09457994602260436,0.08887736423272709
5000,320,corrected,psi0,1.0849183853036195,0.0947756392788679
5000,320,corrected,psi1,0.6170415012362078,0.10426647588015704
5000,321,naive,psi0,-0.16803157664809606,0.08091417217084222
5000,321,naive,psi1,0.006987211605088695,0.08792573684808727
5000,321,corrected,psi0,1.1343393015290342,0.09395446594319037
5000,321,corrected,psi1,0.4738932944029903,0.10029919938646305
5000,322,naive,psi0,-0.28136330059363107,0.07984526252695626
5000,322,naive,psi1,0.0413987332801655,0.08854326411243457
5000,322,corrected,psi0,1.010482494143644,0.09330092535929463
5000,322,corrected,psi1,0.5245415679606363,0.10296056552275427
5000,323,naive,psi0,-0.29498723773093816,0.08145893848467263
5000,323,naive,psi1,0.056853748794946334,0.09032583568034588
5000,323,corrected,psi0,1.0085252437803112,0.0948094272465076
5000,323,corrected,psi1,0.5656697581398791,0.10477820764876375
5000,324,naive,psi0,-0.4128897154069178,0.08083028785592669
5000,324,naive,psi1,0.16243497898790407,0.08822641962361615
5000,324,corrected,psi0,0.814168217642176,0.09436330071708128
5000,324,corrected,psi1,0.6777287950612232,0.10314185642237331
5000,325,naive,psi0,-0.3048226086252674,0.0806447219050708
5000,325,naive,psi1,-0.07717801917194984,0.08386958251286883
5000,325,corrected,psi0,0.9634487801191942,0.09383968164238246
5000,325,corrected,psi1,0.3948188487460308,0.0974270956709796
5000,326,naive,psi0,-0.3374797287790126,0.08071383617874922
5000,326,naive,psi1,0.05893788757141364,0.08300552450523795
5000,326,corrected,psi0,0.9122650182585055,0.09502933449654277
5000,326,corrected,psi1,0.5697694532612005,0.09878757252763355
5000,327,naive,psi0,-0.3111256379473926,0.07948864288573589
5000,327,naive,psi1,-0.0047161226852133736,0.08271701715164394
5000,327,corrected,psi0,1.0111843557677005,0.09248941582405114
5000,327,corrected,psi1,0.4647870368489749,0.09678502199058361
5000,328,naive,psi0,-0.30743670664686257,0.08050570232133504
5000,328,naive,psi1,0.014001721332930022,0.08607192352954975
5000,328,corrected,psi0,0.958166041122548,0.09421756522462515
5000,328,corrected,psi1,0.5144274716405501,0.10021667071714023
5000,329,naive,psi0,-0.24017396650441425,0.07995564277165151
5000,329,naive,psi1,-0.04321768960058227,0.08344546137980825
5000,329,corrected,psi0,1.031175229342718,0.09313661365027026
5000,329,corrected,psi1,0.47884444068566767,0.09776669598893503
5000,330,naive,psi0,-0.17318299744583543,0.07884936392964048
5000,330,naive,psi1,-0.01931604713459121,0.08792765954449121
5000,330,corrected,psi0,1.0773934307340327,0.09172586814709072
5000,330,corrected,psi1,0.5158928010613107,0.10262511702416811
5000,331,naive,psi0,-0.18721400802953075,0.08157133366579852
5000,331,naive,psi1,0.1115613748222415,0.08206312989512492
5000,331,corrected,psi0,1.078924087260559,0.0951115736928893
5000,331,corrected,psi1,0.6596051870145574,0.09507841611085675
5000,332,naive,psi0,-0.26411242687137365,0.08124046551432695
5000,332,naive,psi1,-0.0275959447123822,0.08484487834081608
5000,332,corrected,psi0,1.037973166710665,0.09453933182867229
5000,332,corrected,psi1,0.45255007469846115,0.09912426671963659
5000,333,naive,psi0,-0.21583853656685337,0.08013347726182411
5000,333,naive,psi1,0.01161382532900264,0.08372490623260805
5000,333,corrected,psi0,1.082151292446554,0.09323057342520813
5000,333,corrected,psi1,0.5171101932869796,0.0971944201605741
5000,334,naive,psi0,-0.37568925506325085,0.08075875059990957
5000,334,naive,psi1,0.1635551890489517,0.08583020776351286
5000,334,corrected,psi0,0.8819874305559496,0.0941844741783227
5000,334,corrected,psi1,0.6935844787267877,0.1002629214505239
5000,335,naive,psi0,-0.20733087164471847,0.08042015702516912
5000,335,naive,psi1,0.11125241396652288,0.08786905012132601
5000,335,corrected,psi0,1.1025018587508872,0.09372838159653177
5000,335,corrected,psi1,0.6745905487220932,0.10132197163412206
5000,336,naive,psi0,-0.2421824728148037,0.08361051029486936
5000,336,naive,psi1,0.012680295301744911,0.09066228765557505
5000,336,corrected,psi0,1.008737709964592,0.09686816015449773
5000,336,corrected,psi1,0.5034774757455849,0.10463629917973988
5000,337,naive,psi0,-0.06413074801198404,0.08029773254041096
5000,337,naive,psi1,-0.02675690467098576,0.08304669006489422
5000,337,corrected,psi0,1.2357240065537216,0.09317917444034951
5000,337,corrected,psi1,0.47387317000907503,0.09785336060718922
5000,338,naive,psi0,-0.1123696819818498,0.08050881780102565
5000,338,naive,psi1,-0.0495025997744197,0.08352382814199048
5000,338,corrected,psi0,1.2072162451920374,0.09362228276953245
5000,338,corrected,psi1,0.4691775385393097,0.0970714601414851
5000,339,naive,psi0,-0.30458061684886173,0.08163766563487508
5000,339,naive,psi1,0.008616816701443918,0.08430228312993349
5000,339,corrected,psi0,0.9856962029769009,0.09450847943510576
5000,339,corrected,psi1,0.5313148394865207,0.09859794388760944
5000,340,naive,psi0,-0.29943127153048943,0.0793976609841446
5000,340,naive,psi1,0.07727315325920554,0.08559176600857213
5000,340,corrected,psi0,0.9785739770811672,0.09227373045940471
5000,340,corrected,psi1,0.5860092741127088,0.09792288643071022
5000,341,naive,psi0,-0.4696419813833037,0.08242248508922875
5000,341,naive,psi1,-0.11320582413719582,0.0887170620798024
5000,341,corrected,psi0,0.8195894982593298,0.0960723284656644
5000,341,corrected,psi1,0.3745977882178654,0.10291376384344693
5000,342,naive,psi0,-0.21146623255868927,0.07923911043598039
5000,342,naive,psi1,-0.06964805837461009,0.08543568321228967
5000,342,corrected,psi0,1.060914294043591,0.09232635206207422
5000,342,corrected,psi1,0.432301991450226,0.09891501238654844
5000,343,naive,psi0,-0.30015786361175084,0.08094288246259476
5000,343,naive,psi1,-0.08853625108440477,0.08371570941700088
5000,343,corrected,psi0,1.0118971732910147,0.09443572731960155
5000,343,corrected,psi1,0.3464101024577497,0.09810366513067825
5000,344,naive,psi0,-0.3137897106801807,0.0802651142356968
5000,344,naive,psi1,-0.17587281461277807,0.08306501270067722
5000,344,corrected,psi0,0.9607239555646779,0.0941883660664142
5000,344,corrected,psi1,0.27827948185672874,0.09859489838993847
5000,345,naive,psi0,-0.3369633609036486,0.08076488554238608
5000,345,naive,psi1,-0.07249678344248355,0.08430693827678848
5000,345,corrected,psi0,0.954209014008637,0.09347134194660917
5000,345,corrected,psi1,0.3944107187036185,0.09760616061346943
5000,346,naive,psi0,-0.17075116348974617,0.0801400971532134
5000,346,naive,psi1,0.01964467823925735,0.08350026105847808
5000,346,corrected,psi0,1.1024853034272761,0.0932037624795753
5000,346,corrected,psi1,0.5281288766994316,0.097509727554789
5000,347,naive,psi0,-0.34468030038954417,0.08113757280764601
5000,347,naive,psi1,-0.09259698156524246,0.08579150010090628
5000,347,corrected,psi0,0.9487691022876642,0.0944894628599109
5000,347,corrected,psi1,0.36863485531573154,0.09971453675343112
5000,348,naive,psi0,-0.2787413170729863,0.08171351836982348
5000,348,naive,psi1,0.06062356751806304,0.0888858601532009
5000,348,corrected,psi0,1.0218142688799,0.09464699335197738
5000,348,corrected,psi1,0.5484380172195364,0.10389295272579392
5000,349,naive,psi0,-0.12584287100527547,0.08032652807040512
5000,349,naive,psi1,-0.05809205249199349,0.08502299458910495
5000,349,corrected,psi0,1.1595127463300254,0.0936025645778675
5000,349,corrected,psi1,0.45553879913963624,0.10145953325304806
5000,350,naive,psi0,-0.3198165345130391,0.08137591309569688
5000,350,naive,psi1,-0.16409595048329492,0.09015133156326945
5000,350,corrected,psi0,0.9863158675567282,0.09488573910068199
5000,350,corrected,psi1,0.31941742388028277,0.10434426754594818
5000,351,naive,psi0,-0.2597855592072194,0.0802460462878897
5000,351,naive,psi1,0.011198177601102997,0.08354698077427143
5000,351,corrected,psi0,1.018220258190134,0.09275945326866136
5000,351,corrected,psi1,0.47344395433088193,0.09655250452829005
5000,352,naive,psi0,-0.4513360587686552,0.08077129423976531
5000,352,naive,psi1,-0.10942386956218862,0.08981367062259737
5000,352,corrected,psi0,0.8193607881395173,0.09382385085507039
5000,352,corrected,psi1,0.38778193397852423,0.10534219763969849
5000,353,naive,psi0,-0.21828079422880325,0.08139711405800963
5000,353,naive,psi1,-0.0871302433543459,0.08354473962486579
5000,353,corrected,psi0,1.0766319157966886,0.09483739243489302
5000,353,corrected,psi1,0.39270776223975423,0.09668080462896107
5000,354,naive,psi0,-0.40287161885871675,0.07898065347635701
5000,354,naive,psi1,-0.051828731907265335,0.08193032576953939
5000,354,corrected,psi0,0.8579860293926116,0.09225511615275268
5000,354,corrected,psi1,0.3932600745489952,0.09636631483293198
5000,355,naive,psi0,-0.20657432282919083,0.08142086536721209
5000,355,naive,psi1,0.05114343052569254,0.08570938573626537
5000,355,corrected,psi0,1.0846588422978118,0.0946250806422951
5000,355,corrected,psi1,0.5686683813541625,0.1009542796480891
5000,356,naive,psi0,-0.2821729769555157,0.08086348109687695
5000,356,naive,psi1,-0.04674689292632275,0.08458522934594326
5000,356,corrected,psi0,0.9817009000506043,0.09360327983763525
5000,356,corrected,psi1,0.471025329587094,0.09850470975491274
5000,357,naive,psi0,-0.38359418769826553,0.08130368578667303
5000,357,naive,psi1,0.14827839172947918,0.08900121766620764
5000,357,corrected,psi0,0.8901103616326885,0.09522641239469966
5000,357,corrected,psi1,0.6714514112071341,0.10509877749967579
5000,358,naive,psi0,-0.2677724323840294,0.08134811575754532
5000,358,naive,psi1,0.03481562563672027,0.08319875481037102
5000,358,corrected,psi0,1.0448100276040502,0.09446396990957304
5000,358,corrected,psi1,0.5281440532197338,0.09658194547982724
5000,359,naive,psi0,-0.38196549002435853,0.08014407776373518
5000,359,naive,psi1,-0.1446085571178944,0.08657929184968684
5000,359,corrected,psi0,0.8605994094070311,0.09313074655666953
5000,359,corrected,psi1,0.3522920016491046,0.10087405364097561
5000,360,naive,psi0,-0.32892114308709003,0.08085073633074555
5000,360,naive,psi1,0.028852451592829047,0.08675318415277712
5000,360,corrected,psi0,0.9736199845481964,0.09451127688361205
5000,360,corrected,psi1,0.5479699261382623,0.10118800421704752
5000,361,naive,psi0,-0.3004842125640533,0.08140709501625072
5000,361,naive,psi1,-0.030045378523969397,0.08548754047749825
5000,361,corrected,psi0,0.9628256020609575,0.09473606845707357
5000,361,corrected,psi1,0.4650628089244194,0.10144273401414128
5000,362,naive,psi0,-0.3145103850802994,0.08002209052303356
5000,362,naive,psi1,-0.06027942688435114,0.0856988599994262
5000,362,corrected,psi0,0.952262263181631,0.09338774993432601
5000,362,corrected,psi1,0.4579290706762073,0.09942245113072713
5000,363,naive,psi0,-0.33698149570600316,0.08173239879641819
5000,363,naive,psi1,0.08549040812206385,0.08665472575733561
5000,363,corrected,psi0,0.9257805553032296,0.09523893253138611
5000,363,corrected,psi1,0.5870704813130688,0.10152777028650939
5000,364,naive,psi0,-0.2707169341479613,0.08132481586736112
5000,364,naive,psi1,-0.14631989971653048,0.08457807027412946
5000,364,corrected,psi0,0.9904767541984917,0.09441562038014027
5000,364,corrected,psi1,0.3369144605545289,0.09855500694250678
5000,365,naive,psi0,-0.3318831111262114,0.08138508539365899
5000,365,naive,psi1,-0.12311505701014337,0.08648830441186048
5000,365,corrected,psi0,0.9326523718899188,0.09404605930640281
5000,365,corrected,psi1,0.33436323369592363,0.09971059471699277
5000,366,naive,psi0,-0.2107737726958391,0.08274252414908011
5000,366,naive,psi1,-0.006841515660953095,0.09093806076573234
5000,366,corrected,psi0,1.0871476501114574,0.09619149993036376
5000,366,corrected,psi1,0.5005194327608435,0.10495317373011229
5000,367,naive,psi0,-0.2302975752108527,0.08025126134557926
5000,367,naive,psi1,-0.06372581725183034,0.08279501647368633
5000,367,corrected,psi0,1.0548849676588328,0.09381961388450069
5000,367,corrected,psi1,0.4334144864892288,0.09742980693857284
5000,368,naive,psi0,-0.338769410880199,0.08213209700771598
5000,368,naive,psi1,-0.05147685683378556,0.0884996886134631
5000,368,corrected,psi0,0.940236619213978,0.09605076559379826
5000,368,corrected,psi1,0.4403371879295644,0.10311734187767758
5000,369,naive,psi0,-0.3059292408356319,0.08067834248452921
5000,369,naive,psi1,-0.04212873938433172,0.08671413267727224
5000,369,corrected,psi0,0.9539502131759148,0.0944770796890494
5000,369,corrected,psi1,0.45799703563484917,0.1011695677291055
5000,370,naive,psi0,-0.35458993791985993,0.08095318808433354
5000,370,naive,psi1,0.06698715736544639,0.08210512313301911
5000,370,corrected,psi0,0.9432153269523451,0.09385892893742155
5000,370,corrected,psi1,0.6041946713618819,0.09629744191630524
5000,371,naive,psi0,-0.2807210999758263,0.08079450183045597
5000,371,naive,psi1,-0.05964494750559747,0.08130102391485156
5000,371,corrected,psi0,0.9864123764036655,0.09461405550793535
5000,371,corrected,psi1,0.42601873673406093,0.09552343430976959
5000,372,naive,psi0,-0.25547904633131713,0.08178074588732788
5000,372,naive,psi1,-0.09248961442190315,0.08961361357139573
5000,372,corrected,psi0,1.0171632753284237,0.09489801575865399
5000,372,corrected,psi1,0.4032392654918335,0.10233726720920013
5000,373,naive,psi0,-0.3176069071650406,0.08049341133315487
5000,373,naive,psi1,0.08299270276026532,0.08690805555332742
5000,373,corrected,psi0,0.97964607456527,0.0937588847790485
5000,373,corrected,psi1,0.6218231321086076,0.10051836899850629
5000,374,naive,psi0,-0.2829429740278541,0.08156753990757806
5000,374,naive,psi1,-0.016791582207337598,0.0844784291013734
5000,374,corrected,psi0,1.0246688453889363,0.09511581227750789
5000,374,corrected,psi1,0.47723990006354555,0.09808138559915384
5000,375,naive,psi0,-0.32332064671749144,0.07995836726805484
5000,375,naive,psi1,-0.015255013229742412,0.08561275974290987
5000,375,corrected,psi0,0.9176648569555553,0.09304691449808303
5000,375,corrected,psi1,0.4984658164265132,0.10008297018534891
5000,376,naive,psi0,-0.3054285372672854,0.07891074933295475
5000,376,naive,psi1,0.005609413931277943,0.08109531457304367
5000,376,corrected,psi0,0.9695326451858567,0.09194218789741603
5000,376,corrected,psi1,0.4460177161747722,0.09552545762029073
5000,377,naive,psi0,-0.282153093168053,0.0814163815653885
5000,377,naive,psi1,-0.05661121544473049,0.08936803941824402
5000,377,corrected,psi0,1.004833925399471,0.09445515604233083
5000,377,corrected,psi1,0.4837368810243667,0.10288651201480074
5000,378,naive,psi0,-0.3046020350784219,0.08022530802053303
5000,378,naive,psi1,-0.08985229183880841,0.08175478778364344
5000,378,corrected,psi0,0.9712938748788723,0.09336719231368035
5000,378,corrected,psi1,0.38596128680587916,0.09430681954848891
5000,379,naive,psi0,-0.2731166098873273,0.07980715239832845
5000,379,naive,psi1,-0.11306616635347003,0.08457559632599167
5000,379,corrected,psi0,1.0034056887814506,0.09310215067670262
5000,379,corrected,psi1,0.3495715480688916,0.0992653281032279
5000,380,naive,psi0,-0.3081395911902375,0.08013026313912566
5000,380,naive,psi1,0.13304495706663244,0.08595438635867075
5000,380,corrected,psi0,0.9554182659686498,0.09292903159041048
5000,380,corrected,psi1,0.6548778081303241,0.09971369060084065
5000,381,naive,psi0,-0.2769008414915116,0.08181698092685571
5000,381,naive,psi1,-0.07985978361556297,0.08432706759014733
5000,381,corrected,psi0,0.9764255655446991,0.0954336898647445
5000,381,corrected,psi1,0.42926000144730186,0.1001033364952223
5000,382,naive,psi0,-0.22095927224807657,0.08190842408042036
5000,382,naive,psi1,-0.10657433408271151,0.08756151200117183
5000,382,corrected,psi0,1.0470058244891305,0.0953622446369234
5000,382,corrected,psi1,0.35363317285042173,0.10107990218249763
5000,383,naive,psi0,-0.21847969147896462,0.07962789038559935
5000,383,naive,psi1,-0.06294327712360144,0.0818373287390769
5000,383,corrected,psi0,1.0821283668636204,0.093099684843174
5000,383,corrected,psi1,0.46097391979596264,0.09634085893437185
5000,384,naive,psi0,-0.2822182221404411,0.0800778177413758
5000,384,naive,psi1,-0.038971773153329524,0.08426469736755185
5000,384,corrected,psi0,0.9745994417817307,0.09290023572853605
5000,384,corrected,psi1,0.4504739675078179,0.09911516533228623
5000,385,naive,psi0,-0.33898587073825526,0.0796283420578147
5000,385,naive,psi1,0.0178685419934626,0.09085552071863182
5000,385,corrected,psi0,0.9447774282150628,0.09297723182073465
5000,385,corrected,psi1,0.5262896264785821,0.10561076365850378
5000,386,naive,psi0,-0.27709579875543516,0.08195714969735267
5000,386,naive,psi1,0.07057912439318666,0.08972098459432412
5000,386,corrected,psi0,1.00497701579903,0.09573944321530797
5000,386,corrected,psi1,0.5710542454619145,0.10440149584057984
5000,387,naive,psi0,-0.3145848535918161,0.08161570662937113
5000,387,naive,psi1,-0.08359232445310961,0.09011813662309784
5000,387,corrected,psi0,0.9252220773979944,0.09539375601508382
5000,387,corrected,psi1,0.3814723706463647,0.10475506605064015
5000,388,naive,psi0,-0.1987602167223854,0.08078709187042837
5000,388,naive,psi1,-0.15995088091275164,0.08905499411597824
5000,388,corrected,psi0,1.0538860967664894,0.09347040170668157
5000,388,corrected,psi1,0.37221418237821663,0.10271885681044388
5000,389,naive,psi0,-0.2770874676450962,0.08198052912685005
5000,389,naive,psi1,0.0873664787629156,0.08517090746129775
5000,389,corrected,psi0,0.9751398360105222,0.09541208542006456
5000,389,corrected,psi1,0.6184089501410749,0.09919096566239788
5000,390,naive,psi0,-0.2303791385388345,0.08093148611412616
5000,390,naive,psi1,0.04690419161549092,0.08995974472174799
5000,390,corrected,psi0,1.0606623986358774,0.09372159182874502
5000,390,corrected,psi1,0.5532083991080355,0.1053700078148297
5000,391,naive,psi0,-0.3625428510100231,0.08283015977050602
5000,391,naive,psi1,-0.01917319580064787,0.08609243084432804
5000,391,corrected,psi0,0.8807958636402907,0.0958182694882525
5000,391,corrected,psi1,0.47786979568366394,0.09960899810473367
5000,392,naive,psi0,-0.38246471123525433,0.0799094768815505
5000,392,naive,psi1,-0.0760917268742349,0.08302580785962607
5000,392,corrected,psi0,0.8911203220925545,0.09324582967285461
5000,392,corrected,psi1,0.3974499896173217,0.09602137702109446
5000,393,naive,psi0,-0.362211609340486,0.08075102716843593
5000,393,naive,psi1,0.0589262878880919,0.09142020298596423
5000,393,corrected,psi0,0.8796428431235777,0.09428415435928403
5000,393,corrected,psi1,0.5838582253359015,0.10614981087456307
5000,394,naive,psi0,-0.23705472208190653,0.0815165875805956
5000,394,naive,psi1,-0.016399924691967174,0.08758061966537342
5000,394,corrected,psi0,1.0546063281562221,0.09466824067698727
5000,394,corrected,psi1,0.47416552149382646,0.10115820676863277
5000,395,naive,psi0,-0.16944070311462214,0.08006526122979822
5000,395,naive,psi1,0.07982178768540163,0.0818292998823948
5000,395,corrected,psi0,1.1202253580441521,0.09355040349704928
5000,395,corrected,psi1,0.5533197988920268,0.09511048046587631
5000,396,naive,psi0,-0.42175773575598197,0.0800187354792285
5000,396,naive,psi1,0.08462601291619333,0.07821763549720256
5000,396,corrected,psi0,0.7900251675679373,0.0927692298330628
5000,396,corrected,psi1,0.5497266246601288,0.09209364264494023
5000,397,naive,psi0,-0.32000148941906137,0.08105433762331962
5000,397,naive,psi1,0.061470189537856004,0.08588747315267296
5000,397,corrected,psi0,0.9431768925997684,0.09411921053950445
5000,397,corrected,psi1,0.5476652929867964,0.09989555446475684
5000,398,naive,psi0,-0.37235546921610413,0.08096520367741947
5000,398,naive,psi1,0.04185106616957841,0.08517551582974234
5000,398,corrected,psi0,0.8863225510834644,0.0940921497412555
5000,398,corrected,psi1,0.5434665899489904,0.09900153434005392
5000,399,naive,psi0,-0.36261060950144336,0.08049387668871605
5000,399,naive,psi1,-0.10985903919226528,0.08977619207904852
5000,399,corrected,psi0,0.9123599494451226,0.09401271029540068
5000,399,corrected,psi1,0.381086273293292,0.1043897858563759
5000,400,naive,psi0,-0.2415035701478371,0.08002447760199842
5000,400,naive,psi1,0.02501085585491459,0.08483014315754193
5000,400,corrected,psi0,1.0180463178508663,0.09317160388752006
5000,400,corrected,psi1,0.5399829354861985,0.09990809155205363
5000,401,naive,psi0,-0.3028337673895954,0.08064057353134677
5000,401,naive,psi1,-0.060707700252999916,0.08833834823147435
5000,401,corrected,psi0,0.9635807468961374,0.09395097946784114
5000,401,corrected,psi1,0.4346227909662429,0.10342290671345129
5000,402,naive,psi0,-0.2492769307609272,0.08229123044693258
5000,402,naive,psi1,-0.008303746173818823,0.08877651608035707
5000,402,corrected,psi0,1.0317690224942027,0.0954434104633037
5000,402,corrected,psi1,0.49631404357526976,0.10272422723601303
5000,403,naive,psi0,-0.3003050561612232,0.07950141334286735
5000,403,naive,psi1,-0.0635217882111643,0.08099244041762042
5000,403,corrected,psi0,0.9536576296039937,0.09273572186926671
5000,403,corrected,psi1,0.4477251702302602,0.09484315436486812
5000,404,naive,psi0,-0.2005166376479086,0.08039471331354048
5000,404,naive,psi1,-0.007518807137870159,0.08327109927763594
5000,404,corrected,psi0,1.0966197489407092,0.09365539832338005
5000,404,corrected,psi1,0.4844013890182915,0.09754539614534503
5000,405,naive,psi0,-0.23245266955611732,0.08226029205602198
5000,405,naive,psi1,-0.007631743230209433,0.09067607114717571
5000,405,corrected,psi0,1.0457377497838112,0.09551725804787756
5000,405,corrected,psi1,0.4895622468256031,0.10449334155525702
5000,406,naive,psi0,-0.26724662461857246,0.07994827536627049
5000,406,naive,psi1,0.11449161454466217,0.08631044804393924
5000,406,corrected,psi0,0.9869863008735978,0.09336399668945392
5000,406,corrected,psi1,0.6458565330182143,0.10105476816858523
5000,407,naive,psi0,-0.25529756158742933,0.07897876942617475
5000,407,naive,psi1,0.03229586234900432,0.08549248856888268
5000,407,corrected,psi0,1.03320588339938,0.09219883719143943
5000,407,corrected,psi1,0.5818979920108609,0.10073552277692525
5000,408,naive,psi0,-0.2504077230924588,0.08128204574653394
5000,408,naive,psi1,0.05949240158668689,0.08559813375587821
5000,408,corrected,psi0,1.0499298662433567,0.09472855807915512
5000,408,corrected,psi1,0.526941935018302,0.09934488079224213
5000,409,naive,psi0,-0.17843032069006318,0.08008975009204562
5000,409,naive,psi1,-0.1251805690227854,0.08483598793861813
5000,409,corrected,psi0,1.131923495528197,0.09299177666868677
5000,409,corrected,psi1,0.32590741290423203,0.09881362356277508
5000,410,naive,psi0,-0.34284491704410963,0.08116377415245914
5000,410,naive,psi1,-0.0754815125310669,0.08764896699219102
5000,410,corrected,psi0,0.915022842619946,0.09416396120503608
5000,410,corrected,psi1,0.3980210567965412,0.10185411168590154
5000,411,naive,psi0,-0.2673372930546068,0.08089576164431422
5000,411,naive,psi1,-0.09893666378992513,0.08357674325486063
5000,411,corrected,psi0,0.9870467671013424,0.09427015415321058
5000,411,corrected,psi1,0.3915223850471944,0.09995269110018624
5000,412,naive,psi0,-0.22104933783816078,0.08194026052374344
5000,412,naive,psi1,0.06013300857960745,0.08752186442332358
5000,412,corrected,psi0,1.087073203766734,0.09526422393797791
5000,412,corrected,psi1,0.5373282410086854,0.10233903590555843
5000,413,naive,psi0,-0.29242263457236667,0.08014811021080483
5000,413,naive,psi1,0.15784879997073747,0.088589385454541
5000,413,corrected,psi0,0.9922365256323932,0.09383193927142391
5000,413,corrected,psi1,0.6610453073010872,0.1037848157525983
5000,414,naive,psi0,-0.32355257664054315,0.08101960201136794
5000,414,naive,psi1,0.13122093580615202,0.08255286489573575
5000,414,corrected,psi0,0.9245921028971104,0.09504058007462524
5000,414,corrected,psi1,0.6591095970925936,0.09699176333699823
5000,415,naive,psi0,-0.2764601116473952,0.08222159086756464
5000,415,naive,psi1,0.1649758515856182,0.08299200110893898
5000,415,corrected,psi0,0.9708374045782756,0.09597360093217551
5000,415,corrected,psi1,0.6853278394160738,0.09716943833079504
5000,416,naive,psi0,-0.2649571535958206,0.07972096613277711
5000,416,naive,psi1,-0.18628008719335104,0.07976482418708108
5000,416,corrected,psi0,0.9871122046765397,0.09278092404330246
5000,416,corrected,psi1,0.29268433431456004,0.09280566825239657
5000,417,naive,psi0,-0.35155801445428814,0.07961813587690811
5000,417,naive,psi1,0.004728694567554896,0.08393310781394123
5000,417,corrected,psi0,0.8937071249929565,0.09265166484989903
5000,417,corrected,psi1,0.49841153987746434,0.09788004722024976
5000,418,naive,psi0,-0.25293418648870525,0.07970289703008433
5000,418,naive,psi1,-0.09003004815804923,0.08371669552816362
5000,418,corrected,psi0,1.0641742994894903,0.09320606909062808
5000,418,corrected,psi1,0.36639009529410166,0.09779465988954579
5000,419,naive,psi0,-0.29706926327799715,0.08126573812912066
5000,419,naive,psi1,-0.15475067550507154,0.08680284558922163
5000,419,corrected,psi0,0.9868476909060178,0.09462454273491154
5000,419,corrected,psi1,0.3022206319939047,0.10097995713415144
5000,420,naive,psi0,-0.43386017495753915,0.08141861185154993
5000,420,naive,psi1,0.018172781118870298,0.08056205150612843
5000,420,corrected,psi0,0.7935351419377246,0.09452522283269496
5000,420,corrected,psi1,0.5332107637112252,0.09419702440137609
5000,421,naive,psi0,-0.33173204024233366,0.08155991827467957
5000,421,naive,psi1,-0.22075251190283274,0.08736746384976131
5000,421,corrected,psi0,0.9239817546329351,0.09511783829505878
5000,421,corrected,psi1,0.3036243483676657,0.10112772107404874
5000,422,naive,psi0,-0.2508671225220343,0.08025718606986508
5000,422,naive,psi1,-0.011092011498761345,0.08702565445786231
5000,422,corrected,psi0,0.9957391255258655,0.09397246613211759
5000,422,corrected,psi1,0.5352771262522362,0.10146457904917623
5000,423,naive,psi0,-0.3128708935793024,0.08088536872573639
5000,423,naive,psi1,-0.008699399010316973,0.08884512930698722
5000,423,corrected,psi0,0.9537191411352476,0.09459389698562856
5000,423,corrected,psi1,0.507395265141788,0.10469280062954203
5000,424,naive,psi0,-0.31023452451563066,0.08144329239382048
5000,424,naive,psi1,0.025123595497658024,0.08659202361768681
5000,424,corrected,psi0,0.9835162745020639,0.0945727251373167
5000,424,corrected,psi1,0.5196317905768011,0.1007708997474686
5000,425,naive,psi0,-0.19828877600798767,0.08025605317653013
5000,425,naive,psi1,0.03553157982143903,0.08133199831005819
5000,425,corrected,psi0,1.0821782856474802,0.09313299029577951
5000,425,corrected,psi1,0.5205093177081869,0.09375395701646298
5000,426,naive,psi0,-0.19038639174821181,0.07993451353964998
5000,426,naive,psi1,0.0005906829782283489,0.08431196169094073
5000,426,corrected,psi0,1.101060060899637,0.0933281740827702
5000,426,corrected,psi1,0.5070604701926857,0.09918333172843452
5000,427,naive,psi0,-0.32186977184528975,0.08010455958119027
5000,427,naive,psi1,0.08863390647767284,0.09103578708106543
5000,427,corrected,psi0,0.9442380236543388,0.0929439566967367
5000,427,corrected,psi1,0.6009961211206349,0.10534687808667693
5000,428,naive,psi0,-0.3830447028591333,0.0807259429120191
5000,428,naive,psi1,0.021755129072018285,0.08384692317416642
5000,428,corrected,psi0,0.867794403598714,0.09427074039102554
5000,428,corrected,psi1,0.488183657804598,0.0983867296333403
5000,429,naive,psi0,-0.25360666897992057,0.08172925550392739
5000,429,naive,psi1,-0.1575485968100369,0.09271058112688503
5000,429,corrected,psi0,1.0443544602605521,0.09521206797215867
5000,429,corrected,psi1,0.3512202297903355,0.10747644328847633
5000,430,naive,psi0,-0.16543518812934147,0.08197594877753879
5000,430,naive,psi1,-0.01877772000101202,0.0882957376682151
5000,430,corrected,psi0,1.123788295905681,0.09562788710378468
5000,430,corrected,psi1,0.48284653127422905,0.10363787103924263
5000,431,naive,psi0,-0.19188727133325578,0.08108311264858319
5000,431,naive,psi1,-0.07734486872993074,0.08607797538323025
5000,431,corrected,psi0,1.096782616258035,0.09394729025298008
5000,431,corrected,psi1,0.4166109954588763,0.09985454636472957
5000,432,naive,psi0,-0.28181720961679796,0.07984618700451894
5000,432,naive,psi1,0.026938627330402844,0.08501413134632989
5000,432,corrected,psi0,1.0048892643721201,0.09292710336338665
5000,432,corrected,psi1,0.5310125518705989,0.0999229573060315
5000,433,naive,psi0,-0.3694072427638478,0.08096287849117423
5000,433,naive,psi1,-0.0971263478109225,0.08485609030231282
5000,433,corrected,psi0,0.896935736075452,0.09451691076952944
5000,433,corrected,psi1,0.38104288522317675,0.09859363163065626
5000,434,naive,psi0,-0.42607540573073355,0.08090398675005346
5000,434,naive,psi1,0.018134834326838926,0.08771470300050836
5000,434,corrected,psi0,0.8142702956437632,0.09402861816180237
5000,434,corrected,psi1,0.5702143749593437,0.10260672981512174
5000,435,naive,psi0,-0.19692768944816366,0.08046903223568908
5000,435,naive,psi1,0.08355369706866324,0.08552193251816367
5000,435,corrected,psi0,1.1227303262433688,0.0936714225721771
5000,435,corrected,psi1,0.5740108565391869,0.09953368456404836
5000,436,naive,psi0,-0.22684879280264525,0.0791700461363966
5000,436,naive,psi1,0.06018546086268803,0.08579052724655305
5000,436,corrected,psi0,1.0781656490598117,0.0924920655946231
5000,436,corrected,psi1,0.5660439235590163,0.10086640721435242
5000,437,naive,psi0,-0.37413209671778663,0.07899906188380901
5000,437,naive,psi1,0.013685844986247137,0.08104764169837288
5000,437,corrected,psi0,0.8662466015535832,0.09269643665232931
5000,437,corrected,psi1,0.5316181058359546,0.09732642431937426
5000,438,naive,psi0,-0.21430473241490344,0.08022728267026855
5000,438,naive,psi1,0.08552515379598566,0.08574137050940825
5000,438,corrected,psi0,1.0223343252651007,0.09307688493322643
5000,438,corrected,psi1,0.60534121452117,0.09949868593651501
5000,439,naive,psi0,-0.2463242049047434,0.08069731504261274
5000,439,naive,psi1,0.014863327311854602,0.08988537174914556
5000,439,corrected,psi0,1.0203524191792077,0.0942802259888198
5000,439,corrected,psi1,0.5098016376643403,0.1055228572629816
5000,440,naive,psi0,-0.14555370048319893,0.08011142751414481
5000,440,naive,psi1,-0.03859000053596633,0.0809100145883816
5000,440,corrected,psi0,1.1405515860289135,0.09276270691032765
5000,440,corrected,psi1,0.46813996365952854,0.09408050946932384
5000,441,naive,psi0,-0.28388338876169505,0.08026140173791665
5000,441,naive,psi1,0.021088212182003966,0.08301655367981375
5000,441,corrected,psi0,0.9958242672748641,0.0936736946717566
5000,441,corrected,psi1,0.5161805279579754,0.09649122710279268
5000,442,naive,psi0,-0.27749001450214034,0.08288709743238447
5000,442,naive,psi1,0.056252397828795736,0.08911236157827923
5000,442,corrected,psi0,0.9859301446016413,0.095704145665587
5000,442,corrected,psi1,0.5630395602916106,0.10309818131688052
5000,443,naive,psi0,-0.24085892993202818,0.0803223616185593
5000,443,naive,psi1,-0.11458282554129659,0.08264536284177584
5000,443,corrected,psi0,1.0439827655134961,0.09374447230916036
5000,443,corrected,psi1,0.34783627651890453,0.09584454967206689
5000,444,naive,psi0,-0.15860072998771158,0.08096538629671955
5000,444,naive,psi1,0.1053369581330206,0.08498210414518093
5000,444,corrected,psi0,1.1271191747949947,0.09377463299993599
5000,444,corrected,psi1,0.65034561745362,0.09871720772580579
5000,445,naive,psi0,-0.21287557873044463,0.08051668793814484
5000,445,naive,psi1,0.05972762321459877,0.08888239488916937
5000,445,corrected,psi0,1.0504077434904757,0.09374744431719728
5000,445,corrected,psi1,0.5562365356365557,0.10482038664858083
5000,446,naive,psi0,-0.4239099100388548,0.08118374362246351
5000,446,naive,psi1,0.03193499644695094,0.08378231538618001
5000,446,corrected,psi0,0.8191304828908235,0.09461532270539474
5000,446,corrected,psi1,0.5525880408304775,0.0982882539639326
5000,447,naive,psi0,-0.43793314050471227,0.07942262532304678
5000,447,naive,psi1,0.025061411372774497,0.08094875298284877
5000,447,corrected,psi0,0.8372024718883946,0.09235259011654627
5000,447,corrected,psi1,0.5249511752907672,0.09373918212497881
5000,448,naive,psi0,-0.28383795192501676,0.08174966787069259
5000,448,naive,psi1,-0.1471287079130528,0.08365307700735282
5000,448,corrected,psi0,0.9998678297217575,0.09539202109894974
5000,448,corrected,psi1,0.3411466459897795,0.09764287411982289
5000,449,naive,psi0,-0.2897300583022403,0.08020109315456296
5000,449,naive,psi1,0.06380572713678988,0.08034757570973204
5000,449,corrected,psi0,0.9927415459759693,0.09351477177157877
5000,449,corrected,psi1,0.5670455199470781,0.09377824276251844
5000,450,naive,psi0,-0.15460058212167557,0.07884009123581744
5000,450,naive,psi1,-0.05573579781343008,0.08259950504997375
5000,450,corrected,psi0,1.0983802541109349,0.0914560975014021
5000,450,corrected,psi1,0.4275517450384036,0.09568853112066922
5000,451,naive,psi0,-0.25092231458974046,0.08060734217231907
5000,451,naive,psi1,0.0030846326889651656,0.08459944805827413
5000,451,corrected,psi0,1.0093645486425091,0.09412172260135337
5000,451,corrected,psi1,0.5029947407268264,0.09938550055555022
5000,452,naive,psi0,-0.2413283181446958,0.08005536741553833
5000,452,naive,psi1,-0.07466682842672347,0.08462812278149892
5000,452,corrected,psi0,1.0335507013352203,0.09313707694293624
5000,452,corrected,psi1,0.42239921655493345,0.10075523318171775
5000,453,naive,psi0,-0.24128381767870208,0.08274399809569373
5000,453,naive,psi1,-0.056384198065344435,0.08908670402190046
5000,453,corrected,psi0,1.0437607276230891,0.09615383875641043
5000,453,corrected,psi1,0.4319222265592239,0.10457734224397457
5000,454,naive,psi0,-0.2847187406589632,0.08133508201786821
5000,454,naive,psi1,0.017030912643129417,0.08717175939873352
5000,454,corrected,psi0,1.0138384345784535,0.09528290972783811
5000,454,corrected,psi1,0.5276275629745499,0.10386216386743004
5000,455,naive,psi0,-0.3311373457812058,0.08150740243225996
5000,455,naive,psi1,-0.10113453200960901,0.08784135428872163
5000,455,corrected,psi0,0.9334030156451166,0.09436848623907765
5000,455,corrected,psi1,0.380153065982766,0.10051428807710537
5000,456,naive,psi0,-0.28744596626980096,0.08096588626321412
5000,456,naive,psi1,-0.32410608319281486,0.08651026944665902
5000,456,corrected,psi0,0.9989985882457141,0.09415705497385297
5000,456,corrected,psi1,0.10204206756820969,0.10167975672144812
5000,457,naive,psi0,-0.33778465760383963,0.08144923951885243
5000,457,naive,psi1,0.05484586928076946,0.08336234035564699
5000,457,corrected,psi0,0.940139478358717,0.0944593017816043
5000,457,corrected,psi1,0.5615322010044711,0.09754279193355678
5000,458,naive,psi0,-0.3810872200416504,0.07959167967400607
5000,458,naive,psi1,0.0769278649832424,0.08119889918923222
5000,458,corrected,psi0,0.894222441669645,0.09260976769398259
5000,458,corrected,psi1,0.5548720553876642,0.09465774157042665
5000,459,naive,psi0,-0.17578317899318532,0.07957877218212328
5000,459,naive,psi1,-0.01532987568511712,0.08164524535990754
5000,459,corrected,psi0,1.1260091357299356,0.09278376867173799
5000,459,corrected,psi1,0.46049982840689524,0.09554837288544317
5000,460,naive,psi0,-0.2607563066664517,0.07908388944914074
5000,460,naive,psi1,-0.03838119126079355,0.08362958663249961
5000,460,corrected,psi0,0.995751715373683,0.09250272571745813
5000,460,corrected,psi1,0.48266158085318156,0.09786202459833074
5000,461,naive,psi0,-0.3200147685041038,0.08015148942487346
5000,461,naive,psi1,0.007465511841072858,0.0836840866929209
5000,461,corrected,psi0,0.9610614228730794,0.09330081554292155
5000,461,corrected,psi1,0.47636313565065874,0.0982946073747967
5000,462,naive,psi0,-0.26221572879430444,0.08012680099935626
5000,462,naive,psi1,0.008949840942050128,0.0851336823449906
5000,462,corrected,psi0,1.0106355555241253,0.09322498012227018
5000,462,corrected,psi1,0.5010650237609986,0.09769588177142607
5000,463,naive,psi0,-0.45125979038613034,0.0815972373306088
5000,463,naive,psi1,-0.2502949087695282,0.0917492907989884
5000,463,corrected,psi0,0.7797259433639432,0.09448204957785196
5000,463,corrected,psi1,0.2448038261644501,0.10521530025641616
5000,464,naive,psi0,-0.10627556509125254,0.08247263479699411
5000,464,naive,psi1,-0.038265892837071595,0.08794190175484873
5000,464,corrected,psi0,1.2067367813429997,0.09575844300397203
5000,464,corrected,psi1,0.47446387658182365,0.10221253981300457
5000,465,naive,psi0,-0.12981427191825737,0.08096411759411032
5000,465,naive,psi1,-0.060663981651285136,0.0842800167390716
5000,465,corrected,psi0,1.153796290585517,0.0939478283910972
5000,465,corrected,psi1,0.4198674963815788,0.09732375317320839
5000,466,naive,psi0,-0.36263835615031065,0.08206321905006783
5000,466,naive,psi1,0.13172023437044536,0.08803039406524402
5000,466,corrected,psi0,0.9144808415206731,0.09505824521109774
5000,466,corrected,psi1,0.6198196145292987,0.10240291232512108
5000,467,naive,psi0,-0.3489959829474739,0.07949817882917663
5000,467,naive,psi1,-0.04997350023363535,0.08235252579581903
5000,467,corrected,psi0,0.944396389159873,0.09315567086210601
5000,467,corrected,psi1,0.4592371004412397,0.09610255997745974
5000,468,naive,psi0,-0.2764882243183773,0.07851249167889454
5000,468,naive,psi1,0.09908483295822228,0.0798272095877675
5000,468,corrected,psi0,1.0031922892565581,0.0915818084542302
5000,468,corrected,psi1,0.612127959653779,0.09397972593968218
5000,469,naive,psi0,-0.2379130509207732,0.07925394324344147
5000,469,naive,psi1,-0.01624469013559666,0.08252065807085994
5000,469,corrected,psi0,1.0816717109484777,0.09251567442281271
5000,469,corrected,psi1,0.5000033392496631,0.09684839633482852
5000,470,naive,psi0,-0.17842668930377736,0.08054432451193765
5000,470,naive,psi1,-0.11876762935765775,0.08632452448900926
5000,470,corrected,psi0,1.1078437343231717,0.09387756026343283
5000,470,corrected,psi1,0.3871226322882666,0.1025336137772136
5000,471,naive,psi0,-0.3038103386168068,0.08097573702120521
5000,471,naive,psi1,0.07679067502050309,0.08361927692631102
5000,471,corrected,psi0,0.9629980682009862,0.0937833873945103
5000,471,corrected,psi1,0.5885373617268633,0.09629784395820651
5000,472,naive,psi0,-0.18241532134249397,0.0803819279072719
5000,472,naive,psi1,0.08551032306683011,0.08225413507318359
5000,472,corrected,psi0,1.1064182594627776,0.0934869160473761
5000,472,corrected,psi1,0.6291010161923659,0.09617161930053515
5000,473,naive,psi0,-0.4823577382886037,0.08097808925253934
5000,473,naive,psi1,0.047699806005684464,0.08785720848924915
5000,473,corrected,psi0,0.764310408360918,0.09401625987440339
5000,473,corrected,psi1,0.5354118110944277,0.10233544205047157
5000,474,naive,psi0,-0.3858024692723751,0.08116695153285519
5000,474,naive,psi1,-0.12349885684462962,0.08510627803265626
5000,474,corrected,psi0,0.8744302885908407,0.09501968303679657
5000,474,corrected,psi1,0.3964122060204637,0.09973372856068993
5000,475,naive,psi0,-0.3748722202560068,0.08076886496886912
5000,475,naive,psi1,0.04622450010273616,0.08471978384277871
5000,475,corrected,psi0,0.8269460928860397,0.09470607317293599
5000,475,corrected,psi1,0.5834655065248052,0.09884651075793575
5000,476,naive,psi0,-0.21800485848190135,0.0812166139151333
5000,476,naive,psi1,-0.09259835946394393,0.08970894198044456
5000,476,corrected,psi0,1.0658097431972868,0.09501314986986911
5000,476,corrected,psi1,0.3991277185033352,0.10405060139039882
5000,477,naive,psi0,-0.21388631170911368,0.08173989177103332
5000,477,naive,psi1,0.003279078496623789,0.08775413061531032
5000,477,corrected,psi0,1.073350055946673,0.09496803032506018
5000,477,corrected,psi1,0.49583686580272507,0.10160340336514069
5000,478,naive,psi0,-0.2161080987966403,0.08124126219402904
5000,478,naive,psi1,0.10102780123601987,0.08600055296843029
5000,478,corrected,psi0,1.066614893134229,0.09457339478742934
5000,478,corrected,psi1,0.6407912771904906,0.10057303846657495
5000,479,naive,psi0,-0.2210418325367333,0.08006602749436723
5000,479,naive,psi1,-0.013707789041102042,0.08215561776602837
5000,479,corrected,psi0,1.0482656645460675,0.09274982819455169
5000,479,corrected,psi1,0.4895694401279644,0.09472646025781516
5000,480,naive,psi0,-0.26735209534779436,0.08030183519868692
5000,480,naive,psi1,0.011612151676252996,0.08492715068708097
5000,480,corrected,psi0,1.019943518081991,0.09350658359568358
5000,480,corrected,psi1,0.5169373649927796,0.09833172052426414
5000,481,naive,psi0,-0.1187334756588945,0.08155170679489968
5000,481,naive,psi1,0.009653581188968594,0.08631406434905046
5000,481,corrected,psi0,1.1717779687732621,0.09405940187553122
5000,481,corrected,psi1,0.527888440554465,0.10034389230446454
5000,482,naive,psi0,-0.24204466346667797,0.08201785254097388
5000,482,naive,psi1,0.09744020782561487,0.09036311923609665
5000,482,corrected,psi0,1.010988873989227,0.09521657971436427
5000,482,corrected,psi1,0.5958511151280899,0.10548579461648566
5000,483,naive,psi0,-0.24143240766861487,0.08223565723688768
5000,483,naive,psi1,0.011930370709323219,0.089029827993306
5000,483,corrected,psi0,1.0375335439193745,0.09630489757590628
5000,483,corrected,psi1,0.5419102130301534,0.10228492718304374
5000,484,naive,psi0,-0.060791790914621,0.08088244319962119
5000,484,naive,psi1,0.04941117756104728,0.08719614793613326
5000,484,corrected,psi0,1.2158146212316725,0.09417674888362577
5000,484,corrected,psi1,0.5140605563761702,0.10133910274696052
5000,485,naive,psi0,-0.1973944228829583,0.0800349326643384
5000,485,naive,psi1,0.08620134706761191,0.0864892532892093
5000,485,corrected,psi0,1.099397722404989,0.09281170499250879
5000,485,corrected,psi1,0.6330128197916826,0.0999988746089208
5000,486,naive,psi0,-0.28366916126251346,0.0799691925134757
5000,486,naive,psi1,0.02404102707972083,0.08868834883219684
5000,486,corrected,psi0,0.993664786203379,0.09338848635765667
5000,486,corrected,psi1,0.5042284842198381,0.10342733618312855
5000,487,naive,psi0,-0.10200035543792428,0.0806822439666665
5000,487,naive,psi1,0.0048194304899089185,0.08795041194215054
5000,487,corrected,psi0,1.201481930662984,0.09443311317798314
5000,487,corrected,psi1,0.5323438768458857,0.10298056604217924
5000,488,naive,psi0,-0.30862367439222,0.08253169679459457
5000,488,naive,psi1,-0.029886740198336623,0.08948807523252153
5000,488,corrected,psi0,0.9731521412863188,0.0960481921450584
5000,488,corrected,psi1,0.47159235806665584,0.10415252904898575
5000,489,naive,psi0,-0.24996016755032885,0.08111264708081242
5000,489,naive,psi1,0.0831938090500528,0.08032435160636031
5000,489,corrected,psi0,1.033313553408212,0.09407404102309067
5000,489,corrected,psi1,0.6080014969107095,0.09259375588488875
5000,490,naive,psi0,0.0606108726384322,0.07987212990926558
5000,490,naive,psi1,-0.15313271849407406,0.08425203599456269
5000,490,corrected,psi0,1.3817692362972664,0.09206615452980108
5000,490,corrected,psi1,0.3696790065794375,0.09654181814951934
5000,491,naive,psi0,-0.3402661245240684,0.08109025810182319
5000,491,naive,psi1,0.06773165969829341,0.08402898955298929
5000,491,corrected,psi0,0.9110479230357558,0.09453587233860282
5000,491,corrected,psi1,0.5913393514072435,0.09854025896302103
5000,492,naive,psi0,-0.4495021935244631,0.08075092761670831
5000,492,naive,psi1,0.017252503261879795,0.08674057250976693
5000,492,corrected,psi0,0.8155155728235527,0.0937132898403589
5000,492,corrected,psi1,0.5112077473337675,0.10031716457024316
5000,493,naive,psi0,-0.21255237455279571,0.07926929422508465
5000,493,naive,psi1,-0.059033894440091356,0.08413552398938068
5000,493,corrected,psi0,1.0644154604401541,0.09222346916740569
5000,493,corrected,psi1,0.429524666268153,0.097979720477634
5000,494,naive,psi0,-0.2246949863613876,0.08128590475450614
5000,494,naive,psi1,0.02572624213953024,0.0884354576028007
5000,494,corrected,psi0,1.0747261639542205,0.09460679338342261
5000,494,corrected,psi1,0.5463471013485797,0.1044551625625822
5000,495,naive,psi0,-0.28103256704264606,0.08193012305156179
5000,495,naive,psi1,-0.12644994832653278,0.0897689411699513
5000,495,corrected,psi0,0.9733789237374972,0.09539126629093328
5000,495,corrected,psi1,0.3494801640740983,0.10507776249665518
5000,496,naive,psi0,-0.29119803269518457,0.08063368118088536
5000,496,naive,psi1,-0.08492877004320291,0.08452680496089894
5000,496,corrected,psi0,0.9887112277182292,0.0944195890486096
5000,496,corrected,psi1,0.39044642527349704,0.09901737711382194
5000,497,naive,psi0,-0.34713876301057467,0.07993925572874483
5000,497,naive,psi1,-0.0468226307435319,0.0838599283197093
5000,497,corrected,psi0,0.8976364389960054,0.09336265385142099
5000,497,corrected,psi1,0.42972765567543786,0.09794455644470286
5000,498,naive,psi0,-0.39593909219215495,0.08038990049405524
5000,498,naive,psi1,-0.07935238158685674,0.09081111623260416
5000,498,corrected,psi0,0.8860468626369894,0.0931711596023862
5000,498,corrected,psi1,0.37550100763273314,0.1046686144968071
5000,499,naive,psi0,-0.3302835164928753,0.08219840436891246
5000,499,naive,psi1,-0.006975369862710975,0.08681655710577371
5000,499,corrected,psi0,0.97529310726163,0.09579507438983295
5000,499,corrected,psi1,0.47352244108168634,0.10085883582048093
5000,500,naive,psi0,-0.28690103233318043,0.08102395130788166
5000,500,naive,psi1,0.21044595240665598,0.08682812867259325
5000,500,corrected,psi0,0.9690227787810906,0.09434477285706122
5000,500,corrected,psi1,0.7714957196538577,0.10076962295432094
5000,501,naive,psi0,-0.32626737970289127,0.07974258101380285
5000,501,naive,psi1,0.0791444931749682,0.08245015131131715
5000,501,corrected,psi0,0.9414224355216421,0.09320438780459561
5000,501,corrected,psi1,0.5877148840449524,0.0970415672193238
5000,502,naive,psi0,-0.2371944050881953,0.0794027741261037
5000,502,naive,psi1,0.004251608700925644,0.08148509201235245
5000,502,corrected,psi0,1.018245885520577,0.09251536966060578
5000,502,corrected,psi1,0.5196669815346373,0.09494481519229157
5000,503,naive,psi0,-0.3653039910723558,0.08203710362824547
5000,503,naive,psi1,-0.023780398798089027,0.0918286552262971
5000,503,corrected,psi0,0.8675253816910491,0.09530158587340955
5000,503,corrected,psi1,0.4710472939290404,0.10686692501715189
5000,504,naive,psi0,-0.26227145998183593,0.08038858310970934
5000,504,naive,psi1,0.009815732194054433,0.08704271971557069
5000,504,corrected,psi0,0.9841177064078298,0.09352451573170846
5000,504,corrected,psi1,0.4799724386939093,0.10139044605698135
5000,505,naive,psi0,-0.3410208958391677,0.07945446716194683
5000,505,naive,psi1,-0.022580358480905543,0.08196974088002315
5000,505,corrected,psi0,0.8995118447231575,0.09185725114998695
5000,505,corrected,psi1,0.47162325431110613,0.09426643377172826
5000,506,naive,psi0,-0.3882976319783182,0.07897411673745093
5000,506,naive,psi1,-0.1042590628464351,0.08394900074404771
5000,506,corrected,psi0,0.8335193651920588,0.09166808627955389
5000,506,corrected,psi1,0.3648587819956606,0.09805266405409334
5000,507,naive,psi0,-0.19772321516500832,0.08073181556605666
5000,507,naive,psi1,0.0011895624910273235,0.08415414857009612
5000,507,corrected,psi0,1.076490831052141,0.09386025183922637
5000,507,corrected,psi1,0.4991649271092072,0.09860923860802506
5000,508,naive,psi0,-0.19902470590888396,0.08122899687442144
5000,508,naive,psi1,-0.0787435287932161,0.08803756646735886
5000,508,corrected,psi0,1.068547894370003,0.09462986144746212
5000,508,corrected,psi1,0.41221819560111334,0.10176995785612082
5000,509,naive,psi0,-0.14462769814077406,0.08037855185438887
5000,509,naive,psi1,-0.06776223821929829,0.08413782651140415
5000,509,corrected,psi0,1.136116392026096,0.09281822927157597
5000,509,corrected,psi1,0.423360990386087,0.09771619867606017
5000,510,naive,psi0,-0.2583661881686727,0.0816937259019845
5000,510,naive,psi1,-0.06708907948270512,0.092003794091884
5000,510,corrected,psi0,1.0229559313468024,0.09488328179139209
5000,510,corrected,psi1,0.4587179029707473,0.10697890526742401
5000,511,naive,psi0,-0.26382540992452297,0.0809146044169871
5000,511,naive,psi1,0.13148614725586036,0.0841123515574978
5000,511,corrected,psi0,1.0119281830735953,0.09431431924783745
5000,511,corrected,psi1,0.680950344891751,0.09835963357573377
5000,512,naive,psi0,-0.2945423133185924,0.07898174931617588
5000,512,naive,psi1,-0.009037631984371831,0.08195723563528715
5000,512,corrected,psi0,0.9478050863001216,0.09231979987579735
5000,512,corrected,psi1,0.4681517306350344,0.0950068864621096
5000,513,naive,psi0,-0.23411896730867493,0.08063981849858148
5000,513,naive,psi1,-0.009380095681870248,0.08308389782610877
5000,513,corrected,psi0,1.0266174469610516,0.09334304087671705
5000,513,corrected,psi1,0.4548110143133406,0.09564024905190735
5000,514,naive,psi0,-0.23242863834705005,0.08100213481704241
5000,514,naive,psi1,0.07096974351073006,0.08295471587517457
5000,514,corrected,psi0,1.0529115982907185,0.09501231680770472
5000,514,corrected,psi1,0.5772677788603563,0.09818912409913688
5000,515,naive,psi0,-0.3099452702054981,0.08139039327736823
5000,515,naive,psi1,-0.005985945388880399,0.08284235620192841
5000,515,corrected,psi0,1.000229140046107,0.09454515057324961
5000,515,corrected,psi1,0.50205222700992,0.09671317746357329
5000,516,naive,psi0,-0.3023582474334415,0.08188538954003687
5000,516,naive,psi1,-0.03374839064896332,0.09032090006204556
5000,516,corrected,psi0,0.9721942831875993,0.09483595222284218
5000,516,corrected,psi1,0.4445593500654604,0.10568843946315083
5000,517,naive,psi0,-0.31552201714048533,0.08020801136879693
5000,517,naive,psi1,-0.10841971179771402,0.08608621646354689
5000,517,corrected,psi0,0.9507316786491228,0.09319046703577134
5000,517,corrected,psi1,0.3732334333290267,0.09954289359304713
5000,518,naive,psi0,-0.19498565449034386,0.08092928468322999
5000,518,naive,psi1,0.15178053266132735,0.08306044093291541
5000,518,corrected,psi0,1.1024898884585212,0.09451726836329379
5000,518,corrected,psi1,0.6447414507100337,0.09784560405540293
5000,519,naive,psi0,-0.2676537124719492,0.080325461306233
5000,519,naive,psi1,-0.0458274466704586,0.08374921110419063
5000,519,corrected,psi0,1.0098158957396257,0.09362465328243005
5000,519,corrected,psi1,0.4572804171889912,0.09858979933779709
5000,520,naive,psi0,-0.26080652321097963,0.08168104339727376
5000,520,naive,psi1,-0.005218892517277358,0.08801945298478782
5000,520,corrected,psi0,0.999077099554829,0.09544489659134926
5000,520,corrected,psi1,0.49286290133054533,0.10301045604812348
5000,521,naive,psi0,-0.41167965174251814,0.0819006731492207
5000,521,naive,psi1,0.007623945969455439,0.08447000285064707
5000,521,corrected,psi0,0.8521479324592861,0.09489722001811099
5000,521,corrected,psi1,0.5189970925475978,0.09895743437431313
5000,522,naive,psi0,-0.3048445455033537,0.08051350606442523
5000,522,naive,psi1,-0.09803971431148299,0.08431956585419646
5000,522,corrected,psi0,0.9503269158250277,0.0943047410214653
5000,522,corrected,psi1,0.4118939014928133,0.09937999043781139
5000,523,naive,psi0,-0.26814090401771473,0.07983808135281535
5000,523,naive,psi1,0.013102667200236293,0.08432107819847931
5000,523,corrected,psi0,1.0095917819394535,0.09267445280705895
5000,523,corrected,psi1,0.5127320003097225,0.0976979197474892
5000,524,naive,psi0,-0.2706206217757569,0.0816118507559933
5000,524,naive,psi1,0.020735715677735803,0.08629776305832391
5000,524,corrected,psi0,1.0065035843730628,0.09450826350011261
5000,524,corrected,psi1,0.48926486246969153,0.09992762671742812
5000,525,naive,psi0,-0.3719218445399411,0.08173675554352347
5000,525,naive,psi1,-0.03816735234851617,0.08814209765220261
5000,525,corrected,psi0,0.8664501769759577,0.09547685473886805
5000,525,corrected,psi1,0.4211731418539195,0.10308334363963191
5000,526,naive,psi0,-0.23623009730397448,0.0804285751793288
5000,526,naive,psi1,-0.01800260906352111,0.08725774025260193
5000,526,corrected,psi0,1.0702951727788066,0.09369568912294118
5000,526,corrected,psi1,0.4954125739270499,0.10129151791001294
5000,527,naive,psi0,-0.35920325112992196,0.08137699238145611
5000,527,naive,psi1,-0.14927604744428724,0.08697306319998636
5000,527,corrected,psi0,0.9143331894834702,0.09438741924342753
5000,527,corrected,psi1,0.3162814312018216,0.10118453753103832
5000,528,naive,psi0,-0.19857060432601442,0.07834584456875006
5000,528,naive,psi1,-0.06372421548156959,0.08533923913121004
5000,528,corrected,psi0,1.0962633198942777,0.0914238786650956
5000,528,corrected,psi1,0.3899853439933593,0.09939384443010153
5000,529,naive,psi0,-0.31829995925956484,0.08142201813846321
5000,529,naive,psi1,-0.004525895002709456,0.08556394499975813
5000,529,corrected,psi0,0.9449688448377871,0.0953670766758695
5000,529,corrected,psi1,0.49792873106208946,0.10115277228755741
5000,530,naive,psi0,-0.305333328680581,0.08088204742001859
5000,530,naive,psi1,-0.054384262891585704,0.09108673104097961
5000,530,corrected,psi0,0.9879156195525896,0.09357874529573226
5000,530,corrected,psi1,0.4463385796425259,0.10461115945902662
5000,531,naive,psi0,-0.28938144861326665,0.08127918162247783
5000,531,naive,psi1,0.10540146433621923,0.08478545086690396
5000,531,corrected,psi0,0.9743205008155402,0.09444109894409024
5000,531,corrected,psi1,0.6226086860203582,0.09920522326544608
5000,532,naive,psi0,-0.36598580134910524,0.08225960255977614
5000,532,naive,psi1,0.14117943455413542,0.08693416041807377
5000,532,corrected,psi0,0.8894398255787357,0.09580741743940857
5000,532,corrected,psi1,0.6738688085501031,0.1007915741912399
5000,533,naive,psi0,-0.33648923067085307,0.08202228981181328
5000,533,naive,psi1,-0.0006800788947815947,0.08736600689544761
5000,533,corrected,psi0,0.9378307042189657,0.0958985274298869
5000,533,corrected,psi1,0.5281505410946281,0.10275948449631267
5000,534,naive,psi0,-0.40693740804611345,0.08118886699201415
5000,534,naive,psi1,-0.05415262905453824,0.08436280177893254
5000,534,corrected,psi0,0.8677158472193457,0.09377418690625539
5000,534,corrected,psi1,0.42068631387631605,0.09816026775465861
5000,535,naive,psi0,-0.23542486900227966,0.08195355961440631
5000,535,naive,psi1,-0.0740654551120573,0.0900726249492452
5000,535,corrected,psi0,1.0552943588758914,0.09498637570798209
5000,535,corrected,psi1,0.40381682214759745,0.10541553845032421
5000,536,naive,psi0,-0.3090774423250021,0.08027429101316251
5000,536,naive,psi1,0.016492368782478433,0.08769732898605306
5000,536,corrected,psi0,0.9601379782649679,0.09395806714947716
5000,536,corrected,psi1,0.515894040177758,0.10215093720322652
5000,537,naive,psi0,-0.27559717047565796,0.07984028553365331
5000,537,naive,psi1,0.16086695593180464,0.08276632919076397
5000,537,corrected,psi0,0.9751654195410469,0.09273134964904922
5000,537,corrected,psi1,0.7112817881928084,0.0962352201937526
5000,538,naive,psi0,-0.16697035116393105,0.08087342067856057
5000,538,naive,psi1,-0.059669606699705134,0.08676445672784558
5000,538,corrected,psi0,1.112725182476294,0.09384875324361529
5000,538,corrected,psi1,0.44634809129663994,0.0994609422289432
5000,539,naive,psi0,-0.28739280362993735,0.08174777514454269
5000,539,naive,psi1,-0.2190930098761606,0.08568320568493218
5000,539,corrected,psi0,0.9899072186854251,0.09512395374306847
5000,539,corrected,psi1,0.2506384990491476,0.09949153582248184
5000,540,naive,psi0,-0.21821788517988988,0.08142888082451269
5000,540,naive,psi1,-0.10030873519974003,0.08369881268065803
5000,540,corrected,psi0,1.0634354770269308,0.0947347062113105
5000,540,corrected,psi1,0.3709582023743828,0.09776118453250686
5000,541,naive,psi0,-0.28708571227455854,0.08089570482258272
5000,541,naive,psi1,-0.017227322971120947,0.08613382316780607
5000,541,corrected,psi0,0.996130221669812,0.09430788552081784
5000,541,corrected,psi1,0.49090561020023366,0.10069328341491375
5000,542,naive,psi0,-0.255234212459345,0.08119974688407573
5000,542,naive,psi1,-0.0686214354220298,0.08634930085614474
5000,542,corrected,psi0,1.059542889984083,0.0948065967514958
5000,542,corrected,psi1,0.437050027428235,0.101372707348574
5000,543,naive,psi0,-0.1471706582409448,0.08051936845425735
5000,543,naive,psi1,-0.0973823866151729,0.08740572881004928
5000,543,corrected,psi0,1.1693239517310716,0.09387771612127226
5000,543,corrected,psi1,0.3676614795045717,0.10365615576551879
5000,544,naive,psi0,-0.18024468184930675,0.08199987659958373
5000,544,naive,psi1,0.02696050563373185,0.08620744741322434
5000,544,corrected,psi0,1.106715558312947,0.09573298670936052
5000,544,corrected,psi1,0.5080297722070761,0.10063151810335343
5000,545,naive,psi0,-0.28641104608510065,0.08022282447974148
5000,545,naive,psi1,-0.0059294066745703075,0.08380565613223397
5000,545,corrected,psi0,0.9598354303292027,0.09393919419845091
5000,545,corrected,psi1,0.5162191903174248,0.09790415891662607
5000,546,naive,psi0,-0.23326257103095333,0.0825674688282891
5000,546,naive,psi1,-0.19629273803317662,0.08977057128983795
5000,546,corrected,psi0,1.0491296524344562,0.09556400816596987
5000,546,corrected,psi1,0.2853796008133809,0.10396208230510391
5000,547,naive,psi0,-0.319802897125263,0.08182746030808731
5000,547,naive,psi1,0.055838480362559784,0.08625326297632915
5000,547,corrected,psi0,0.9144137046544026,0.09550770152594246
5000,547,corrected,psi1,0.5729046471821655,0.10068088750890057
5000,548,naive,psi0,-0.49372378582330123,0.0818187007650804
5000,548,naive,psi1,-0.11938489810212866,0.08842705330967916
5000,548,corrected,psi0,0.7362646038835752,0.09528016429957288
5000,548,corrected,psi1,0.3523906532356311,0.10249668061094445
5000,549,naive,psi0,-0.23602000605389034,0.08317616836396144
5000,549,naive,psi1,0.051328322518176206,0.08842706451924383
5000,549,corrected,psi0,1.0380284796714405,0.09640342069545317
5000,549,corrected,psi1,0.5271346024521842,0.1017584786323516
5000,550,naive,psi0,-0.1600369297195823,0.08013155991171429
5000,550,naive,psi1,0.03308631675290199,0.08234033474358914
5000,550,corrected,psi0,1.121016756025642,0.09275678631126015
5000,550,corrected,psi1,0.5283308684910729,0.09622962634133676
5000,551,naive,psi0,-0.4410472327989107,0.08047148965448898
5000,551,naive,psi1,-0.1073614401253606,0.08576208774565962
5000,551,corrected,psi0,0.7925321121209964,0.09392045454911567
5000,551,corrected,psi1,0.36168779479618607,0.09984873787664272
5000,552,naive,psi0,-0.32302023438279437,0.08237637726436306
5000,552,naive,psi1,0.04710035840135454,0.0908319100422637
5000,552,corrected,psi0,0.9322656921587243,0.0958908202528821
5000,552,corrected,psi1,0.572712730321759,0.10459903850726139
5000,553,naive,psi0,-0.3935828135475409,0.082353283062497
5000,553,naive,psi1,-0.05710951067852493,0.08729885930192062
5000,553,corrected,psi0,0.873768701432043,0.09553523552438609
5000,553,corrected,psi1,0.4211707647480663,0.10053521304847063
5000,554,naive,psi0,-0.3138158076347988,0.07887993406798788
5000,554,naive,psi1,0.005415593683947769,0.08468114908693511
5000,554,corrected,psi0,0.9634528763568069,0.09228756576646945
5000,554,corrected,psi1,0.49203920150041824,0.10026755155317656
5000,555,naive,psi0,-0.31538142233975486,0.08006039223847637
5000,555,naive,psi1,-0.03279574807784716,0.08723267315448933
5000,555,corrected,psi0,0.9495431208615276,0.0930152218110324
5000,555,corrected,psi1,0.43495350001561,0.0996155768756232
5000,556,naive,psi0,-0.1170790834075479,0.08120729737604032
5000,556,naive,psi1,0.19206626795545637,0.08460785949061692
5000,556,corrected,psi0,1.2162398594716275,0.09467700841132969
5000,556,corrected,psi1,0.7536113725065822,0.09748916776933769
5000,557,naive,psi0,-0.3057764140032372,0.07954588673391476
5000,557,naive,psi1,-0.00920810791414118,0.08705681139338187
5000,557,corrected,psi0,0.9844554169703522,0.09252993096969186
5000,557,corrected,psi1,0.4717019045493778,0.1003515262555567
5000,558,naive,psi0,-0.2521792846193605,0.08040468845258272
5000,558,naive,psi1,-0.04221669239800392,0.08624492868817679
5000,558,corrected,psi0,0.9826501039483481,0.09354790094746593
5000,558,corrected,psi1,0.4545474778795411,0.09855697133915692
5000,559,naive,psi0,-0.13409612763170378,0.08090692724972205
5000,559,naive,psi1,-0.0072852407445787165,0.07932598786845546
5000,559,corrected,psi0,1.1539419920820408,0.09385004322018797
5000,559,corrected,psi1,0.4693876570157132,0.092862513076924
5000,560,naive,psi0,-0.2880916543671394,0.07921629373586747
5000,560,naive,psi1,0.025567632083613297,0.07845856129464426
5000,560,corrected,psi0,1.0251906831964122,0.09272867714943434
5000,560,corrected,psi1,0.5125320705077373,0.09153306908775306
5000,561,naive,psi0,-0.2967589876983698,0.08031272581639573
5000,561,naive,psi1,-0.12870565589214708,0.08567668795470805
5000,561,corrected,psi0,0.9777095918178708,0.09377697287887617
5000,561,corrected,psi1,0.33243580622521623,0.10063204537563263
5000,562,naive,psi0,-0.2891209524943877,0.08145192085926076
5000,562,naive,psi1,-0.00851637295104636,0.08509690501448003
5000,562,corrected,psi0,0.9594193460197691,0.09551779993715998
5000,562,corrected,psi1,0.5070542462125,0.10025249564474603
5000,563,naive,psi0,-0.39558907363832824,0.08185989429989152
5000,563,naive,psi1,-0.14809418251097717,0.08405024793047798
5000,563,corrected,psi0,0.869128638028574,0.09538596447863099
5000,563,corrected,psi1,0.29438545102334845,0.09789755458937228
5000,564,naive,psi0,-0.34853404627171664,0.07919870682237876
5000,564,naive,psi1,0.036939150101922766,0.08049641096521974
5000,564,corrected,psi0,0.916891310742492,0.09211489301753746
5000,564,corrected,psi1,0.5076462582083145,0.09546525259542009
5000,565,naive,psi0,-0.33956611862536457,0.0817194859617967
5000,565,naive,psi1,0.032335474754883305,0.09027547727346182
5000,565,corrected,psi0,0.8992704975796163,0.09498488205819008
5000,565,corrected,psi1,0.5296625423241732,0.10436076632491
5000,566,naive,psi0,-0.3050618401896386,0.07929528679168887
5000,566,naive,psi1,-0.017978532712826387,0.07986852227572917
5000,566,corrected,psi0,0.9553142881134417,0.09222269035621158
5000,566,corrected,psi1,0.4841264587529608,0.0923685686573981
5000,567,naive,psi0,-0.2905664003523682,0.08118274740275784
5000,567,naive,psi1,-0.04785246506848703,0.0833005391456385
5000,567,corrected,psi0,1.008639304200889,0.09406293685555632
5000,567,corrected,psi1,0.424081810324841,0.09637096124957274
5000,568,naive,psi0,-0.20330859754519043,0.08308566144021819
5000,568,naive,psi1,0.02971988012708949,0.08469265870547138
5000,568,corrected,psi0,1.0762331373361553,0.09706289382920073
5000,568,corrected,psi1,0.5389140066115674,0.1006209282429566
5000,569,naive,psi0,-0.20065591547678333,0.07882262373526003
5000,569,naive,psi1,0.00975670006622786,0.08875706120018023
5000,569,corrected,psi0,1.0816738788290279,0.09178812225517785
5000,569,corrected,psi1,0.5009116613427667,0.10317723976841545
5000,570,naive,psi0,-0.2343542425472313,0.08029359518327904
5000,570,naive,psi1,0.015703046936277325,0.08654059123185315
5000,570,corrected,psi0,1.0202636842768205,0.09377214589602056
5000,570,corrected,psi1,0.4954435476879715,0.10099654258906499
5000,571,naive,psi0,-0.19168716473457875,0.08074116633605465
5000,571,naive,psi1,-0.1419299643674959,0.08277253225636445
5000,571,corrected,psi0,1.1296435652634191,0.09410908983785389
5000,571,corrected,psi1,0.33171055478440353,0.09584062946389862
5000,572,naive,psi0,-0.19086745015645004,0.08102595205759094
5000,572,naive,psi1,-0.008189540427098506,0.08804285723953245
5000,572,corrected,psi0,1.0861061218872794,0.09461665904291629
5000,572,corrected,psi1,0.49638161808069664,0.10251821357724414
5000,573,naive,psi0,-0.27041050641574116,0.0803638940935675
5000,573,naive,psi1,-0.0010656520677347133,0.08409125285725276
5000,573,corrected,psi0,0.9789262447358235,0.09327448561702442
5000,573,corrected,psi1,0.5113509334909249,0.09923523010753896
5000,574,naive,psi0,-0.23268571273045033,0.07935549286508943
5000,574,naive,psi1,-0.09141568292870642,0.0847940434906223
5000,574,corrected,psi0,1.0650387592734574,0.0922400886631149
5000,574,corrected,psi1,0.4109344686824482,0.09892615111781178
5000,575,naive,psi0,-0.40786987690414217,0.07978586401959933
5000,575,naive,psi1,0.09768223681402738,0.08515555101364053
5000,575,corrected,psi0,0.8309027792669414,0.09360328212534882
5000,575,corrected,psi1,0.6310172156677157,0.09982531365671797
5000,576,naive,psi0,-0.3026889521313626,0.08065595923788683
5000,576,naive,psi1,0.062311261367185074,0.08343307931116278
5000,576,corrected,psi0,0.959932642724781,0.09352679701799113
5000,576,corrected,psi1,0.5345369251371692,0.0961097626391024
5000,577,naive,psi0,-0.23711998870492834,0.08074289764794046
5000,577,naive,psi1,0.12888218982955313,0.0821852315936636
5000,577,corrected,psi0,1.059306177928835,0.09369752104291368
5000,577,corrected,psi1,0.6228375582996485,0.0953913284402694
5000,578,naive,psi0,-0.38894143985997304,0.07824583066210215
5000,578,naive,psi1,-0.024628082901222998,0.08259132154849161
5000,578,corrected,psi0,0.8450071126037572,0.09050598835105028
5000,578,corrected,psi1,0.4577768340946733,0.09484708019347937
5000,579,naive,psi0,-0.2506017495212711,0.08058778484691512
5000,579,naive,psi1,0.035279383509700744,0.08652114415947891
5000,579,corrected,psi0,1.0038099968608845,0.09333113959181137
5000,579,corrected,psi1,0.5373356352392742,0.10011496240858056
5000,580,naive,psi0,-0.3036551592874126,0.07956587922673397
5000,580,naive,psi1,-0.024833823130868266,0.08605870702107127
5000,580,corrected,psi0,0.9593365864972347,0.0932436545383457
5000,580,corrected,psi1,0.4889345223350605,0.10137422504468209
5000,581,naive,psi0,-0.3592431995578354,0.07924088723482134
5000,581,naive,psi1,0.07248394805690273,0.08435734617369996
5000,581,corrected,psi0,0.8995754197956073,0.09188949853930899
5000,581,corrected,psi1,0.606685633729702,0.09735093515797001
5000,582,naive,psi0,-0.32397359922962365,0.08058062985046853
5000,582,naive,psi1,-0.06306549573153282,0.08513473003234795
5000,582,corrected,psi0,0.947520528606488,0.09398900873880627
5000,582,corrected,psi1,0.4306724161826628,0.09919492967409783
5000,583,naive,psi0,-0.16668743214541715,0.08132592438111708
5000,583,naive,psi1,-0.14019415586252543,0.08965504965586797
5000,583,corrected,psi0,1.1650782715524606,0.09516510849323052
5000,583,corrected,psi1,0.31831004299166576,0.10481461028449283
5000,584,naive,psi0,-0.20636355829277134,0.08304815040077133
5000,584,naive,psi1,0.022660790632479347,0.09145776469611011
5000,584,corrected,psi0,1.0681057175487294,0.09705311680899864
5000,584,corrected,psi1,0.566964376330406,0.1067569870368933
5000,585,naive,psi0,-0.3218503018215053,0.08180741833502955
5000,585,naive,psi1,0.011813324609061353,0.09068337719835048
5000,585,corrected,psi0,0.9210598281705763,0.09522002784621418
5000,585,corrected,psi1,0.5151186361258764,0.1050070954950505
5000,586,naive,psi0,-0.30176548148392623,0.0828062469763078
5000,586,naive,psi1,-0.19497267641286134,0.08661080697278108
5000,586,corrected,psi0,0.9844156438243367,0.09636542420437533
5000,586,corrected,psi1,0.27746074397870574,0.10035639618327565
5000,587,naive,psi0,-0.31578158257302835,0.07989221514745722
5000,587,naive,psi1,-0.18237365750642406,0.08670849191318708
5000,587,corrected,psi0,0.9732265047941073,0.09303424682615694
5000,587,corrected,psi1,0.3042481175424598,0.10070540279206086
5000,588,naive,psi0,-0.19968732211152476,0.07982413985743893
5000,588,naive,psi1,-0.005961414185608082,0.08931095881325189
5000,588,corrected,psi0,1.0965785789839901,0.09309375508969338
5000,588,corrected,psi1,0.48420349066156215,0.10346013824674172
5000,589,naive,psi0,-0.2654415786956217,0.08031816781792425
5000,589,naive,psi1,-0.10738122867824991,0.08706671499772876
5000,589,corrected,psi0,0.9796465620538649,0.09379620024776766
5000,589,corrected,psi1,0.3666301557404566,0.10259500793172273
5000,590,naive,psi0,-0.2599614453850178,0.07946599482498597
5000,590,naive,psi1,-0.0037022958765091907,0.07950148465075038
5000,590,corrected,psi0,1.059157140118035,0.09285018506420092
5000,590,corrected,psi1,0.46509355091669646,0.09369558364515873
5000,591,naive,psi0,-0.45846311931491657,0.08073845547386256
5000,591,naive,psi1,0.05893911655778644,0.0900130449748603
5000,591,corrected,psi0,0.7831193917646565,0.09440354599780926
5000,591,corrected,psi1,0.5726388668492409,0.10594020510528604
5000,592,naive,psi0,-0.35477326015278915,0.07931558550611222
5000,592,naive,psi1,0.13029088747816597,0.07864434110217575
5000,592,corrected,psi0,0.9298000545415264,0.09245079420738908
5000,592,corrected,psi1,0.6295750939810533,0.09099738973827287
5000,593,naive,psi0,-0.27852331598478297,0.0809510684972931
5000,593,naive,psi1,0.10575639209311312,0.08636608439551233
5000,593,corrected,psi0,1.0309602309562031,0.09452967684253549
5000,593,corrected,psi1,0.6154716997603287,0.10055548209790803
5000,594,naive,psi0,-0.28733640833076185,0.07936607394341322
5000,594,naive,psi1,0.10267900435133666,0.08426645368235244
5000,594,corrected,psi0,1.0054834411849751,0.09279543251077815
5000,594,corrected,psi1,0.640156760322758,0.09937367467970584
5000,595,naive,psi0,-0.14400540477916307,0.08156313630096325
5000,595,naive,psi1,-0.03697840856476547,0.08305370205617005
5000,595,corrected,psi0,1.1562022733442872,0.09554821671656459
5000,595,corrected,psi1,0.4521222773701336,0.09646381793663888
5000,596,naive,psi0,-0.22122930392391205,0.08008518266926835
5000,596,naive,psi1,0.044514162632557426,0.08807467684865374
5000,596,corrected,psi0,1.0545785355108184,0.09306059338208955
5000,596,corrected,psi1,0.5195589114423104,0.10180079892262317
5000,597,naive,psi0,-0.29279344073828445,0.07945085402671735
5000,597,naive,psi1,-0.1530994528545911,0.08406864948101206
5000,597,corrected,psi0,0.9797646084921986,0.09247558048725373
5000,597,corrected,psi1,0.33833603230996634,0.09705130837631691
5000,598,naive,psi0,-0.12035088712083361,0.07983339331619534
5000,598,naive,psi1,-0.02731538765329376,0.08098857163327015
5000,598,corrected,psi0,1.1656206498655262,0.09296321720174186
5000,598,corrected,psi1,0.47134478014325243,0.09350406545117318
5000,599,naive,psi0,-0.16707100274399983,0.08189396094745571
5000,599,naive,psi1,0.057018027448305995,0.09125292066778014
5000,599,corrected,psi0,1.129675073673873,0.09494345978972529
5000,599,corrected,psi1,0.5971274727086651,0.10541944019762894
5000,600,naive,psi0,-0.30335459858098407,0.08137042747211425
5000,600,naive,psi1,0.09832795440309929,0.088355303379993
5000,600,corrected,psi0,0.9421884688043388,0.09484798974135322
5000,600,corrected,psi1,0.5978866515736148,0.10326616361186362
5000,601,naive,psi0,-0.2935648619618462,0.07871110608569916
5000,601,naive,psi1,0.011072464001048127,0.0850775075054651
5000,601,corrected,psi0,0.9454616677798368,0.09172264432624386
5000,601,corrected,psi1,0.5089405719116294,0.09857352242146732
5000,602,naive,psi0,-0.28600885367860845,0.0799232203383782
5000,602,naive,psi1,-0.010819314396917109,0.08632091819945893
5000,602,corrected,psi0,1.003725674159354,0.093145881527753
5000,602,corrected,psi1,0.48620733224362034,0.10134727089496015
5000,603,naive,psi0,-0.3955676305848658,0.07957911740990811
5000,603,naive,psi1,0.19531070251439123,0.08018045804257735
5000,603,corrected,psi0,0.8780893168479934,0.09293394792245509
5000,603,corrected,psi1,0.7166855829926054,0.09409089996983391
5000,604,naive,psi0,-0.2828936668862257,0.08059873344164886
5000,604,naive,psi1,0.002097880595922219,0.08173515931404311
5000,604,corrected,psi0,1.0407430532263464,0.09401518127537026
5000,604,corrected,psi1,0.495828693189991,0.09477780778926079
5000,605,naive,psi0,-0.3068037739290147,0.0818003133746973
5000,605,naive,psi1,-0.12756097523592078,0.08251839824273727
5000,605,corrected,psi0,0.9787943546640445,0.09541638471278654
5000,605,corrected,psi1,0.38951179083249776,0.09584504364426555
5000,606,naive,psi0,-0.2211020137419859,0.08027807624481126
5000,606,naive,psi1,0.02392078445722731,0.08219919243282026
5000,606,corrected,psi0,1.0911776273126117,0.09330764583470226
5000,606,corrected,psi1,0.48909691588958787,0.09552863579397647
5000,607,naive,psi0,-0.2959487025149281,0.08063010557956277
5000,607,naive,psi1,0.07728110276171457,0.08771867870206612
5000,607,corrected,psi0,0.9978445067598434,0.09375545962879517
5000,607,corrected,psi1,0.5866349015386818,0.10139269961939137
5000,608,naive,psi0,-0.4346001479885485,0.08059459762585179
5000,608,naive,psi1,0.012532204562812236,0.0866445635952228
5000,608,corrected,psi0,0.7810956125210095,0.0936641025099654
5000,608,corrected,psi1,0.5164546860379916,0.10169410041332883
5000,609,naive,psi0,-0.38091987275547645,0.08049590380364262
5000,609,naive,psi1,0.17523014444806906,0.08908909447789465
5000,609,corrected,psi0,0.8781651182743776,0.09376281019277927
5000,609,corrected,psi1,0.6881041896916253,0.10290995905956844
5000,610,naive,psi0,-0.1824474992321353,0.08110261565046303
5000,610,naive,psi1,-0.22028247247230948,0.08544685504294464
5000,610,corrected,psi0,1.1078053820443512,0.0945409892684313
5000,610,corrected,psi1,0.2366421373362325,0.1007167247385282
5000,611,naive,psi0,-0.30234945935500346,0.08038833533932056
5000,611,naive,psi1,0.10144891185742354,0.08354239868283149
5000,611,corrected,psi0,0.9582727979227494,0.09432568646077978
5000,611,corrected,psi1,0.6008342027817669,0.09942912221322614
5000,612,naive,psi0,-0.22962377003994655,0.0814248240795036
5000,612,naive,psi1,-0.020005234527753473,0.08534434903166889
5000,612,corrected,psi0,1.0394127157925412,0.093959283374053
5000,612,corrected,psi1,0.47912597376888955,0.09820194222928647
5000,613,naive,psi0,-0.2895643051034756,0.08033104512166078
5000,613,naive,psi1,-0.17731814472637655,0.08408503372842542
5000,613,corrected,psi0,0.9668589278321854,0.0929707221567863
5000,613,corrected,psi1,0.32711198286312754,0.09804311367657276
5000,614,naive,psi0,-0.177066464516357,0.078193375467436
5000,614,naive,psi1,0.17362716988187138,0.07894198280625728
5000,614,corrected,psi0,1.1029483246397669,0.09114343027968645
5000,614,corrected,psi1,0.7232603266981193,0.09185390175788782
5000,615,naive,psi0,-0.2698743582637426,0.0794849076187261
5000,615,naive,psi1,-0.09959985301219318,0.0841906803696487
5000,615,corrected,psi0,1.040402173724574,0.09211465817314078
5000,615,corrected,psi1,0.33002990335890425,0.09718531088050512
5000,616,naive,psi0,-0.2698981521329069,0.08090595967506704
5000,616,naive,psi1,-0.09810621603895375,0.08644602162533684
5000,616,corrected,psi0,0.9958803369914777,0.0938631616995962
5000,616,corrected,psi1,0.416730679832809,0.10030281980038658
5000,617,naive,psi0,-0.3645396892579814,0.08029586968692683
5000,617,naive,psi1,0.020629966116854182,0.08866276441594281
5000,617,corrected,psi0,0.8919621429456756,0.0948216986995904
5000,617,corrected,psi1,0.5367963199511578,0.10487012273155102
5000,618,naive,psi0,-0.38757979452268687,0.08152910762554871
5000,618,naive,psi1,0.018789000326429484,0.08836055600413742
5000,618,corrected,psi0,0.8866269766619688,0.09501049152494793
5000,618,corrected,psi1,0.5180528280776638,0.10301754397459799
5000,619,naive,psi0,-0.32924746935093413,0.08034192105589782
5000,619,naive,psi1,-0.04530647951525478,0.08527613765126818
5000,619,corrected,psi0,0.9299128782799574,0.09334477055867149
5000,619,corrected,psi1,0.45189346128380276,0.0985381451099928
5000,620,naive,psi0,-0.18387584959347042,0.07928088710448504
5000,620,naive,psi1,0.12958846059587426,0.09103434577209547
5000,620,corrected,psi0,1.1103938725457638,0.09235414697051855
5000,620,corrected,psi1,0.6292349432497156,0.1045016369861351
5000,621,naive,psi0,-0.36112082142989965,0.08056219138287991
5000,621,naive,psi1,0.034669201563527464,0.08471488058354876
5000,621,corrected,psi0,0.9132920726947954,0.09370180143007094
5000,621,corrected,psi1,0.5225050743018276,0.09790945362143254
5000,622,naive,psi0,-0.4137546930294655,0.08091229820440372
5000,622,naive,psi1,0.04662105814996886,0.0860684243953904
5000,622,corrected,psi0,0.8010504287524196,0.09486533456174519
5000,622,corrected,psi1,0.545959872660309,0.10185454762362112
5000,623,naive,psi0,-0.24775722946107145,0.07984134124674737
5000,623,naive,psi1,0.10526805950338496,0.08540110675936013
5000,623,corrected,psi0,1.034987880811697,0.09328382120414806
5000,623,corrected,psi1,0.5947733748210403,0.09967179105133993
5000,624,naive,psi0,-0.35959132013905665,0.08126169847686188
5000,624,naive,psi1,-0.051430231969035,0.09023028659234185
5000,624,corrected,psi0,0.8847827170993998,0.09461540858820898
5000,624,corrected,psi1,0.48402536121140305,0.10323621428949728
5000,625,naive,psi0,-0.10243207406955128,0.08036636473144848
5000,625,naive,psi1,-0.0034129034390655154,0.08640000941547395
5000,625,corrected,psi0,1.1935935672546951,0.09446875112260847
5000,625,corrected,psi1,0.5256197573239338,0.10245231478508064
5000,626,naive,psi0,-0.3593179505770021,0.08042541270571642
5000,626,naive,psi1,-0.05809378082731018,0.08267834148079146
5000,626,corrected,psi0,0.9116596382687159,0.09324968548138125
5000,626,corrected,psi1,0.4456533769056883,0.09740697139003211
5000,627,naive,psi0,-0.30025652580694856,0.08111618933487459
5000,627,naive,psi1,-0.09580294521688719,0.08441414379692638
5000,627,corrected,psi0,0.952094498971655,0.09386731863903573
5000,627,corrected,psi1,0.3616918514304183,0.09743192375448327
5000,628,naive,psi0,-0.24255459233970753,0.0808463185068817
5000,628,naive,psi1,0.06585664050259529,0.0833006357859649
5000,628,corrected,psi0,1.0456927111375944,0.09471779645905375
5000,628,corrected,psi1,0.6257335069897515,0.0969228520150928
5000,629,naive,psi0,-0.3004221713215386,0.08040229780824845
5000,629,naive,psi1,0.0056411534674092705,0.08202634175523733
5000,629,corrected,psi0,0.9533246427304997,0.09437018342408962
5000,629,corrected,psi1,0.5323147974862454,0.09710041268762977
5000,630,naive,psi0,-0.22622014055374967,0.08054239063252137
5000,630,naive,psi1,0.11235627200478279,0.08166994073235154
5000,630,corrected,psi0,1.0642765033808974,0.09380244243607835
5000,630,corrected,psi1,0.6042779640258151,0.09514281314837783
5000,631,naive,psi0,-0.33785754773710774,0.08035508894452661
5000,631,naive,psi1,-0.09193847818086211,0.08374624692308014
5000,631,corrected,psi0,0.9409941015553941,0.09345307352721056
5000,631,corrected,psi1,0.39734335629378364,0.09696531014911298
5000,632,naive,psi0,-0.3068416562651825,0.08131356033067844
5000,632,naive,psi1,-0.04665831668284338,0.084280678052605
5000,632,corrected,psi0,0.9653583106626513,0.09447362797991102
5000,632,corrected,psi1,0.42359123772125884,0.09853049074714136
5000,633,naive,psi0,-0.29197298116251114,0.08110787771440973
5000,633,naive,psi1,0.10628365849218453,0.09010444863405379
5000,633,corrected,psi0,0.9794825360526931,0.09451498374792808
5000,633,corrected,psi1,0.6220626045898735,0.10465574176746785
5000,634,naive,psi0,-0.2673398506151963,0.08058776580965267
5000,634,naive,psi1,-0.07511770706786354,0.08316366121788096
5000,634,corrected,psi0,1.0149773960341124,0.09352114175475294
5000,634,corrected,psi1,0.3744089806016519,0.09642345202597775
5000,635,naive,psi0,-0.17294455044304166,0.08077770824221556
5000,635,naive,psi1,-0.06809600758491689,0.08933998493722364
5000,635,corrected,psi0,1.1302481642088398,0.09426229176425524
5000,635,corrected,psi1,0.4380687379712613,0.10386201416359886
5000,636,naive,psi0,-0.20901151447206603,0.08139541804342951
5000,636,naive,psi1,0.07585680236712618,0.08685138684054572
5000,636,corrected,psi0,1.0961534823140804,0.09508772504080695
5000,636,corrected,psi1,0.5898600367934947,0.10225489829508852
5000,637,naive,psi0,-0.18023716887328162,0.08303626269944586
5000,637,naive,psi1,0.024020580633204718,0.09792903172405214
5000,637,corrected,psi0,1.111955245778222,0.09672869934094788
5000,637,corrected,psi1,0.5303690937043775,0.11360385644491809
5000,638,naive,psi0,-0.2872018466634066,0.07979418944872942
5000,638,naive,psi1,-0.028084721770805884,0.08774543599245072
5000,638,corrected,psi0,0.96949789404393,0.09331167079602434
5000,638,corrected,psi1,0.4777405770973014,0.10203937062775513
5000,639,naive,psi0,-0.11950320298915611,0.08069778983747336
5000,639,naive,psi1,-0.05166390864732846,0.0842292861257659
5000,639,corrected,psi0,1.1707154821507553,0.09362341521431729
5000,639,corrected,psi1,0.43425119088201286,0.09734749256954565
5000,640,naive,psi0,-0.3092011584188423,0.07994605652870929
5000,640,naive,psi1,0.033039198887621246,0.08461861567136356
5000,640,corrected,psi0,0.94923785584418,0.09338534625373476
5000,640,corrected,psi1,0.5637901651610828,0.09883527995146428
5000,641,naive,psi0,-0.29714336948014053,0.07970029966357321
5000,641,naive,psi1,0.08499227041645281,0.08314502980470329
5000,641,corrected,psi0,0.9441718254641474,0.09271615051713464
5000,641,corrected,psi1,0.5752778434343103,0.09778660657080959
5000,642,naive,psi0,-0.3819430783252808,0.08073890719313986
5000,642,naive,psi1,-0.06030561580680257,0.0862602428460214
5000,642,corrected,psi0,0.8889086325885277,0.09415338031199849
5000,642,corrected,psi1,0.4551002963783477,0.10032030639635793
5000,643,naive,psi0,-0.14341312953419683,0.08033217251778388
5000,643,naive,psi1,0.19733940023914406,0.08438193774607806
5000,643,corrected,psi0,1.1706072879144445,0.09368782947149618
5000,643,corrected,psi1,0.7041136308314621,0.0982691866501689
5000,644,naive,psi0,-0.1368382002734653,0.08145301243500022
5000,644,naive,psi1,0.001202001656148345,0.08107879829930498
5000,644,corrected,psi0,1.167161092771079,0.09491811371253414
5000,644,corrected,psi1,0.48747438141714133,0.09435559529296247
5000,645,naive,psi0,-0.28626008820582605,0.07993847038912436
5000,645,naive,psi1,0.05336233472467492,0.08541368245190614
5000,645,corrected,psi0,0.9694062658586909,0.0924193149921381
5000,645,corrected,psi1,0.5435728639660292,0.09938146900777312
5000,646,naive,psi0,-0.319545561189865,0.0827816803105077
5000,646,naive,psi1,0.027838165788840633,0.08223302348613479
5000,646,corrected,psi0,0.997961291407433,0.09586927858692477
5000,646,corrected,psi1,0.501496913497187,0.09592267464280761
5000,647,naive,psi0,-0.2737968495788755,0.08030036882531778
5000,647,naive,psi1,0.030871011051756495,0.08342726695770071
5000,647,corrected,psi0,0.9995848602608122,0.09446058976223978
5000,647,corrected,psi1,0.5242880956027736,0.09809703888344995
5000,648,naive,psi0,-0.18802641693084546,0.08122500341244411
5000,648,naive,psi1,0.03661037671735276,0.08169279125485339
5000,648,corrected,psi0,1.0741439458684767,0.09502851508165053
5000,648,corrected,psi1,0.5114550493898941,0.09684278014398985
5000,649,naive,psi0,-0.32515514782741867,0.08179451880829004
5000,649,naive,psi1,0.02460009345105853,0.0867210502901038
5000,649,corrected,psi0,0.9476181962997817,0.09552854504761422
5000,649,corrected,psi1,0.5465360362979873,0.10298857079771949
5000,650,naive,psi0,-0.20590335304861374,0.0809687943744053
5000,650,naive,psi1,-0.04290817562439978,0.08725336104696231
5000,650,corrected,psi0,1.0895681098876584,0.09399375680033682
5000,650,corrected,psi1,0.47107840390897465,0.10047151577425173
5000,651,naive,psi0,-0.15670674402064838,0.0814908690354864
5000,651,naive,psi1,-0.009011679618232639,0.08721269350468308
5000,651,corrected,psi0,1.1680746803907471,0.09440827154998692
5000,651,corrected,psi1,0.4552218279939305,0.09937027113874719
5000,652,naive,psi0,-0.32149866511840297,0.0798045126128777
5000,652,naive,psi1,-0.030030933635502716,0.08350155056374843
5000,652,corrected,psi0,0.9643208459601762,0.09268141362586967
5000,652,corrected,psi1,0.4546182799862508,0.097633234729602
5000,653,naive,psi0,-0.23370531754581755,0.08003623576757916
5000,653,naive,psi1,-0.09235813909261503,0.08494273660446469
5000,653,corrected,psi0,1.0215235395401072,0.09301500897540908
5000,653,corrected,psi1,0.3553212402100597,0.09806460518609203
5000,654,naive,psi0,-0.2385839635454149,0.0799064199697016
5000,654,naive,psi1,-0.15480304829260189,0.08239204795612916
5000,654,corrected,psi0,1.0458478567197964,0.09282411170863727
5000,654,corrected,psi1,0.30590232803469486,0.09561569321222446
5000,655,naive,psi0,-0.3328866185052509,0.08084750918351988
5000,655,naive,psi1,0.07604741244181099,0.08640589010904064
5000,655,corrected,psi0,0.9212908020736499,0.0936467458144958
5000,655,corrected,psi1,0.5939090464963437,0.09956978969923481
5000,656,naive,psi0,-0.1643777255255247,0.0805462061818495
5000,656,naive,psi1,0.05413960435185397,0.0859190386056928
5000,656,corrected,psi0,1.1062382028362188,0.0933319611885437
5000,656,corrected,psi1,0.5338922378732397,0.10012890090753361
5000,657,naive,psi0,-0.2940930359930507,0.08057868737875615
5000,657,naive,psi1,0.05082671948380052,0.08814714569715074
5000,657,corrected,psi0,0.9622662285710603,0.09377667102938908
5000,657,corrected,psi1,0.5204195982179637,0.10231892357539116
5000,658,naive,psi0,-0.36117166249383,0.07989730244930304
5000,658,naive,psi1,0.04411382103789705,0.08125848818490536
5000,658,corrected,psi0,0.8582644533402982,0.09239144971141733
5000,658,corrected,psi1,0.5817153484638067,0.09461312264324674
5000,659,naive,psi0,-0.28515115400233126,0.08030981011515048
5000,659,naive,psi1,0.00638316844400305,0.08633792383519286
5000,659,corrected,psi0,0.9776528414359658,0.09309366345275281
5000,659,corrected,psi1,0.5150755092790107,0.09897898134402208
5000,660,naive,psi0,-0.1483561123615939,0.07971207136473649
5000,660,naive,psi1,-0.08135173211130604,0.08464199077944981
5000,660,corrected,psi0,1.160495456005239,0.09274746743365009
5000,660,corrected,psi1,0.40751923512004756,0.09921912596035162
5000,661,naive,psi0,-0.2590433762832721,0.07986625632873678
5000,661,naive,psi1,0.04977630583717561,0.0838764892653412
5000,661,corrected,psi0,1.0223824631464788,0.09362919474460842
5000,661,corrected,psi1,0.5589777933043384,0.09749718475309163
5000,662,naive,psi0,-0.18747667223596973,0.08101128713188065
5000,662,naive,psi1,0.10126608753727792,0.08975663745374968
5000,662,corrected,psi0,1.0972384682443392,0.094808848454321
5000,662,corrected,psi1,0.6266896337347784,0.10620069905049902
5000,663,naive,psi0,-0.3375213825091964,0.0800358080494301
5000,663,naive,psi1,0.03853798301763059,0.08375235856461204
5000,663,corrected,psi0,0.9420591040263815,0.09401382226703518
5000,663,corrected,psi1,0.5441011475526826,0.09897965900956571
5000,664,naive,psi0,-0.17013625900337656,0.08157443639230669
5000,664,naive,psi1,-0.07077374766365559,0.08787782056038988
5000,664,corrected,psi0,1.1311274904816742,0.09455301681965818
5000,664,corrected,psi1,0.4332617795808591,0.1013271771881221
5000,665,naive,psi0,-0.16850583227469385,0.07948092854756955
5000,665,naive,psi1,0.024005231274405514,0.08068410787974283
5000,665,corrected,psi0,1.1483806943722443,0.09251300318281963
5000,665,corrected,psi1,0.5171490174742153,0.09414996200355363
5000,666,naive,psi0,-0.4509169360144804,0.08135127883943401
5000,666,naive,psi1,0.0016359522728375353,0.08535210432749893
5000,666,corrected,psi0,0.8204930849528259,0.09440228260631829
5000,666,corrected,psi1,0.5041738365641047,0.09911767986140621
5000,667,naive,psi0,-0.22743070265317078,0.08084789288807187
5000,667,naive,psi1,0.017354596525868342,0.08923372588430205
5000,667,corrected,psi0,1.053649431411935,0.09417290589022406
5000,667,corrected,psi1,0.547637846013433,0.10394974587199528
5000,668,naive,psi0,-0.3116685869713085,0.08225555852648407
5000,668,naive,psi1,-0.004527346182041669,0.08979363352365863
5000,668,corrected,psi0,0.9512515716334928,0.0953158152340961
5000,668,corrected,psi1,0.48496919589439524,0.10366869496943894
5000,669,naive,psi0,-0.2997412920399594,0.08252493053205058
5000,669,naive,psi1,-0.030295374768995072,0.085933901921369
5000,669,corrected,psi0,0.9970669701113286,0.09594483492762025
5000,669,corrected,psi1,0.41559422789745737,0.10095777243594048
5000,670,naive,psi0,-0.3052931345995307,0.08215033631043048
5000,670,naive,psi1,0.013725011745384383,0.08146944299159893
5000,670,corrected,psi0,0.9458191353493091,0.09526911079879663
5000,670,corrected,psi1,0.5250781381062521,0.09515527697473485
5000,671,naive,psi0,-0.17896700282776062,0.07883405468117442
5000,671,naive,psi1,0.07064076387361391,0.08450505436534947
5000,671,corrected,psi0,1.125603970879109,0.09148128015429434
5000,671,corrected,psi1,0.577013409639459,0.0978618113043943
5000,672,naive,psi0,-0.27683603638141846,0.07995359913653667
5000,672,naive,psi1,0.054310238876196036,0.08354790930308062
5000,672,corrected,psi0,0.9924529111921635,0.09429320119333492
5000,672,corrected,psi1,0.5629414792842037,0.0993575515597693
5000,673,naive,psi0,-0.32599392870948235,0.07957342465390259
5000,673,naive,psi1,-0.050345040822461516,0.07975715019599279
5000,673,corrected,psi0,0.9433689412463533,0.09280886879254979
5000,673,corrected,psi1,0.46029956221653084,0.09325208373586027
5000,674,naive,psi0,-0.34592883046815964,0.07989573759316593
5000,674,naive,psi1,0.02064704125683724,0.08606628134526402
5000,674,corrected,psi0,0.9324695160158989,0.09332758346584183
5000,674,corrected,psi1,0.49828327964794006,0.10048407467557272
5000,675,naive,psi0,-0.320646950113277,0.07942935592721664
5000,675,naive,psi1,0.07357738924317145,0.08422999631866711
5000,675,corrected,psi0,0.9536900379532327,0.09241959677015892
5000,675,corrected,psi1,0.5513003023552169,0.0972366055876394
5000,676,naive,psi0,-0.19451273121886073,0.08244591653328841
5000,676,naive,psi1,0.12102014057356895,0.08854129624474413
5000,676,corrected,psi0,1.078758052700424,0.09685819458894868
5000,676,corrected,psi1,0.6171466422527859,0.103794285839422
5000,677,naive,psi0,-0.34079247987893424,0.08125864135646205
5000,677,naive,psi1,-0.013922997492312504,0.08868112270032648
5000,677,corrected,psi0,0.9163539521220068,0.09425059734447101
5000,677,corrected,psi1,0.4988127385623481,0.10186298272611782
5000,678,naive,psi0,-0.397367766900128,0.08125263370451319
5000,678,naive,psi1,-0.05041164454857393,0.08691029204636257
5000,678,corrected,psi0,0.8476622623697712,0.09485330453139251
5000,678,corrected,psi1,0.47533370423306576,0.101083309944188
5000,679,naive,psi0,-0.31747949765368866,0.07961221971797813
5000,679,naive,psi1,-0.11508891950764077,0.08031807638155018
5000,679,corrected,psi0,0.9430703306246244,0.09351981737879113
5000,679,corrected,psi1,0.37681731628380233,0.09608268199880303
5000,680,naive,psi0,-0.2781759878488382,0.08073455984766942
5000,680,naive,psi1,-0.11113925335740972,0.08517986487420812
5000,680,corrected,psi0,0.997342477415825,0.09373737742849324
5000,680,corrected,psi1,0.36547786362286794,0.09861762839887915
5000,681,naive,psi0,-0.3616370230454873,0.08097837454460717
5000,681,naive,psi1,-0.0550073271494803,0.08180680205701699
5000,681,corrected,psi0,0.8610849824958173,0.09458613009890605
5000,681,corrected,psi1,0.443110830407613,0.09532723515073901
5000,682,naive,psi0,-0.31156444714932396,0.08107926334609833
5000,682,naive,psi1,-0.0924962325452059,0.08526601816840883
5000,682,corrected,psi0,0.9623560217273379,0.09485728067166695
5000,682,corrected,psi1,0.3838156266098485,0.10016436750892564
5000,683,naive,psi0,-0.19633838721620614,0.07840031223367082
5000,683,naive,psi1,-0.02865353973451748,0.0791369023651621
5000,683,corrected,psi0,1.0791886023081794,0.09163946879516087
5000,683,corrected,psi1,0.4735829343110129,0.09269293912548182
5000,684,naive,psi0,-0.2136056152778851,0.08083091544970329
5000,684,naive,psi1,-0.1405713134178394,0.08724613739675409
5000,684,corrected,psi0,1.0648016761698145,0.09401548540103008
5000,684,corrected,psi1,0.34183987784312836,0.10126222472682435
5000,685,naive,psi0,-0.42619432866903967,0.08157912423103612
5000,685,naive,psi1,0.0804370913431704,0.08747771329303312
5000,685,corrected,psi0,0.8493368613562408,0.09508948639466812
5000,685,corrected,psi1,0.5963185531603924,0.101250144156962
5000,686,naive,psi0,-0.1632976576415807,0.08093989590573276
5000,686,naive,psi1,0.13245640633152225,0.08341404516622539
5000,686,corrected,psi0,1.1236976152451785,0.09404079242440458
5000,686,corrected,psi1,0.6447264944132234,0.09707448780925444
5000,687,naive,psi0,-0.4723368930108959,0.08033567352404408
5000,687,naive,psi1,-0.0004395300849368557,0.08417464312500682
5000,687,corrected,psi0,0.7940437879579147,0.09354381052349367
5000,687,corrected,psi1,0.4966379837285666,0.09786087595645729
5000,688,naive,psi0,-0.36743180266749725,0.0825478607310952
5000,688,naive,psi1,0.008853271293520685,0.08829003306238527
5000,688,corrected,psi0,0.9008465334417483,0.09593971519903474
5000,688,corrected,psi1,0.48235588006345137,0.10155751690148157
5000,689,naive,psi0,-0.36457249246873447,0.08025458542499869
5000,689,naive,psi1,-0.1535537249497616,0.08516140023219985
5000,689,corrected,psi0,0.8802602641085239,0.0933798339925582
5000,689,corrected,psi1,0.28038236139491163,0.09864185454404081
5000,690,naive,psi0,-0.19111561252978504,0.08142906873157757
5000,690,naive,psi1,-0.09890542439893389,0.08592048523585831
5000,690,corrected,psi0,1.088810474320121,0.095311473218679
5000,690,corrected,psi1,0.4136181485083431,0.10066286670332392
5000,691,naive,psi0,-0.24007850856841595,0.08133622134323527
5000,691,naive,psi1,-0.16185715130180586,0.08233886808981543
5000,691,corrected,psi0,1.0577415521217355,0.09457513264006515
5000,691,corrected,psi1,0.3061546128786404,0.09696431464203735
5000,692,naive,psi0,-0.05213881769172473,0.07936878195760699
5000,692,naive,psi1,-0.00889889664831555,0.08581786649793118
5000,692,corrected,psi0,1.2494630069173616,0.09198584639043335
5000,692,corrected,psi1,0.5022162025147014,0.09959559610038915
5000,693,naive,psi0,-0.2202996784970097,0.08093120459239865
5000,693,naive,psi1,-0.040260379059145646,0.08379543861565135
5000,693,corrected,psi0,1.079544905392848,0.09423910119685394
5000,693,corrected,psi1,0.4220723177690999,0.09758556201820623
5000,694,naive,psi0,-0.3359062935442573,0.08245663105883244
5000,694,naive,psi1,-0.014092525937666743,0.08490445829683556
5000,694,corrected,psi0,0.9356702664795394,0.0952382106544259
5000,694,corrected,psi1,0.450724832309503,0.09851334564740152
5000,695,naive,psi0,-0.22904184808287456,0.08118673568429742
5000,695,naive,psi1,0.11766759597216014,0.08532749597709444
5000,695,corrected,psi0,1.0677846042508303,0.09486394704510014
5000,695,corrected,psi1,0.6672816401012698,0.09897193691999552
5000,696,naive,psi0,-0.2944885439414627,0.08238900827324673
5000,696,naive,psi1,0.016704008544548173,0.08348715461764153
5000,696,corrected,psi0,1.0142480285686475,0.09568444414386672
5000,696,corrected,psi1,0.4739658165967667,0.0965702279085317
5000,697,naive,psi0,-0.21482968947457956,0.08087437493636071
5000,697,naive,psi1,0.00716332955459096,0.08669388031720585
5000,697,corrected,psi0,1.0589287212449765,0.09453459182096315
5000,697,corrected,psi1,0.5163152438159478,0.10125287370591242
5000,698,naive,psi0,-0.3907132999209293,0.08046621021215851
5000,698,naive,psi1,0.047063317591467334,0.08263130704868206
5000,698,corrected,psi0,0.8574459483421648,0.09397995668897328
5000,698,corrected,psi1,0.5438592999922603,0.09561893486128899
5000,699,naive,psi0,-0.30745732859764235,0.07977313784473195
5000,699,naive,psi1,-0.04808664767458263,0.08216596837645143
5000,699,corrected,psi0,0.9086604155050756,0.09312810165808039
5000,699,corrected,psi1,0.4601942694228362,0.09658955513609473
5000,700,naive,psi0,-0.2963271685027701,0.08090831081466303
5000,700,naive,psi1,-0.08306947801697394,0.08959165998434836
5000,700,corrected,psi0,0.9618890204098289,0.0947215245270917
5000,700,corrected,psi1,0.4519668546609357,0.10513022305316369
5000,701,naive,psi0,-0.14578511676090541,0.08175604381132669
5000,701,naive,psi1,-0.03699934541662784,0.0829882176155206
5000,701,corrected,psi0,1.146798119609983,0.09505587820748415
5000,701,corrected,psi1,0.43397876555433795,0.09657081398090199
5000,702,naive,psi0,-0.22636750195856178,0.08175061375245378
5000,702,naive,psi1,0.05060926254365896,0.08619919001127904
5000,702,corrected,psi0,1.0671752316572494,0.09486184222007349
5000,702,corrected,psi1,0.5564972053207976,0.0997329694916949
5000,703,naive,psi0,-0.1442033775633795,0.08094038257687897
5000,703,naive,psi1,0.02996254775777656,0.07912987501504036
5000,703,corrected,psi0,1.1045892346043653,0.09432326825855135
5000,703,corrected,psi1,0.5131521519368037,0.09256285921451964
5000,704,naive,psi0,-0.2653842988391102,0.08172998568552108
5000,704,naive,psi1,0.07839616392750846,0.08369561218095517
5000,704,corrected,psi0,0.9921228186345957,0.09530124433875771
5000,704,corrected,psi1,0.577080331395641,0.09788001315488579
5000,705,naive,psi0,-0.3248922859807629,0.08009040784288428
5000,705,naive,psi1,-0.03518307903990872,0.08242579695450987
5000,705,corrected,psi0,0.9762213047076634,0.09325937302322454
5000,705,corrected,psi1,0.45671999511842204,0.09629587933178106
5000,706,naive,psi0,-0.49477577995320543,0.08086375992266945
5000,706,naive,psi1,0.187587438721612,0.08268054150695593
5000,706,corrected,psi0,0.7593846469824254,0.09418679185810791
5000,706,corrected,psi1,0.741006454063692,0.09733526400714615
5000,707,naive,psi0,-0.3080439068179074,0.0816173102492775
5000,707,naive,psi1,0.16338760798399113,0.08805251786854557
5000,707,corrected,psi0,0.9574644150967098,0.0951767347932732
5000,707,corrected,psi1,0.6935951823439662,0.1030687685324348
5000,708,naive,psi0,-0.3485067470821446,0.08083652459325238
5000,708,naive,psi1,0.08099730187076742,0.08470749753144319
5000,708,corrected,psi0,0.9261009343603394,0.09385221181299848
5000,708,corrected,psi1,0.5868216615944074,0.09767481917005912
5000,709,naive,psi0,-0.31549310011398274,0.08042631579403334
5000,709,naive,psi1,-0.13160455160478535,0.08336543205348555
5000,709,corrected,psi0,0.911949622661536,0.0936085256238175
5000,709,corrected,psi1,0.3674102350430369,0.09757315089366869
5000,710,naive,psi0,-0.32518268327462546,0.08145540105462024
5000,710,naive,psi1,0.0505718580385327,0.084619166002745
5000,710,corrected,psi0,0.9586755321038625,0.09415809107966217
5000,710,corrected,psi1,0.5891933174602905,0.096848780336049
5000,711,naive,psi0,-0.4009800556055339,0.08125322707446385
5000,711,naive,psi1,0.03935248684844528,0.0878313615251295
5000,711,corrected,psi0,0.8669984952930193,0.0942122134882373
5000,711,corrected,psi1,0.5637952380153279,0.10184671237223362
5000,712,naive,psi0,-0.3451581355497774,0.08062413125207611
5000,712,naive,psi1,-0.14496001921866764,0.08761996526886325
5000,712,corrected,psi0,0.9242740279482472,0.09429765359407659
5000,712,corrected,psi1,0.3429035274357399,0.10275203222843825
5000,713,naive,psi0,-0.2368889423539597,0.08110266538254687
5000,713,naive,psi1,-0.028256877178518058,0.0878894714483111
5000,713,corrected,psi0,1.0543261361828076,0.09505105179361478
5000,713,corrected,psi1,0.4566324467864633,0.10616970335333169
5000,714,naive,psi0,-0.23427285222836008,0.08026443351547491
5000,714,naive,psi1,-0.08232970527738431,0.08870635853914757
5000,714,corrected,psi0,1.0778248868731963,0.0934674707055495
5000,714,corrected,psi1,0.41053190092169073,0.10390775189195163
5000,715,naive,psi0,-0.22786582045691642,0.08100264632011617
5000,715,naive,psi1,0.01732554723612304,0.08505632669736658
5000,715,corrected,psi0,1.0746994752494072,0.09437225064327234
5000,715,corrected,psi1,0.5375235027548094,0.09923818299623828
5000,716,naive,psi0,-0.2946517901277047,0.08031339054823647
5000,716,naive,psi1,-0.012405617129163065,0.08698656839495607
5000,716,corrected,psi0,1.003169781735736,0.09392452121306882
5000,716,corrected,psi1,0.4613209129613987,0.10214884206187393
5000,717,naive,psi0,-0.37244931914972373,0.07974533941061002
5000,717,naive,psi1,-0.11653301646017332,0.0838751896883766
5000,717,corrected,psi0,0.8871728342878376,0.09320980816482316
5000,717,corrected,psi1,0.3272040906648255,0.09848312076632063
5000,718,naive,psi0,-0.355560186959629,0.08215685775338315
5000,718,naive,psi1,0.04564827347295301,0.08567610514005856
5000,718,corrected,psi0,0.9214711988151245,0.09565713263243038
5000,718,corrected,psi1,0.5452990782621469,0.09999737628139489
5000,719,naive,psi0,-0.36455602548373256,0.07911080721117217
5000,719,naive,psi1,0.024125608293595877,0.08363694701952898
5000,719,corrected,psi0,0.8824100859246937,0.0914252951244648
5000,719,corrected,psi1,0.5143342887684247,0.0964234395047646
5000,720,naive,psi0,-0.2176807072233073,0.080607775783304
5000,720,naive,psi1,0.010847569470544174,0.08167359708167261
5000,720,corrected,psi0,1.0753753250723026,0.09350093939212624
5000,720,corrected,psi1,0.4860153162573291,0.09379585721894829
5000,721,naive,psi0,-0.35543658208025763,0.07942875447019389
5000,721,naive,psi1,0.018603223981789898,0.08141518509502764
5000,721,corrected,psi0,0.9196610362984219,0.09317408718307481
5000,721,corrected,psi1,0.5312751958206393,0.09533977119642563
5000,722,naive,psi0,-0.2943943820054766,0.0827890645055092
5000,722,naive,psi1,0.029353338291380676,0.08529722209181279
5000,722,corrected,psi0,0.9789905201873274,0.0968389510761637
5000,722,corrected,psi1,0.5279055542456357,0.10187482748749065
5000,723,naive,psi0,-0.16854029134218662,0.08096864089101329
5000,723,naive,psi1,-0.03787429455765773,0.08465271274752253
5000,723,corrected,psi0,1.1251460888655809,0.0946041904954381
5000,723,corrected,psi1,0.46300976117031817,0.09899574541220353
5000,724,naive,psi0,-0.40661192520939127,0.08266037662673509
5000,724,naive,psi1,-0.040583305183483916,0.08821600026047768
5000,724,corrected,psi0,0.8473860734261657,0.09578663064689737
5000,724,corrected,psi1,0.431402796820828,0.10364188618310295
5000,725,naive,psi0,-0.34996173302161593,0.08270837430364969
5000,725,naive,psi1,-0.08620941889569331,0.0872253198744475
5000,725,corrected,psi0,0.9188016255074646,0.09631825808346897
5000,725,corrected,psi1,0.3634970496291477,0.10123587213464269
5000,726,naive,psi0,-0.31707101244460645,0.08028790610788164
5000,726,naive,psi1,-0.07347969379609956,0.08546426415726774
5000,726,corrected,psi0,0.9474281039495904,0.09333040799589824
5000,726,corrected,psi1,0.3860002468899003,0.10066257246906601
5000,727,naive,psi0,-0.3720358320545719,0.08024110092823092
5000,727,naive,psi1,0.07590830578922789,0.0819423545907328
5000,727,corrected,psi0,0.9038599525276587,0.09321465927096957
5000,727,corrected,psi1,0.5716989400876172,0.09573129605371418
5000,728,naive,psi0,-0.13941897546045703,0.08144798836005421
5000,728,naive,psi1,0.0012303248388143252,0.08362445062645014
5000,728,corrected,psi0,1.1438478174936113,0.09474652741477392
5000,728,corrected,psi1,0.47901675446560016,0.09667673984342827
5000,729,naive,psi0,-0.33388258153335487,0.08374300621024622
5000,729,naive,psi1,0.002144518084753561,0.09101549019802145
5000,729,corrected,psi0,0.9266242136921203,0.09787432917575639
5000,729,corrected,psi1,0.527022708947641,0.10744914322597404
5000,730,naive,psi0,-0.33389591684233144,0.08232775623261336
5000,730,naive,psi1,0.09560249928640606,0.08693170350072277
5000,730,corrected,psi0,0.9403995891791936,0.09623906552690564
5000,730,corrected,psi1,0.6010226714968541,0.10167628223303671
5000,731,naive,psi0,-0.27249242051845834,0.08357103220265143
5000,731,naive,psi1,0.0834288053056057,0.08777029439086044
5000,731,corrected,psi0,0.9957329676473792,0.09694336093438133
5000,731,corrected,psi1,0.5976785878609768,0.10231857232414097
5000,732,naive,psi0,-0.2851107850125478,0.08126545655061675
5000,732,naive,psi1,0.12379845139466686,0.08744904488565161
5000,732,corrected,psi0,0.9875497405169387,0.09429792252455807
5000,732,corrected,psi1,0.6324523109635442,0.10135400003036044
5000,733,naive,psi0,-0.12336297662340602,0.08055051487113266
5000,733,naive,psi1,0.03550771009670664,0.08295817538397539
5000,733,corrected,psi0,1.1980092750323232,0.09389491105522976
5000,733,corrected,psi1,0.513254305687865,0.09712030442664865
5000,734,naive,psi0,-0.28660839197967514,0.08085939838903891
5000,734,naive,psi1,-0.07997712983413995,0.08664770510558677
5000,734,corrected,psi0,0.9764340526593736,0.09388223390121875
5000,734,corrected,psi1,0.3597634099194513,0.10085131591431014
5000,735,naive,psi0,-0.3970947397220965,0.08016367403845973
5000,735,naive,psi1,-0.019362619064096545,0.0866746832821023
5000,735,corrected,psi0,0.8542358137320653,0.09315757376458511
5000,735,corrected,psi1,0.45819663572127334,0.10008311505754583
5000,736,naive,psi0,-0.1525173079595928,0.08048128145079164
5000,736,naive,psi1,0.0012095357047037483,0.08616670350120384
5000,736,corrected,psi0,1.1579861684126436,0.09378863136923656
5000,736,corrected,psi1,0.5294255353909341,0.10067253262143337
5000,737,naive,psi0,-0.2299103276368218,0.08099023595168348
5000,737,naive,psi1,-0.07406189733712033,0.08411547294453589
5000,737,corrected,psi0,1.0414706776765392,0.09433216319803998
5000,737,corrected,psi1,0.44651385191731413,0.0991983274334507
5000,738,naive,psi0,-0.3780462099368861,0.0812451909319367
5000,738,naive,psi1,0.09281133421648836,0.08544780813129023
5000,738,corrected,psi0,0.8938719381808995,0.09441564461624256
5000,738,corrected,psi1,0.5809653198507796,0.09868499395885319
5000,739,naive,psi0,-0.2919893524192693,0.07948455274086723
5000,739,naive,psi1,0.06517570832800035,0.0865939149315793
5000,739,corrected,psi0,1.0090863780627781,0.09310996091134414
5000,739,corrected,psi1,0.5622100044684843,0.10173999041738171
5000,740,naive,psi0,-0.270406489889529,0.08185964836577239
5000,740,naive,psi1,-0.100158295421563,0.08958778400404388
5000,740,corrected,psi0,0.997520388435369,0.09559726436941517
5000,740,corrected,psi1,0.41138096872198043,0.10483071915485015
5000,741,naive,psi0,-0.386001750732509,0.08371138401760836
5000,741,naive,psi1,-0.1257067834211071,0.08718160890517578
5000,741,corrected,psi0,0.864404327971287,0.09699403918722245
5000,741,corrected,psi1,0.3792897947150985,0.10012660209524003
5000,742,naive,psi0,-0.33639055432173864,0.08158774959238424
5000,742,naive,psi1,-0.03098881848760583,0.08771750024311896
5000,742,corrected,psi0,0.9301566512290775,0.09441750916452939
5000,742,corrected,psi1,0.44757979146901666,0.10120872558073267
5000,743,naive,psi0,-0.18489731187591557,0.0808092251338861
5000,743,naive,psi1,-0.04715068305698527,0.08814628838620821
5000,743,corrected,psi0,1.0911212646478707,0.09387518263327903
5000,743,corrected,psi1,0.4425630184525582,0.10261917112371001
5000,744,naive,psi0,-0.30594474875881356,0.08059005485682186
5000,744,naive,psi1,-0.03958747499911753,0.09171549810961424
5000,744,corrected,psi0,0.9748843602580247,0.09362460905071582
5000,744,corrected,psi1,0.41807186951268166,0.10584549677504924
5000,745,naive,psi0,-0.15718248333174675,0.08039380423719397
5000,745,naive,psi1,0.11249102745679719,0.08713639201789537
5000,745,corrected,psi0,1.148243926230858,0.09386250407452268
5000,745,corrected,psi1,0.6348956551582744,0.10299817414614888
5000,746,naive,psi0,-0.360958390088355,0.0841390234467634
5000,746,naive,psi1,0.06570413948371831,0.08757850988156311
5000,746,corrected,psi0,0.8674869947586115,0.09740662832180935
5000,746,corrected,psi1,0.6075455973967989,0.10068271734246136
5000,747,naive,psi0,-0.20103689097085178,0.07997679290000533
5000,747,naive,psi1,0.050339997737931866,0.08475768134945594
5000,747,corrected,psi0,1.0775827152768702,0.0927597782670873
5000,747,corrected,psi1,0.5449823721870374,0.09852394363671635
5000,748,naive,psi0,-0.2810258445405679,0.08117189687686366
5000,748,naive,psi1,-0.04944003292217909,0.09021000371272503
5000,748,corrected,psi0,1.0091642859423515,0.09422101315687999
5000,748,corrected,psi1,0.44942454821488426,0.10543669105203199
5000,749,naive,psi0,-0.2708182460805807,0.08109115934682973
5000,749,naive,psi1,-0.04168732327507879,0.08769726218033688
5000,749,corrected,psi0,0.9862091000873949,0.09450526785857602
5000,749,corrected,psi1,0.4323093873685165,0.10136243772594279
5000,750,naive,psi0,-0.3242887622611434,0.07956797340474511
5000,750,naive,psi1,0.1058609833447645,0.08394834294369011
5000,750,corrected,psi0,0.9596455153839184,0.09298831159945845
5000,750,corrected,psi1,0.6078090447881566,0.09807239765627511
5000,751,naive,psi0,-0.3394400857851906,0.07984527894458485
5000,751,naive,psi1,0.02279798487131641,0.08871511469273721
5000,751,corrected,psi0,0.9203100534482407,0.09251471311276277
5000,751,corrected,psi1,0.5333152258874517,0.10264504792730128
5000,752,naive,psi0,-0.16643417087360213,0.08175977511733067
5000,752,naive,psi1,-0.06582161730369807,0.08278690898583815
5000,752,corrected,psi0,1.134031805850642,0.09465829855682042
5000,752,corrected,psi1,0.4091218048931451,0.09630091992641675
5000,753,naive,psi0,-0.2393577244616309,0.08097644282198407
5000,753,naive,psi1,0.044025483737609734,0.08058717317409245
5000,753,corrected,psi0,1.0352663676807323,0.09412114354321634
5000,753,corrected,psi1,0.5423026085816245,0.09393497151441355
5000,754,naive,psi0,-0.3132326541314693,0.08077883126607267
5000,754,naive,psi1,0.1516519908074587,0.08208266350375207
5000,754,corrected,psi0,0.977398604009762,0.09335295583838343
5000,754,corrected,psi1,0.6816140159533065,0.09515561851450333
5000,755,naive,psi0,-0.269942849634443,0.08066189009741737
5000,755,naive,psi1,-0.05305256050190058,0.0876573945369179
5000,755,corrected,psi0,1.037134056468448,0.09419772080455036
5000,755,corrected,psi1,0.4572778212243727,0.10249656799607572
5000,756,naive,psi0,-0.3020642267480068,0.08012353884516511
5000,756,naive,psi1,0.09847618359700955,0.08516230900321853
5000,756,corrected,psi0,0.9632138288250667,0.0934053163562408
5000,756,corrected,psi1,0.605330580664793,0.1001475262005359
5000,757,naive,psi0,-0.3385633663565352,0.08198470412950962
5000,757,naive,psi1,-0.04610808838055487,0.08720343112629993
5000,757,corrected,psi0,0.9369260274153677,0.09541378678204092
5000,757,corrected,psi1,0.48197220181983097,0.1019041010739785
5000,758,naive,psi0,-0.3695013550713744,0.080286195265231
5000,758,naive,psi1,0.10322065263951258,0.08633029669157764
5000,758,corrected,psi0,0.9269460864066156,0.09314590702093295
5000,758,corrected,psi1,0.6205374932266123,0.09952809482221893
5000,759,naive,psi0,-0.20349220765079717,0.08011214572612838
5000,759,naive,psi1,-0.08099992677947973,0.08254733472791179
5000,759,corrected,psi0,1.0734804558915785,0.09332882911207004
5000,759,corrected,psi1,0.4020831919062796,0.09564824614492524
5000,760,naive,psi0,-0.22759820867230204,0.08126389292172802
5000,760,naive,psi1,-0.04564974955422439,0.09091429491600167
5000,760,corrected,psi0,1.0443479968836313,0.09487940666578829
5000,760,corrected,psi1,0.4778595521974216,0.10526395308061945
5000,761,naive,psi0,-0.3465527690702433,0.08080579877699903
5000,761,naive,psi1,0.06359769082472563,0.08356207556898937
5000,761,corrected,psi0,0.9228817321566943,0.09362279282041755
5000,761,corrected,psi1,0.5631822058696985,0.09643473583745138
5000,762,naive,psi0,-0.37812466402787553,0.08042284556683524
5000,762,naive,psi1,0.12725902453788157,0.08370084926339696
5000,762,corrected,psi0,0.8632677425226031,0.09379396554802567
5000,762,corrected,psi1,0.6651661217615755,0.09698391513671253
5000,763,naive,psi0,-0.25115708414466137,0.0818541540414096
5000,763,naive,psi1,-0.06374810960285003,0.08466451114600158
5000,763,corrected,psi0,1.0418926421239272,0.09521908990694111
5000,763,corrected,psi1,0.43021095347988875,0.09813371181777489
5000,764,naive,psi0,-0.3007023625567785,0.08043120199245901
5000,764,naive,psi1,-0.1349004613056812,0.08467656361993056
5000,764,corrected,psi0,0.9903900467140968,0.09329822406178591
5000,764,corrected,psi1,0.34650697397212765,0.09959227457944092
5000,765,naive,psi0,-0.2232315092490206,0.07854519011602391
5000,765,naive,psi1,0.061149867122033616,0.0829109458839096
5000,765,corrected,psi0,1.0830942027632184,0.0917867976831375
5000,765,corrected,psi1,0.5433856357689517,0.09629348595782775
5000,766,naive,psi0,-0.2188951269866899,0.08061696296620732
5000,766,naive,psi1,0.04352691036123254,0.0839893767938734
5000,766,corrected,psi0,1.0784995756447688,0.0938782612174831
5000,766,corrected,psi1,0.49330867462496114,0.09685761913503727
5000,767,naive,psi0,-0.24243901527440118,0.08128776562994086
5000,767,naive,psi1,-0.04728865908970158,0.0820756025980484
5000,767,corrected,psi0,1.036418994744141,0.09467494621963209
5000,767,corrected,psi1,0.4340499769450072,0.09546358933266516
5000,768,naive,psi0,-0.33132292802532354,0.07933618273045381
5000,768,naive,psi1,-0.11230955530019794,0.08283464530157786
5000,768,corrected,psi0,0.9278079298592685,0.09273875060360191
5000,768,corrected,psi1,0.3452963855328281,0.09617846790969611
5000,769,naive,psi0,-0.46947830767149135,0.08084483031186945
5000,769,naive,psi1,0.018844295301660315,0.08471836219838816
5000,769,corrected,psi0,0.7940248626017451,0.09422034143338677
5000,769,corrected,psi1,0.5133227211681936,0.09803360071492294
5000,770,naive,psi0,-0.2831237075896491,0.08114523464197436
5000,770,naive,psi1,-0.015741518224595075,0.08367223828160367
5000,770,corrected,psi0,0.9684624084755606,0.0941122032185934
5000,770,corrected,psi1,0.47191944013279596,0.09618511550546463
5000,771,naive,psi0,-0.2925463219452895,0.07982190327522468
5000,771,naive,psi1,-0.007387666534274294,0.08378012725121889
5000,771,corrected,psi0,0.953553845925016,0.09339293609083059
5000,771,corrected,psi1,0.48388130592475415,0.09816435265931397
5000,772,naive,psi0,-0.2124002643158629,0.07976771750117866
5000,772,naive,psi1,-0.038989853607784675,0.08137544942396881
5000,772,corrected,psi0,1.073266953939039,0.09242546087928796
5000,772,corrected,psi1,0.4587138121737727,0.09422523397658059
5000,773,naive,psi0,-0.20344324226122518,0.08103499239982043
5000,773,naive,psi1,0.056736618666129016,0.08780496551508045
5000,773,corrected,psi0,1.10252467490354,0.09476651254123002
5000,773,corrected,psi1,0.5623955606675684,0.10353432801215826
5000,774,naive,psi0,-0.22911554482595253,0.08030322796127094
5000,774,naive,psi1,0.07173736434151713,0.08426472752118469
5000,774,corrected,psi0,1.080749571013932,0.09374825231770133
5000,774,corrected,psi1,0.5360132551316299,0.09898877596648771
5000,775,naive,psi0,-0.23842963250491192,0.08178902010679255
5000,775,naive,psi1,0.026145938984444464,0.09010798838390877
5000,775,corrected,psi0,1.0266021400362453,0.09523031819391325
5000,775,corrected,psi1,0.5255254951234092,0.10447091370223296
5000,776,naive,psi0,-0.2536949023136794,0.08088197598388537
5000,776,naive,psi1,-0.14264750495362621,0.0818347592239074
5000,776,corrected,psi0,1.0054370202013663,0.09425541721384481
5000,776,corrected,psi1,0.3417487213031364,0.09696519871155967
5000,777,naive,psi0,-0.26347982669833525,0.08070476621626407
5000,777,naive,psi1,-0.11937564483441583,0.08311373967081373
5000,777,corrected,psi0,1.0129046534195458,0.09361669613447735
5000,777,corrected,psi1,0.368979361914515,0.0964873753105861
5000,778,naive,psi0,-0.22775978798213403,0.08108505054539944
5000,778,naive,psi1,0.0053775981068354605,0.0858606953649944
5000,778,corrected,psi0,1.0662791444298518,0.09488789193211036
5000,778,corrected,psi1,0.5026947519875263,0.10088898903307796
5000,779,naive,psi0,-0.2876924910519792,0.07903769016585765
5000,779,naive,psi1,-0.061688107518146254,0.08762208155552059
5000,779,corrected,psi0,0.9957681768572904,0.09128923941341295
5000,779,corrected,psi1,0.44335449919174336,0.10035280762401474
5000,780,naive,psi0,-0.2533260971344091,0.08112692687435429
5000,780,naive,psi1,0.028337268643191898,0.08267233018151525
5000,780,corrected,psi0,0.9995318440701338,0.09425818689556596
5000,780,corrected,psi1,0.518175642645558,0.09605087805751866
5000,781,naive,psi0,-0.30131730161788206,0.07978741137365597
5000,781,naive,psi1,-0.002715266991148454,0.08588524737115277
5000,781,corrected,psi0,0.9532510602577356,0.09260652601832738
5000,781,corrected,psi1,0.5152555758169955,0.09973830582096208
5000,782,naive,psi0,-0.3415486054705964,0.0813216196702113
5000,782,naive,psi1,-0.09409749074230093,0.08506344719909315
5000,782,corrected,psi0,0.899029806957436,0.0948385611422829
5000,782,corrected,psi1,0.3625114472515126,0.10034669283102646
5000,783,naive,psi0,-0.1837357449617884,0.0815793847092684
5000,783,naive,psi1,0.05025506178255231,0.08459381196540049
5000,783,corrected,psi0,1.1011442288055633,0.09455953591720244
5000,783,corrected,psi1,0.5366121209844549,0.09934554818082957
5000,784,naive,psi0,-0.19036630353274817,0.0812025379941365
5000,784,naive,psi1,0.08937161235475573,0.08805644072576152
5000,784,corrected,psi0,1.0781672194119505,0.0949583341204565
5000,784,corrected,psi1,0.6234928921908774,0.10254395052904326
5000,785,naive,psi0,-0.3305625696327518,0.08091203675822815
5000,785,naive,psi1,-0.01921375148495288,0.08914850488165682
5000,785,corrected,psi0,0.9454283795572517,0.0935532440845321
5000,785,corrected,psi1,0.4576475132552818,0.1028034467737264
5000,786,naive,psi0,-0.31245494257602874,0.0817074314373811
5000,786,naive,psi1,0.07416103805400147,0.08922508274555797
5000,786,corrected,psi0,0.9594618961343974,0.09518392392958755
5000,786,corrected,psi1,0.5806009275998528,0.10460782441243867
5000,787,naive,psi0,-0.2764394384771476,0.08181336309144137
5000,787,naive,psi1,-0.04684639913353871,0.08862361609243369
5000,787,corrected,psi0,1.0102026852967636,0.0954739920302394
5000,787,corrected,psi1,0.4393832581813566,0.10343027825151914
5000,788,naive,psi0,-0.21501017073578194,0.08200394762475677
5000,788,naive,psi1,0.011295219312271398,0.08439608222900226
5000,788,corrected,psi0,1.0650188517068069,0.09556460382217546
5000,788,corrected,psi1,0.5007707498010375,0.09812458244189894
5000,789,naive,psi0,-0.22906631988260995,0.0790726145538176
5000,789,naive,psi1,0.0617593757033088,0.08608866703270446
5000,789,corrected,psi0,1.029509901511192,0.09222004558670818
5000,789,corrected,psi1,0.6090235813708452,0.09947374236097858
5000,790,naive,psi0,-0.27746474246379116,0.08116206502326093
5000,790,naive,psi1,0.005383006256652127,0.08740336962451652
5000,790,corrected,psi0,0.9734113579938851,0.09411548006269925
5000,790,corrected,psi1,0.5021058018289862,0.1013060008092598
5000,791,naive,psi0,-0.3267553700047745,0.07999990914860935
5000,791,naive,psi1,-0.1933317889962263,0.08339051741098175
5000,791,corrected,psi0,0.9336414343326749,0.09268916531523816
5000,791,corrected,psi1,0.2531056181771735,0.09575316773977763
5000,792,naive,psi0,-0.5420350533836625,0.0827457775957988
5000,792,naive,psi1,-0.13504711401756603,0.08963564245597484
5000,792,corrected,psi0,0.6943235609220455,0.09667020727426452
5000,792,corrected,psi1,0.38235861518276826,0.10410314574028857
5000,793,naive,psi0,-0.2926650400580033,0.08026675269301857
5000,793,naive,psi1,0.03522931210110731,0.08577404440308432
5000,793,corrected,psi0,0.962491280632395,0.09328489321056893
5000,793,corrected,psi1,0.5583199989263933,0.09922005266317128
5000,794,naive,psi0,-0.39276088158141315,0.08094211334364328
5000,794,naive,psi1,-0.003054357649798713,0.08772759956997275
5000,794,corrected,psi0,0.8620261310552012,0.09439120200757582
5000,794,corrected,psi1,0.5195278418212531,0.10231225821007633
5000,795,naive,psi0,-0.2337467531821582,0.08173813886409416
5000,795,naive,psi1,-0.030914548191595476,0.08970944629389076
5000,795,corrected,psi0,1.0403767231640775,0.09513515139217661
5000,795,corrected,psi1,0.4828049058950676,0.10474553191186706
5000,796,naive,psi0,-0.30645256970045387,0.08060752820782639
5000,796,naive,psi1,0.18401059144965787,0.08524032073679898
5000,796,corrected,psi0,0.9497272633547978,0.09386361039761086
5000,796,corrected,psi1,0.7218894720189437,0.09966941891002813
5000,797,naive,psi0,-0.27197009038982833,0.08030660712178604
5000,797,naive,psi1,-0.06318244102478762,0.08429217190978094
5000,797,corrected,psi0,0.9740435828427564,0.09407277909209043
5000,797,corrected,psi1,0.44786881398338335,0.09888862450496465
5000,798,naive,psi0,-0.3326303434179156,0.07919890532920745
5000,798,naive,psi1,0.13342483172768102,0.08307295129403289
5000,798,corrected,psi0,0.9424185390156984,0.09246438564792467
5000,798,corrected,psi1,0.6736834339185632,0.0971769846575233
5000,799,naive,psi0,-0.24221669604079435,0.0797923116245036
5000,799,naive,psi1,-0.025011179286696876,0.08647731391413822
5000,799,corrected,psi0,1.0406298617689764,0.09306786286066902
5000,799,corrected,psi1,0.4543831919786125,0.09972143969067605
5000,800,naive,psi0,-0.17657871814391674,0.07967993337663695
5000,800,naive,psi1,0.015600374858375735,0.08505306302618465
5000,800,corrected,psi0,1.1252299599330051,0.09348911702422
5000,800,corrected,psi1,0.5528012258361608,0.10053781355099867
5000,801,naive,psi0,-0.36136176451080304,0.08052503723751406
5000,801,naive,psi1,0.00853838890676324,0.08296953125645197
5000,801,corrected,psi0,0.9197010226956207,0.09381632603107812
5000,801,corrected,psi1,0.5187328124377237,0.09657435525459752
5000,802,naive,psi0,-0.29877974642914584,0.08163292690391875
5000,802,naive,psi1,-0.11336701173934399,0.08431611269327902
5000,802,corrected,psi0,0.9394376971174594,0.0951354472900274
5000,802,corrected,psi1,0.4063513007726018,0.09828757076447876
5000,803,naive,psi0,-0.19854127350813355,0.08254166608715466
5000,803,naive,psi1,-0.08338777427919664,0.08654140477217184
5000,803,corrected,psi0,1.1021508468353232,0.09553332437887765
5000,803,corrected,psi1,0.40269583635114303,0.09968705800886814
5000,804,naive,psi0,-0.30343947788869646,0.08067281273778165
5000,804,naive,psi1,0.13359567472478104,0.08677610168106571
5000,804,corrected,psi0,0.9819535234791293,0.09360194925670136
5000,804,corrected,psi1,0.6303211928525091,0.09994508938754683
5000,805,naive,psi0,-0.3578067653679041,0.0801597965902895
5000,805,naive,psi1,0.19543674416299028,0.08031462245484498
5000,805,corrected,psi0,0.9041529966899358,0.09364009942249524
5000,805,corrected,psi1,0.7437436953739691,0.09589233174497341
5000,806,naive,psi0,-0.3897783673488082,0.07990506402947739
5000,806,naive,psi1,-0.013277615520705806,0.08923984953404912
5000,806,corrected,psi0,0.9036016247685472,0.09260744854791872
5000,806,corrected,psi1,0.4746487125881035,0.10186829605366236
5000,807,naive,psi0,-0.2695750971703241,0.08237963903684282
5000,807,naive,psi1,-0.0575429870806996,0.08738375655546228
5000,807,corrected,psi0,0.9992531577831528,0.09597488429284175
5000,807,corrected,psi1,0.41116049211002736,0.1026535472629909
5000,808,naive,psi0,-0.3370300392960108,0.08039442893475045
5000,808,naive,psi1,0.13528764103747923,0.08384144331691692
5000,808,corrected,psi0,0.9495292372174373,0.09357242415451862
5000,808,corrected,psi1,0.6872878283511444,0.09757210850388881
5000,809,naive,psi0,-0.4328090237928151,0.08037583117391887
5000,809,naive,psi1,0.12778854588661512,0.08433726612323379
5000,809,corrected,psi0,0.7896957611327701,0.0934368860321315
5000,809,corrected,psi1,0.5993852214910915,0.09681983480334982
5000,810,naive,psi0,-0.21061967358746783,0.0813193994617144
5000,810,naive,psi1,0.02084286246228346,0.08350635024249947
5000,810,corrected,psi0,1.0545384626926935,0.09503777728467756
5000,810,corrected,psi1,0.5267150325755361,0.09805492891302227
5000,811,naive,psi0,-0.2975561148035682,0.08112248226880442
5000,811,naive,psi1,0.005223690071929548,0.08333914714028758
5000,811,corrected,psi0,0.9593612659522937,0.09461889444711954
5000,811,corrected,psi1,0.5302971707884908,0.09677243529521853
5000,812,naive,psi0,-0.2520686720876279,0.08040279234933337
5000,812,naive,psi1,0.027255716610608095,0.08143324799903397
5000,812,corrected,psi0,1.0501405650046127,0.09342128890442146
5000,812,corrected,psi1,0.4924952487921661,0.09443193473634699
5000,813,naive,psi0,-0.31696207417642336,0.08177808312086998
5000,813,naive,psi1,0.0075862796722130175,0.0883196316457134
5000,813,corrected,psi0,0.9735497140525972,0.09509018600434939
5000,813,corrected,psi1,0.5000646413500555,0.1025953140840198
5000,814,naive,psi0,-0.3213111442503794,0.08076966694735
5000,814,naive,psi1,-0.08774387573901,0.08242214591434795
5000,814,corrected,psi0,0.99485160243138,0.09394300664628537
5000,814,corrected,psi1,0.40272438021721324,0.09624175450744132
5000,815,naive,psi0,-0.2976030228083733,0.08012507921927595
5000,815,naive,psi1,-0.0576607334981305,0.08557448038563154
5000,815,corrected,psi0,0.9907017385375416,0.0935906456897203
5000,815,corrected,psi1,0.44475115171664215,0.10030542769194382
5000,816,naive,psi0,-0.272610754968716,0.08090772745415363
5000,816,naive,psi1,0.05989500195821567,0.08926596463481683
5000,816,corrected,psi0,0.9916246412244869,0.09451113409132766
5000,816,corrected,psi1,0.602701050080625,0.1028461358422504
5000,817,naive,psi0,-0.24930456896743824,0.0816366739550323
5000,817,naive,psi1,-0.11658073181910926,0.08369218145032625
5000,817,corrected,psi0,1.0174992592525578,0.09474959190322128
5000,817,corrected,psi1,0.35248663091614707,0.09699042676730754
5000,818,naive,psi0,-0.29193861029969853,0.08092579024783861
5000,818,naive,psi1,0.025366274553122896,0.08477492181339495
5000,818,corrected,psi0,0.9593115218721326,0.09387881254557864
5000,818,corrected,psi1,0.4953865854895585,0.09762380781945151
5000,819,naive,psi0,-0.11165346152831637,0.0819517570692492
5000,819,naive,psi1,-0.07050468076299905,0.09105814237307232
5000,819,corrected,psi0,1.1713545598930324,0.09586172942521785
5000,819,corrected,psi1,0.40397505958044916,0.10664453795577902
5000,820,naive,psi0,-0.365150816087169,0.08085204205191655
5000,820,naive,psi1,-0.13602989142921965,0.08658552247774765
5000,820,corrected,psi0,0.9123904271169192,0.09422842661609276
5000,820,corrected,psi1,0.32903863907116465,0.10116237917592177
5000,821,naive,psi0,-0.466624097475108,0.08178447664183786
5000,821,naive,psi1,-0.01797374577702856,0.08527687956448338
5000,821,corrected,psi0,0.7943026347931451,0.09461543304286978
5000,821,corrected,psi1,0.49285797411946175,0.09827722353834999
5000,822,naive,psi0,-0.19243162240174713,0.08080921875658469
5000,822,naive,psi1,-0.02411376569774886,0.08379241295185763
5000,822,corrected,psi0,1.0893112815947281,0.09399819547292228
5000,822,corrected,psi1,0.4822705368882727,0.09675696512822783
5000,823,naive,psi0,-0.43672691734570257,0.08043781209512879
5000,823,naive,psi1,0.10241886577300385,0.0832171134730805
5000,823,corrected,psi0,0.7966087889567738,0.09281263666336552
5000,823,corrected,psi1,0.6183603130637426,0.09513872588265074
5000,824,naive,psi0,-0.3789130403009727,0.0807968828701378
5000,824,naive,psi1,0.09124657368572664,0.0837198952602904
5000,824,corrected,psi0,0.8843096047229475,0.09425750882163757
5000,824,corrected,psi1,0.5897129621042971,0.09825519714927422
5000,825,naive,psi0,-0.23331343956812892,0.07984290179003518
5000,825,naive,psi1,-0.05103495707484435,0.0839164385213798
5000,825,corrected,psi0,1.089777596262779,0.09285280580082889
5000,825,corrected,psi1,0.43920347368569845,0.09721354560858883
5000,826,naive,psi0,-0.18279280467423964,0.08064962441435926
5000,826,naive,psi1,0.020065139893615653,0.08702216752533273
5000,826,corrected,psi0,1.1293532682761729,0.09349051894061053
5000,826,corrected,psi1,0.5488895024401635,0.10115342881835764
5000,827,naive,psi0,-0.305173835599639,0.08105581779449078
5000,827,naive,psi1,0.1471712012284729,0.08493407148326794
5000,827,corrected,psi0,1.020046173367874,0.0944430799442033
5000,827,corrected,psi1,0.6700210139765792,0.09908372251608726
5000,828,naive,psi0,-0.3703589872309181,0.0793952577348481
5000,828,naive,psi1,0.12205391928099692,0.0822075723787703
5000,828,corrected,psi0,0.9212564581579903,0.09214472736269338
5000,828,corrected,psi1,0.6144645537257681,0.09609266207026866
5000,829,naive,psi0,-0.246176658460663,0.08228362518707294
5000,829,naive,psi1,0.103704549919057,0.09239963593630536
5000,829,corrected,psi0,1.01414986812558,0.09567980075006174
5000,829,corrected,psi1,0.5908782774318678,0.106170381900874
5000,830,naive,psi0,-0.36165159705521693,0.08145279385357058
5000,830,naive,psi1,-0.045019844445995785,0.09049394693522919
5000,830,corrected,psi0,0.9179189484844146,0.09403308308028539
5000,830,corrected,psi1,0.44792352375066563,0.10391301244250077
5000,831,naive,psi0,-0.2610848257138516,0.0806489601064202
5000,831,naive,psi1,-0.07249982433846441,0.08633154844404105
5000,831,corrected,psi0,1.032927749786453,0.09386658140388306
5000,831,corrected,psi1,0.43468120065075133,0.10227729841797982
5000,832,naive,psi0,-0.28687011758762127,0.08004223911098952
5000,832,naive,psi1,0.014909392892590603,0.08370688473450125
5000,832,corrected,psi0,0.983265163366339,0.09370877118949475
5000,832,corrected,psi1,0.5071553696989446,0.09732718628918317
5000,833,naive,psi0,-0.26445155046780455,0.07937362944445309
5000,833,naive,psi1,-0.10304946566375678,0.08723795781149338
5000,833,corrected,psi0,1.0020882397886695,0.09263932501249611
5000,833,corrected,psi1,0.41728924591777494,0.10280112686088998
5000,834,naive,psi0,-0.4124411555457872,0.08077021677439594
5000,834,naive,psi1,-0.11285755783775106,0.08001511735930844
5000,834,corrected,psi0,0.838228076047671,0.09435727224298379
5000,834,corrected,psi1,0.3738065075726474,0.09362793062650225
5000,835,naive,psi0,-0.34522401507921424,0.07973221465010782
5000,835,naive,psi1,0.15455618575733746,0.08341611790656098
5000,835,corrected,psi0,0.925670196969747,0.09254861625410206
5000,835,corrected,psi1,0.6823189472629562,0.09713193928393268
5000,836,naive,psi0,-0.34030437372552286,0.08048609184192135
5000,836,naive,psi1,0.07928930731547935,0.08248206953448113
5000,836,corrected,psi0,0.9381222955030404,0.09361987434406915
5000,836,corrected,psi1,0.6017162495233677,0.09569731561503497
5000,837,naive,psi0,-0.3976709818018788,0.08114143651657837
5000,837,naive,psi1,0.08174511743186487,0.08667715085964922
5000,837,corrected,psi0,0.9005438173498581,0.09461589777645307
5000,837,corrected,psi1,0.5685442269563934,0.10116082440425594
5000,838,naive,psi0,-0.2619884765496149,0.08139927098291681
5000,838,naive,psi1,0.026472166840740288,0.08282119008401281
5000,838,corrected,psi0,1.0172417196974195,0.09501753070804345
5000,838,corrected,psi1,0.5136086839512468,0.09665483679245952
5000,839,naive,psi0,-0.35062038158977366,0.08119054042321917
5000,839,naive,psi1,0.09798892707011281,0.08996626194735814
5000,839,corrected,psi0,0.8972794387338134,0.09458908811545817
5000,839,corrected,psi1,0.6221143341536775,0.10427965057989887
5000,840,naive,psi0,-0.2620271254901831,0.08139034624950102
5000,840,naive,psi1,-0.09429335971428365,0.08720061441918309
5000,840,corrected,psi0,1.0252808482714315,0.09474392529227055
5000,840,corrected,psi1,0.38136735728506443,0.10243184858938068
5000,841,naive,psi0,-0.2860693007761419,0.08283844026562377
5000,841,naive,psi1,0.028248604070089816,0.08948598184034899
5000,841,corrected,psi0,1.0088567938825381,0.09599907509904256
5000,841,corrected,psi1,0.5083755082311626,0.10439080304689957
5000,842,naive,psi0,-0.10836019691340387,0.08081437603779751
5000,842,naive,psi1,0.009847370137620905,0.08370333097790918
5000,842,corrected,psi0,1.2023920671795976,0.0941794095289984
5000,842,corrected,psi1,0.514389018642232,0.0977609170127626
5000,843,naive,psi0,-0.26571426234707635,0.08009818171521517
5000,843,naive,psi1,-0.1544661506823139,0.08785114446204911
5000,843,corrected,psi0,0.9754668888131192,0.09324302672984512
5000,843,corrected,psi1,0.32825081540100554,0.10266124786514096
5000,844,naive,psi0,-0.2900410514183827,0.08068686980717789
5000,844,naive,psi1,-0.020130406263252368,0.08447744042943163
5000,844,corrected,psi0,0.9732392558710995,0.09319228053372987
5000,844,corrected,psi1,0.4667835148091041,0.09654780602185711
5000,845,naive,psi0,-0.2544129154641382,0.08208302854441524
5000,845,naive,psi1,0.05058481757866594,0.08772723759698677
5000,845,corrected,psi0,1.03482167862003,0.09539075697866242
5000,845,corrected,psi1,0.5728647074602203,0.10193868576959782
5000,846,naive,psi0,-0.2583068069515509,0.07947369888252291
5000,846,naive,psi1,0.11728662162734999,0.08078681794938415
5000,846,corrected,psi0,1.0328829638685024,0.09213119072995106
5000,846,corrected,psi1,0.6104965279995048,0.094028696087991
5000,847,naive,psi0,-0.37476120312350264,0.08120658631748225
5000,847,naive,psi1,-0.02874395960220881,0.08179773445752708
5000,847,corrected,psi0,0.8781399960041464,0.09439754227462825
5000,847,corrected,psi1,0.4727660994997947,0.09528319293840339
5000,848,naive,psi0,-0.3269299795149522,0.08135076534699852
5000,848,naive,psi1,0.004655034144550568,0.08480487612378408
5000,848,corrected,psi0,0.9499789891958732,0.09433316673532798
5000,848,corrected,psi1,0.5041335444373569,0.09861021363449689
5000,849,naive,psi0,-0.3095648648557744,0.08084536094592322
5000,849,naive,psi1,-0.06790639231463849,0.08457508073402119
5000,849,corrected,psi0,0.9636641088280185,0.09484986886905471
5000,849,corrected,psi1,0.3917070100352346,0.09863670020409558
5000,850,naive,psi0,-0.4256038924400267,0.07941592887669975
5000,850,naive,psi1,0.02472342814866167,0.08019107170494814
5000,850,corrected,psi0,0.8378743890999505,0.09260498007959199
5000,850,corrected,psi1,0.5309722611666736,0.09349326125713175
5000,851,naive,psi0,-0.20826107286346213,0.08144103744653905
5000,851,naive,psi1,0.11060044572586095,0.08638195794032616
5000,851,corrected,psi0,1.053040556331985,0.09461769325510526
5000,851,corrected,psi1,0.6519710042408927,0.10310964277558263
5000,852,naive,psi0,-0.38979594283248414,0.08124679546774083
5000,852,naive,psi1,-0.04461506660606789,0.08685367842442823
5000,852,corrected,psi0,0.8642825542833625,0.09447216339666088
5000,852,corrected,psi1,0.40897048121720675,0.1005784714389665
5000,853,naive,psi0,-0.24903178015984537,0.07926503097972411
5000,853,naive,psi1,0.14992482069285654,0.07903213575415896
5000,853,corrected,psi0,1.027902350517198,0.09203482911899476
5000,853,corrected,psi1,0.6761254207371769,0.09142143463338746
5000,854,naive,psi0,-0.3186958816262502,0.07930879200918708
5000,854,naive,psi1,0.014276303425671304,0.08108114555449496
5000,854,corrected,psi0,0.9488768685326854,0.09261462922508673
5000,854,corrected,psi1,0.523092202449461,0.09455572517125543
5000,855,naive,psi0,-0.27483349972632193,0.0809774250450268
5000,855,naive,psi1,-0.005867819579239283,0.08687341390050256
5000,855,corrected,psi0,1.0029269910978007,0.09422301227679095
5000,855,corrected,psi1,0.5159371276286338,0.1008379260545769
5000,856,naive,psi0,-0.150243112605379,0.08074289217593451
5000,856,naive,psi1,0.020309655549318205,0.08269604631792453
5000,856,corrected,psi0,1.1371825662574202,0.09414817828107015
5000,856,corrected,psi1,0.49338948402363264,0.09610593834225038
5000,857,naive,psi0,-0.27780503774299214,0.08179880782990742
5000,857,naive,psi1,-0.001551235800110317,0.08849236633639446
5000,857,corrected,psi0,0.9851747548686917,0.09545540445818049
5000,857,corrected,psi1,0.4656771607650091,0.10377563172380848
5000,858,naive,psi0,-0.1198712066710267,0.08115345364435167
5000,858,naive,psi1,0.01570833477400228,0.0889984420607265
5000,858,corrected,psi0,1.165581865399012,0.09419645652269137
5000,858,corrected,psi1,0.5348321876627609,0.10333826879804725
5000,859,naive,psi0,-0.09227424310123407,0.08096585149113297
5000,859,naive,psi1,-0.022467506956309755,0.08760508830353254
5000,859,corrected,psi0,1.1897376591808373,0.09458609690048603
5000,859,corrected,psi1,0.4923879077277714,0.10212910863904505
5000,860,naive,psi0,-0.12942673432712473,0.08206545583489865
5000,860,naive,psi1,0.1279197003629983,0.09202490475218962
5000,860,corrected,psi0,1.197624175016612,0.09556816813804633
5000,860,corrected,psi1,0.6146773452194184,0.10681891799452058
5000,861,naive,psi0,-0.3506241421410877,0.08128930245078
5000,861,naive,psi1,-0.18543346950524855,0.08590141309237967
5000,861,corrected,psi0,0.8982919466796274,0.09460816355590294
5000,861,corrected,psi1,0.28451208023547153,0.10029190499645452
5000,862,naive,psi0,-0.27824784990405216,0.08155086015771583
5000,862,naive,psi1,-0.0324689299941245,0.08343009910173116
5000,862,corrected,psi0,0.9903305162499778,0.0946756582607987
5000,862,corrected,psi1,0.45726450345238195,0.09670957726457903
5000,863,naive,psi0,-0.23995607265528188,0.07999345594004027
5000,863,naive,psi1,-0.04716423722497571,0.08464331039984643
5000,863,corrected,psi0,1.0464293327106018,0.09290625658551331
5000,863,corrected,psi1,0.4550420161758813,0.09869401339858949
5000,864,naive,psi0,-0.25563326711626977,0.08166598889416332
5000,864,naive,psi1,0.021956464761042196,0.08397409147528831
5000,864,corrected,psi0,1.0422022289189379,0.09466129709150665
5000,864,corrected,psi1,0.49447131602068434,0.09703865081848803
5000,865,naive,psi0,-0.32388965667238406,0.08090205515849863
5000,865,naive,psi1,-0.1291920028907372,0.08349984039779816
5000,865,corrected,psi0,0.9488351241678173,0.09454346508508399
5000,865,corrected,psi1,0.331437379169201,0.09630823784662583
5000,866,naive,psi0,-0.2799590730438765,0.08239349276939767
5000,866,naive,psi1,0.14081581013117597,0.09040158066519964
5000,866,corrected,psi0,1.0041683245994069,0.09569409793529401
5000,866,corrected,psi1,0.6737264773781922,0.10491408515766389
5000,867,naive,psi0,-0.44712945865593917,0.07974067813415874
5000,867,naive,psi1,0.09152160260595063,0.08286797221019498
5000,867,corrected,psi0,0.8131049368599331,0.09332716670464096
5000,867,corrected,psi1,0.5991713312838042,0.09808869824151971
5000,868,naive,psi0,-0.1512107639734286,0.07841301128652443
5000,868,naive,psi1,0.029373054681415267,0.08243811628895402
5000,868,corrected,psi0,1.1428523867523364,0.09147730865723869
5000,868,corrected,psi1,0.5593330604090482,0.09554066759076088
5000,869,naive,psi0,-0.3051059762420093,0.08055752791890877
5000,869,naive,psi1,-0.06813395247291025,0.0871747212656154
5000,869,corrected,psi0,0.9783032152417243,0.09403771995227062
5000,869,corrected,psi1,0.3838473418037638,0.10190751655605146
5000,870,naive,psi0,-0.35561939153872574,0.0816100574127287
5000,870,naive,psi1,-0.005654528622248642,0.08956490466470118
5000,870,corrected,psi0,0.9135493071788848,0.09500146175253928
5000,870,corrected,psi1,0.4722952662103721,0.10422212832140133
5000,871,naive,psi0,-0.37488927163060715,0.0811603951914504
5000,871,naive,psi1,0.029731795624160708,0.08748412780032422
5000,871,corrected,psi0,0.8910002049980025,0.09443314151165716
5000,871,corrected,psi1,0.4791408737960182,0.10187253341439993
5000,872,naive,psi0,-0.25261620238046945,0.07992222515840261
5000,872,naive,psi1,0.06904259545227563,0.08554774178750213
5000,872,corrected,psi0,1.0133899169341907,0.09334327905351053
5000,872,corrected,psi1,0.5936507035687096,0.0991777112461424
5000,873,naive,psi0,-0.34370247237164553,0.08040516582241822
5000,873,naive,psi1,0.039075402896452824,0.08297768304378184
5000,873,corrected,psi0,0.9027525044215183,0.09323045405277357
5000,873,corrected,psi1,0.5519389555274588,0.09605941288676881
5000,874,naive,psi0,-0.25616675678194467,0.08207346863307523
5000,874,naive,psi1,-0.11221183476780998,0.08511644173796924
5000,874,corrected,psi0,1.0280857461864463,0.0949293131098619
5000,874,corrected,psi1,0.3442548852777475,0.09796080424073651
5000,875,naive,psi0,-0.3497093999447261,0.08010098047235302
5000,875,naive,psi1,-0.08896170419637893,0.08554390495782954
5000,875,corrected,psi0,0.8776793101386472,0.09399815375759694
5000,875,corrected,psi1,0.3998954296346959,0.10280087350434389
5000,876,naive,psi0,-0.38637718094436163,0.08168156566054724
5000,876,naive,psi1,0.019424390383103517,0.08612861689820749
5000,876,corrected,psi0,0.8920832269364496,0.09508204411438728
5000,876,corrected,psi1,0.470573834479748,0.10033096457091518
5000,877,naive,psi0,-0.3579264865799937,0.08195687927673102
5000,877,naive,psi1,0.11217621862069758,0.08885362458564074
5000,877,corrected,psi0,0.8909890815791043,0.095291715702137
5000,877,corrected,psi1,0.6209366438267876,0.10341882552504565
5000,878,naive,psi0,-0.21427442027827728,0.0806821549322625
5000,878,naive,psi1,0.05231675645710442,0.0879651844724189
5000,878,corrected,psi0,1.0854952061724752,0.09396409723813487
5000,878,corrected,psi1,0.5591180420931338,0.1030657299591653
5000,879,naive,psi0,-0.35037597101515355,0.07997651877265687
5000,879,naive,psi1,-0.02024250309354125,0.08528582650552118
5000,879,corrected,psi0,0.9341942629186808,0.09308052151244285
5000,879,corrected,psi1,0.4542754621729314,0.09960352537395123
5000,880,naive,psi0,-0.33271603029692,0.08106569862258946
5000,880,naive,psi1,0.008477695443589912,0.08738222158805917
5000,880,corrected,psi0,0.909269317262443,0.094354828844986
5000,880,corrected,psi1,0.5186845751453116,0.10242465328535548
5000,881,naive,psi0,-0.3958092851577575,0.08039818508736167
5000,881,naive,psi1,-0.09859903296429255,0.08349367909140776
5000,881,corrected,psi0,0.8768133765533129,0.09369360816316004
5000,881,corrected,psi1,0.39461249289486056,0.09867550266861712
5000,882,naive,psi0,-0.27284587519083714,0.08087049906262672
5000,882,naive,psi1,-0.04294316375400794,0.08769169704187812
5000,882,corrected,psi0,1.0328497194457527,0.09394859039097961
5000,882,corrected,psi1,0.4636295438248384,0.1017378194983458
5000,883,naive,psi0,-0.21913243585529438,0.08097067578090976
5000,883,naive,psi1,0.109814392891033,0.08506129924380401
5000,883,corrected,psi0,1.0364763492218636,0.09460782085633826
5000,883,corrected,psi1,0.5889826404483072,0.09828028327083742
5000,884,naive,psi0,-0.3633851525510615,0.0810797499716227
5000,884,naive,psi1,0.005091905416928257,0.08841736116001392
5000,884,corrected,psi0,0.87711334120085,0.09480962891678996
5000,884,corrected,psi1,0.5183604370918253,0.10467806691960932
5000,885,naive,psi0,-0.324739064307757,0.0808947410026104
5000,885,naive,psi1,-0.11414430826942557,0.09081487744083434
5000,885,corrected,psi0,0.9424658055399143,0.09329964281217758
5000,885,corrected,psi1,0.3714109167660418,0.10434207601160048
5000,886,naive,psi0,-0.25704706689129525,0.08050233757008647
5000,886,naive,psi1,0.1003444392102333,0.08482263435787714
5000,886,corrected,psi0,1.0120785634640377,0.09402194318826124
5000,886,corrected,psi1,0.6189296303036863,0.09947574037723095
5000,887,naive,psi0,-0.2022981870825579,0.08160843489858748
5000,887,naive,psi1,0.08578195041135982,0.08575859377266884
5000,887,corrected,psi0,1.037598228754443,0.09442704299436604
5000,887,corrected,psi1,0.5818416373372375,0.09960040057473019
5000,888,naive,psi0,-0.3306954196820045,0.08184752107326293
5000,888,naive,psi1,0.0276160800862042,0.08497859539839821
5000,888,corrected,psi0,0.9438152066691572,0.0957621219142617
5000,888,corrected,psi1,0.511600935916235,0.09877224373197326
5000,889,naive,psi0,-0.1856203043065866,0.08127439216644285
5000,889,naive,psi1,0.13622340929274918,0.0863982578460827
5000,889,corrected,psi0,1.0930212145423535,0.09492333116979351
5000,889,corrected,psi1,0.6578467899771071,0.10206113231773271
5000,890,naive,psi0,-0.31082387047530746,0.0793487701249524
5000,890,naive,psi1,0.1014344792993449,0.08476580012167591
5000,890,corrected,psi0,0.9495471929634676,0.09238621872833729
5000,890,corrected,psi1,0.5863878508511962,0.09961799886848638
5000,891,naive,psi0,-0.33402099664771223,0.08061598991474007
5000,891,naive,psi1,0.0413409148248073,0.08433612675343885
5000,891,corrected,psi0,0.9207138521752329,0.09361408182378773
5000,891,corrected,psi1,0.5697241687005492,0.09818501105241205
5000,892,naive,psi0,-0.2840030088865053,0.08011340344296361
5000,892,naive,psi1,0.16424293576304835,0.0866785009322985
5000,892,corrected,psi0,1.0037088610970057,0.09399092234443797
5000,892,corrected,psi1,0.6997927049415235,0.10243610929721576
5000,893,naive,psi0,-0.22409644838587392,0.08025909040691194
5000,893,naive,psi1,-0.008824093707393316,0.0872196063053086
5000,893,corrected,psi0,1.1180336105333708,0.09368496490937095
5000,893,corrected,psi1,0.48672186813261603,0.10043370881379377
5000,894,naive,psi0,-0.3721111447976553,0.08102033363706156
5000,894,naive,psi1,0.007006721653283601,0.08272136067219074
5000,894,corrected,psi0,0.8722283694101575,0.09407375166264438
5000,894,corrected,psi1,0.5036963693146788,0.09599449971503621
5000,895,naive,psi0,-0.2911689346217363,0.08043082219532457
5000,895,naive,psi1,-0.03338406710779089,0.08763813243799887
5000,895,corrected,psi0,1.0115903583007264,0.09315904145833623
5000,895,corrected,psi1,0.462464991031535,0.101893538962686
5000,896,naive,psi0,-0.30233655857563646,0.08052077021336422
5000,896,naive,psi1,-0.10619422412349397,0.08472192248264797
5000,896,corrected,psi0,1.0218327856139604,0.093611829545875
5000,896,corrected,psi1,0.3945007091684518,0.10028464684351923
5000,897,naive,psi0,-0.22250979113560335,0.08144374423437242
5000,897,naive,psi1,0.05773064212870843,0.08519034006660449
5000,897,corrected,psi0,1.0446495378574787,0.09517119409759123
5000,897,corrected,psi1,0.6225178839927233,0.09975033421172423
5000,898,naive,psi0,-0.1835028917056411,0.08114701951566218
5000,898,naive,psi1,0.11310237833949466,0.08354832920281398
5000,898,corrected,psi0,1.1255498693479713,0.0937263432028268
5000,898,corrected,psi1,0.6386608959566927,0.09728314327732765
5000,899,naive,psi0,-0.19002736955052524,0.07996990489926045
5000,899,naive,psi1,0.09744601034199193,0.08570654602720533
5000,899,corrected,psi0,1.1428531018770918,0.09292357089916663
5000,899,corrected,psi1,0.6076588178763176,0.0986505020334133
5000,900,naive,psi0,-0.20464317909180227,0.08103742378877625
5000,900,naive,psi1,0.07506063988100208,0.08406750111891424
5000,900,corrected,psi0,1.0901426479260952,0.09468464909739192
5000,900,corrected,psi1,0.5927448367020843,0.09743461505204708
5000,901,naive,psi0,-0.2997595721691793,0.08135441670768094
5000,901,naive,psi1,0.039808253462176806,0.0842411585598489
5000,901,corrected,psi0,0.9841155583031216,0.09455054414585407
5000,901,corrected,psi1,0.5415058778270202,0.09755834081602001
5000,902,naive,psi0,-0.2366342213817791,0.08151584665152878
5000,902,naive,psi1,-0.028778072909243797,0.08697694466885286
5000,902,corrected,psi0,1.016664243948003,0.09514425650693355
5000,902,corrected,psi1,0.5119785510165674,0.10109925516257763
5000,903,naive,psi0,-0.28346043652456165,0.08044649743576275
5000,903,naive,psi1,-0.043602080864780575,0.08105747019320225
5000,903,corrected,psi0,0.9829309301014105,0.09419366919483471
5000,903,corrected,psi1,0.4527881952982156,0.09497913331425328
5000,904,naive,psi0,-0.13325855978166695,0.08007833495236888
5000,904,naive,psi1,-0.11692841706917174,0.08399510341267498
5000,904,corrected,psi0,1.1436231290910157,0.09300157268406004
5000,904,corrected,psi1,0.35081671550968974,0.096744426375517
5000,905,naive,psi0,-0.27518086538089487,0.08125126878228246
5000,905,naive,psi1,0.011083387534064227,0.08714761263449862
5000,905,corrected,psi0,1.002429780717688,0.09484516192467815
5000,905,corrected,psi1,0.5297832079145133,0.1017586132140789
5000,906,naive,psi0,-0.25043502422181124,0.0796364081589955
5000,906,naive,psi1,-0.014571451474990652,0.08383809104377724
5000,906,corrected,psi0,1.0207110967985387,0.09318928906286553
5000,906,corrected,psi1,0.4736157487979214,0.0987154803847961
5000,907,naive,psi0,-0.2238874186544133,0.07899208842765915
5000,907,naive,psi1,-0.010947451443776516,0.08596074944217293
5000,907,corrected,psi0,1.0496537343521926,0.09154771605463179
5000,907,corrected,psi1,0.49504809866416233,0.09985546563544134
5000,908,naive,psi0,-0.4463747378057231,0.0790929438998423
5000,908,naive,psi1,-0.02840514148906959,0.08385555257811356
5000,908,corrected,psi0,0.8087380361960926,0.09214711518422287
5000,908,corrected,psi1,0.46422182104560933,0.09749889246505741
5000,909,naive,psi0,-0.1901905318960523,0.08185011433381074
5000,909,naive,psi1,0.04185654744264142,0.08646750551390407
5000,909,corrected,psi0,1.092319663613968,0.09510639986826848
5000,909,corrected,psi1,0.5728796601592878,0.10148719079260668
5000,910,naive,psi0,-0.33657584339889846,0.0805215088151325
5000,910,naive,psi1,0.11289696360666582,0.0824539611265629
5000,910,corrected,psi0,0.9258024990762416,0.09333511501752463
5000,910,corrected,psi1,0.617225018484441,0.09594880227080925
5000,911,naive,psi0,-0.26245835892473973,0.08191020799073129
5000,911,naive,psi1,-0.08135851962405578,0.0830100542286429
5000,911,corrected,psi0,1.0077151721549853,0.0954697054520531
5000,911,corrected,psi1,0.43289713244276146,0.0985210220090623
5000,912,naive,psi0,-0.23276189977498543,0.08046134253838545
5000,912,naive,psi1,0.0006888781941183845,0.0848824425620026
5000,912,corrected,psi0,1.048217015672579,0.09344436135725846
5000,912,corrected,psi1,0.4969649465155624,0.09899159215414005
5000,913,naive,psi0,-0.3710683168766616,0.08098334694810189
5000,913,naive,psi1,0.11852203431914038,0.08201746761065512
5000,913,corrected,psi0,0.94129025494795,0.09350341975567754
5000,913,corrected,psi1,0.6243347740887393,0.0950987148321581
5000,914,naive,psi0,-0.0200062433082974,0.08140486226264142
5000,914,naive,psi1,0.0705076111576125,0.08322684675423006
5000,914,corrected,psi0,1.2947394995713046,0.09499002300063461
5000,914,corrected,psi1,0.5907633633052785,0.096532620990534
5000,915,naive,psi0,-0.42953222953846015,0.080142801454406
5000,915,naive,psi1,-0.07071667002190615,0.08229016477369468
5000,915,corrected,psi0,0.8133046383084653,0.09385512368018753
5000,915,corrected,psi1,0.40490337571343304,0.09549343552240365
5000,916,naive,psi0,-0.33636067408831266,0.08176944210424184
5000,916,naive,psi1,-0.004685555607914226,0.08885473091944569
5000,916,corrected,psi0,0.9253982837794866,0.0944422775480006
5000,916,corrected,psi1,0.4850444148088795,0.10264658507430971
5000,917,naive,psi0,-0.2606479550167544,0.08028395151414346
5000,917,naive,psi1,-0.21438451557401295,0.08568528925370542
5000,917,corrected,psi0,0.9872397772194071,0.09394430013928069
5000,917,corrected,psi1,0.2870801128774282,0.10159403766823571
5000,918,naive,psi0,-0.15523584268166626,0.08114479495170787
5000,918,naive,psi1,0.051534235469388186,0.08739792024766273
5000,918,corrected,psi0,1.1660913270317317,0.09421663067115142
5000,918,corrected,psi1,0.5447595113783008,0.10100810030078283
5000,919,naive,psi0,-0.18686036607868495,0.08262656658301835
5000,919,naive,psi1,-0.05213380810326276,0.0848768260664977
5000,919,corrected,psi0,1.1204382787903278,0.09559930061919691
5000,919,corrected,psi1,0.4422746378132181,0.09718770306652771
5000,920,naive,psi0,-0.1394313810892843,0.08035417767419556
5000,920,naive,psi1,0.009760291589714058,0.08719429880463357
5000,920,corrected,psi0,1.1576226350211123,0.09356831427496502
5000,920,corrected,psi1,0.5258584147194711,0.1022771775385328
5000,921,naive,psi0,-0.15091873860932561,0.08114957293518611
5000,921,naive,psi1,0.02921292413239448,0.0834018685045615
5000,921,corrected,psi0,1.1617610980079036,0.09464011353421174
5000,921,corrected,psi1,0.5076979649513067,0.09741409568232326
5000,922,naive,psi0,-0.13206515009220895,0.08074465378448563
5000,922,naive,psi1,0.0013208128184260548,0.0840759314310446
5000,922,corrected,psi0,1.1603552628320462,0.09410252783266768
5000,922,corrected,psi1,0.4949835244208908,0.0984811141021939
5000,923,naive,psi0,-0.3359330220351811,0.08070985331699124
5000,923,naive,psi1,0.13618585285617965,0.09113171656245965
5000,923,corrected,psi0,0.9181473265044148,0.09388845609756352
5000,923,corrected,psi1,0.6577084085451638,0.10617279751465324
5000,924,naive,psi0,-0.2935845598685507,0.08357352671109361
5000,924,naive,psi1,0.09029178259323173,0.08743032855343538
5000,924,corrected,psi0,0.9916845369922104,0.09727322750108994
5000,924,corrected,psi1,0.5951198580748875,0.10181211982383481
5000,925,naive,psi0,-0.329852852956567,0.08029604284674163
5000,925,naive,psi1,-0.09392726918156599,0.08291788808450444
5000,925,corrected,psi0,0.9629993466923322,0.09280331241805496
5000,925,corrected,psi1,0.39076912028886496,0.0944845621696334
5000,926,naive,psi0,-0.2247802220666218,0.0812548284321955
5000,926,naive,psi1,0.12210436936243735,0.07929804482493456
5000,926,corrected,psi0,1.024294608424976,0.09451287368772003
5000,926,corrected,psi1,0.6774774713259475,0.09295760632470088
5000,927,naive,psi0,-0.1431730473291088,0.08083005845883362
5000,927,naive,psi1,-0.07054338794374224,0.08608295178364246
5000,927,corrected,psi0,1.1810365126397961,0.09412126801602844
5000,927,corrected,psi1,0.4198025949819708,0.09957586593067588
5000,928,naive,psi0,-0.2756322063235669,0.08006991027101514
5000,928,naive,psi1,0.013653144203772378,0.08111900908608909
5000,928,corrected,psi0,1.0045196217940455,0.09329171397677251
5000,928,corrected,psi1,0.5304472550424078,0.09421256626428275
5000,929,naive,psi0,-0.4408800528883849,0.08122665881790926
5000,929,naive,psi1,-0.14332210492751704,0.08169558060893621
5000,929,corrected,psi0,0.7997745440582698,0.09465823541743434
5000,929,corrected,psi1,0.3241711512046338,0.0957411254606796
5000,930,naive,psi0,-0.4002740921014291,0.08196289346140931
5000,930,naive,psi1,-0.07668921003877385,0.0874673958328765
5000,930,corrected,psi0,0.8461474994619554,0.09548997310283981
5000,930,corrected,psi1,0.40909639015668364,0.10218563492042135
5000,931,naive,psi0,-0.34873214289746485,0.08117720490110805
5000,931,naive,psi1,-0.05269680550353578,0.08706764130843034
5000,931,corrected,psi0,0.9166040335935006,0.09503768844057031
5000,931,corrected,psi1,0.3985897114516099,0.1028002627719427
5000,932,naive,psi0,-0.2780248757720697,0.08069806192213341
5000,932,naive,psi1,0.13019869131320663,0.08278294369841187
5000,932,corrected,psi0,0.9688212163348792,0.09454910792562313
5000,932,corrected,psi1,0.6248768632140691,0.0979924924338048
5000,933,naive,psi0,-0.23451911202363945,0.08132487880865696
5000,933,naive,psi1,-0.06528365137592859,0.08740928124556224
5000,933,corrected,psi0,1.0266593332361116,0.09457153431571033
5000,933,corrected,psi1,0.4233591686070593,0.10274803695773109
5000,934,naive,psi0,-0.25460956416942604,0.0813664287779056
5000,934,naive,psi1,-0.12849196133002683,0.08751911266500405
5000,934,corrected,psi0,1.0305232729190918,0.09491339147130878
5000,934,corrected,psi1,0.3766038776113146,0.10192308148357869
5000,935,naive,psi0,-0.23867643800491783,0.08137313317463628
5000,935,naive,psi1,-0.056371866936951835,0.08414453441964109
5000,935,corrected,psi0,1.0165103674107803,0.09491257989608078
5000,935,corrected,psi1,0.4239842138909077,0.09819087723002128
5000,936,naive,psi0,-0.16001073427032353,0.08214182792567858
5000,936,naive,psi1,0.12726350734816433,0.08963215278366206
5000,936,corrected,psi0,1.1336200325226988,0.09526929314894035
5000,936,corrected,psi1,0.6572283504025912,0.10408841508998426
5000,937,naive,psi0,-0.3407020588128004,0.082741580897223
5000,937,naive,psi1,0.1112577127063504,0.08649972850235271
5000,937,corrected,psi0,0.9024717014747128,0.0969847846389574
5000,937,corrected,psi1,0.6436426270415473,0.1017930806681799
5000,938,naive,psi0,-0.3784236204421605,0.08052333982189794
5000,938,naive,psi1,-0.01124989157894591,0.08619985437536161
5000,938,corrected,psi0,0.904358592848021,0.09430346697714408
5000,938,corrected,psi1,0.45776873650890476,0.10114807829504534
5000,939,naive,psi0,-0.38684301987675346,0.08123414198694849
5000,939,naive,psi1,0.1684920833613244,0.08383413245407936
5000,939,corrected,psi0,0.899713196284303,0.09481834265386793
5000,939,corrected,psi1,0.6681161205989915,0.09773492538543534
5000,940,naive,psi0,-0.21900163233383244,0.08051762324169887
5000,940,naive,psi1,-0.01291787774444437,0.08710311149811001
5000,940,corrected,psi0,1.051276516484216,0.09484223107041574
5000,940,corrected,psi1,0.5141111844520229,0.10307233096785116
5000,941,naive,psi0,-0.21798431835203685,0.08048991409051982
5000,941,naive,psi1,0.08417147860256517,0.08517147838843805
5000,941,corrected,psi0,1.0955982521521013,0.09336277727078164
5000,941,corrected,psi1,0.5890002629693718,0.10020685963121029
5000,942,naive,psi0,-0.16789115323897533,0.0787402393825253
5000,942,naive,psi1,-0.0010202492188195814,0.07965298498882531
5000,942,corrected,psi0,1.1043709211835653,0.09182578623155098
5000,942,corrected,psi1,0.51316410326706,0.09267001073368275
5000,943,naive,psi0,-0.26859608957506337,0.07978333755001346
5000,943,naive,psi1,0.01487192168100835,0.08668614593708991
5000,943,corrected,psi0,1.0000670492748645,0.09276200282804871
5000,943,corrected,psi1,0.5115534216051167,0.09958905423636044
5000,944,naive,psi0,-0.06687744801951283,0.08096193777438954
5000,944,naive,psi1,0.11325241153413301,0.08518788755488438
5000,944,corrected,psi0,1.2120050158172007,0.09387163776699808
5000,944,corrected,psi1,0.6321846023229531,0.10021103007144817
5000,945,naive,psi0,-0.2858930687516682,0.08081460203604571
5000,945,naive,psi1,0.009789713276346769,0.08374305779108099
5000,945,corrected,psi0,0.9796797026698671,0.09458752019942587
5000,945,corrected,psi1,0.5491889897445645,0.09702341554220067
5000,946,naive,psi0,-0.29343872699646195,0.08155867335770826
5000,946,naive,psi1,0.017978937093500753,0.08491244989930946
5000,946,corrected,psi0,0.9788224244382121,0.09560600787203907
5000,946,corrected,psi1,0.4839559620087017,0.10005224715680812
5000,947,naive,psi0,-0.2408848753217748,0.07992027353660233
5000,947,naive,psi1,0.03270936837530815,0.08370958436341955
5000,947,corrected,psi0,1.0571385867736673,0.0926034649611317
5000,947,corrected,psi1,0.5265975973322753,0.09681358856169807
5000,948,naive,psi0,-0.3881061510539728,0.08274628365231061
5000,948,naive,psi1,-0.10869774826222986,0.08795142476924431
5000,948,corrected,psi0,0.8555635144096837,0.09608964826721149
5000,948,corrected,psi1,0.3561947154128623,0.10300369189392815
5000,949,naive,psi0,-0.44400711898284245,0.08082138221616197
5000,949,naive,psi1,0.06622232284797935,0.08589971875941844
5000,949,corrected,psi0,0.8261162462168674,0.09418900842208731
5000,949,corrected,psi1,0.5600462684811607,0.10051639995684811
5000,950,naive,psi0,-0.1420861514451447,0.08027653769058327
5000,950,naive,psi1,-0.17637756784077666,0.08709467928932374
5000,950,corrected,psi0,1.1612965679831202,0.09370823723829899
5000,950,corrected,psi1,0.33453544065969526,0.10131156088618953
5000,951,naive,psi0,-0.3308645626563166,0.08219338961368088
5000,951,naive,psi1,-0.0024317273448398857,0.08060106922283143
5000,951,corrected,psi0,0.9650761346241183,0.09519968352670766
5000,951,corrected,psi1,0.473776997969476,0.09378704955569327
5000,952,naive,psi0,-0.20184480939790728,0.08186242331043397
5000,952,naive,psi1,-0.1613066340010094,0.08994999586054915
5000,952,corrected,psi0,1.096881907847535,0.0954088729319403
5000,952,corrected,psi1,0.33669649746299873,0.10321453916643601
5000,953,naive,psi0,-0.3165849928106094,0.08065081678165104
5000,953,naive,psi1,0.0613860784430396,0.08491915529562483
5000,953,corrected,psi0,0.9287031537167761,0.0939388458617
5000,953,corrected,psi1,0.55225540889314,0.09855303368579328
5000,954,naive,psi0,-0.2813509935579115,0.08026551543637628
5000,954,naive,psi1,-0.014189754777465091,0.08426490666618429
5000,954,corrected,psi0,1.0084970637861697,0.09311025544008424
5000,954,corrected,psi1,0.4822308985385292,0.09797138886136002
5000,955,naive,psi0,-0.31361525130941703,0.08139622169111604
5000,955,naive,psi1,0.04202338874250898,0.0887218785455575
5000,955,corrected,psi0,0.9611418633249366,0.09430613317222394
5000,955,corrected,psi1,0.5567577254446707,0.10294099224307672
5000,956,naive,psi0,-0.2768441105360191,0.0799687134196541
5000,956,naive,psi1,-0.08663306111967556,0.0842353213372181
5000,956,corrected,psi0,1.0157433375945522,0.09364276800991563
5000,956,corrected,psi1,0.3706209771907709,0.09923256509367766
5000,957,naive,psi0,-0.32019731907460625,0.08063093572950496
5000,957,naive,psi1,-0.06043601175293213,0.08579256107201925
5000,957,corrected,psi0,0.9615593591276158,0.09449923859396703
5000,957,corrected,psi1,0.43489099615016746,0.10165407624457375
5000,958,naive,psi0,-0.31827030940461676,0.0794304849565837
5000,958,naive,psi1,0.02663754313694413,0.08428493866949419
5000,958,corrected,psi0,0.9278817644805879,0.09285367056705393
5000,958,corrected,psi1,0.5549746301355035,0.09863294651379112
5000,959,naive,psi0,-0.31167231440405924,0.08176688873058617
5000,959,naive,psi1,0.03783871557270974,0.08694852673283145
5000,959,corrected,psi0,0.953644143351714,0.09525555071627052
5000,959,corrected,psi1,0.5654849642671725,0.10239454225518377
5000,960,naive,psi0,-0.2655644943269779,0.08067804855262124
5000,960,naive,psi1,-0.012571597257039034,0.08634408176349606
5000,960,corrected,psi0,1.0283190346764552,0.09438240011554284
5000,960,corrected,psi1,0.4903822091572718,0.10169197002618008
5000,961,naive,psi0,-0.2652517389032813,0.08016916698374522
5000,961,naive,psi1,-0.0975704390519605,0.07996234829709359
5000,961,corrected,psi0,1.0554237260742987,0.09319736830212633
5000,961,corrected,psi1,0.3563640331895073,0.09193291918516565
5000,962,naive,psi0,-0.37325934850549214,0.0812147420526612
5000,962,naive,psi1,0.09182966725059238,0.08291079173988486
5000,962,corrected,psi0,0.89062910286065,0.09486020890773648
5000,962,corrected,psi1,0.5986206984969199,0.0967925257885272
5000,963,naive,psi0,-0.25373679546693073,0.08143340587258693
5000,963,naive,psi1,0.04562949929245885,0.08455145864623494
5000,963,corrected,psi0,1.0421160156986196,0.09432341302399228
5000,963,corrected,psi1,0.4997628551971028,0.09866464465197161
5000,964,naive,psi0,-0.23641505969919047,0.07960670596804709
5000,964,naive,psi1,0.116829733409086,0.08760379975793854
5000,964,corrected,psi0,1.025139881104281,0.09308746464456068
5000,964,corrected,psi1,0.6405225772944277,0.10191127390962076
5000,965,naive,psi0,-0.26357748311173607,0.08076306666983746
5000,965,naive,psi1,0.05746094411497945,0.09153425983447144
5000,965,corrected,psi0,0.9990862909966388,0.0944551296366344
5000,965,corrected,psi1,0.5469740361395928,0.10838625658790164
5000,966,naive,psi0,-0.4739575423830114,0.08231731157789347
5000,966,naive,psi1,-0.03562172812858325,0.09436078381137986
5000,966,corrected,psi0,0.7810314285217312,0.0957494501049915
5000,966,corrected,psi1,0.46904931827184654,0.10889599817902462
5000,967,naive,psi0,-0.2666465217084077,0.08214671566751659
5000,967,naive,psi1,-0.09778255250876386,0.08669863557008606
5000,967,corrected,psi0,1.0564280851841075,0.0955751558174791
5000,967,corrected,psi1,0.40993988863523884,0.10268620751851461
5000,968,naive,psi0,-0.28996584347491444,0.08113305107486292
5000,968,naive,psi1,0.028486821664634975,0.08309798077042284
5000,968,corrected,psi0,0.9725475455280064,0.09439773449634299
5000,968,corrected,psi1,0.5280088994805353,0.09674153576905029
5000,969,naive,psi0,-0.3436385872025802,0.0812137084112951
5000,969,naive,psi1,-0.011712989717486641,0.08542432095658087
5000,969,corrected,psi0,0.9238787138501545,0.09448910179198547
5000,969,corrected,psi1,0.4988114254031855,0.09936678393497518
5000,970,naive,psi0,-0.18306236037974222,0.08076846371269614
5000,970,naive,psi1,-0.10375989395415251,0.08440443271957258
5000,970,corrected,psi0,1.105164023710706,0.09392902149595682
5000,970,corrected,psi1,0.382034978282522,0.09826995093691931
5000,971,naive,psi0,-0.2332910533838785,0.08132912894451666
5000,971,naive,psi1,0.02636828443280289,0.08460136134400226
5000,971,corrected,psi0,1.0582759339263412,0.09416514563525179
5000,971,corrected,psi1,0.5482107620704881,0.09723800362533042
5000,972,naive,psi0,-0.1746920526657026,0.08009074440949214
5000,972,naive,psi1,-0.01614040556368321,0.08128359566307847
5000,972,corrected,psi0,1.0803583811709279,0.09251883637111355
5000,972,corrected,psi1,0.45478630278268006,0.09375899684876338
5000,973,naive,psi0,-0.3159900988634495,0.08134155158461046
5000,973,naive,psi1,-0.07579678636474965,0.08446991248527383
5000,973,corrected,psi0,0.9550912554767433,0.09448275111432984
5000,973,corrected,psi1,0.40325001569411184,0.098190891004939
5000,974,naive,psi0,-0.3433777540842659,0.08023160885764626
5000,974,naive,psi1,0.137806429730281,0.08244693613270415
5000,974,corrected,psi0,0.9238111628553125,0.0931096643031643
5000,974,corrected,psi1,0.6310423223692625,0.09631500765736023
5000,975,naive,psi0,-0.3088431613189832,0.08079391935866828
5000,975,naive,psi1,-0.01612330866223778,0.08569001541954445
5000,975,corrected,psi0,0.9477386568201162,0.09393518605082585
5000,975,corrected,psi1,0.4826908132329626,0.0997632283327282
5000,976,naive,psi0,-0.3163521183542843,0.08141085264587644
5000,976,naive,psi1,0.053006533059595275,0.08565949110838703
5000,976,corrected,psi0,0.95350292806795,0.09511454221550157
5000,976,corrected,psi1,0.5403949405468291,0.10083108008961551
5000,977,naive,psi0,-0.23472701668148785,0.08234231697366083
5000,977,naive,psi1,-0.014229461450642758,0.08711283467390751
5000,977,corrected,psi0,1.0318409323641358,0.09626331117898583
5000,977,corrected,psi1,0.4779817407355607,0.10184961813155588
5000,978,naive,psi0,-0.2795213165109258,0.08123318533674108
5000,978,naive,psi1,0.13106331791461656,0.08734774270018461
5000,978,corrected,psi0,1.0271276309488673,0.09569145680059236
5000,978,corrected,psi1,0.6886577277099545,0.10579420645414138
5000,979,naive,psi0,-0.13298532240580907,0.07927357727236253
5000,979,naive,psi1,-0.008404828874697007,0.08440080830853568
5000,979,corrected,psi0,1.1632239746426298,0.09282157280744587
5000,979,corrected,psi1,0.4871124259249807,0.09927868324333251
5000,980,naive,psi0,-0.18309951282232143,0.07953257569497083
5000,980,naive,psi1,-0.05211786108920615,0.07942481933956363
5000,980,corrected,psi0,1.1051240672279212,0.09311638984640501
5000,980,corrected,psi1,0.4701342826852336,0.09327771874837688
5000,981,naive,psi0,-0.26025652058330406,0.07890298830503843
5000,981,naive,psi1,0.014410884442974316,0.0826370544615199
5000,981,corrected,psi0,1.0137692861913596,0.09191169314972557
5000,981,corrected,psi1,0.5294733861517057,0.09609264100356953
5000,982,naive,psi0,-0.30808446950134266,0.08024925184454385
5000,982,naive,psi1,0.03348233995519262,0.08545531712552876
5000,982,corrected,psi0,0.9535846947057798,0.09397737521473018
5000,982,corrected,psi1,0.5341307973690254,0.1000787201590616
5000,983,naive,psi0,-0.22981661637054174,0.08019645853429652
5000,983,naive,psi1,-0.04645936095072275,0.08634819866834449
5000,983,corrected,psi0,1.028111127432235,0.09341656239273098
5000,983,corrected,psi1,0.41578740979263734,0.10059627505973763
5000,984,naive,psi0,-0.18162129710651792,0.07881103183644025
5000,984,naive,psi1,-0.04765108207508903,0.08460691082808897
5000,984,corrected,psi0,1.1123651930795795,0.09159524080141776
5000,984,corrected,psi1,0.44110366855971844,0.09930870047773366
5000,985,naive,psi0,-0.24262294985000296,0.08009031233262484
5000,985,naive,psi1,-0.1470825984279086,0.08631616254880838
5000,985,corrected,psi0,1.051371636757412,0.09273325640237971
5000,985,corrected,psi1,0.31879372975212594,0.09972192862202327
5000,986,naive,psi0,-0.33461254200692253,0.08101661837156093
5000,986,naive,psi1,0.0342617058348516,0.08562734468893704
5000,986,corrected,psi0,0.9391176300438897,0.09407801083016529
5000,986,corrected,psi1,0.5500603461374106,0.09906231203474039
5000,987,naive,psi0,-0.2059000711092975,0.08076911341892522
5000,987,naive,psi1,0.0638938246302224,0.08833026280339751
5000,987,corrected,psi0,1.0738856982763316,0.09343817174057725
5000,987,corrected,psi1,0.5671087081326248,0.10238386662504564
5000,988,naive,psi0,-0.2668324655948497,0.08183007214601676
5000,988,naive,psi1,-0.015913824819363445,0.0894016827487936
5000,988,corrected,psi0,1.0004002786741288,0.09535103995157693
5000,988,corrected,psi1,0.5003772892845914,0.10425957973689531
5000,989,naive,psi0,-0.22583140676128238,0.08124124132147273
5000,989,naive,psi1,-0.009292865860020453,0.08344571850548253
5000,989,corrected,psi0,1.0642467668866602,0.09506488565465009
5000,989,corrected,psi1,0.4881950027750049,0.09754375703537638
5000,990,naive,psi0,-0.2384319735342137,0.08025624761458808
5000,990,naive,psi1,0.06970287739719597,0.08522861472740566
5000,990,corrected,psi0,1.0330186357547237,0.0939290837399084
5000,990,corrected,psi1,0.6051567013642639,0.10021859304783545
5000,991,naive,psi0,-0.2638190651502326,0.08170755598054505
5000,991,naive,psi1,-0.1497150642093264,0.08788199442125515
5000,991,corrected,psi0,1.0161382112707422,0.09539179995255656
5000,991,corrected,psi1,0.3195237712480004,0.10306134550221999
5000,992,naive,psi0,-0.3229032978852615,0.08254641706299612
5000,992,naive,psi1,-0.03017639508025023,0.08642254641394914
5000,992,corrected,psi0,0.9583322804551748,0.0961070314525614
5000,992,corrected,psi1,0.44110206615128306,0.1003555475210766
5000,993,naive,psi0,-0.21413455222059377,0.08006626815116062
5000,993,naive,psi1,0.17049073643477247,0.08392219061515999
5000,993,corrected,psi0,1.0555828883660683,0.09310872982191751
5000,993,corrected,psi1,0.7236089694350908,0.09736331573676556
5000,994,naive,psi0,-0.21761164095735708,0.07897223159622663
5000,994,naive,psi1,-0.07331018875871886,0.08106608524890546
5000,994,corrected,psi0,1.0484033913197515,0.09182221892250085
5000,994,corrected,psi1,0.39573419831428697,0.09362471539162219
5000,995,naive,psi0,-0.3022174670869316,0.08187855623999313
5000,995,naive,psi1,0.029622392755726413,0.0886393895329663
5000,995,corrected,psi0,0.967944202806136,0.09479043182137095
5000,995,corrected,psi1,0.5713421521586316,0.10181991766258247
5000,996,naive,psi0,-0.26800856811068235,0.08114536003228114
5000,996,naive,psi1,-0.01217214357419954,0.08722146697872223
5000,996,corrected,psi0,0.9671293647017452,0.09466140324889047
5000,996,corrected,psi1,0.4646488772269668,0.10115162443790252
5000,997,naive,psi0,-0.37751388427866883,0.08007265046066653
5000,997,naive,psi1,0.05844556344311687,0.08814310228534139
5000,997,corrected,psi0,0.9175564992628914,0.09400537964148392
5000,997,corrected,psi1,0.5929303588506389,0.10262972531249673
5000,998,naive,psi0,-0.4016182881747765,0.08014655676542427
5000,998,naive,psi1,-0.12192668475649435,0.0837505901600404
5000,998,corrected,psi0,0.8569953355354917,0.0935550676865501
5000,998,corrected,psi1,0.3453428643083494,0.10073007221915904
5000,999,naive,psi0,-0.30805841737021833,0.07965376767597684
5000,999,naive,psi1,0.08011811520520092,0.08046872342961757
5000,999,corrected,psi0,0.9815422858229839,0.0927071341510967
5000,999,corrected,psi1,0.6074967015005313,0.09437872725382385
