n,rep,method,param,est,se
500,0,naive,psi0,-0.44282925779998156,0.24651189414409405
500,0,naive,psi1,0.07151048241623591,0.2464143991754761
500,0,corrected,psi0,0.8320037803235292,0.28544595953006974
500,0,corrected,psi1,0.6191132412755788,0.28851504801999583
500,1,naive,psi0,-0.40063744326915024,0.27858449993986256
500,1,naive,psi1,-0.11990629412286571,0.3210664244409062
500,1,corrected,psi0,0.7130651605221133,0.32841486956848204
500,1,corrected,psi1,0.4886321465216071,0.37423583272110006
500,2,naive,psi0,-0.7551678208975536,0.2350469438887659
500,2,naive,psi1,-0.15410885956718243,0.2690437004812492
500,2,corrected,psi0,0.5156528218242737,0.27817804828129117
500,2,corrected,psi1,0.3039357171896458,0.33009477188381775
500,3,naive,psi0,-0.38264037200195505,0.24811432345872242
500,3,naive,psi1,0.22533261314183553,0.23843119618946368
500,3,corrected,psi0,0.9009588344820803,0.29392849572783547
500,3,corrected,psi1,0.7323424627455011,0.27998103130133173
500,4,naive,psi0,-0.008117908497625883,0.25494266007706956
500,4,naive,psi1,0.32499903055806645,0.24568206147327534
500,4,corrected,psi0,1.220674407924266,0.29866646175785627
500,4,corrected,psi1,0.8963569191304626,0.29513602458791766
500,5,naive,psi0,0.30682713568898556,0.2775222174268555
500,5,naive,psi1,-0.3032562215955581,0.30494522897981907
500,5,corrected,psi0,1.5816691831221585,0.32211778239384037
500,5,corrected,psi1,0.1498708162395096,0.352306376139152
500,6,naive,psi0,-0.7191737263671132,0.23938987457033484
500,6,naive,psi1,0.19537888966875358,0.24714163135697836
500,6,corrected,psi0,0.5267289055022445,0.28221136926664386
500,6,corrected,psi1,0.6597671195627595,0.2824449199611603
500,7,naive,psi0,-0.706621137312456,0.257602336762405
500,7,naive,psi1,-0.006291112595777713,0.30333289507270134
500,7,corrected,psi0,0.34059429221805637,0.3050489999559044
500,7,corrected,psi1,0.6783438224343153,0.37393807468147305
500,8,naive,psi0,-0.8516042519076852,0.22480079608271514
500,8,naive,psi1,-0.3682491484059239,0.2204331336504623
500,8,corrected,psi0,0.44552406368299524,0.2587017180907328
500,8,corrected,psi1,0.12136651398373773,0.25495734253865243
500,9,naive,psi0,-0.02933822080561037,0.25688302763238446
500,9,naive,psi1,-0.14299094974235566,0.2682706295009601
500,9,corrected,psi0,1.3556120163182448,0.2949843050675988
500,9,corrected,psi1,0.3230633508829782,0.3080532871088126
500,10,naive,psi0,-0.24203687880213723,0.2719650427261587
500,10,naive,psi1,-0.4451406380304817,0.34967006270714024
500,10,corrected,psi0,1.1115978143723593,0.3119620287458133
500,10,corrected,psi1,-0.0013337594174162306,0.3871451643250184
500,11,naive,psi0,-0.5106739490621264,0.2363227124209784
500,11,naive,psi1,0.4795290977871877,0.28559687030842235
500,11,corrected,psi0,0.7776208842225754,0.2706821785323907
500,11,corrected,psi1,1.1036038004505582,0.33083055514245224
500,12,naive,psi0,-0.14495913655698411,0.2582330362164219
500,12,naive,psi1,0.8390612724123182,0.26882954648929086
500,12,corrected,psi0,1.1317279272042806,0.29984929816490624
500,12,corrected,psi1,1.5860134067809128,0.31440449909536816
500,13,naive,psi0,-0.12698880934009782,0.274431371060563
500,13,naive,psi1,0.049213923448420384,0.2512941740974306
500,13,corrected,psi0,1.2348251182494165,0.3220476443450611
500,13,corrected,psi1,0.4318078289748063,0.30649792682801213
500,14,naive,psi0,-0.2456205517633645,0.3079583276668588
500,14,naive,psi1,0.44799213751295125,0.30441508379491306
500,14,corrected,psi0,1.0490150392549766,0.3563370549349518
500,14,corrected,psi1,0.8855085986279454,0.34687025633656926
500,15,naive,psi0,-0.30843241679308914,0.2561433067829837
500,15,naive,psi1,-0.08880214272551001,0.2789199149953306
500,15,corrected,psi0,0.9557103582755951,0.3012170419055121
500,15,corrected,psi1,0.2884662469698355,0.32474707132613706
500,16,naive,psi0,-0.8292736407193229,0.25834879272053235
500,16,naive,psi1,-0.05552595552924442,0.28578398371274005
500,16,corrected,psi0,0.2808549747229504,0.3039277798972218
500,16,corrected,psi1,0.46990908946246207,0.33515948425982117
500,17,naive,psi0,-0.4502657441575995,0.25500727434900333
500,17,naive,psi1,-0.35187050729900216,0.24672082245679736
500,17,corrected,psi0,0.869059877077234,0.299053351167341
500,17,corrected,psi1,0.12993532250171652,0.28128363002444634
500,18,naive,psi0,-0.14421655115597282,0.22457064646339364
500,18,naive,psi1,-0.26980115336015137,0.22296138714293026
500,18,corrected,psi0,1.2166261597539265,0.2641048262654965
500,18,corrected,psi1,0.15064198069722753,0.25869523622210394
500,19,naive,psi0,-0.25350280201924663,0.2579958940600069
500,19,naive,psi1,0.005803598525800953,0.2737189130654805
500,19,corrected,psi0,1.0393566503666511,0.30085261886484177
500,19,corrected,psi1,0.5566016097637131,0.31430584664008393
500,20,naive,psi0,-0.11192745362454415,0.25899645629071766
500,20,naive,psi1,-0.002600948834199691,0.2555426946718629
500,20,corrected,psi0,1.1176568531564195,0.29780168438021676
500,20,corrected,psi1,0.5645059457653493,0.29293123226191875
500,21,naive,psi0,0.15248908407379166,0.26278677180612886
500,21,naive,psi1,-0.022794514815312434,0.25795354028759987
500,21,corrected,psi0,1.4689031966234307,0.3108857607755704
500,21,corrected,psi1,0.43301262883847325,0.2992321991529181
500,22,naive,psi0,-0.20773411441620226,0.26529194490703
500,22,naive,psi1,-0.2942542520147983,0.3102551141469906
500,22,corrected,psi0,1.0009762408686924,0.30654487517905227
500,22,corrected,psi1,0.21521393065087788,0.3715300573250108
500,23,naive,psi0,-0.1785419815909954,0.26237814588937547
500,23,naive,psi1,0.4158452628650862,0.3165445774053047
500,23,corrected,psi0,1.1023459104892497,0.30580882596460335
500,23,corrected,psi1,1.025452355944761,0.362649992849951
500,24,naive,psi0,-0.10219343933415309,0.25277747099175485
500,24,naive,psi1,-0.6026188903258092,0.3005141193813959
500,24,corrected,psi0,1.280469207847184,0.30071459263188766
500,24,corrected,psi1,-0.1011716337901728,0.35873297013521704
500,25,naive,psi0,-0.1814475269598844,0.2649870071221737
500,25,naive,psi1,0.4467997585254735,0.30384016644105544
500,25,corrected,psi0,1.090771056905702,0.307280231745378
500,25,corrected,psi1,1.0677668127189277,0.3527167649601146
500,26,naive,psi0,0.38520085702291923,0.24117934634092614
500,26,naive,psi1,0.347083160658132,0.27016961938109524
500,26,corrected,psi0,1.7026165592456126,0.27542677983784397
500,26,corrected,psi1,0.8475934566265411,0.3106643052149356
500,27,naive,psi0,-0.5141960051543104,0.2665214665829651
500,27,naive,psi1,0.2588276440148803,0.25243699103780864
500,27,corrected,psi0,0.7506908290131831,0.30983391140799627
500,27,corrected,psi1,0.8403473294846522,0.2992451519792638
500,28,naive,psi0,-0.7390735770844756,0.23799493642326988
500,28,naive,psi1,-0.39483167733950125,0.2860446431665508
500,28,corrected,psi0,0.5199228655952037,0.28069492861636147
500,28,corrected,psi1,0.006789835761274048,0.33209601779694753
500,29,naive,psi0,0.0630877050446014,0.27283015411837513
500,29,naive,psi1,0.023807771030110867,0.29788346395811255
500,29,corrected,psi0,1.2341247231289525,0.3194795069311722
500,29,corrected,psi1,0.486233855586237,0.34355501466073046
500,30,naive,psi0,-0.54176825081992,0.23826055905207344
500,30,naive,psi1,-0.18269583924710495,0.24813562024177627
500,30,corrected,psi0,0.7088158005199515,0.2777589943813361
500,30,corrected,psi1,0.355346544741779,0.284785608429379
500,31,naive,psi0,0.043835371279067406,0.2527707414245795
500,31,naive,psi1,-0.13197299862732367,0.27983245923844857
500,31,corrected,psi0,1.3305634005683113,0.2872501952489299
500,31,corrected,psi1,0.24993701978472124,0.3178046283067713
500,32,naive,psi0,-0.446482727548292,0.24034564212285955
500,32,naive,psi1,0.29101736256311334,0.2735786718338513
500,32,corrected,psi0,0.9137381227189745,0.27509112996208274
500,32,corrected,psi1,0.7622575659154677,0.31944158677036955
500,33,naive,psi0,-0.2290554561214963,0.2464806765864917
500,33,naive,psi1,-0.06111302013686917,0.2329939914221608
500,33,corrected,psi0,0.9109637359374423,0.28779973834117056
500,33,corrected,psi1,0.4181616682272035,0.27528196513095027
500,34,naive,psi0,0.2212972772640179,0.25193120014540804
500,34,naive,psi1,0.12421938580160968,0.30265117917130224
500,34,corrected,psi0,1.3988146962031938,0.2895636045116691
500,34,corrected,psi1,0.6281916875360406,0.3312639853241666
500,35,naive,psi0,-0.4835579344932755,0.27414517686907364
500,35,naive,psi1,0.2569999867382421,0.3251657851910915
500,35,corrected,psi0,0.7745026833799341,0.3244422469874767
500,35,corrected,psi1,0.8341918240161472,0.3761806675171452
500,36,naive,psi0,-0.3097239823463772,0.255831258542094
500,36,naive,psi1,-0.16797127245311405,0.27005604721591925
500,36,corrected,psi0,0.9911439873197397,0.3049624822699428
500,36,corrected,psi1,0.38832952729244025,0.34987972715376126
500,37,naive,psi0,-0.38433132358502936,0.2477705593123999
500,37,naive,psi1,0.39484360644773264,0.19941404462979262
500,37,corrected,psi0,0.8236132716149128,0.28566844100289013
500,37,corrected,psi1,0.9532516245535596,0.22254663532273844
500,38,naive,psi0,-0.41159046489100104,0.2716489592294652
500,38,naive,psi1,-0.06934197536200777,0.24445897244083434
500,38,corrected,psi0,0.8893594427000643,0.31837179550521455
500,38,corrected,psi1,0.3329860758459167,0.2832603209327885
500,39,naive,psi0,-0.2979244181126281,0.26313735580838066
500,39,naive,psi1,-0.1994959016209052,0.2671239340528049
500,39,corrected,psi0,0.8278437008110333,0.3106912728591616
500,39,corrected,psi1,0.29494006976197973,0.3209645268896208
500,40,naive,psi0,-0.09501503557735243,0.25598984821684556
500,40,naive,psi1,0.15868333332760665,0.29276996070208683
500,40,corrected,psi0,1.2027356710259236,0.3037335627724723
500,40,corrected,psi1,0.5882481183201737,0.3502611866115633
500,41,naive,psi0,-0.6260783391432909,0.27222477736726164
500,41,naive,psi1,-0.1893505743609986,0.2557122405506496
500,41,corrected,psi0,0.6175412866163444,0.31604826372629996
500,41,corrected,psi1,0.2590022135257241,0.2960464724403601
500,42,naive,psi0,-0.3971726723441386,0.2716103878116029
500,42,naive,psi1,0.14677219082659743,0.29664131386291404
500,42,corrected,psi0,0.911970355844099,0.31970533055738515
500,42,corrected,psi1,0.6476136874957212,0.3367804179502402
500,43,naive,psi0,-0.46642982583704756,0.23853048728026616
500,43,naive,psi1,-0.12852706264776617,0.2891044522030324
500,43,corrected,psi0,0.73145137814902,0.27697993980238467
500,43,corrected,psi1,0.40998478187340776,0.33254827965348277
500,44,naive,psi0,0.11612149280101343,0.26735765761629754
500,44,naive,psi1,-0.07027519720041758,0.25701469648148345
500,44,corrected,psi0,1.4720951978006886,0.3140878136958651
500,44,corrected,psi1,0.37174792809166285,0.30047883942245374
500,45,naive,psi0,-0.12518254902979267,0.24093776573431425
500,45,naive,psi1,-0.24503406880823111,0.2681427989265253
500,45,corrected,psi0,1.2357396628208859,0.28823620033365505
500,45,corrected,psi1,0.19108731831181666,0.30842656928227413
500,46,naive,psi0,-0.45152555091820107,0.25293520353218807
500,46,naive,psi1,0.17607694806862942,0.2838969192007707
500,46,corrected,psi0,0.7842965503880448,0.28860033280769715
500,46,corrected,psi1,0.6496819284053053,0.323862177591095
500,47,naive,psi0,-0.8471308949646457,0.2695363527664265
500,47,naive,psi1,-0.0871182549780646,0.3121689939057655
500,47,corrected,psi0,0.31162141932900067,0.315989427669114
500,47,corrected,psi1,0.4757440239451142,0.3470686332468703
500,48,naive,psi0,-0.3043101218833239,0.237221320679619
500,48,naive,psi1,0.20688083602175353,0.2169100411225016
500,48,corrected,psi0,0.9158201507400485,0.2706293991142946
500,48,corrected,psi1,0.7599089002781668,0.24748468065159093
500,49,naive,psi0,-0.307907819040373,0.24429609886097134
500,49,naive,psi1,-0.17631806438287184,0.2742880952734139
500,49,corrected,psi0,0.8916589321052699,0.288950655119151
500,49,corrected,psi1,0.38801605982357484,0.3223043915527216
500,50,naive,psi0,0.3401829067528471,0.2555565170645401
500,50,naive,psi1,-0.07490770834153528,0.2707824825299748
500,50,corrected,psi0,1.6890108981884195,0.30288293171652847
500,50,corrected,psi1,0.5202027239644976,0.3217829759934816
500,51,naive,psi0,-0.2386431637436362,0.2545523944709772
500,51,naive,psi1,0.16741069436493772,0.2672248364475044
500,51,corrected,psi0,1.00900894025121,0.29998746948819666
500,51,corrected,psi1,0.755513867130411,0.30791376275787447
500,52,naive,psi0,0.34053463015417135,0.27268316923079633
500,52,naive,psi1,-0.7188733019530618,0.29237143170793634
500,52,corrected,psi0,1.7041754536785625,0.32162828686462713
500,52,corrected,psi1,-0.23010701381923832,0.3443485816635535
500,53,naive,psi0,-0.14121109177946903,0.26286858496000387
500,53,naive,psi1,0.27499033642547177,0.28871534068599813
500,53,corrected,psi0,1.2079598819439874,0.30361430886382235
500,53,corrected,psi1,0.8221117603243423,0.32954902362317795
500,54,naive,psi0,-0.23280759135462184,0.2490540375551071
500,54,naive,psi1,-0.23671541764589327,0.2285047470817454
500,54,corrected,psi0,1.0582512550497913,0.28941673022787484
500,54,corrected,psi1,0.14793515159206597,0.2667431217059175
500,55,naive,psi0,0.008363550836126296,0.23343098311254773
500,55,naive,psi1,0.014229416675276139,0.24545308657167497
500,55,corrected,psi0,1.3546267031605321,0.2724684545601059
500,55,corrected,psi1,0.4635295199926831,0.2987404327010311
500,56,naive,psi0,-0.5502153887354517,0.24826925927213297
500,56,naive,psi1,-0.17942443260601762,0.246926261122269
500,56,corrected,psi0,0.6792795568859458,0.2903247650665425
500,56,corrected,psi1,0.15040069335450568,0.2929369897568014
500,57,naive,psi0,-0.43658708469994817,0.2580090713222261
500,57,naive,psi1,-0.42252733699474027,0.2662754977516252
500,57,corrected,psi0,0.7393344367671109,0.30209894768333356
500,57,corrected,psi1,-0.058808143719603696,0.3121440470033513
500,58,naive,psi0,-0.8742231797740364,0.26982212593616556
500,58,naive,psi1,0.1525665534660036,0.2867630842830467
500,58,corrected,psi0,0.34419539702063406,0.31352832379092654
500,58,corrected,psi1,0.7431823931551882,0.33393940833980823
500,59,naive,psi0,-0.17665135623710368,0.2720330775481584
500,59,naive,psi1,0.381114810006203,0.2587039810768367
500,59,corrected,psi0,1.1354867163796047,0.3182764721682834
500,59,corrected,psi1,0.919863967364964,0.3051841685716314
500,60,naive,psi0,-0.23953082571987575,0.2514347820935669
500,60,naive,psi1,-0.005934504111844593,0.2914356953288664
500,60,corrected,psi0,1.0036515591686754,0.29192325640337974
500,60,corrected,psi1,0.5549871191710428,0.3423311034748474
500,61,naive,psi0,-0.30797878327021483,0.2769887701922585
500,61,naive,psi1,-0.05411015019800388,0.25801127465509716
500,61,corrected,psi0,0.9291696636860868,0.3222039406448862
500,61,corrected,psi1,0.32442736355815077,0.30758111031480534
500,62,naive,psi0,-0.17456253821753814,0.2498843894576039
500,62,naive,psi1,-0.18843228986114346,0.2711634316294143
500,62,corrected,psi0,1.191069971912291,0.2886221734406214
500,62,corrected,psi1,0.2842523141343557,0.3091264191693822
500,63,naive,psi0,-0.18939839949869192,0.2598874991558042
500,63,naive,psi1,-0.703632474205903,0.2689501010917631
500,63,corrected,psi0,1.0356465122955236,0.30018048519314366
500,63,corrected,psi1,-0.3190373652197882,0.30505716126716914
500,64,naive,psi0,0.09075646269369805,0.26911009266157415
500,64,naive,psi1,0.3756215824610196,0.30656105519599186
500,64,corrected,psi0,1.4675967590534618,0.3146552682217545
500,64,corrected,psi1,1.002127988647659,0.37991530294244036
500,65,naive,psi0,-0.6182210291971154,0.2299580045442902
500,65,naive,psi1,-0.12635847938743533,0.23507087977433586
500,65,corrected,psi0,0.5752670682681851,0.2666822340974447
500,65,corrected,psi1,0.4094920323834128,0.2722654850621579
500,66,naive,psi0,-0.9477716295742977,0.2848718112975091
500,66,naive,psi1,-0.17701495057234906,0.221942801446733
500,66,corrected,psi0,0.2577801707445708,0.3375106087546551
500,66,corrected,psi1,0.39106994584256605,0.27931459948121884
500,67,naive,psi0,-0.5515834784091034,0.2619271827836755
500,67,naive,psi1,0.2682013160473789,0.2635488576735748
500,67,corrected,psi0,0.7389512023566259,0.305187201588483
500,67,corrected,psi1,0.8269888977718672,0.3071366103338519
500,68,naive,psi0,-0.45290021260796814,0.27140812747120596
500,68,naive,psi1,-0.21222188748887671,0.2529289128422253
500,68,corrected,psi0,0.8167885065360401,0.3113333193804758
500,68,corrected,psi1,0.31476319968792976,0.2911628326990297
500,69,naive,psi0,-0.1674823207230455,0.24259232309006035
500,69,naive,psi1,-0.0002324349764066751,0.261662118600598
500,69,corrected,psi0,1.0312961586203881,0.2844796046428086
500,69,corrected,psi1,0.6145127698994507,0.3047661319879394
500,70,naive,psi0,-0.11821167521577358,0.2694372535139998
500,70,naive,psi1,-0.008961025527476576,0.22893298763609848
500,70,corrected,psi0,1.2748839456658707,0.31093363483397124
500,70,corrected,psi1,0.4387589390267292,0.2606751593635805
500,71,naive,psi0,-0.49762262406806224,0.24992080529491392
500,71,naive,psi1,0.12472276558842235,0.2947673503892354
500,71,corrected,psi0,0.6394413066455543,0.29418125686012403
500,71,corrected,psi1,0.6879934855772583,0.3425517110827059
500,72,naive,psi0,-0.04680932135767352,0.28377046515590904
500,72,naive,psi1,-0.03738262192887236,0.31620947928442467
500,72,corrected,psi0,1.257031068511318,0.33364583408601517
500,72,corrected,psi1,0.5744507409729416,0.3716239974993279
500,73,naive,psi0,-0.10061794468695535,0.27944713231960105
500,73,naive,psi1,0.32235674261111685,0.3277696612820609
500,73,corrected,psi0,1.1907845385875602,0.31992486913023527
500,73,corrected,psi1,0.9154212875578698,0.3698118842543054
500,74,naive,psi0,-0.7291930873479755,0.2734078836440151
500,74,naive,psi1,0.08538294256488153,0.26412067955256746
500,74,corrected,psi0,0.3614337592493167,0.3234685393732939
500,74,corrected,psi1,0.6707952423571588,0.31637969175994324
500,75,naive,psi0,0.005497839285996689,0.2719257879876221
500,75,naive,psi1,0.22158582116431255,0.2532959553381976
500,75,corrected,psi0,1.2807778470009517,0.32232720792066377
500,75,corrected,psi1,0.8175507239672103,0.301809551641116
500,76,naive,psi0,-0.4027995367965453,0.23951803601662155
500,76,naive,psi1,-0.1734880127229763,0.28801339606096205
500,76,corrected,psi0,0.7402708901407609,0.27889966220029083
500,76,corrected,psi1,0.36440265827907964,0.3451217102242148
500,77,naive,psi0,-0.5222325051006325,0.27708679536511566
500,77,naive,psi1,0.03725509900797914,0.29554577818457173
500,77,corrected,psi0,0.6383243268044984,0.3181380870762764
500,77,corrected,psi1,0.588632913745892,0.342157821326962
500,78,naive,psi0,-0.21981514929076673,0.25141650744475347
500,78,naive,psi1,-0.10019914145936865,0.2823240881250029
500,78,corrected,psi0,1.0539553849439698,0.2957115212628212
500,78,corrected,psi1,0.4030395273484045,0.3322490649594916
500,79,naive,psi0,-0.5235802642470135,0.2563446790824905
500,79,naive,psi1,-0.15512140379968506,0.23729174411717902
500,79,corrected,psi0,0.7753419910564415,0.29680760996118
500,79,corrected,psi1,0.32525868951673714,0.2692205847492596
500,80,naive,psi0,-0.3186811954765335,0.2758620378358194
500,80,naive,psi1,-0.6093391299056148,0.3306267809005555
500,80,corrected,psi0,0.9543518325820078,0.32109770304228114
500,80,corrected,psi1,-0.2675663638230256,0.3835425345106711
500,81,naive,psi0,-0.43739112632922567,0.247715122445407
500,81,naive,psi1,0.2593044670850242,0.22209898031125694
500,81,corrected,psi0,0.8076180489908298,0.28540145607154616
500,81,corrected,psi1,0.7510150324717575,0.25303098286354336
500,82,naive,psi0,-0.47185735591930933,0.24019942399410388
500,82,naive,psi1,-0.339445155225171,0.22726468687787976
500,82,corrected,psi0,0.7679742344278994,0.2781555144993981
500,82,corrected,psi1,0.14777327840399615,0.26415816029178657
500,83,naive,psi0,-0.18380458721053977,0.2725441347469426
500,83,naive,psi1,0.039669653160167836,0.29377082821662287
500,83,corrected,psi0,1.137800440262711,0.316948264803561
500,83,corrected,psi1,0.46537508168182773,0.34378398934949106
500,84,naive,psi0,-0.42910599393805,0.2667609611171185
500,84,naive,psi1,-0.4405418554432428,0.27284204806125867
500,84,corrected,psi0,0.8160054742548121,0.3125940566184236
500,84,corrected,psi1,-0.020607115862179816,0.33927638599292237
500,85,naive,psi0,-0.30314952093849995,0.23243978157992717
500,85,naive,psi1,-0.1519690403871918,0.22194810270227963
500,85,corrected,psi0,0.974426183239684,0.2714943959919762
500,85,corrected,psi1,0.36874330281609463,0.2560619410822482
500,86,naive,psi0,-0.3048059429916198,0.25364288638824023
500,86,naive,psi1,0.1267141206107056,0.30327876225133565
500,86,corrected,psi0,0.925287925950865,0.2882639780018021
500,86,corrected,psi1,0.5553768486100936,0.3459613670793054
500,87,naive,psi0,-0.4230311857885228,0.26887037490608945
500,87,naive,psi1,0.23399862141514427,0.32779398344361765
500,87,corrected,psi0,0.745344951249553,0.3213976464746992
500,87,corrected,psi1,0.7729648224447512,0.39134067554255214
500,88,naive,psi0,-0.39618548360233585,0.20903710018591204
500,88,naive,psi1,0.14272143756470942,0.19782394192808356
500,88,corrected,psi0,0.9273605994592372,0.24527665754656675
500,88,corrected,psi1,0.7026805120408205,0.2267845369433181
500,89,naive,psi0,-0.2543942366855153,0.25149753874794134
500,89,naive,psi1,-0.20822040631193295,0.3081215751731795
500,89,corrected,psi0,0.9941173407902374,0.293515819873831
500,89,corrected,psi1,0.1742144629982522,0.3620232574324364
500,90,naive,psi0,-0.5356301951661926,0.24668614198768027
500,90,naive,psi1,0.1228605889614521,0.2546958176143633
500,90,corrected,psi0,0.7858978660224444,0.2852889647535024
500,90,corrected,psi1,0.5640691661090663,0.2915925311308711
500,91,naive,psi0,-0.13966274837178802,0.2679356701061785
500,91,naive,psi1,0.2699583091291455,0.2712318722581754
500,91,corrected,psi0,1.1922626196917798,0.30774487242108284
500,91,corrected,psi1,0.7481317486026123,0.3110898518347868
500,92,naive,psi0,-0.17175261994689753,0.2711476120332482
500,92,naive,psi1,-0.0787000650147852,0.2901062997913808
500,92,corrected,psi0,1.1393254394004573,0.3074281320390909
500,92,corrected,psi1,0.4358058819959524,0.32408578657886916
500,93,naive,psi0,0.18051916899555975,0.2413708881271102
500,93,naive,psi1,0.10892418187465432,0.2567997682520516
500,93,corrected,psi0,1.5423116243845634,0.29296256668466664
500,93,corrected,psi1,0.628378219975116,0.3110380531454561
500,94,naive,psi0,-0.5635277910829513,0.235077014365861
500,94,naive,psi1,0.17840467648060382,0.28504528418664726
500,94,corrected,psi0,0.5969464884179432,0.2719381845723487
500,94,corrected,psi1,0.7939058258116918,0.32783133802813474
500,95,naive,psi0,-0.6203442166317488,0.22069423853554485
500,95,naive,psi1,0.27347988387897454,0.2566321673233165
500,95,corrected,psi0,0.6732206707419219,0.25475400886747224
500,95,corrected,psi1,0.867871176820167,0.28813290298464067
500,96,naive,psi0,-0.8038330409706443,0.25890130684086404
500,96,naive,psi1,-0.3303975193506216,0.2321662921289301
500,96,corrected,psi0,0.3802853175343188,0.2970768547980702
500,96,corrected,psi1,0.07246524572923352,0.26932051095324183
500,97,naive,psi0,-0.3701396862834374,0.26164315342179684
500,97,naive,psi1,0.014594919194682135,0.27910956270107345
500,97,corrected,psi0,0.8902228077531389,0.2986676897435471
500,97,corrected,psi1,0.4808651809552033,0.32042909259678515
500,98,naive,psi0,-0.8015939150017358,0.23659294609347314
500,98,naive,psi1,0.20616976486919505,0.25922955884086063
500,98,corrected,psi0,0.36549257256276213,0.2778209783462201
500,98,corrected,psi1,0.7474709672233962,0.31077125662143723
500,99,naive,psi0,-0.32103909201387326,0.25489429266088687
500,99,naive,psi1,-0.2837508314293887,0.2858300156789999
500,99,corrected,psi0,0.6592436178803286,0.3007372718537407
500,99,corrected,psi1,0.33162384158083275,0.33440662416170347
500,100,naive,psi0,-0.09102017477298911,0.2462150790700826
500,100,naive,psi1,0.12066734940095158,0.25377039101569543
500,100,corrected,psi0,1.3117442989055925,0.2931280352521984
500,100,corrected,psi1,0.5935295727660117,0.30869243643320904
500,101,naive,psi0,-0.43645417334894765,0.24668593652463086
500,101,naive,psi1,-0.15991773621736322,0.22143108978684484
500,101,corrected,psi0,0.7461244396379606,0.28420651025505583
500,101,corrected,psi1,0.38474797310457826,0.2668676724197559
500,102,naive,psi0,-0.5141643710428366,0.2501097573605933
500,102,naive,psi1,-0.14926011759863794,0.2668143306403328
500,102,corrected,psi0,0.6654068756981477,0.294676179106801
500,102,corrected,psi1,0.3686625742131765,0.3023632958895308
500,103,naive,psi0,-0.6069125299656721,0.27063547353945405
500,103,naive,psi1,-0.23395953598022207,0.3097501396629618
500,103,corrected,psi0,0.5060916650600689,0.30942877252802875
500,103,corrected,psi1,0.20194289544321456,0.35865938021349697
500,104,naive,psi0,-0.313700037411886,0.24868985246223216
500,104,naive,psi1,-0.17177506502662018,0.25884131015088896
500,104,corrected,psi0,0.7550127887906423,0.292020616972248
500,104,corrected,psi1,0.39289684668536273,0.30086942258701876
500,105,naive,psi0,-0.00816539472931829,0.2411402893881094
500,105,naive,psi1,-0.3895586583296095,0.24937694206402597
500,105,corrected,psi0,1.3061926390436587,0.2787970242642821
500,105,corrected,psi1,0.1307649896558697,0.28366500803834094
500,106,naive,psi0,-0.47525765375597856,0.2470982027461998
500,106,naive,psi1,0.08960492931859163,0.2518261147279656
500,106,corrected,psi0,0.8319513386604797,0.29466231118270136
500,106,corrected,psi1,0.4693250227965204,0.30657368644883415
500,107,naive,psi0,-0.23756969835098707,0.2580683017476447
500,107,naive,psi1,-0.06990446402228849,0.28405647436803383
500,107,corrected,psi0,1.0362803260447544,0.30759779964598605
500,107,corrected,psi1,0.3755950943718334,0.3407692639738593
500,108,naive,psi0,-0.7078610063365823,0.2660685491618014
500,108,naive,psi1,-0.06220019636336583,0.27187999906579563
500,108,corrected,psi0,0.507701483643487,0.30707903809299747
500,108,corrected,psi1,0.4692881149417978,0.3100826361335982
500,109,naive,psi0,-0.10855512086591103,0.26419998090796565
500,109,naive,psi1,-0.1409300665932608,0.24241707994792003
500,109,corrected,psi0,1.222584299155107,0.31360121921739215
500,109,corrected,psi1,0.22866645233072258,0.291971108780849
500,110,naive,psi0,-0.9334891163831347,0.24185979794367832
500,110,naive,psi1,-0.041309311165339424,0.2670245167961441
500,110,corrected,psi0,0.2700880641178706,0.2881402650381736
500,110,corrected,psi1,0.3755259045035401,0.32969720930138263
500,111,naive,psi0,-0.8391648993428368,0.2623688679400878
500,111,naive,psi1,-0.14237350212784838,0.28942932782029057
500,111,corrected,psi0,0.3907391996960377,0.30321455333994796
500,111,corrected,psi1,0.26856862156189215,0.3242960409989255
500,112,naive,psi0,-0.5079000512782773,0.2768375549339229
500,112,naive,psi1,-0.43636515557253686,0.24986261821749556
500,112,corrected,psi0,0.6378641678813852,0.3152526518226476
500,112,corrected,psi1,0.04296414568145303,0.28560194246000536
500,113,naive,psi0,-0.42957505797775203,0.23692383515115398
500,113,naive,psi1,-0.0069554638748197915,0.19282414238814813
500,113,corrected,psi0,0.7972983233273312,0.2688995133661868
500,113,corrected,psi1,0.5588814206131996,0.22089882618630774
500,114,naive,psi0,-0.39696412756025273,0.22744735461182208
500,114,naive,psi1,0.2347808286540132,0.2760540316829527
500,114,corrected,psi0,0.9245992801412417,0.2660501850304649
500,114,corrected,psi1,0.7126645665618319,0.3225198415897539
500,115,naive,psi0,0.24306945336877517,0.2587628046498612
500,115,naive,psi1,-0.2486621758224823,0.2473460902142049
500,115,corrected,psi0,1.4918490561098594,0.2949746762122617
500,115,corrected,psi1,0.20374118091076165,0.27987668860616133
500,116,naive,psi0,-0.18153409943116502,0.2480401874959608
500,116,naive,psi1,0.2588598240875361,0.25661098510567887
500,116,corrected,psi0,1.0867598761032249,0.294863275127516
500,116,corrected,psi1,0.9028570763880428,0.30300256794046704
500,117,naive,psi0,-0.24440725624940224,0.2491389830072734
500,117,naive,psi1,-0.1555462536574869,0.2761437647370231
500,117,corrected,psi0,0.9924756514924261,0.2938471639458204
500,117,corrected,psi1,0.43410240466249317,0.33170333810203495
500,118,naive,psi0,-0.13559873492736188,0.25933115979015214
500,118,naive,psi1,0.15075973336134682,0.2558905838999246
500,118,corrected,psi0,1.0957465686876917,0.30509203831491416
500,118,corrected,psi1,0.7712733363088168,0.2994981497783013
500,119,naive,psi0,-0.08239987777088378,0.24711630333269657
500,119,naive,psi1,0.1209409270065411,0.272035569604369
500,119,corrected,psi0,1.1577571096311734,0.2881808622555484
500,119,corrected,psi1,0.600029091765597,0.3208959234261623
500,120,naive,psi0,-0.021641719422142783,0.22734207946562188
500,120,naive,psi1,0.4766599291383582,0.24735708683022695
500,120,corrected,psi0,1.3279694400484283,0.2609822727867137
500,120,corrected,psi1,1.0038133840757846,0.2797793345299992
500,121,naive,psi0,0.11949682252279564,0.25469859167186165
500,121,naive,psi1,-0.06270648106462343,0.26826267210406396
500,121,corrected,psi0,1.576107652571635,0.2967681083406237
500,121,corrected,psi1,0.37427225728140584,0.3115538042684725
500,122,naive,psi0,0.15258470907618843,0.22856652567963978
500,122,naive,psi1,0.174883169502213,0.29458362854669146
500,122,corrected,psi0,1.4494500475744152,0.2683115127721631
500,122,corrected,psi1,0.678854231430107,0.34141744409360625
500,123,naive,psi0,-0.5025658291745344,0.24670418821560416
500,123,naive,psi1,0.1614300855723571,0.24781539673427253
500,123,corrected,psi0,0.7989751105806129,0.28447558335281414
500,123,corrected,psi1,0.6556954969345264,0.2819144252292718
500,124,naive,psi0,-0.1270569274515889,0.2504149069742948
500,124,naive,psi1,0.017727330912096537,0.2667706746108684
500,124,corrected,psi0,1.2022829331830673,0.29816287680602704
500,124,corrected,psi1,0.48169780263211903,0.32060178163809244
500,125,naive,psi0,-0.8898109936067842,0.2336067541848348
500,125,naive,psi1,0.1871732371783141,0.2555859137416618
500,125,corrected,psi0,0.40043938909141796,0.27152474491652573
500,125,corrected,psi1,0.6677118746417819,0.2982671368576512
500,126,naive,psi0,-0.23083347321390343,0.26677049677466963
500,126,naive,psi1,0.7665085984476971,0.27075454045389014
500,126,corrected,psi0,1.0371226521258698,0.31303971297959554
500,126,corrected,psi1,1.4476605554749076,0.3205665200740288
500,127,naive,psi0,-0.21109901215138377,0.2601045123739193
500,127,naive,psi1,0.12944549460351595,0.25810070445434186
500,127,corrected,psi0,1.0713476339102341,0.30550853432012187
500,127,corrected,psi1,0.5715365474853829,0.3012328361342948
500,128,naive,psi0,-0.05755653496057888,0.23236127860181024
500,128,naive,psi1,0.34882340095180403,0.2878022985425783
500,128,corrected,psi0,1.1051872123367212,0.26484173165555197
500,128,corrected,psi1,0.8222679782786718,0.3306902275813638
500,129,naive,psi0,0.07583918645077438,0.28160919579482624
500,129,naive,psi1,0.10322282295968145,0.3067342755708028
500,129,corrected,psi0,1.4349047093622336,0.3298709716041415
500,129,corrected,psi1,0.6320159126595445,0.36389361615499205
500,130,naive,psi0,-0.12052444232261848,0.24612803688111332
500,130,naive,psi1,-0.5003627503285316,0.257939226405482
500,130,corrected,psi0,1.3708095460645788,0.28975098675795535
500,130,corrected,psi1,-0.1390223836410711,0.29801087209241367
500,131,naive,psi0,-0.5074945308629416,0.24808791186108414
500,131,naive,psi1,0.25798332950744673,0.2806558025706336
500,131,corrected,psi0,0.7126944150858564,0.287174376054818
500,131,corrected,psi1,0.8187911878677333,0.3247403680714486
500,132,naive,psi0,-0.6582035464683844,0.24700073178559598
500,132,naive,psi1,0.27360495131392226,0.2743459254532415
500,132,corrected,psi0,0.6599034846875405,0.28994623378777934
500,132,corrected,psi1,0.7551262370230163,0.31644979597722767
500,133,naive,psi0,-0.26032234738364574,0.25833634422315854
500,133,naive,psi1,-0.1318941609922528,0.2750620202655756
500,133,corrected,psi0,0.9461806798423055,0.3045862049606906
500,133,corrected,psi1,0.3253046417701648,0.32858988507963977
500,134,naive,psi0,-0.4813060552951185,0.2588706341708007
500,134,naive,psi1,0.2312309714573904,0.2575139755030567
500,134,corrected,psi0,0.7594557187538226,0.30112610561101943
500,134,corrected,psi1,0.7196200586886285,0.3048751030904552
500,135,naive,psi0,-0.06847527251382358,0.26985954504713305
500,135,naive,psi1,-0.32720925807391776,0.2628862833283852
500,135,corrected,psi0,1.1505329089828804,0.3142006073050372
500,135,corrected,psi1,0.09197583419497518,0.3111163067687571
500,136,naive,psi0,-0.27652076802642556,0.2479230831334373
500,136,naive,psi1,0.1700762266178625,0.27103467218107197
500,136,corrected,psi0,0.8990667122119734,0.2882485798007056
500,136,corrected,psi1,0.7700923631024185,0.31184930115721765
500,137,naive,psi0,-0.8754905726071377,0.260156796571524
500,137,naive,psi1,-0.07805904500973489,0.2583111622310783
500,137,corrected,psi0,0.3843416438330089,0.30030541159977203
500,137,corrected,psi1,0.5262415094806511,0.29321828526121424
500,138,naive,psi0,-0.4937633590281882,0.26344095536029755
500,138,naive,psi1,-0.8551703400516547,0.2879191816468128
500,138,corrected,psi0,0.7485565739139673,0.30474774488441075
500,138,corrected,psi1,-0.496174418675804,0.32703056159785354
500,139,naive,psi0,-0.07983700622037863,0.27034943026189473
500,139,naive,psi1,-0.34805686046005796,0.27938179630941673
500,139,corrected,psi0,1.2626502314018566,0.31502820178513136
500,139,corrected,psi1,0.11997049121335167,0.327335695525719
500,140,naive,psi0,-0.2251257301399437,0.25281207836913694
500,140,naive,psi1,0.046427544917506974,0.2630905914294778
500,140,corrected,psi0,1.054310964472234,0.2945393419557581
500,140,corrected,psi1,0.5828254648897823,0.3073382515392416
500,141,naive,psi0,-0.10403721877517673,0.24099423788282898
500,141,naive,psi1,-0.05720182475883884,0.28427260755497785
500,141,corrected,psi0,1.19095645056491,0.2773386204948671
500,141,corrected,psi1,0.4804050162887808,0.3299910348287019
500,142,naive,psi0,0.0481244781171267,0.23396413843121824
500,142,naive,psi1,0.1595368188347834,0.2634550895573115
500,142,corrected,psi0,1.397598454550457,0.27186975110537254
500,142,corrected,psi1,0.7058916786800487,0.3040856888231337
500,143,naive,psi0,-0.16052932144014384,0.24781575561170574
500,143,naive,psi1,0.05893955228945696,0.31751286045689736
500,143,corrected,psi0,1.2579799700621956,0.28735379095556407
500,143,corrected,psi1,0.4274205972361837,0.35235110691300453
500,144,naive,psi0,-0.4651925076779104,0.24442859264231867
500,144,naive,psi1,0.10325627801826566,0.23529484873933423
500,144,corrected,psi0,0.7795028171300303,0.2859295367548271
500,144,corrected,psi1,0.7075006191814986,0.2834421777220647
500,145,naive,psi0,-0.2794984756753492,0.27498362598207476
500,145,naive,psi1,0.20279800853749905,0.30423320187843517
500,145,corrected,psi0,0.9854838604834701,0.3204263504680623
500,145,corrected,psi1,0.6671575472281418,0.35583173789490063
500,146,naive,psi0,-0.2202893493955816,0.23348752249382915
500,146,naive,psi1,0.20305645746023543,0.24467001664063862
500,146,corrected,psi0,1.0535191772230383,0.272970859490131
500,146,corrected,psi1,0.6787775714705595,0.27832476281282253
500,147,naive,psi0,-0.6384111594558867,0.2603182811283381
500,147,naive,psi1,0.3136489856881899,0.2781168100944739
500,147,corrected,psi0,0.6322230012192326,0.3061599925512832
500,147,corrected,psi1,0.8596766447225547,0.31595645852057197
500,148,naive,psi0,-0.4101349344002597,0.25315171569780437
500,148,naive,psi1,-0.15642270811059267,0.243712942694105
500,148,corrected,psi0,0.8617472756551052,0.2981690188046804
500,148,corrected,psi1,0.33145262509479284,0.2969485519162692
500,149,naive,psi0,-0.42315064083524995,0.24552801467014296
500,149,naive,psi1,-0.2544994259234591,0.2492964041449646
500,149,corrected,psi0,0.8297025420553998,0.282029208809532
500,149,corrected,psi1,0.21286551198135092,0.2785646075721702
500,150,naive,psi0,-0.42341418755375815,0.2583165754536185
500,150,naive,psi1,-0.3021993188414317,0.2822402654032673
500,150,corrected,psi0,0.8419484264984893,0.3066832294421213
500,150,corrected,psi1,0.21617081867655102,0.335039615549331
500,151,naive,psi0,-0.40497246988384156,0.23844736086195353
500,151,naive,psi1,0.20959868063005727,0.2264169907681716
500,151,corrected,psi0,0.8694174454253897,0.26795294940451836
500,151,corrected,psi1,0.680860978809875,0.2491003504422071
500,152,naive,psi0,0.029007324943840142,0.26976593468496846
500,152,naive,psi1,-0.293399092621126,0.2840324752826043
500,152,corrected,psi0,1.4110097042778902,0.31436446942615887
500,152,corrected,psi1,0.27453404793670116,0.33993537693270076
500,153,naive,psi0,-0.29491676519945353,0.2849475385160738
500,153,naive,psi1,1.137917210295605,0.3055452931931668
500,153,corrected,psi0,0.9109094891960102,0.33235198288785917
500,153,corrected,psi1,1.8544863000624532,0.36390454460115307
500,154,naive,psi0,-0.791344222338788,0.2834564409533423
500,154,naive,psi1,0.08659740991054858,0.29937319660021894
500,154,corrected,psi0,0.336451716937687,0.3301435198319687
500,154,corrected,psi1,0.5319618903429066,0.3396209621660473
500,155,naive,psi0,-0.5445497482603999,0.2620931889215302
500,155,naive,psi1,0.20171841491881407,0.25145268178851937
500,155,corrected,psi0,0.6130765373224774,0.3046938093895076
500,155,corrected,psi1,0.830244840805438,0.2883420234438018
500,156,naive,psi0,-0.805456194955878,0.24481870593412483
500,156,naive,psi1,0.3441326422677657,0.2701303244213608
500,156,corrected,psi0,0.3651181114715989,0.2821603883720188
500,156,corrected,psi1,0.82960914759644,0.3156020489808833
500,157,naive,psi0,-0.2844798845958788,0.26892476163643936
500,157,naive,psi1,0.17547076899171907,0.26628686811501595
500,157,corrected,psi0,0.9775447094779688,0.31140258102042173
500,157,corrected,psi1,0.5622590556618187,0.31391448185686766
500,158,naive,psi0,-0.5933272697157481,0.24403208721879135
500,158,naive,psi1,0.035643182195763415,0.22969955184767038
500,158,corrected,psi0,0.7054016674673891,0.2831076130537184
500,158,corrected,psi1,0.6541755613169012,0.26755337207960045
500,159,naive,psi0,-0.00456721230008578,0.2642394337135977
500,159,naive,psi1,-0.15057861777672812,0.27917552129935475
500,159,corrected,psi0,1.1509084160375735,0.3041456150321391
500,159,corrected,psi1,0.4189337279187923,0.3213498412534834
500,160,naive,psi0,-0.42618631470316937,0.24389750632127163
500,160,naive,psi1,0.20358881225361858,0.24042836639554904
500,160,corrected,psi0,0.8628447213715703,0.28652024844319995
500,160,corrected,psi1,0.7946568425091769,0.2863567982894006
500,161,naive,psi0,-0.3401688319992375,0.2503612842868868
500,161,naive,psi1,0.16085090764327947,0.25807740955975134
500,161,corrected,psi0,0.8916676818468562,0.2911510660522305
500,161,corrected,psi1,0.6280486814729276,0.2937832055547437
500,162,naive,psi0,-0.4388232038894112,0.2714935897208061
500,162,naive,psi1,0.41164444930952515,0.3091803953816846
500,162,corrected,psi0,0.8287562823327449,0.32514251684246975
500,162,corrected,psi1,1.185976239814771,0.3852075299836415
500,163,naive,psi0,0.6084672525575584,0.2793192949589536
500,163,naive,psi1,-0.03872304554293866,0.33765140932206494
500,163,corrected,psi0,1.997239539172483,0.32182809513589133
500,163,corrected,psi1,0.48479282035625815,0.3932756546046603
500,164,naive,psi0,-0.6877480902369567,0.24273755112917716
500,164,naive,psi1,-0.5905068123531338,0.25831209010221706
500,164,corrected,psi0,0.723567384005105,0.2844370615754502
500,164,corrected,psi1,-0.12593376136705706,0.29573970518844944
500,165,naive,psi0,0.20487808505221156,0.2863346751442993
500,165,naive,psi1,0.03280835664348188,0.28516639971185787
500,165,corrected,psi0,1.5062185895161295,0.3336009065000742
500,165,corrected,psi1,0.48397325386753803,0.34559534348743975
500,166,naive,psi0,-0.44939764048162534,0.2638646182768809
500,166,naive,psi1,0.40895539518494933,0.300079177718073
500,166,corrected,psi0,0.8532478617172398,0.3075974197430623
500,166,corrected,psi1,1.025126429471258,0.3539953976982344
500,167,naive,psi0,-0.3877846138442045,0.24651452912192665
500,167,naive,psi1,0.18130484843010009,0.23735609173279204
500,167,corrected,psi0,0.9421945499868981,0.2851829983943678
500,167,corrected,psi1,0.7237707988348316,0.28494699046683
500,168,naive,psi0,-0.40061416336329303,0.25423364211118515
500,168,naive,psi1,-0.08055854730490489,0.3365906508386267
500,168,corrected,psi0,0.7737109309852731,0.29342595337612976
500,168,corrected,psi1,0.4000779976215539,0.38006951634178726
500,169,naive,psi0,-0.12566700631756386,0.24490216835201448
500,169,naive,psi1,0.11234639004300208,0.21244139765235798
500,169,corrected,psi0,1.1742499524297385,0.2851725987877867
500,169,corrected,psi1,0.5483922289652736,0.2547136536985216
500,170,naive,psi0,-0.4962644886370932,0.26354095768756153
500,170,naive,psi1,-0.2079402583284985,0.2594328172054664
500,170,corrected,psi0,0.8019333839081066,0.307334711161707
500,170,corrected,psi1,0.22399328341494804,0.30128737043527887
500,171,naive,psi0,-0.34315299843652597,0.2652384762627449
500,171,naive,psi1,-0.3719770450946057,0.2865901782629721
500,171,corrected,psi0,0.7996641627968017,0.30413652000614955
500,171,corrected,psi1,0.0841518587366134,0.3231391449027357
500,172,naive,psi0,-0.20031170899849987,0.26294046598042947
500,172,naive,psi1,-0.1800951276760088,0.26564401294723117
500,172,corrected,psi0,1.0808214171352997,0.3109245681517414
500,172,corrected,psi1,0.3124924963890604,0.31695319909334985
500,173,naive,psi0,-0.045506512744158026,0.2500974057916333
500,173,naive,psi1,-0.20130555256825433,0.2855642120202501
500,173,corrected,psi0,1.2664812054503298,0.2893389705571481
500,173,corrected,psi1,0.31954779190437715,0.3321779419766852
500,174,naive,psi0,-0.07740012760698504,0.2619447268335589
500,174,naive,psi1,0.33590850151531026,0.23779348621799257
500,174,corrected,psi0,1.208980810294897,0.3075335626835425
500,174,corrected,psi1,0.842323019967826,0.2785903298600961
500,175,naive,psi0,-0.14845344153498363,0.24650284942523562
500,175,naive,psi1,0.04376203586618154,0.22728211051302058
500,175,corrected,psi0,1.1953306283869745,0.29286356425373283
500,175,corrected,psi1,0.5396439501772129,0.2654886435543302
500,176,naive,psi0,-0.43072249999202866,0.2542453008132214
500,176,naive,psi1,0.3282123825809465,0.27558998606549123
500,176,corrected,psi0,0.8037166925459893,0.2932056981674289
500,176,corrected,psi1,0.7941158215633091,0.311502214009539
500,177,naive,psi0,-0.16880751292672733,0.277538565433432
500,177,naive,psi1,0.32168637360449254,0.2795203402405922
500,177,corrected,psi0,1.2169461931112604,0.3231768288776373
500,177,corrected,psi1,0.6955073207818939,0.3171748672825154
500,178,naive,psi0,-0.2195036850041892,0.24306506469507602
500,178,naive,psi1,0.11630587280318257,0.2707735429702708
500,178,corrected,psi0,1.0014625510073714,0.2859218316471419
500,178,corrected,psi1,0.6589214419415045,0.3197182319165707
500,179,naive,psi0,-0.20550680791038556,0.2779563360440781
500,179,naive,psi1,0.40416204947949286,0.340389768735046
500,179,corrected,psi0,1.0354355005098974,0.31924629695399476
500,179,corrected,psi1,0.8825261383106908,0.38706617757516704
500,180,naive,psi0,-0.2908693365712483,0.2543249936772364
500,180,naive,psi1,0.50672942996576,0.3005968652027742
500,180,corrected,psi0,0.909808265316083,0.30206507338165023
500,180,corrected,psi1,1.1234082108324037,0.36471794066727353
500,181,naive,psi0,-0.25113096051138156,0.26783584162552604
500,181,naive,psi1,0.08377831035218576,0.2960217143829328
500,181,corrected,psi0,0.8900725662766127,0.3116003414103682
500,181,corrected,psi1,0.6893242489601764,0.3375225821117768
500,182,naive,psi0,-0.7039645551408228,0.2323748131908455
500,182,naive,psi1,0.09357293998656037,0.26931169854126547
500,182,corrected,psi0,0.53086810033409,0.26988280844675244
500,182,corrected,psi1,0.5901568428382219,0.3109545650920386
500,183,naive,psi0,0.03643406653056711,0.24343521575012594
500,183,naive,psi1,0.09094105396215714,0.26075124597358357
500,183,corrected,psi0,1.3342748751283469,0.2864536979026323
500,183,corrected,psi1,0.593460801096943,0.31465921641918837
500,184,naive,psi0,-0.22908898329101787,0.26582521667797265
500,184,naive,psi1,-0.014977909068790367,0.2879591771310442
500,184,corrected,psi0,1.0624334478039537,0.31379866855070215
500,184,corrected,psi1,0.5024171949171516,0.3518512269893879
500,185,naive,psi0,-0.14191843598293988,0.27221653295802317
500,185,naive,psi1,0.3537786374831891,0.2457344009891409
500,185,corrected,psi0,1.2110268224651821,0.313011581562662
500,185,corrected,psi1,0.8975944170222047,0.2849752863905722
500,186,naive,psi0,-0.49002299868853005,0.25020919772734335
500,186,naive,psi1,0.02349105880322094,0.24548297798165014
500,186,corrected,psi0,0.8248193426464564,0.29230823245302195
500,186,corrected,psi1,0.4872741731582147,0.29110949547033993
500,187,naive,psi0,0.2547506072188428,0.26161459721230484
500,187,naive,psi1,-0.28303589621910274,0.27912252237863305
500,187,corrected,psi0,1.623814854913366,0.3136977824425827
500,187,corrected,psi1,0.14500720883175738,0.33299015538944127
500,188,naive,psi0,-0.24367953017720842,0.2485100782224342
500,188,naive,psi1,0.005662157778770582,0.24590931201234337
500,188,corrected,psi0,1.0565978665705384,0.29000147425515604
500,188,corrected,psi1,0.5052088715518955,0.29026998517768743
500,189,naive,psi0,-0.4146212857977688,0.2601340607935794
500,189,naive,psi1,-0.21824445175454688,0.2614130496333449
500,189,corrected,psi0,0.7832561351450327,0.301567481901632
500,189,corrected,psi1,0.2353426961891815,0.30027691756209457
500,190,naive,psi0,-0.13745995182883372,0.25208586214552764
500,190,naive,psi1,0.09017923118961997,0.25092269465610506
500,190,corrected,psi0,1.1974413134565463,0.2953572292966426
500,190,corrected,psi1,0.5639311947332091,0.29814001999495365
500,191,naive,psi0,0.1719964857585335,0.2799356747311189
500,191,naive,psi1,0.31408975095030683,0.2587637124524357
500,191,corrected,psi0,1.5461751162094837,0.32395312243871477
500,191,corrected,psi1,0.8618431433380399,0.29570299041389897
500,192,naive,psi0,-0.1757821803948143,0.2745547385513029
500,192,naive,psi1,0.2037468046203408,0.2997727769500492
500,192,corrected,psi0,1.14573378262734,0.32044604516210384
500,192,corrected,psi1,0.6218849972664671,0.3440562304728411
500,193,naive,psi0,-0.08643792901383822,0.2628440061029477
500,193,naive,psi1,-0.1931953187674471,0.2785559302774506
500,193,corrected,psi0,1.3004217153906155,0.30836052899641225
500,193,corrected,psi1,0.31159872531530863,0.3365939774401068
500,194,naive,psi0,-0.3103294609263134,0.2625583037691465
500,194,naive,psi1,0.0008220973680637453,0.2761546670205476
500,194,corrected,psi0,0.9224132271702363,0.3077955147572081
500,194,corrected,psi1,0.5421617398972441,0.3359593067137227
500,195,naive,psi0,-0.44773709761051445,0.2694867255318682
500,195,naive,psi1,0.0855002603435907,0.3392400488094881
500,195,corrected,psi0,0.7514797713670324,0.308649161440111
500,195,corrected,psi1,0.6088717837741965,0.39207241417567174
500,196,naive,psi0,-0.7553781582051676,0.2526549319984579
500,196,naive,psi1,-0.7942100861998519,0.24658268503629097
500,196,corrected,psi0,0.4193100299258331,0.2943804893440693
500,196,corrected,psi1,-0.30856612899049907,0.28857360925867886
500,197,naive,psi0,-0.3550197452845039,0.27207341502558596
500,197,naive,psi1,0.04600796301501711,0.24813971220871692
500,197,corrected,psi0,0.9048664042781918,0.31654602817652283
500,197,corrected,psi1,0.6024000866963078,0.28593245254236527
500,198,naive,psi0,-0.06400818052397714,0.28229635832362937
500,198,naive,psi1,-0.05495499988422024,0.2877453459940101
500,198,corrected,psi0,1.2444265128256684,0.3335292719687125
500,198,corrected,psi1,0.320282338901083,0.34000652460449676
500,199,naive,psi0,-0.20828380718946804,0.2419289810154007
500,199,naive,psi1,-0.38832362020183264,0.26835502040059467
500,199,corrected,psi0,1.0992420479821137,0.2889344992156796
500,199,corrected,psi1,0.06422357995066404,0.31261706412838647
500,200,naive,psi0,-0.427077640654581,0.2386523071628134
500,200,naive,psi1,-0.29969325748839604,0.2790937526418069
500,200,corrected,psi0,0.7450733400992073,0.2788387394770634
500,200,corrected,psi1,0.1583273870714477,0.31823955160271233
500,201,naive,psi0,-0.40242901324216657,0.25540950346576086
500,201,naive,psi1,-0.023631938982483773,0.2584206673786223
500,201,corrected,psi0,0.9056542471792522,0.2997678695674856
500,201,corrected,psi1,0.460728144028553,0.300222626822121
500,202,naive,psi0,-0.8078350145377912,0.24129071908283706
500,202,naive,psi1,0.09014828517512902,0.25008285932691793
500,202,corrected,psi0,0.41543335562734685,0.28276130565925045
500,202,corrected,psi1,0.4573191636776744,0.3029696261490054
500,203,naive,psi0,-0.37469284777797923,0.2717191519247795
500,203,naive,psi1,0.2394695133724062,0.2790456171486064
500,203,corrected,psi0,0.7522708320383111,0.3132262108825261
500,203,corrected,psi1,0.8407856880239567,0.3121561964677336
500,204,naive,psi0,-0.09974897036818361,0.26437539320076603
500,204,naive,psi1,-0.14772098028999606,0.2875373047722914
500,204,corrected,psi0,1.1054922705635761,0.3037649652312996
500,204,corrected,psi1,0.2639962710202946,0.33028936758944705
500,205,naive,psi0,0.225434781460267,0.2690531359135897
500,205,naive,psi1,0.14919388213781612,0.26779349578913186
500,205,corrected,psi0,1.6097847114755246,0.3098514303277111
500,205,corrected,psi1,0.689938283766268,0.3109796492241951
500,206,naive,psi0,-0.03006151327247882,0.26379635727001144
500,206,naive,psi1,-0.24991338983476213,0.2686193028896322
500,206,corrected,psi0,1.4150956195802007,0.3084435962336485
500,206,corrected,psi1,0.1547843947733384,0.3162875816928914
500,207,naive,psi0,-0.1587850629155906,0.2263161251837048
500,207,naive,psi1,0.12708728125375635,0.2523493478422706
500,207,corrected,psi0,1.2120067518743116,0.26119460519594884
500,207,corrected,psi1,0.6581862761963543,0.2889798552167636
500,208,naive,psi0,-0.5636172433481453,0.2551877231324185
500,208,naive,psi1,-0.4490557892530397,0.28815652497513505
500,208,corrected,psi0,0.6845512498093642,0.29349929113839535
500,208,corrected,psi1,-0.12480047935075683,0.3283731735065256
500,209,naive,psi0,-0.504854237027294,0.2640220402677234
500,209,naive,psi1,0.27521179078327723,0.2619831893552023
500,209,corrected,psi0,0.7997851491381496,0.31425415180232896
500,209,corrected,psi1,0.8450000859017319,0.3085203134020827
500,210,naive,psi0,-0.7194305418977078,0.24126013081339415
500,210,naive,psi1,-0.14462836848403113,0.24450182166109583
500,210,corrected,psi0,0.5101931475157476,0.2843443174304444
500,210,corrected,psi1,0.37656200772196063,0.2871759142530918
500,211,naive,psi0,-0.9243188708384097,0.23699663540756868
500,211,naive,psi1,0.4195736571320114,0.25046306566768106
500,211,corrected,psi0,0.29217367642483266,0.27109158878141826
500,211,corrected,psi1,0.9658720469385363,0.2871255152297509
500,212,naive,psi0,-0.00921545133593577,0.23945525753697997
500,212,naive,psi1,0.19231754535325435,0.27917138878527936
500,212,corrected,psi0,1.315765055362226,0.2820323405340251
500,212,corrected,psi1,0.7640075248398944,0.3290646711334886
500,213,naive,psi0,-0.0982763849745961,0.2741364878206422
500,213,naive,psi1,-0.07775188623785047,0.3051916554114532
500,213,corrected,psi0,1.1784472144270193,0.324577338896409
500,213,corrected,psi1,0.298921792306718,0.3625655837195107
500,214,naive,psi0,-0.6644828481552483,0.25904890302538863
500,214,naive,psi1,0.4367303442899761,0.24735603805269898
500,214,corrected,psi0,0.5028502789904674,0.30665179053602776
500,214,corrected,psi1,1.0380897731541154,0.31204314608225314
500,215,naive,psi0,0.12141850784256746,0.26206805372753395
500,215,naive,psi1,-0.3815657302898797,0.26076976654665696
500,215,corrected,psi0,1.3724151115895773,0.3111738186443813
500,215,corrected,psi1,0.10102446261015278,0.3081581133433266
500,216,naive,psi0,-0.24612805475713787,0.245629715877452
500,216,naive,psi1,0.009207631700619416,0.2882880636161339
500,216,corrected,psi0,0.9692910864668508,0.28405419536480064
500,216,corrected,psi1,0.4797212700143499,0.33118860967124486
500,217,naive,psi0,-1.0827491577642439,0.28042199855040556
500,217,naive,psi1,-0.4062913145416377,0.25963429514629466
500,217,corrected,psi0,0.16356995477227218,0.3257676328855135
500,217,corrected,psi1,0.01030288823285207,0.2951077427271002
500,218,naive,psi0,-0.11767424575322387,0.24614129796937562
500,218,naive,psi1,0.16983632743198265,0.3192750150398067
500,218,corrected,psi0,1.1908930983306385,0.28151681953359065
500,218,corrected,psi1,0.7209831443912972,0.35674529966785895
500,219,naive,psi0,-0.17335815503313776,0.2703982649002212
500,219,naive,psi1,0.3432784246113179,0.3054730275324905
500,219,corrected,psi0,1.077652690318845,0.314270613251357
500,219,corrected,psi1,0.9080389731433447,0.34144946812053084
500,220,naive,psi0,-0.17453882912053031,0.25407413901283676
500,220,naive,psi1,0.08764377804711129,0.32585469010017276
500,220,corrected,psi0,1.1353040606694476,0.2920288381620862
500,220,corrected,psi1,0.5770635817658699,0.3776596162451541
500,221,naive,psi0,-0.24751587870863082,0.24793315887641265
500,221,naive,psi1,-0.24417670371906186,0.24367019111018856
500,221,corrected,psi0,0.969667762077693,0.29229325640384024
500,221,corrected,psi1,0.33264607062988016,0.289719607528027
500,222,naive,psi0,-0.13834857753906774,0.26211979185713463
500,222,naive,psi1,-0.3638241861300813,0.28131838827006084
500,222,corrected,psi0,1.1938616654006708,0.2986470027252777
500,222,corrected,psi1,0.031513215125801845,0.3188339739337088
500,223,naive,psi0,-0.6333733559806192,0.2558845208233321
500,223,naive,psi1,-0.07526535765915794,0.2979084039095532
500,223,corrected,psi0,0.5637167914997011,0.29486371952161683
500,223,corrected,psi1,0.3719081825603699,0.34524751267965637
500,224,naive,psi0,-0.44325076005680236,0.24469168583885764
500,224,naive,psi1,0.030908462591802053,0.21160611453925046
500,224,corrected,psi0,0.8529400315380098,0.2874273436302592
500,224,corrected,psi1,0.5381938349137729,0.2556183654440228
500,225,naive,psi0,-0.25478899890179946,0.2639308428875126
500,225,naive,psi1,-0.04812421767718127,0.2651668185679622
500,225,corrected,psi0,1.0029109273027528,0.29933693757327107
500,225,corrected,psi1,0.4362409019058966,0.3008623782390141
500,226,naive,psi0,-0.35430484793578987,0.25898807949371944
500,226,naive,psi1,0.12043646527207265,0.2881061571453179
500,226,corrected,psi0,0.8670468224027365,0.29921588705547086
500,226,corrected,psi1,0.6354620813703379,0.3341130018993814
500,227,naive,psi0,-0.2758274842047955,0.2641123374970615
500,227,naive,psi1,-0.016926344800238795,0.3186784707823718
500,227,corrected,psi0,1.023469955037094,0.3041072170162462
500,227,corrected,psi1,0.5203817992202814,0.3688434011491629
500,228,naive,psi0,-0.6517320582868931,0.25107464674233987
500,228,naive,psi1,-0.3533240644388878,0.28320795811501304
500,228,corrected,psi0,0.6440127289132745,0.2929018626400739
500,228,corrected,psi1,0.053219311958823026,0.32794471855069796
500,229,naive,psi0,-0.5461901195529889,0.23613579751530636
500,229,naive,psi1,-0.2958837150836992,0.19265356471417952
500,229,corrected,psi0,0.7630818104106337,0.27181984491155253
500,229,corrected,psi1,0.1835730491560772,0.21942269888379448
500,230,naive,psi0,-0.24929357266118823,0.26616028093400307
500,230,naive,psi1,-0.14099973840865146,0.2675637002012192
500,230,corrected,psi0,1.0578189228029764,0.30701626180974334
500,230,corrected,psi1,0.41209112304061496,0.3024896640990647
500,231,naive,psi0,0.12704418519779792,0.2709538273871533
500,231,naive,psi1,0.08077774909909047,0.24863690494701574
500,231,corrected,psi0,1.5306362148314674,0.31758473545565463
500,231,corrected,psi1,0.5608713621673174,0.28802012698744006
500,232,naive,psi0,-0.4603341821933529,0.24771494150921156
500,232,naive,psi1,0.38413658024863795,0.25530623783011863
500,232,corrected,psi0,0.841168369441374,0.29468998450235007
500,232,corrected,psi1,0.84898847052348,0.2906428369285804
500,233,naive,psi0,-0.5803618589985193,0.25636550134239194
500,233,naive,psi1,-0.4592520965283613,0.23900332276749162
500,233,corrected,psi0,0.6834526145881148,0.29859241931116
500,233,corrected,psi1,-0.09293175340750288,0.2770767285575245
500,234,naive,psi0,-0.5329992871990038,0.2738338782540739
500,234,naive,psi1,0.0793565274768268,0.2669262589404774
500,234,corrected,psi0,0.7325485405152634,0.31665832788919046
500,234,corrected,psi1,0.5787885315965989,0.30702357225218546
500,235,naive,psi0,0.07193991204168698,0.26196813155547255
500,235,naive,psi1,0.528187003849106,0.23910665977326298
500,235,corrected,psi0,1.4991536808053538,0.30609511523002914
500,235,corrected,psi1,1.0147051990602103,0.2866579274042802
500,236,naive,psi0,-0.35324490167232847,0.26213324937480603
500,236,naive,psi1,0.2872354304419385,0.2825551752092316
500,236,corrected,psi0,0.999936675178302,0.3095818018882235
500,236,corrected,psi1,0.9136123331505853,0.32554739091100104
500,237,naive,psi0,0.12004132297170492,0.2543201837038453
500,237,naive,psi1,-0.31336030541035453,0.25194712301735583
500,237,corrected,psi0,1.3777422269434336,0.2993731277927526
500,237,corrected,psi1,0.052318399556696545,0.29207941082264544
500,238,naive,psi0,0.3998997078748864,0.23573929446300418
500,238,naive,psi1,-0.437433641813765,0.26692684411726786
500,238,corrected,psi0,1.7092177697752937,0.27374923238328613
500,238,corrected,psi1,0.09865738387882879,0.3045356198578553
500,239,naive,psi0,-0.30481091839394364,0.2526269491339546
500,239,naive,psi1,0.2795597834121691,0.23558750650030327
500,239,corrected,psi0,0.9277925276687139,0.2930367687479451
500,239,corrected,psi1,0.7778495289371234,0.2730367334695286
500,240,naive,psi0,0.16926554483414846,0.26652406044007915
500,240,naive,psi1,-0.47885762225634865,0.32317920331417593
500,240,corrected,psi0,1.4110657509995603,0.313841168607821
500,240,corrected,psi1,0.008420467271650597,0.3777905176850468
500,241,naive,psi0,-0.09217012633829301,0.28692258312704244
500,241,naive,psi1,-0.4555852655533507,0.3171356783551126
500,241,corrected,psi0,1.2005797790044181,0.3317222681874469
500,241,corrected,psi1,-0.01791344717847308,0.36072851373507114
500,242,naive,psi0,-0.6658113186345576,0.25349785519309526
500,242,naive,psi1,-0.07824941828526245,0.25034491752794774
500,242,corrected,psi0,0.6871514287843316,0.29428245743300224
500,242,corrected,psi1,0.4331044245610452,0.2897592962456068
500,243,naive,psi0,-0.08594604883538479,0.2687399892204818
500,243,naive,psi1,0.3515578016144863,0.24376656186278214
500,243,corrected,psi0,1.2564278823576667,0.3107188621915952
500,243,corrected,psi1,0.9197766448012147,0.29462348118278003
500,244,naive,psi0,-0.29175520661602444,0.2432457998813697
500,244,naive,psi1,-0.4160659813763596,0.22470729683128424
500,244,corrected,psi0,1.009268383649013,0.28335493233133774
500,244,corrected,psi1,0.07286362073272899,0.2624220035618752
500,245,naive,psi0,-0.7647616929478395,0.24818455341181686
500,245,naive,psi1,-0.23695649329547533,0.23788358706036924
500,245,corrected,psi0,0.43479046105795893,0.2902300682636452
500,245,corrected,psi1,0.28246430164144637,0.2917507206353353
500,246,naive,psi0,-0.5405594061029527,0.2621950920544502
500,246,naive,psi1,0.04292279582296215,0.35399303359608164
500,246,corrected,psi0,0.668292685366324,0.3083626205329808
500,246,corrected,psi1,0.5873591925724302,0.4370584609436499
500,247,naive,psi0,-0.7646710344123357,0.23811750219804842
500,247,naive,psi1,0.12790706808943755,0.24377569174500718
500,247,corrected,psi0,0.39106237446184855,0.27834958773213025
500,247,corrected,psi1,0.6426048572607371,0.29377928454061475
500,248,naive,psi0,-0.06600552256440861,0.22917874168857133
500,248,naive,psi1,-0.09427454448484841,0.22483598129366905
500,248,corrected,psi0,1.258950711992053,0.26590663382211316
500,248,corrected,psi1,0.3421358271297717,0.25687239018161767
500,249,naive,psi0,-0.16286607028283223,0.23833137094306414
500,249,naive,psi1,-0.0496592915855032,0.24700947837354523
500,249,corrected,psi0,1.129851007150758,0.27763266464494074
500,249,corrected,psi1,0.3999525700251757,0.2929068137523333
500,250,naive,psi0,-0.6319996061063219,0.2597999373757917
500,250,naive,psi1,-0.21393266749385645,0.24113574853594144
500,250,corrected,psi0,0.5228037749835828,0.3077536521163996
500,250,corrected,psi1,0.21822942591017455,0.2859127207351728
500,251,naive,psi0,0.09473847865393374,0.2496921211095187
500,251,naive,psi1,-0.525124400245748,0.29990183558772054
500,251,corrected,psi0,1.42094072878843,0.2924310078484674
500,251,corrected,psi1,-0.11434739317179203,0.35381708207339435
500,252,naive,psi0,-0.47611517719140883,0.27492809831809517
500,252,naive,psi1,0.32678928627902104,0.2666071305122165
500,252,corrected,psi0,0.7998212023084202,0.32203797709265114
500,252,corrected,psi1,0.8734427409829609,0.3178099420535449
500,253,naive,psi0,-0.22328259832084418,0.2676368875203065
500,253,naive,psi1,0.11995408460628185,0.2932776939900454
500,253,corrected,psi0,1.041359379780921,0.3142377230253407
500,253,corrected,psi1,0.6753523696577397,0.3482155404493274
500,254,naive,psi0,-0.33952481347954017,0.2352538498564975
500,254,naive,psi1,0.03886377337815474,0.21209369382709137
500,254,corrected,psi0,0.9415872419720318,0.2725341996257781
500,254,corrected,psi1,0.5153633784017744,0.25018338310586835
500,255,naive,psi0,-0.8994792452557119,0.26385587748850026
500,255,naive,psi1,0.17867367340167714,0.25670084994831216
500,255,corrected,psi0,0.21659120230725631,0.304745078601457
500,255,corrected,psi1,0.6790568025407016,0.2980559591046424
500,256,naive,psi0,-0.43441387360159184,0.2505162175514413
500,256,naive,psi1,0.3138250912126948,0.26745886406543595
500,256,corrected,psi0,0.7442216430600486,0.29545972436829065
500,256,corrected,psi1,0.7517270397810549,0.30954849212468744
500,257,naive,psi0,0.5298655641608486,0.2632978801490775
500,257,naive,psi1,0.28431771480910745,0.2672206360896835
500,257,corrected,psi0,1.9031601283926247,0.3103876499120053
500,257,corrected,psi1,0.9201715021588182,0.32033425495036444
500,258,naive,psi0,-0.42289813525665887,0.2703807764704918
500,258,naive,psi1,-0.1985705902342203,0.30310195280901797
500,258,corrected,psi0,0.7765621101784559,0.3142558705960489
500,258,corrected,psi1,0.4343859167273437,0.3551702899693139
500,259,naive,psi0,-0.1857736974252647,0.24327350525717398
500,259,naive,psi1,0.2621419286283192,0.24967447160837006
500,259,corrected,psi0,1.118813860268391,0.2834126985145118
500,259,corrected,psi1,0.866998254299808,0.29174774471989257
500,260,naive,psi0,0.009418231550623544,0.28239183594860223
500,260,naive,psi1,0.05205126667840384,0.2810284992113182
500,260,corrected,psi0,1.4183887607033423,0.3347347974968117
500,260,corrected,psi1,0.4736509297752344,0.328946160362242
500,261,naive,psi0,-0.49797449434317176,0.2690362251010924
500,261,naive,psi1,0.17405912252005717,0.32187202414829164
500,261,corrected,psi0,0.8631935867949506,0.3098548475698018
500,261,corrected,psi1,0.73436812048985,0.3717818534006773
500,262,naive,psi0,0.1611978970438329,0.2702683380236176
500,262,naive,psi1,-0.4088663807848314,0.3194930398811921
500,262,corrected,psi0,1.5699173067283827,0.31865818536937324
500,262,corrected,psi1,-0.0694501681314153,0.371599692536899
500,263,naive,psi0,-0.20110464755112203,0.2548390434137921
500,263,naive,psi1,0.17739181619828107,0.24344010192573898
500,263,corrected,psi0,0.9874455146389672,0.29297444634342856
500,263,corrected,psi1,0.6552404192714,0.2849339560308684
500,264,naive,psi0,-0.44208489882062046,0.25916751552759976
500,264,naive,psi1,0.15322741703841186,0.23683229766849168
500,264,corrected,psi0,0.7809172946516205,0.2958904381103473
500,264,corrected,psi1,0.6511687433836635,0.2710139546469522
500,265,naive,psi0,-0.3158401948494932,0.24791734760974976
500,265,naive,psi1,0.10867970900853793,0.2394547741307582
500,265,corrected,psi0,0.8631691637577955,0.2912160709781031
500,265,corrected,psi1,0.6508794374003563,0.28173747838908403
500,266,naive,psi0,-0.3761434752828923,0.26669921986729644
500,266,naive,psi1,-0.35823387909643506,0.2739873475357773
500,266,corrected,psi0,0.9320585349838751,0.30727873298570957
500,266,corrected,psi1,0.05973002457840359,0.3156656486026375
500,267,naive,psi0,-0.06384513190243145,0.25717402394800776
500,267,naive,psi1,-0.8534131006510599,0.2800601771516372
500,267,corrected,psi0,1.2205450835464604,0.2984958733873926
500,267,corrected,psi1,-0.5155960299652306,0.33079332603333217
500,268,naive,psi0,-0.09077823227781474,0.2596327133658751
500,268,naive,psi1,0.05464198119209175,0.22873124633104944
500,268,corrected,psi0,1.3766765794433633,0.3076188037745862
500,268,corrected,psi1,0.6197337233620636,0.27242619166162
500,269,naive,psi0,-0.5148377366762611,0.28535926911524817
500,269,naive,psi1,0.3518508429444832,0.3907571026604026
500,269,corrected,psi0,0.6991174764829302,0.3361680884830046
500,269,corrected,psi1,0.9648524587062423,0.44690266949818375
500,270,naive,psi0,-0.32810677847105796,0.24389296016829623
500,270,naive,psi1,-0.03518761801403961,0.26071778997659206
500,270,corrected,psi0,0.8732233808515011,0.2769369119614178
500,270,corrected,psi1,0.4228065128089764,0.2897279954826353
500,271,naive,psi0,-0.40381845862000254,0.26653661450282573
500,271,naive,psi1,0.15343177868607832,0.2828690035976469
500,271,corrected,psi0,0.782722749304743,0.3079142813067274
500,271,corrected,psi1,0.6764124542636091,0.3214448681083852
500,272,naive,psi0,-0.05429784590314249,0.2536300447116188
500,272,naive,psi1,0.00887122712524415,0.27082476960232094
500,272,corrected,psi0,1.1543765387128797,0.2902423163075559
500,272,corrected,psi1,0.6320782484769882,0.31631095738558207
500,273,naive,psi0,0.16608071902113858,0.25257330499247116
500,273,naive,psi1,-0.038893083658535006,0.2880648858121013
500,273,corrected,psi0,1.5557019412635718,0.28941404595264775
500,273,corrected,psi1,0.3297725697142311,0.32615304093406156
500,274,naive,psi0,-0.4345354689474312,0.26737897368525493
500,274,naive,psi1,-0.1444675463997226,0.3008323971430052
500,274,corrected,psi0,0.7491695133190397,0.30307314308941496
500,274,corrected,psi1,0.4204180533672643,0.3354651355958127
500,275,naive,psi0,-0.2516299395270273,0.24370122977656802
500,275,naive,psi1,-0.23332094035137715,0.25792538307505414
500,275,corrected,psi0,1.0383285769723036,0.2808800798578661
500,275,corrected,psi1,0.2587680083743801,0.29621798669688204
500,276,naive,psi0,-0.2391842960659228,0.24732999685308726
500,276,naive,psi1,-0.25293347199746496,0.2648888419626552
500,276,corrected,psi0,1.0107057225687532,0.2906671124939454
500,276,corrected,psi1,0.2504041528884872,0.323904383655237
500,277,naive,psi0,-0.3202833738298713,0.2458430500887386
500,277,naive,psi1,0.5208629537084661,0.2877405326889747
500,277,corrected,psi0,0.9437462572228233,0.28287793694389957
500,277,corrected,psi1,1.109060126807196,0.33879674322730574
500,278,naive,psi0,-0.5030673223166188,0.253428082061264
500,278,naive,psi1,-0.5100787198116549,0.30454539216731535
500,278,corrected,psi0,0.7725353124136217,0.2957881848044559
500,278,corrected,psi1,-0.06483834095267184,0.35194261984218633
500,279,naive,psi0,-0.1975458705394509,0.24978393272207394
500,279,naive,psi1,0.0700837502073062,0.23705296676801377
500,279,corrected,psi0,1.076178618315572,0.29111088146185615
500,279,corrected,psi1,0.6241661846893687,0.27530764629619076
500,280,naive,psi0,-0.3868769357300169,0.26885824787899815
500,280,naive,psi1,-0.09390577122174883,0.3377333666398594
500,280,corrected,psi0,0.9441869941627283,0.3163529092228663
500,280,corrected,psi1,0.30523728001587114,0.39637060144314035
500,281,naive,psi0,-0.6836944638445727,0.2677050289491491
500,281,naive,psi1,0.797133641921229,0.32431656857375013
500,281,corrected,psi0,0.576619519782816,0.30412163316956453
500,281,corrected,psi1,1.2991774059389531,0.36211368182760817
500,282,naive,psi0,-0.3851313125676204,0.27148377210678126
500,282,naive,psi1,-0.09292617986468701,0.28497659606470027
500,282,corrected,psi0,0.994076752522338,0.3194996773006308
500,282,corrected,psi1,0.4506689069986776,0.3396760642268646
500,283,naive,psi0,-0.10266284368725702,0.25891050976787694
500,283,naive,psi1,0.009881441308647087,0.2418605135238237
500,283,corrected,psi0,1.176000148690154,0.29719039135143727
500,283,corrected,psi1,0.47249381153921777,0.2803634968752223
500,284,naive,psi0,-0.2666248799857675,0.24519229542020132
500,284,naive,psi1,-0.018860409065326038,0.25952198486083244
500,284,corrected,psi0,0.9211683213505567,0.2816460967335254
500,284,corrected,psi1,0.4223970312691854,0.3000666758715555
500,285,naive,psi0,-0.44921468657364283,0.2673853362707381
500,285,naive,psi1,0.19629059110471914,0.23731612111245523
500,285,corrected,psi0,0.8644193546768223,0.31915866618909894
500,285,corrected,psi1,0.7309453851592617,0.2892051486417496
500,286,naive,psi0,-0.5825269352755134,0.2532297719955086
500,286,naive,psi1,-0.11658191289835189,0.2538880516814315
500,286,corrected,psi0,0.646201358499681,0.2939955921882203
500,286,corrected,psi1,0.37963233334312796,0.30413410045538103
500,287,naive,psi0,-0.2816903321517189,0.2842914610776184
500,287,naive,psi1,0.6228177799146694,0.2847471939938641
500,287,corrected,psi0,0.942884680093082,0.34194521042423964
500,287,corrected,psi1,1.1678771938393238,0.3771130082839459
500,288,naive,psi0,-0.3644820480356963,0.24752288621619384
500,288,naive,psi1,0.21525654907072073,0.2842741645876395
500,288,corrected,psi0,0.8491688629976518,0.28439569147551946
500,288,corrected,psi1,0.7239677780166708,0.3266906756968781
500,289,naive,psi0,-0.12721838889932707,0.2737914178541277
500,289,naive,psi1,-0.18301703901444988,0.2661041570641328
500,289,corrected,psi0,1.1769820264180744,0.3120939820130892
500,289,corrected,psi1,0.3408550494271607,0.3050829415575177
500,290,naive,psi0,-0.4279743558368863,0.23467705798028482
500,290,naive,psi1,0.2798139604065879,0.22585448495478413
500,290,corrected,psi0,0.8061973147106121,0.27235447475718083
500,290,corrected,psi1,0.8545300142845249,0.2474000007726684
500,291,naive,psi0,-0.14345659830850493,0.247079909671229
500,291,naive,psi1,0.1453329201335351,0.2573053175491254
500,291,corrected,psi0,1.1299375221532004,0.2872483558510947
500,291,corrected,psi1,0.6419756628767255,0.3027669187143636
500,292,naive,psi0,-0.7676212010198771,0.2464778422442727
500,292,naive,psi1,0.02348937533358711,0.2652740373147806
500,292,corrected,psi0,0.4328603791206256,0.2840255468806107
500,292,corrected,psi1,0.5347984479979284,0.2989973094456113
500,293,naive,psi0,-0.12105878622315414,0.2760438878643683
500,293,naive,psi1,-0.4142174177879065,0.2976256634611676
500,293,corrected,psi0,1.1913307249333511,0.31662297467309075
500,293,corrected,psi1,-0.01621275618208188,0.3427207120378141
500,294,naive,psi0,-0.4619117794518665,0.2503238130025462
500,294,naive,psi1,0.020411441525822565,0.2670816899546573
500,294,corrected,psi0,0.7682723039911421,0.28580007059304047
500,294,corrected,psi1,0.4893218814472178,0.30369512071136634
500,295,naive,psi0,-0.32886828522896255,0.24660482625681682
500,295,naive,psi1,0.276478316897136,0.25938374237189993
500,295,corrected,psi0,0.8866283148629863,0.29440698612024024
500,295,corrected,psi1,0.7704208690188207,0.3192438043976124
500,296,naive,psi0,-0.23619162520808495,0.25494860116567275
500,296,naive,psi1,0.2705726467576772,0.2751737889300131
500,296,corrected,psi0,1.1368609864189767,0.29514069296167544
500,296,corrected,psi1,0.8526008599898295,0.3226348403500371
500,297,naive,psi0,-0.011476071993122106,0.28263321772019256
500,297,naive,psi1,-0.11108648958069259,0.2727572460919791
500,297,corrected,psi0,1.3737736465995496,0.3245808420985498
500,297,corrected,psi1,0.3013132995547229,0.31552868144789625
500,298,naive,psi0,-0.3195626210489495,0.24143220378604713
500,298,naive,psi1,-0.1648898327415486,0.25426554382313565
500,298,corrected,psi0,0.9640386668503018,0.2829046910461513
500,298,corrected,psi1,0.345391976414371,0.29396040358566955
500,299,naive,psi0,-0.07134878376332085,0.2780506171525128
500,299,naive,psi1,-0.3338495944618408,0.26273950718455225
500,299,corrected,psi0,1.1833448256727237,0.3240726443249774
500,299,corrected,psi1,0.14587283778446652,0.30714605648307014
500,300,naive,psi0,-0.42563949573964704,0.2289967396275873
500,300,naive,psi1,0.2333651360667203,0.2026591788400406
500,300,corrected,psi0,0.8742407181535901,0.2687934892176384
500,300,corrected,psi1,0.8113277625465375,0.2415036069777467
500,301,naive,psi0,-0.07515193405082252,0.2222008707716455
500,301,naive,psi1,-0.14195841632143524,0.21245847916837637
500,301,corrected,psi0,1.0976628358136937,0.25999226800166975
500,301,corrected,psi1,0.39160097354456147,0.25136745749468153
500,302,naive,psi0,-0.42859904022703055,0.24457301502540824
500,302,naive,psi1,0.18786886227683053,0.26511050802506364
500,302,corrected,psi0,0.7940815161375082,0.289956874014143
500,302,corrected,psi1,0.6780472015593352,0.30546491124166664
500,303,naive,psi0,-0.08195766189530743,0.25703192665112495
500,303,naive,psi1,0.04745823354127014,0.28401904678892775
500,303,corrected,psi0,1.2569661096509654,0.30137913061863225
500,303,corrected,psi1,0.535315143318549,0.3221249488087222
500,304,naive,psi0,-0.03876025496817492,0.2457037831508005
500,304,naive,psi1,-0.04046207708379351,0.23385684426342335
500,304,corrected,psi0,1.243748468722793,0.2844914220343015
500,304,corrected,psi1,0.40110512441123486,0.26752489158883724
500,305,naive,psi0,-0.04555946123911381,0.2790311581219588
500,305,naive,psi1,0.21210540488928314,0.3503976271020463
500,305,corrected,psi0,1.2264171736021074,0.32471743881752735
500,305,corrected,psi1,0.7377639748680394,0.40618934093321457
500,306,naive,psi0,-0.5035651849841033,0.258529908757879
500,306,naive,psi1,-0.010822995842406582,0.27672029483846494
500,306,corrected,psi0,0.767966311410011,0.30136332690610335
500,306,corrected,psi1,0.5343182417839749,0.3211658493506513
500,307,naive,psi0,-0.4631641582203635,0.2543813307261379
500,307,naive,psi1,0.1727514120134085,0.2217239673812621
500,307,corrected,psi0,0.7167930973859796,0.2958348122130252
500,307,corrected,psi1,0.678473212421219,0.2575504001205815
500,308,naive,psi0,-0.01239248814508685,0.2307201553444446
500,308,naive,psi1,0.08032347706602908,0.22949493017737474
500,308,corrected,psi0,1.2425651507150752,0.2741694843053737
500,308,corrected,psi1,0.6157029518559646,0.2743772538238697
500,309,naive,psi0,-0.1712454265111484,0.2676519269032512
500,309,naive,psi1,-0.0644703374123971,0.291777009994435
500,309,corrected,psi0,1.0784428828291304,0.3115522003691709
500,309,corrected,psi1,0.4365150525897584,0.33453766317189937
500,310,naive,psi0,0.13070594125740642,0.2633913592308413
500,310,naive,psi1,-0.04695028382321711,0.261039944591153
500,310,corrected,psi0,1.5967758150068627,0.303742929512602
500,310,corrected,psi1,0.39303811976592046,0.30339954222551196
500,311,naive,psi0,-0.2445186131526256,0.23735757828647502
500,311,naive,psi1,-0.03127875521848916,0.3094692462544651
500,311,corrected,psi0,1.0418652344797108,0.27414563474774045
500,311,corrected,psi1,0.3341054308075286,0.3537622620632582
500,312,naive,psi0,-0.165597949674252,0.23791370139825993
500,312,naive,psi1,0.22111606641574175,0.24030551950785686
500,312,corrected,psi0,1.2151538158128965,0.27846725202484685
500,312,corrected,psi1,0.7792416188213119,0.28714967478291803
500,313,naive,psi0,-0.14953629961860926,0.24523383695372497
500,313,naive,psi1,0.08875111189697171,0.23837314096751286
500,313,corrected,psi0,1.2113836233234068,0.28564242484045876
500,313,corrected,psi1,0.5351151096843948,0.2766094031320113
500,314,naive,psi0,-0.04853548187408037,0.25758811729129416
500,314,naive,psi1,0.27150151708799747,0.2698249824455928
500,314,corrected,psi0,1.2366758191583458,0.30041426986667186
500,314,corrected,psi1,0.8133625381235711,0.33713530858506957
500,315,naive,psi0,-0.4276702640490449,0.24487621739507742
500,315,naive,psi1,-0.11115026717711213,0.2520556374093477
500,315,corrected,psi0,0.7564968701295633,0.2915122190855229
500,315,corrected,psi1,0.3030365217346258,0.29927968445452185
500,316,naive,psi0,0.3325263901426995,0.262646952183754
500,316,naive,psi1,-0.3154916363149251,0.2668989812611176
500,316,corrected,psi0,1.7675089369777237,0.3089763455887419
500,316,corrected,psi1,0.1324623462657431,0.31379120753476064
500,317,naive,psi0,-0.28815680156511514,0.2526545916854206
500,317,naive,psi1,-0.012464781444009627,0.2774358962148611
500,317,corrected,psi0,0.9232416460201406,0.2950291257237742
500,317,corrected,psi1,0.5322703030957796,0.32767900437214675
500,318,naive,psi0,0.2950463830066747,0.2885204894968969
500,318,naive,psi1,-0.24853539846856806,0.29392814115169136
500,318,corrected,psi0,1.7231130336404272,0.3375510515680808
500,318,corrected,psi1,0.2876499010745456,0.3404532577884961
500,319,naive,psi0,-0.4790602575986162,0.2469966895176161
500,319,naive,psi1,0.09724440120574729,0.31311620090151365
500,319,corrected,psi0,0.7526657310505669,0.2896176612207094
500,319,corrected,psi1,0.6649215501592923,0.36633286926581526
500,320,naive,psi0,0.04894538288466877,0.2648141050357769
500,320,naive,psi1,-0.08200210149838534,0.2675138927122033
500,320,corrected,psi0,1.350813795625825,0.3081194413158719
500,320,corrected,psi1,0.3682704736315835,0.30847818712112857
500,321,naive,psi0,-0.5724056542688059,0.27206432691549526
500,321,naive,psi1,-0.17262984568031292,0.28245645656744206
500,321,corrected,psi0,0.6994749991948149,0.31328064760598473
500,321,corrected,psi1,0.3073306119593186,0.32060815438719903
500,322,naive,psi0,-0.22522018624896728,0.24337838461379602
500,322,naive,psi1,-0.0396385065727309,0.2477249913405132
500,322,corrected,psi0,1.0770726200987946,0.2802820622869086
500,322,corrected,psi1,0.48306162973744854,0.28965426120333876
500,323,naive,psi0,-0.17021150912040856,0.257060240766929
500,323,naive,psi1,-0.12906989258448195,0.2835338029001259
500,323,corrected,psi0,1.0190610669931213,0.30359622594299285
500,323,corrected,psi1,0.32069261295818,0.3333159252287878
500,324,naive,psi0,-0.03928163280028495,0.24484850466965957
500,324,naive,psi1,-0.5763532453206647,0.24003962068386744
500,324,corrected,psi0,1.2091177878397095,0.28578836722311013
500,324,corrected,psi1,-0.08683681231989908,0.27513411595479137
500,325,naive,psi0,-0.18079084767575498,0.22849194665912467
500,325,naive,psi1,0.3273176248930934,0.24104292847414963
500,325,corrected,psi0,1.1468573961263786,0.26362947184818003
500,325,corrected,psi1,0.8247220143153496,0.2771128856300696
500,326,naive,psi0,-0.40731148099462555,0.2400351341752031
500,326,naive,psi1,0.1260321546323097,0.24313786591120823
500,326,corrected,psi0,0.7976102877085055,0.2817750823349503
500,326,corrected,psi1,0.69491595794265,0.28770906869300544
500,327,naive,psi0,0.04631078968146819,0.2592981138049454
500,327,naive,psi1,0.12431657826904514,0.2695756157332674
500,327,corrected,psi0,1.340607418719644,0.2953165140473422
500,327,corrected,psi1,0.7111846665210354,0.30608860929075116
500,328,naive,psi0,-0.16938783030132845,0.23880075481083826
500,328,naive,psi1,0.23383936676064446,0.23046653532042782
500,328,corrected,psi0,1.1314879469650743,0.28051203868548286
500,328,corrected,psi1,0.834886789064903,0.2691863391710705
500,329,naive,psi0,-0.13981551702247025,0.28689926527542886
500,329,naive,psi1,-0.06903158995332026,0.3105649846939732
500,329,corrected,psi0,1.2153849186967374,0.33281692764871984
500,329,corrected,psi1,0.3758135963954338,0.36069280882153426
500,330,naive,psi0,0.03642394702629563,0.25772204084745726
500,330,naive,psi1,-0.3658574294892495,0.24222853307021378
500,330,corrected,psi0,1.386438524783034,0.3062062621337651
500,330,corrected,psi1,0.007082672303400887,0.2884380426688459
500,331,naive,psi0,-0.2194922915997787,0.2442654303051534
500,331,naive,psi1,-0.33152544864367356,0.259003269664843
500,331,corrected,psi0,1.0166182537026665,0.2839989835616535
500,331,corrected,psi1,0.08256372159204063,0.30232006733000094
500,332,naive,psi0,-0.12792976344261414,0.21850461919091776
500,332,naive,psi1,-0.10982514181972737,0.24259863555718406
500,332,corrected,psi0,1.1320566773880458,0.2531209934052968
500,332,corrected,psi1,0.3962769784612374,0.28922836743656427
500,333,naive,psi0,0.029970520685927038,0.265385029463809
500,333,naive,psi1,-0.00761041375596533,0.2626863283656119
500,333,corrected,psi0,1.3931326870623455,0.3102328461303215
500,333,corrected,psi1,0.5940770287192461,0.31038651899845776
500,334,naive,psi0,-0.41281320008897826,0.25277007783154
500,334,naive,psi1,0.1378745523867439,0.29565473165217304
500,334,corrected,psi0,0.8956268668522994,0.2928250293288724
500,334,corrected,psi1,0.7849172989256933,0.3533758005929459
500,335,naive,psi0,-0.17022568391622853,0.25689485678131907
500,335,naive,psi1,0.19808945965968358,0.25830871387760523
500,335,corrected,psi0,1.1975826229252304,0.3003868073901392
500,335,corrected,psi1,0.7844539466304161,0.3138230149341418
500,336,naive,psi0,-0.3399160709575161,0.2477225638140329
500,336,naive,psi1,0.21625730837352028,0.25077275614957273
500,336,corrected,psi0,0.8988294872921931,0.29076623414530123
500,336,corrected,psi1,0.654820457318413,0.30849637278656017
500,337,naive,psi0,-0.38370705871126004,0.2540620980032314
500,337,naive,psi1,0.1214371976433927,0.2641705352244719
500,337,corrected,psi0,0.9851576315905785,0.29705161259139184
500,337,corrected,psi1,0.600696217631197,0.2974307981764578
500,338,naive,psi0,-0.4091616963913253,0.26205349676219697
500,338,naive,psi1,0.012285055114434692,0.30323141785650726
500,338,corrected,psi0,0.7386417094630757,0.31124071640953993
500,338,corrected,psi1,0.4649334889473306,0.35587533886581146
500,339,naive,psi0,-0.2823135678233569,0.24612423542016898
500,339,naive,psi1,0.44222230740615653,0.28916345793350035
500,339,corrected,psi0,1.046030323080842,0.28734062613709843
500,339,corrected,psi1,0.979317318562629,0.3375577434891339
500,340,naive,psi0,-0.32439926181991835,0.24346490673173868
500,340,naive,psi1,-0.31900689076157307,0.23776955247075998
500,340,corrected,psi0,0.9444936156365498,0.2768932007401888
500,340,corrected,psi1,0.18568920432517685,0.2616779973260722
500,341,naive,psi0,-0.8140732437683774,0.24744982918530034
500,341,naive,psi1,0.24574297334190937,0.2872890754073286
500,341,corrected,psi0,0.42175553762035706,0.2889714677742323
500,341,corrected,psi1,0.7844661860783875,0.34410771935679096
500,342,naive,psi0,-0.006280753113993106,0.24958041798421007
500,342,naive,psi1,0.11991902080536819,0.2929119482374564
500,342,corrected,psi0,1.3487541496287572,0.28532053789241546
500,342,corrected,psi1,0.6118528590909063,0.3317026683452644
500,343,naive,psi0,-0.31068223286913016,0.25824817193256006
500,343,naive,psi1,-0.12455159977361815,0.2974145837047094
500,343,corrected,psi0,1.014496331887017,0.3039314786365478
500,343,corrected,psi1,0.37172536123159944,0.34437411177209437
500,344,naive,psi0,-0.5747032476704994,0.2778518667817598
500,344,naive,psi1,-0.031712645468514974,0.2886291169523829
500,344,corrected,psi0,0.8057459052902464,0.3235176367322914
500,344,corrected,psi1,0.34077073263972535,0.34387949189498723
500,345,naive,psi0,-0.38943615974284995,0.257023538307949
500,345,naive,psi1,0.02258375081754297,0.2749398108794595
500,345,corrected,psi0,0.7926080329053818,0.29254826560001884
500,345,corrected,psi1,0.5737803940921198,0.3050133156784431
500,346,naive,psi0,-0.2985780315293892,0.25073680480635296
500,346,naive,psi1,0.34721033159878684,0.26433081442760215
500,346,corrected,psi0,0.8373734818177132,0.2941826575605108
500,346,corrected,psi1,0.9872946102594446,0.3111390068984064
500,347,naive,psi0,-0.5774190134784128,0.26102789594008463
500,347,naive,psi1,-0.005159989019230141,0.31331707757146676
500,347,corrected,psi0,0.5615671248465025,0.30639380981148673
500,347,corrected,psi1,0.5562290866245759,0.3771677775749254
500,348,naive,psi0,0.0606455842968918,0.2346754430449503
500,348,naive,psi1,0.3311794598416155,0.23174751269046756
500,348,corrected,psi0,1.3560194371487475,0.2748523865402674
500,348,corrected,psi1,0.9211979841069611,0.27125334513818833
500,349,naive,psi0,-0.24852000453684495,0.2796535198340535
500,349,naive,psi1,-0.27567804234868537,0.32604860054852164
500,349,corrected,psi0,1.0327929971168721,0.3249651521673982
500,349,corrected,psi1,0.12616160123578993,0.37807261466260383
500,350,naive,psi0,-0.4368039479880607,0.2815993982837274
500,350,naive,psi1,0.06037799670488096,0.28775501031517936
500,350,corrected,psi0,0.7653889650760636,0.33615273268113055
500,350,corrected,psi1,0.5961366384239112,0.35257891643679445
500,351,naive,psi0,-0.005169313344984394,0.263839949800735
500,351,naive,psi1,-0.2925132710071282,0.27482024012424583
500,351,corrected,psi0,1.2194661892938723,0.30392001614346337
500,351,corrected,psi1,0.05367361086910868,0.3190148058785798
500,352,naive,psi0,-0.1518788144579878,0.2501820463649786
500,352,naive,psi1,-0.26317776333371196,0.2600181889800137
500,352,corrected,psi0,1.091242988455414,0.2905975354437496
500,352,corrected,psi1,0.2814562010008573,0.30365785052335664
500,353,naive,psi0,-0.4066753160247151,0.27089898299245857
500,353,naive,psi1,0.30380932870254385,0.2630924669327615
500,353,corrected,psi0,0.8328687799295276,0.3105284684205983
500,353,corrected,psi1,0.8422814370162458,0.3071107523183852
500,354,naive,psi0,-0.4522603687840997,0.2553016731228239
500,354,naive,psi1,0.03556478916213248,0.2388047708200196
500,354,corrected,psi0,0.7869875902081417,0.29572637345401814
500,354,corrected,psi1,0.5242925480579818,0.2783903983837583
500,355,naive,psi0,-0.8012699275939102,0.2360467932705671
500,355,naive,psi1,-0.04349647812017633,0.2370399765651872
500,355,corrected,psi0,0.37378433990331983,0.2830538969231255
500,355,corrected,psi1,0.5545640830201145,0.28207740909444196
500,356,naive,psi0,-0.3402208041950685,0.2380729246779215
500,356,naive,psi1,0.0759423298289304,0.25267040162505106
500,356,corrected,psi0,1.0174878460646508,0.2882816588261055
500,356,corrected,psi1,0.5022907413622912,0.3012775577124956
500,357,naive,psi0,-0.6006911195708833,0.22718907206026262
500,357,naive,psi1,0.2018460439806982,0.21964437215393526
500,357,corrected,psi0,0.5447989097670706,0.2661301359982316
500,357,corrected,psi1,0.6359076072535708,0.25713779860299685
500,358,naive,psi0,-0.4551680327414611,0.2591305573341475
500,358,naive,psi1,0.3118129081942277,0.2659524948249459
500,358,corrected,psi0,0.7689488120425465,0.2978974611646104
500,358,corrected,psi1,0.7696689744856198,0.2997003706861844
500,359,naive,psi0,-0.3480932820386703,0.23135281787061918
500,359,naive,psi1,0.15885928990526957,0.25397054488024623
500,359,corrected,psi0,0.8713580189941019,0.2619868618475598
500,359,corrected,psi1,0.733930921252752,0.2804890225923964
500,360,naive,psi0,-0.2490385499092884,0.23400761602702835
500,360,naive,psi1,-0.18355903364188547,0.21209535027188836
500,360,corrected,psi0,0.9691644282665737,0.27378045386703725
500,360,corrected,psi1,0.27192244699521917,0.24673142301870266
500,361,naive,psi0,-0.4351414117555152,0.24555110929063784
500,361,naive,psi1,0.4559882326869063,0.2758273103635172
500,361,corrected,psi0,0.7272578934141459,0.29915052830442507
500,361,corrected,psi1,0.9820679374767401,0.3369290812870867
500,362,naive,psi0,-0.0666108667661682,0.26706686187531703
500,362,naive,psi1,-0.29575356421261845,0.25635984393774813
500,362,corrected,psi0,1.2011339999535382,0.3070450544512264
500,362,corrected,psi1,0.2481150678444124,0.29737999253406044
500,363,naive,psi0,-0.14021063880030546,0.2925659379622353
500,363,naive,psi1,-0.21274097948452358,0.279570111853297
500,363,corrected,psi0,1.0387282271298441,0.3413980221226504
500,363,corrected,psi1,0.2724186816403486,0.32164271606665235
500,364,naive,psi0,-0.36912893586346374,0.2503797073474861
500,364,naive,psi1,0.052019855347615884,0.2837103024217143
500,364,corrected,psi0,0.9186949540680198,0.29151994218245647
500,364,corrected,psi1,0.5481922436028442,0.329993727371627
500,365,naive,psi0,-0.23840925269547514,0.2557591454622825
500,365,naive,psi1,-0.1841125685225614,0.2611788716239749
500,365,corrected,psi0,1.0082308987015396,0.2921682620902381
500,365,corrected,psi1,0.28041193665970937,0.2991285210758875
500,366,naive,psi0,-0.42000512777043875,0.27679357051580583
500,366,naive,psi1,0.06049786971136983,0.30656712515415213
500,366,corrected,psi0,0.7807092555901033,0.32304445817616473
500,366,corrected,psi1,0.6339540694304592,0.35757685072416867
500,367,naive,psi0,-0.1020726349360177,0.2638822158557085
500,367,naive,psi1,-0.2006072711095847,0.27102922729225415
500,367,corrected,psi0,1.2732208165733954,0.3011558310440807
500,367,corrected,psi1,0.23945583859319683,0.30388281421517227
500,368,naive,psi0,-0.13428080563647196,0.24243629599795716
500,368,naive,psi1,-0.04435526739366001,0.2702287936242971
500,368,corrected,psi0,1.2564117581009233,0.2835661655744325
500,368,corrected,psi1,0.4081275264566657,0.3206469240032016
500,369,naive,psi0,-0.4154375013408319,0.2596853595737591
500,369,naive,psi1,-0.03761039158313579,0.2829514685315893
500,369,corrected,psi0,0.8892846178211747,0.3003520884269184
500,369,corrected,psi1,0.4483160796231702,0.31708465845513745
500,370,naive,psi0,-0.36492188393193664,0.2719428640700917
500,370,naive,psi1,0.4312209737078685,0.3121439361432719
500,370,corrected,psi0,0.8607401955139642,0.31411759321546795
500,370,corrected,psi1,1.0645086939890895,0.3622815656309814
500,371,naive,psi0,-0.31696255372736515,0.2696295118575732
500,371,naive,psi1,-0.3529165933298778,0.2856352885972199
500,371,corrected,psi0,0.9801103213340626,0.3098259747887515
500,371,corrected,psi1,0.17124947984257502,0.3221119548330666
500,372,naive,psi0,-0.7688771935936323,0.2328819475301452
500,372,naive,psi1,0.056514206892914726,0.21931295065198128
500,372,corrected,psi0,0.46431687515283676,0.27159361655631825
500,372,corrected,psi1,0.43127695379448316,0.25078270992942703
500,373,naive,psi0,0.05728252209785131,0.2616978862574579
500,373,naive,psi1,-0.17341111599922082,0.31685826474278006
500,373,corrected,psi0,1.3392464226164853,0.3085735751393882
500,373,corrected,psi1,0.36441357610041775,0.3725685386621392
500,374,naive,psi0,-0.24942460524908616,0.2296657008466232
500,374,naive,psi1,0.3311060889279729,0.24370731315782554
500,374,corrected,psi0,1.0650081644440539,0.2697941796618812
500,374,corrected,psi1,1.0097270514748948,0.2852724188065125
500,375,naive,psi0,-0.91558089781367,0.29111441016848383
500,375,naive,psi1,-0.060189526707850736,0.2894060904374781
500,375,corrected,psi0,0.24709021126189198,0.33678160420699876
500,375,corrected,psi1,0.4069811086787033,0.3375931716376554
500,376,naive,psi0,-0.6156336164408251,0.2682912204431483
500,376,naive,psi1,0.5200479613454451,0.3038467664807252
500,376,corrected,psi0,0.6829793189242285,0.3126450590449181
500,376,corrected,psi1,1.1141565373407376,0.3515925650255993
500,377,naive,psi0,-0.4882752269047975,0.2763491195519827
500,377,naive,psi1,0.3585848373302161,0.3257387311055934
500,377,corrected,psi0,0.8201808816613635,0.32222016439257234
500,377,corrected,psi1,0.8324330912968767,0.37531608210149864
500,378,naive,psi0,-0.217242384971415,0.23969127294346843
500,378,naive,psi1,-0.11141017283726504,0.240764728382274
500,378,corrected,psi0,1.0826871370689597,0.27703424396813764
500,378,corrected,psi1,0.3157945326096697,0.28036810253828703
500,379,naive,psi0,-0.4014351396884466,0.24941122044796504
500,379,naive,psi1,-0.24795878422127243,0.25181043588421914
500,379,corrected,psi0,0.7941856908617392,0.2900183615946085
500,379,corrected,psi1,0.29140770032020286,0.29416505315689556
500,380,naive,psi0,0.011820622089073848,0.26762329754964204
500,380,naive,psi1,0.33628912012766154,0.2899883163339346
500,380,corrected,psi0,1.3698697111252873,0.3144967179818115
500,380,corrected,psi1,0.821016946261308,0.3498622230531751
500,381,naive,psi0,-0.4567926979026017,0.24801031326001632
500,381,naive,psi1,0.2102346632526687,0.23155677479513143
500,381,corrected,psi0,0.8177797034702804,0.2807082501297405
500,381,corrected,psi1,0.7084194676712652,0.2577544116160699
500,382,naive,psi0,-0.30445976374236206,0.25767629077160703
500,382,naive,psi1,-0.13800370628360667,0.3062835789206353
500,382,corrected,psi0,1.0513277567911348,0.2993046608896864
500,382,corrected,psi1,0.32206150070305073,0.3597582726007819
500,383,naive,psi0,-0.5990545088179459,0.25827530435644774
500,383,naive,psi1,0.36276531051127753,0.27620932601045006
500,383,corrected,psi0,0.6432752536194806,0.2973999663607317
500,383,corrected,psi1,0.8341301704927451,0.3151761055240851
500,384,naive,psi0,-0.682413876816071,0.25634868630566715
500,384,naive,psi1,0.23681325334438133,0.28868035241576556
500,384,corrected,psi0,0.4762865579367767,0.30433358891956547
500,384,corrected,psi1,0.7521906431132737,0.34129190748219806
500,385,naive,psi0,-0.03393278508631682,0.2381486992035248
500,385,naive,psi1,0.32952578390379283,0.18999586051858974
500,385,corrected,psi0,1.2882099599297068,0.2735688066922569
500,385,corrected,psi1,0.8760419321979225,0.21995778279427117
500,386,naive,psi0,-0.47599444226437326,0.26311597806188763
500,386,naive,psi1,-0.18400872499534754,0.3001064352314433
500,386,corrected,psi0,0.7147572495292178,0.3040299958008938
500,386,corrected,psi1,0.27874176757235053,0.3560473274743477
500,387,naive,psi0,-0.2068325489358119,0.23715425826909392
500,387,naive,psi1,-0.20369163017785955,0.24951293843634867
500,387,corrected,psi0,1.1986778760383805,0.2782554776837384
500,387,corrected,psi1,0.24548714409713374,0.29015270173644364
500,388,naive,psi0,-0.2878843365212974,0.24711331674250023
500,388,naive,psi1,-0.1788871874570609,0.2621525304270884
500,388,corrected,psi0,0.933719806680957,0.28652691437000255
500,388,corrected,psi1,0.2605239464728563,0.3075463226555464
500,389,naive,psi0,-0.11936730207197807,0.23523236085481303
500,389,naive,psi1,0.15693675443070462,0.22139003323014692
500,389,corrected,psi0,1.1315763872958706,0.2735067663933584
500,389,corrected,psi1,0.6804838372695806,0.25734985794695175
500,390,naive,psi0,-0.08601535722718534,0.2532728700857855
500,390,naive,psi1,-0.07230083136169003,0.3290102267636598
500,390,corrected,psi0,1.2300643902327812,0.291227165498251
500,390,corrected,psi1,0.41423620990829296,0.36986805731242445
500,391,naive,psi0,-0.35048961813122054,0.2692132495904854
500,391,naive,psi1,0.40054158949637547,0.27287691855859836
500,391,corrected,psi0,0.9482929430741135,0.31456077086015877
500,391,corrected,psi1,1.124881957375549,0.323089987803171
500,392,naive,psi0,-0.3098523124073332,0.2322610539569096
500,392,naive,psi1,0.10011892277458562,0.23928082269966358
500,392,corrected,psi0,0.976849583602259,0.2685920376911539
500,392,corrected,psi1,0.5948963728333406,0.28651682452496335
500,393,naive,psi0,-0.06960447475797431,0.2517849618555679
500,393,naive,psi1,-0.30958344436083723,0.2567962779674091
500,393,corrected,psi0,1.242968920763667,0.2971591751214129
500,393,corrected,psi1,0.17094248089051162,0.2995401536058804
500,394,naive,psi0,0.05934968287630375,0.2768588218892245
500,394,naive,psi1,-0.43060892471690376,0.27344985567329944
500,394,corrected,psi0,1.4466522686265069,0.32346659345958995
500,394,corrected,psi1,-0.04048389753545661,0.32613610623275674
500,395,naive,psi0,-0.21420977695219107,0.2741318392200968
500,395,naive,psi1,0.05166034868038589,0.27882349138978807
500,395,corrected,psi0,1.0793908600695878,0.3261860299644453
500,395,corrected,psi1,0.624971636770426,0.34134714655497805
500,396,naive,psi0,-0.07647444496697824,0.26651758851072554
500,396,naive,psi1,-0.6619996221402222,0.3052692660260441
500,396,corrected,psi0,1.3267464032699097,0.31357400273375635
500,396,corrected,psi1,-0.3232774323798064,0.3631872183732138
500,397,naive,psi0,0.1103540791330907,0.26986809879474644
500,397,naive,psi1,-0.07033818984227064,0.2941267295714038
500,397,corrected,psi0,1.5063209719424833,0.30710762666528024
500,397,corrected,psi1,0.24375564913298142,0.32332704515841654
500,398,naive,psi0,-0.3718199022981854,0.2616146410603915
500,398,naive,psi1,-0.20856596790683476,0.2550134270692428
500,398,corrected,psi0,0.8355577105671319,0.3092173088816352
500,398,corrected,psi1,0.37878702531579567,0.3083561444462204
500,399,naive,psi0,-0.37882009438774156,0.234567399025234
500,399,naive,psi1,0.2501997723732788,0.2570960283180267
500,399,corrected,psi0,0.8549164670301026,0.2761190174865509
500,399,corrected,psi1,0.8785158490335861,0.29600320717805945
500,400,naive,psi0,-0.3527614137232979,0.25368618468880116
500,400,naive,psi1,0.07106276252065732,0.25057121962583423
500,400,corrected,psi0,0.8917718986242152,0.3007306574571739
500,400,corrected,psi1,0.6292101898376039,0.2958050688042129
500,401,naive,psi0,0.32847245434991945,0.2659700973348887
500,401,naive,psi1,-0.4118517100427975,0.31981651160906865
500,401,corrected,psi0,1.7633956432867255,0.30967471104892136
500,401,corrected,psi1,0.056019015928123826,0.3774187935596035
500,402,naive,psi0,-0.24940802650836003,0.2621758061879525
500,402,naive,psi1,0.48982183098163146,0.2524824498884008
500,402,corrected,psi0,1.0848892794732803,0.30429326645803534
500,402,corrected,psi1,1.0812189932152452,0.290545913578197
500,403,naive,psi0,0.10981527503416154,0.2841352658735159
500,403,naive,psi1,0.2513282671242892,0.3059975527362278
500,403,corrected,psi0,1.4291036517743219,0.3353495696313201
500,403,corrected,psi1,0.8148507674836062,0.36363228086990423
500,404,naive,psi0,-0.6941955103510598,0.2612346186989858
500,404,naive,psi1,0.1881420512182995,0.26395846295209424
500,404,corrected,psi0,0.46023731612754876,0.30520322180653975
500,404,corrected,psi1,0.7049516456749515,0.30971599224203983
500,405,naive,psi0,-0.359574375752084,0.24969873555268549
500,405,naive,psi1,0.2035084936843459,0.23680157822679027
500,405,corrected,psi0,0.9936497290317897,0.2937212838662581
500,405,corrected,psi1,0.8024815259750744,0.2736215757466892
500,406,naive,psi0,-0.37875042700869754,0.24133368751870748
500,406,naive,psi1,0.12993290864001925,0.2492294063137097
500,406,corrected,psi0,1.0081485358802023,0.2799813388324073
500,406,corrected,psi1,0.6306068285702721,0.28911335859851256
500,407,naive,psi0,-0.3018672155033927,0.25371598876565926
500,407,naive,psi1,0.3121945038297558,0.3417080934702687
500,407,corrected,psi0,0.9561444337919116,0.29438907425517036
500,407,corrected,psi1,0.9119363614020817,0.3917408025104241
500,408,naive,psi0,-0.5069805919653648,0.2501486825243253
500,408,naive,psi1,-0.2499492668866996,0.2543926021370175
500,408,corrected,psi0,0.7793945462030613,0.29461509008121667
500,408,corrected,psi1,0.28488533536804167,0.2926276557236068
500,409,naive,psi0,0.033976015186871975,0.2549999538971525
500,409,naive,psi1,-0.017924272640133503,0.2604917887631258
500,409,corrected,psi0,1.2991683019844045,0.29611332010917824
500,409,corrected,psi1,0.4328406640328193,0.301940106112734
500,410,naive,psi0,-0.1712833130202969,0.27682829932574904
500,410,naive,psi1,-0.6986583708698401,0.3282071203769646
500,410,corrected,psi0,1.0677782882649096,0.3189787377071089
500,410,corrected,psi1,-0.17670280749101433,0.38076321359868526
500,411,naive,psi0,-0.5483213430532727,0.27492945911040234
500,411,naive,psi1,-0.13073437448175645,0.2663143085952892
500,411,corrected,psi0,0.8135956861289418,0.3157137923031903
500,411,corrected,psi1,0.37256853164754095,0.30450073133578087
500,412,naive,psi0,-0.24104494396414303,0.262564489281459
500,412,naive,psi1,0.2900776659215207,0.29172820307334707
500,412,corrected,psi0,1.0078950255218675,0.30374038149530663
500,412,corrected,psi1,0.790262239006226,0.32871233663375116
500,413,naive,psi0,-0.2922591890583666,0.24539810954887553
500,413,naive,psi1,0.034533150693110956,0.26884375571205815
500,413,corrected,psi0,0.9325176621042649,0.2878953390071084
500,413,corrected,psi1,0.61914378946078,0.3287716507296976
500,414,naive,psi0,-0.01312103482825132,0.2680233064771564
500,414,naive,psi1,-0.033989687990164004,0.2635640601414631
500,414,corrected,psi0,1.2386370431639762,0.3169840193151083
500,414,corrected,psi1,0.47272244707399735,0.30988627670131746
500,415,naive,psi0,-0.07904376817315228,0.2512098546692281
500,415,naive,psi1,0.3093500809741745,0.274509879990225
500,415,corrected,psi0,1.1777014013753566,0.2932030133269976
500,415,corrected,psi1,0.8390179020770129,0.32386621770551965
500,416,naive,psi0,-0.3610092001027326,0.2317015296338384
500,416,naive,psi1,-0.21158098635619332,0.24696050175717468
500,416,corrected,psi0,0.8313181504932649,0.2658815689970403
500,416,corrected,psi1,0.33395032337489594,0.27764708987341546
500,417,naive,psi0,-0.13199462808343498,0.2709214110015419
500,417,naive,psi1,-0.04753174984952422,0.31706299008795213
500,417,corrected,psi0,1.1776209961659834,0.31735965199533567
500,417,corrected,psi1,0.3738049755684615,0.37049019592040144
500,418,naive,psi0,-0.48993094268607923,0.2625790719907283
500,418,naive,psi1,-0.1889031358473302,0.2543436067229056
500,418,corrected,psi0,0.6444693046948073,0.30531053562521515
500,418,corrected,psi1,0.3459490920852189,0.29180217346978804
500,419,naive,psi0,-0.3444896507137973,0.26186956801330336
500,419,naive,psi1,0.09698907306110857,0.2462173926582985
500,419,corrected,psi0,0.9322123925003825,0.3025738185474885
500,419,corrected,psi1,0.5186777939636251,0.2935973485644533
500,420,naive,psi0,-0.18970787510304715,0.23582669376240867
500,420,naive,psi1,-0.26593248708236034,0.22498613378485618
500,420,corrected,psi0,1.091936782353587,0.28685582523232
500,420,corrected,psi1,0.28053378456818984,0.28104299067374144
500,421,naive,psi0,-0.24097762872313552,0.24783871915926303
500,421,naive,psi1,-0.2555701449145566,0.2259922908017884
500,421,corrected,psi0,0.9625051580364704,0.297243866121846
500,421,corrected,psi1,0.17882251749980982,0.2762961498000754
500,422,naive,psi0,-0.14798000763982788,0.2880960810812871
500,422,naive,psi1,-0.16926598344144458,0.3167236115912253
500,422,corrected,psi0,1.1205020155681789,0.3319322840792012
500,422,corrected,psi1,0.30159538942553565,0.35118068941222585
500,423,naive,psi0,-0.3308579134702261,0.24734258220410246
500,423,naive,psi1,0.1151035513074748,0.2871769551214232
500,423,corrected,psi0,1.0536164445260363,0.28641294636103176
500,423,corrected,psi1,0.7529583513848308,0.33048428302654687
500,424,naive,psi0,-0.23609202704595353,0.26934887791739787
500,424,naive,psi1,-0.080100447480328,0.3072824058536888
500,424,corrected,psi0,1.0339609818882214,0.3097206996874766
500,424,corrected,psi1,0.43315302553672613,0.34932704994978664
500,425,naive,psi0,-0.5092211721120533,0.26075517305089424
500,425,naive,psi1,-0.17595224884802094,0.2931783892853491
500,425,corrected,psi0,0.7143702348726894,0.30380416382225095
500,425,corrected,psi1,0.3731531561119037,0.3435979012775154
500,426,naive,psi0,-0.08840224259426699,0.26254395044614187
500,426,naive,psi1,-0.3056881215246919,0.2514719610865325
500,426,corrected,psi0,1.0897084797822474,0.30850055154501693
500,426,corrected,psi1,0.1364817064191796,0.30231969133520414
500,427,naive,psi0,-0.633439349650509,0.23056752794980082
500,427,naive,psi1,-0.1818273443151013,0.27958400866131
500,427,corrected,psi0,0.5505472866997115,0.2674977978982654
500,427,corrected,psi1,0.18949306281560221,0.32042381082893207
500,428,naive,psi0,-0.3336191632013018,0.24587339718687662
500,428,naive,psi1,-0.1030130818767748,0.23321883801077087
500,428,corrected,psi0,0.9754600741667182,0.28666883745763594
500,428,corrected,psi1,0.37060170839732154,0.2741246885472224
500,429,naive,psi0,0.05124243222730153,0.23112082032531542
500,429,naive,psi1,0.2344015375656114,0.23871440805151112
500,429,corrected,psi0,1.3997508681693014,0.2660797605984491
500,429,corrected,psi1,0.8444857589744253,0.2756556203218327
500,430,naive,psi0,-0.39169648481679575,0.2420751344847617
500,430,naive,psi1,0.1927438132046952,0.2836741102194972
500,430,corrected,psi0,0.8051612408627811,0.2796701119281097
500,430,corrected,psi1,0.6830710372751556,0.322798208343725
500,431,naive,psi0,-0.09098810763710564,0.24118480818242544
500,431,naive,psi1,-0.4036958895761998,0.23885621078947614
500,431,corrected,psi0,1.2431717726082563,0.28627214239770954
500,431,corrected,psi1,0.04643265287698032,0.28492053673307816
500,432,naive,psi0,-0.05614377442597299,0.2577758690523507
500,432,naive,psi1,-0.3176330866253645,0.3376814169998976
500,432,corrected,psi0,1.2703287065973607,0.2998110901315334
500,432,corrected,psi1,0.04591763144837638,0.4011614154724693
500,433,naive,psi0,-0.32472044246737936,0.2590538506125997
500,433,naive,psi1,-0.46312978274795635,0.273144896433611
500,433,corrected,psi0,0.9477029283236111,0.2999265486644607
500,433,corrected,psi1,0.035939118068774624,0.3096852013848338
500,434,naive,psi0,0.020725202071828687,0.2668436223968779
500,434,naive,psi1,-0.2006056139859928,0.25716475076750034
500,434,corrected,psi0,1.446364177782828,0.311867726810828
500,434,corrected,psi1,0.21225807885060963,0.3029165827765954
500,435,naive,psi0,-0.12417626958788981,0.24990272905243616
500,435,naive,psi1,-0.2870231457537652,0.28442066691287443
500,435,corrected,psi0,1.1351204032218398,0.2860407385919933
500,435,corrected,psi1,0.3287620433025185,0.3301780009671779
500,436,naive,psi0,0.004664356507311523,0.25923301410764277
500,436,naive,psi1,-0.34831046426371093,0.2790009672001527
500,436,corrected,psi0,1.2521120549814218,0.30186335888244237
500,436,corrected,psi1,0.289702200251178,0.323627699673635
500,437,naive,psi0,-0.23955640944970846,0.254586052081365
500,437,naive,psi1,0.16637696177138117,0.2575334189292571
500,437,corrected,psi0,1.0692144952934424,0.2917490182220948
500,437,corrected,psi1,0.6026353440756731,0.30703553714422765
500,438,naive,psi0,0.11472118703587567,0.2650824116998523
500,438,naive,psi1,-0.6890162925686414,0.28588818278254124
500,438,corrected,psi0,1.4294079778825812,0.3079731466339754
500,438,corrected,psi1,-0.2389213959957118,0.3342630832373591
500,439,naive,psi0,-0.47479463973387515,0.2567432370189443
500,439,naive,psi1,0.0057588898121019114,0.2856780532996624
500,439,corrected,psi0,0.8271351574760742,0.3020093267629916
500,439,corrected,psi1,0.471081461358941,0.3347776674889903
500,440,naive,psi0,-0.326773275643474,0.246715250884616
500,440,naive,psi1,-0.11070968190578756,0.25483755344165215
500,440,corrected,psi0,0.8155840136554804,0.28552631202319834
500,440,corrected,psi1,0.3262045779559864,0.2913094859890467
500,441,naive,psi0,-0.12734558413121858,0.2819577874546545
500,441,naive,psi1,-0.06939603067748014,0.2805000756802954
500,441,corrected,psi0,1.1495033658044946,0.32797053640970725
500,441,corrected,psi1,0.4394184294176502,0.32058284441227347
500,442,naive,psi0,-0.020467736262208977,0.2451489940457238
500,442,naive,psi1,0.3528179902174855,0.22715634708433186
500,442,corrected,psi0,1.408959816352011,0.2857670266816962
500,442,corrected,psi1,0.7676502961268903,0.2596038134885261
500,443,naive,psi0,-1.02202856608067,0.26409620375702825
500,443,naive,psi1,-0.4774617209788677,0.29709466077518437
500,443,corrected,psi0,0.09806638600944186,0.30761179671275585
500,443,corrected,psi1,-0.05547587714211271,0.34057092750225054
500,444,naive,psi0,0.2723055127186946,0.2537944128487904
500,444,naive,psi1,-0.10799829282064394,0.2546611049582903
500,444,corrected,psi0,1.7024228157417347,0.29819246025795354
500,444,corrected,psi1,0.15698389479271713,0.30279975718241087
500,445,naive,psi0,-0.7745633533188337,0.26331705374760983
500,445,naive,psi1,-0.006877670889422725,0.31026789870684923
500,445,corrected,psi0,0.4452090151651137,0.30623935415938686
500,445,corrected,psi1,0.541182317266522,0.36037652342618404
500,446,naive,psi0,-0.35321826968416586,0.24729821205480915
500,446,naive,psi1,0.0443971941661059,0.28033847156709907
500,446,corrected,psi0,0.9580685294286838,0.2809127340953602
500,446,corrected,psi1,0.630612708541037,0.33267076442218096
500,447,naive,psi0,0.010335269418545737,0.26920835816947053
500,447,naive,psi1,-0.38755482214266085,0.24343634567100528
500,447,corrected,psi0,1.3505860016692632,0.3189223809982772
500,447,corrected,psi1,0.009257951458934068,0.2807133358587084
500,448,naive,psi0,-0.4543248434034152,0.25281758530146237
500,448,naive,psi1,-0.11598988334802353,0.2679120807836344
500,448,corrected,psi0,0.8570237997998332,0.29416198297531726
500,448,corrected,psi1,0.3391789323311193,0.3093733934495339
500,449,naive,psi0,-0.8082941157442209,0.2484853748205353
500,449,naive,psi1,-0.25597105727915925,0.26218378727212327
500,449,corrected,psi0,0.4485334380590509,0.287358654598867
500,449,corrected,psi1,0.18758641071556362,0.2973086356501039
500,450,naive,psi0,-0.12101784695086543,0.2499867556037696
500,450,naive,psi1,0.12201996872532575,0.2372284241054571
500,450,corrected,psi0,1.1311807042255335,0.2972076211782822
500,450,corrected,psi1,0.659047141798809,0.27629147321932723
500,451,naive,psi0,-0.4534543054411931,0.24923065389869603
500,451,naive,psi1,-0.11740697030103689,0.2653288600600376
500,451,corrected,psi0,0.9109498207623263,0.29212518316151276
500,451,corrected,psi1,0.3787142073465945,0.31342970812166937
500,452,naive,psi0,-0.41952267138471455,0.26225403766562694
500,452,naive,psi1,0.005594907569958986,0.29173817227140236
500,452,corrected,psi0,0.7234653287635638,0.31498719224355787
500,452,corrected,psi1,0.6871129108064205,0.3559897641508026
500,453,naive,psi0,-0.610944833027692,0.28503964827099487
500,453,naive,psi1,0.36110929746541176,0.3014884690581683
500,453,corrected,psi0,0.6911323562579798,0.3240881447798674
500,453,corrected,psi1,0.8541734983719174,0.3407518798293853
500,454,naive,psi0,0.0483562055805426,0.2661573948011714
500,454,naive,psi1,0.207177659333506,0.30437045315640443
500,454,corrected,psi0,1.365896903548505,0.31112891335182363
500,454,corrected,psi1,0.6467684663699497,0.3506667963405451
500,455,naive,psi0,-0.15950936290913714,0.24796833406071436
500,455,naive,psi1,-0.13460768121215066,0.24458098278438944
500,455,corrected,psi0,1.1267892199480969,0.2885556091380084
500,455,corrected,psi1,0.3931996523997642,0.30001739650638914
500,456,naive,psi0,-0.29578092807558654,0.2846716541863129
500,456,naive,psi1,0.08438649156323189,0.30719938608296915
500,456,corrected,psi0,1.0249398534654872,0.3362766600659235
500,456,corrected,psi1,0.6632013192915625,0.35855700986521594
500,457,naive,psi0,-0.26549987803019753,0.2747598899748772
500,457,naive,psi1,-0.49970035542607766,0.3183248158248282
500,457,corrected,psi0,1.0355795280233384,0.31467344741892456
500,457,corrected,psi1,-0.17087568885128557,0.3630068434037742
500,458,naive,psi0,-0.26956338994807,0.24140574694041375
500,458,naive,psi1,0.2863671633066393,0.2210312736344187
500,458,corrected,psi0,0.94064890302126,0.2905369344607595
500,458,corrected,psi1,0.896051460733483,0.27686055171421126
500,459,naive,psi0,-0.13528389392770776,0.28095494301293
500,459,naive,psi1,0.10503605245611781,0.26869097062060115
500,459,corrected,psi0,1.1867020333106049,0.31986725982348857
500,459,corrected,psi1,0.7513580076062367,0.30439140548772253
500,460,naive,psi0,0.44771946059211426,0.2677443170994557
500,460,naive,psi1,0.23848438656612947,0.2819184561542338
500,460,corrected,psi0,1.854650511587668,0.31316855277387723
500,460,corrected,psi1,0.7433862054783651,0.32924370022221955
500,461,naive,psi0,-0.5602978025958055,0.26066443519942684
500,461,naive,psi1,0.3515144127224946,0.2950741361467024
500,461,corrected,psi0,0.5398736799414455,0.30400479451924006
500,461,corrected,psi1,0.8309695929889573,0.33249646418791934
500,462,naive,psi0,-0.6680347295095392,0.23418847062192058
500,462,naive,psi1,0.8048128554521988,0.26111997423466937
500,462,corrected,psi0,0.4533161254525898,0.26958411283790357
500,462,corrected,psi1,1.3368778049818255,0.30507966644530976
500,463,naive,psi0,-0.46337631171666294,0.2437888697899966
500,463,naive,psi1,0.19333741254234021,0.28237177421848086
500,463,corrected,psi0,0.8031475031771067,0.28611081653631176
500,463,corrected,psi1,0.5891611462326731,0.329720456918219
500,464,naive,psi0,-0.4942653723954849,0.26808025210424935
500,464,naive,psi1,-0.12937895859605505,0.2674401753621399
500,464,corrected,psi0,0.7277162517267356,0.31731342240721727
500,464,corrected,psi1,0.38113101259083115,0.3163902284158241
500,465,naive,psi0,-0.5835643778970085,0.27224618842557846
500,465,naive,psi1,-0.28008950109111785,0.30041036334776344
500,465,corrected,psi0,0.6982252832781162,0.31287533558454794
500,465,corrected,psi1,0.21652191473646012,0.34264963093156037
500,466,naive,psi0,-0.521254713948862,0.25571282339240764
500,466,naive,psi1,-0.4323115806397977,0.27777842231930233
500,466,corrected,psi0,0.7780771072464322,0.29181100277778643
500,466,corrected,psi1,-0.013198744111297747,0.3154064345644989
500,467,naive,psi0,-0.30141006318869645,0.23469151828319343
500,467,naive,psi1,0.5562705439275925,0.25000474376415105
500,467,corrected,psi0,0.948116489669521,0.27132645981366144
500,467,corrected,psi1,1.1354290648948637,0.29063477186209596
500,468,naive,psi0,-0.7217357051331446,0.25647231977232815
500,468,naive,psi1,0.34027093243476375,0.2720909817790097
500,468,corrected,psi0,0.5027640602799966,0.294927374425949
500,468,corrected,psi1,0.9355293065098099,0.31000990124701927
500,469,naive,psi0,-0.3358473981687912,0.2567694486425171
500,469,naive,psi1,0.012561474237788665,0.265135951365244
500,469,corrected,psi0,0.8955613373148368,0.2921854346541649
500,469,corrected,psi1,0.5548684704163719,0.29698610820540705
500,470,naive,psi0,-0.011774675558523578,0.25193539364320267
500,470,naive,psi1,0.19272086185999532,0.27224008885165407
500,470,corrected,psi0,1.1800295562792946,0.29115125685784504
500,470,corrected,psi1,0.8518918269910958,0.317716830609586
500,471,naive,psi0,0.18569542231890693,0.26634728640568345
500,471,naive,psi1,-0.1496968329592203,0.30477157396869825
500,471,corrected,psi0,1.5770190432945899,0.30425961292500897
500,471,corrected,psi1,0.3948124412234057,0.34695926075111005
500,472,naive,psi0,-0.16576522837539207,0.26775901776500366
500,472,naive,psi1,0.21621149264685413,0.2869326722161137
500,472,corrected,psi0,1.1044545079898138,0.31308494112031127
500,472,corrected,psi1,0.7248960720051192,0.33067878764921155
500,473,naive,psi0,-0.04026506943255167,0.25360024387737806
500,473,naive,psi1,-0.3203702182887857,0.2699795172545813
500,473,corrected,psi0,1.1700837771612316,0.29525589099527516
500,473,corrected,psi1,0.2213856517377016,0.31792225370835336
500,474,naive,psi0,-0.43120705059175546,0.25198653366866103
500,474,naive,psi1,0.2797831011293836,0.31506550499039043
500,474,corrected,psi0,0.7541131560196764,0.29165062057174174
500,474,corrected,psi1,0.8951077326894226,0.3592108035855996
500,475,naive,psi0,-0.7821257608219572,0.23062612445595146
500,475,naive,psi1,-0.16987643778371575,0.22889910457512253
500,475,corrected,psi0,0.3969448080200523,0.2764242035832308
500,475,corrected,psi1,0.28896794965441214,0.26720820685469876
500,476,naive,psi0,-0.28156935906296854,0.2606364793961514
500,476,naive,psi1,0.36952784477306827,0.26141483898991263
500,476,corrected,psi0,0.9441945088156852,0.29948899510911786
500,476,corrected,psi1,0.8079178649998735,0.29396645531613896
500,477,naive,psi0,-0.009382189372048402,0.2559234375275104
500,477,naive,psi1,-0.00031795790193455103,0.2839678535380998
500,477,corrected,psi0,1.3419622025925755,0.2955782786230622
500,477,corrected,psi1,0.5461933437061016,0.33658528602099713
500,478,naive,psi0,-0.07962598419987725,0.2669788310017304
500,478,naive,psi1,-0.13007700573712286,0.28109420029580034
500,478,corrected,psi0,1.2401269759338562,0.3072462385295493
500,478,corrected,psi1,0.28680925121434236,0.3298945877100867
500,479,naive,psi0,-0.7216238567746662,0.2611364056105595
500,479,naive,psi1,0.1534758658348541,0.2554337515011544
500,479,corrected,psi0,0.5824604864864802,0.3050249732354502
500,479,corrected,psi1,0.5651561123357499,0.29546611327153155
500,480,naive,psi0,-0.05853677091964273,0.2611442058494405
500,480,naive,psi1,0.006742192482447733,0.28233684584329927
500,480,corrected,psi0,1.2163375361127595,0.304885018864338
500,480,corrected,psi1,0.5603146439146893,0.3273661786763128
500,481,naive,psi0,0.0022433759425563213,0.23672327107785546
500,481,naive,psi1,0.02418393233021236,0.2694752833849341
500,481,corrected,psi0,1.3139598423857095,0.27655510848143783
500,481,corrected,psi1,0.5256460821497776,0.32381615197655605
500,482,naive,psi0,-0.00958827211588407,0.2545131449400944
500,482,naive,psi1,-0.27213702872899365,0.3044810256057972
500,482,corrected,psi0,1.3211102225909401,0.2968098774202488
500,482,corrected,psi1,0.3140977360963685,0.35553618628609085
500,483,naive,psi0,-0.8415801788840993,0.26567164818142147
500,483,naive,psi1,-0.45292106020162237,0.24119252557279014
500,483,corrected,psi0,0.3990548991079049,0.30988050702442144
500,483,corrected,psi1,0.016119576369901467,0.28503131360632294
500,484,naive,psi0,-0.07886774601357617,0.2690455387307137
500,484,naive,psi1,-0.15599614338589304,0.25261139476215694
500,484,corrected,psi0,1.3188850128893819,0.31732845069631366
500,484,corrected,psi1,0.13078141966860093,0.3077465163256603
500,485,naive,psi0,-0.28216247848470816,0.25242636961427223
500,485,naive,psi1,-0.10414555046482271,0.26449607179669227
500,485,corrected,psi0,1.0361705991212473,0.29202113568886645
500,485,corrected,psi1,0.27791458967473454,0.30035279792459474
500,486,naive,psi0,-0.4722286185008606,0.2724043978682632
500,486,naive,psi1,-0.1343052018920397,0.33433298705024833
500,486,corrected,psi0,0.7654121761989731,0.31967025290979434
500,486,corrected,psi1,0.1618039437167969,0.38798183684844295
500,487,naive,psi0,-0.5249151700487089,0.2704453508531718
500,487,naive,psi1,0.28403657443394775,0.2753978929792533
500,487,corrected,psi0,0.6063540602622169,0.309562215654852
500,487,corrected,psi1,0.7946987903200355,0.31084144672262004
500,488,naive,psi0,-0.1918303625456965,0.2471125961570797
500,488,naive,psi1,0.3403009633319282,0.26951182020959513
500,488,corrected,psi0,1.1360476573019995,0.2936109812406045
500,488,corrected,psi1,0.8712563187779038,0.309478285697439
500,489,naive,psi0,-0.5168176103237099,0.2512353784029186
500,489,naive,psi1,0.00839506434828097,0.24672412740156233
500,489,corrected,psi0,0.6617100655832183,0.29135918647039033
500,489,corrected,psi1,0.5467623287338185,0.27612708439727957
500,490,naive,psi0,-0.3963198301968448,0.2745642089763159
500,490,naive,psi1,0.04141635487333043,0.3090086131087745
500,490,corrected,psi0,0.8323289781688626,0.31935550918145295
500,490,corrected,psi1,0.6417425761901824,0.3559039064020662
500,491,naive,psi0,-0.25821717542487654,0.2424834797459523
500,491,naive,psi1,0.0717576203148701,0.2642151563145666
500,491,corrected,psi0,1.1000345796279447,0.28247038629072474
500,491,corrected,psi1,0.5040177196038519,0.3097750007983046
500,492,naive,psi0,-0.6394206566055224,0.2526797075064047
500,492,naive,psi1,-0.046726186086031025,0.22821503575022895
500,492,corrected,psi0,0.5812761192250134,0.29797284708861993
500,492,corrected,psi1,0.3455709554991271,0.2769509683087379
500,493,naive,psi0,-0.16281581865411915,0.2388589594407196
500,493,naive,psi1,-0.07340270794482572,0.22840143589282005
500,493,corrected,psi0,1.1338420921823098,0.27190689266416407
500,493,corrected,psi1,0.3856934861932665,0.2546645574660468
500,494,naive,psi0,0.03917431701660016,0.2689616074250713
500,494,naive,psi1,0.19051775380659675,0.32303521047836153
500,494,corrected,psi0,1.2700823624672344,0.3095559079627643
500,494,corrected,psi1,0.5994023341297994,0.36537435528708845
500,495,naive,psi0,-0.307160296272736,0.23493724056887103
500,495,naive,psi1,-0.07757731473478796,0.2576985046500682
500,495,corrected,psi0,0.9449174387334968,0.28100210531580533
500,495,corrected,psi1,0.3467798909416079,0.30506344435592314
500,496,naive,psi0,-0.3252747151437915,0.24820565519434307
500,496,naive,psi1,-0.3548591851028061,0.3008936079248889
500,496,corrected,psi0,1.019217139716397,0.2961099089024764
500,496,corrected,psi1,-0.014793776514461437,0.34886177059157836
500,497,naive,psi0,-0.6353860469857225,0.2577153193713225
500,497,naive,psi1,0.38678836041462367,0.2665762222800373
500,497,corrected,psi0,0.5560053104261115,0.2968759127505821
500,497,corrected,psi1,0.8365001542868428,0.29627862612987277
500,498,naive,psi0,-0.4216007518892693,0.24361944141742192
500,498,naive,psi1,-0.10132596965017246,0.22914950378706342
500,498,corrected,psi0,0.9385657611884454,0.28055890238132647
500,498,corrected,psi1,0.5640105003367192,0.26927991966073295
500,499,naive,psi0,-0.3595542589398176,0.25593668989114743
500,499,naive,psi1,0.4485443853501726,0.2802092811835951
500,499,corrected,psi0,1.000752754479675,0.2958550027107919
500,499,corrected,psi1,1.0382566090988232,0.33659359413992784
500,500,naive,psi0,-0.19366373910208357,0.269738255006027
500,500,naive,psi1,0.32197761681800985,0.2761986801782461
500,500,corrected,psi0,1.1858367275890245,0.31683432231786207
500,500,corrected,psi1,0.8213795408168151,0.32350094538211904
500,501,naive,psi0,-0.00791445291716326,0.26114893089439467
500,501,naive,psi1,-0.17620814470691182,0.2567330315780661
500,501,corrected,psi0,1.1601086444422768,0.30701916945963414
500,501,corrected,psi1,0.4136770003478236,0.3031796521098722
500,502,naive,psi0,-0.3172436105940678,0.25218354120619135
500,502,naive,psi1,0.5523691665320095,0.3040104033221865
500,502,corrected,psi0,0.966428011441591,0.286104782617618
500,502,corrected,psi1,1.0200620595510679,0.340290721819673
500,503,naive,psi0,-0.09121617006945637,0.2433046555615227
500,503,naive,psi1,0.312516758488182,0.32419947834325513
500,503,corrected,psi0,1.2070248583831225,0.276780377554888
500,503,corrected,psi1,0.7172021153894547,0.37318248247917246
500,504,naive,psi0,-0.31833347045092103,0.22971988165059756
500,504,naive,psi1,0.1814661025556407,0.2718345907286259
500,504,corrected,psi0,0.9384865813034782,0.27040037178411
500,504,corrected,psi1,0.5216972027251415,0.3525354824738289
500,505,naive,psi0,-0.4330485822636528,0.2553492517892873
500,505,naive,psi1,-0.01915900672860418,0.27295821747634696
500,505,corrected,psi0,0.8658096327116204,0.2932226346750872
500,505,corrected,psi1,0.46342268750526755,0.30433649341960867
500,506,naive,psi0,-0.13415769946334144,0.25398910314748696
500,506,naive,psi1,0.15008916092735025,0.256783065632466
500,506,corrected,psi0,1.2775154743307422,0.29368577425675607
500,506,corrected,psi1,0.5698509848480433,0.29243636412727936
500,507,naive,psi0,0.12386327414304021,0.2654863496312753
500,507,naive,psi1,-0.41101436279423037,0.2282868153295859
500,507,corrected,psi0,1.3409463869093645,0.30898775075884155
500,507,corrected,psi1,0.059583223842074394,0.2632356897358853
500,508,naive,psi0,-0.19043897978164664,0.24508733390483411
500,508,naive,psi1,-0.08931806674998764,0.23654430067884238
500,508,corrected,psi0,1.0975348734595443,0.2892065098447642
500,508,corrected,psi1,0.44650517909027704,0.2810683894297581
500,509,naive,psi0,-0.121820261128566,0.2653056386832992
500,509,naive,psi1,0.4655216607630388,0.2808770032059164
500,509,corrected,psi0,1.2981699343704163,0.31172739296120544
500,509,corrected,psi1,1.091319079559732,0.3202619636320356
500,510,naive,psi0,-0.35477503507509356,0.2662819668006332
500,510,naive,psi1,0.24221910736575927,0.2759164560515727
500,510,corrected,psi0,0.909095151777739,0.30873861391741847
500,510,corrected,psi1,0.7919856714579473,0.3328656293502495
500,511,naive,psi0,-0.09397927384944384,0.27821298058573124
500,511,naive,psi1,0.37664006853256593,0.29996204831419787
500,511,corrected,psi0,1.2957573268637372,0.3207227503697962
500,511,corrected,psi1,0.8466389438280532,0.3384535903401352
500,512,naive,psi0,-0.5853651728285653,0.23432852343823085
500,512,naive,psi1,-0.07836762329757255,0.2328303991548362
500,512,corrected,psi0,0.5748129210661621,0.2680030499004527
500,512,corrected,psi1,0.4357666053947067,0.26435463402698334
500,513,naive,psi0,0.09047242473690155,0.27150144094157885
500,513,naive,psi1,-0.1049607215442565,0.26829199648031066
500,513,corrected,psi0,1.4425378332751424,0.312640335754057
500,513,corrected,psi1,0.3418596723858934,0.3119515656691126
500,514,naive,psi0,-0.5825624288983029,0.24892693713876737
500,514,naive,psi1,0.1587992214961254,0.22337794345818549
500,514,corrected,psi0,0.670543202963143,0.28517451381267994
500,514,corrected,psi1,0.6896691448468673,0.2558060124418308
500,515,naive,psi0,-0.2751414132793082,0.25034697993242316
500,515,naive,psi1,-0.10546132270970246,0.30859064314605095
500,515,corrected,psi0,1.0703630318451884,0.28936160032557967
500,515,corrected,psi1,0.41907335517949423,0.3627947819029111
500,516,naive,psi0,-0.08319378918499068,0.26191539567995037
500,516,naive,psi1,0.4260305245584891,0.2779581780378333
500,516,corrected,psi0,1.2076044600608173,0.30186018981829116
500,516,corrected,psi1,1.0745684875119117,0.31968876224750187
500,517,naive,psi0,-0.41970030376243417,0.28271052079916836
500,517,naive,psi1,-0.48912041711772203,0.3306271829710718
500,517,corrected,psi0,0.9171666940342262,0.31935357696331296
500,517,corrected,psi1,-0.057717478733485886,0.3705539139258683
500,518,naive,psi0,-0.24697594368097758,0.25633196560122323
500,518,naive,psi1,0.30707180191847855,0.2971836417583942
500,518,corrected,psi0,1.0737679392922743,0.29358840802180863
500,518,corrected,psi1,0.8061804346971391,0.3303003625155566
500,519,naive,psi0,0.14763536508935254,0.2516580112917105
500,519,naive,psi1,0.07108053972619684,0.27214178719611104
500,519,corrected,psi0,1.4081772996697162,0.2888427894058124
500,519,corrected,psi1,0.6528406508242315,0.32310753440433776
500,520,naive,psi0,-0.057219320761296516,0.2561189413692236
500,520,naive,psi1,0.49420548975970024,0.28451624696893824
500,520,corrected,psi0,1.2633278377572101,0.2928538188394577
500,520,corrected,psi1,0.9791524230273028,0.3237040185261502
500,521,naive,psi0,-0.3839015537799676,0.25048750223766664
500,521,naive,psi1,-0.4741263823963614,0.23773429703306906
500,521,corrected,psi0,0.8697230705882361,0.29132091333745697
500,521,corrected,psi1,-0.013650647360027747,0.2796177994872503
500,522,naive,psi0,0.27927891097861773,0.2615923620494499
500,522,naive,psi1,-0.2741790263012528,0.27853899271149724
500,522,corrected,psi0,1.677214646708755,0.3042505463266268
500,522,corrected,psi1,0.22707727416713275,0.331151915606087
500,523,naive,psi0,-0.6368925651012391,0.25211314057915796
500,523,naive,psi1,-0.00792794654824124,0.2715865574843629
500,523,corrected,psi0,0.5372970634767222,0.2903325223303479
500,523,corrected,psi1,0.5199708140016285,0.31488029726503936
500,524,naive,psi0,-0.30136017090461875,0.2460600669140626
500,524,naive,psi1,-0.38517507060742157,0.2460983868347558
500,524,corrected,psi0,0.978973760651198,0.2874845452102032
500,524,corrected,psi1,0.19070071651418538,0.28271745443362734
500,525,naive,psi0,-0.26033327046121907,0.2566295182876874
500,525,naive,psi1,-0.1292357305912783,0.25514263062103093
500,525,corrected,psi0,0.9817078370405443,0.2939626111723872
500,525,corrected,psi1,0.39509475585259357,0.2911567437858054
500,526,naive,psi0,-0.3592178495751775,0.2600602565653451
500,526,naive,psi1,-0.15379924894787264,0.3054327469111302
500,526,corrected,psi0,0.8138676430056767,0.3066075634000363
500,526,corrected,psi1,0.23826982382253326,0.36696094523191153
500,527,naive,psi0,-0.40423610547826894,0.2629205298586014
500,527,naive,psi1,0.37071423463259306,0.2721738262078677
500,527,corrected,psi0,0.8714274665179504,0.31044732674361813
500,527,corrected,psi1,0.9091889906736502,0.312918206459594
500,528,naive,psi0,-0.26829564942468,0.27711412816312514
500,528,naive,psi1,0.5204010585963839,0.3413599553595275
500,528,corrected,psi0,1.0191304821610865,0.32452507528405783
500,528,corrected,psi1,1.0516658456715966,0.3870854408476012
500,529,naive,psi0,-0.38868140906310555,0.2799840448066179
500,529,naive,psi1,-0.4311458499252751,0.32396137205559966
500,529,corrected,psi0,0.8708042703930962,0.3230990975706946
500,529,corrected,psi1,-0.07215080666789608,0.3763282245959703
500,530,naive,psi0,-0.4150221030516853,0.25619958336792026
500,530,naive,psi1,-0.31004130883176634,0.26233954954811184
500,530,corrected,psi0,0.7382945928906779,0.29779293214626096
500,530,corrected,psi1,0.13346223497735107,0.30550096269906296
500,531,naive,psi0,-1.4560032216459715,0.27878132352318685
500,531,naive,psi1,-0.06355454927479244,0.2517195840345175
500,531,corrected,psi0,-0.3912444050052541,0.3242401625676316
500,531,corrected,psi1,0.4133158524639202,0.2901213304322515
500,532,naive,psi0,-0.03536159095911774,0.23029303014683977
500,532,naive,psi1,-0.2601118841023761,0.2090597522310706
500,532,corrected,psi0,1.262929604907138,0.2719491817350097
500,532,corrected,psi1,0.18379286689128266,0.24999229510811768
500,533,naive,psi0,0.17216168172737745,0.26217913169679
500,533,naive,psi1,-0.12851741575841916,0.27656633368894146
500,533,corrected,psi0,1.4257830977393755,0.30072276481093596
500,533,corrected,psi1,0.3240383762835624,0.32515636101040496
500,534,naive,psi0,-0.617498673003651,0.2645273573908574
500,534,naive,psi1,0.01257076507001226,0.28351798994824734
500,534,corrected,psi0,0.6937026441215478,0.30824454713023686
500,534,corrected,psi1,0.408997256732426,0.329722741293456
500,535,naive,psi0,-0.48526354289054924,0.2543006737522351
500,535,naive,psi1,0.1892117634845564,0.24065036799933603
500,535,corrected,psi0,0.7756850262358449,0.29549086882487663
500,535,corrected,psi1,0.6551887259867698,0.27492598538900215
500,536,naive,psi0,-0.626821312921877,0.23266495313683677
500,536,naive,psi1,-0.006512879441910413,0.267821664350334
500,536,corrected,psi0,0.6039758393441782,0.2708857394846269
500,536,corrected,psi1,0.5288987850808494,0.3218260697875944
500,537,naive,psi0,-0.17271633819611912,0.2344901113325763
500,537,naive,psi1,-0.0887575101825291,0.22078747049331568
500,537,corrected,psi0,1.1444435907162633,0.27372701401963573
500,537,corrected,psi1,0.3920561767226037,0.2522065043561822
500,538,naive,psi0,0.050310630780852135,0.22264483546945468
500,538,naive,psi1,0.06337937198123632,0.2489519868472796
500,538,corrected,psi0,1.4646097834955765,0.2575495657103877
500,538,corrected,psi1,0.6249241878230151,0.27710103109897644
500,539,naive,psi0,-0.33561971399436535,0.24595779867262077
500,539,naive,psi1,-0.006528328075545593,0.24515792330074962
500,539,corrected,psi0,0.84844776961571,0.2868757077262959
500,539,corrected,psi1,0.4938749896944941,0.28602734795414403
500,540,naive,psi0,-0.5979362253416032,0.23543064781502346
500,540,naive,psi1,-0.15564466799888635,0.2460440610389091
500,540,corrected,psi0,0.5152712828935975,0.27880890347706794
500,540,corrected,psi1,0.4466965549985951,0.28605965852345666
500,541,naive,psi0,-0.03318106546060953,0.2635028327949185
500,541,naive,psi1,0.11745287545035167,0.2910746073435645
500,541,corrected,psi0,1.2858367721084827,0.3116466986696927
500,541,corrected,psi1,0.6151711235580695,0.34114294394137984
500,542,naive,psi0,0.05464312298046785,0.24189001436235946
500,542,naive,psi1,-0.0040393196988991395,0.26606300225350793
500,542,corrected,psi0,1.3221035679084394,0.27762050656608267
500,542,corrected,psi1,0.4976992992116474,0.3033296912401505
500,543,naive,psi0,-0.3824715669631156,0.3040074893579732
500,543,naive,psi1,-0.12584749249187166,0.385309244966005
500,543,corrected,psi0,0.8342945018323105,0.34569476967068397
500,543,corrected,psi1,0.3017741798706757,0.4373745879235617
500,544,naive,psi0,-0.48285777672969493,0.2600608892701945
500,544,naive,psi1,-0.014334899892397942,0.2679043611597992
500,544,corrected,psi0,0.7985636172828853,0.30847298666335854
500,544,corrected,psi1,0.34423639076084683,0.36117637805549624
500,545,naive,psi0,-0.365787157268466,0.27047357837894637
500,545,naive,psi1,-0.08787862415432725,0.27382575599137976
500,545,corrected,psi0,0.9359799275614602,0.31622750492158164
500,545,corrected,psi1,0.48769513439241857,0.31516664370753183
500,546,naive,psi0,-0.5328913340219067,0.23356570654400452
500,546,naive,psi1,-0.3130382624146784,0.28049356963099226
500,546,corrected,psi0,0.6543995656135443,0.2708410963793174
500,546,corrected,psi1,0.1228802915696947,0.3211524787684921
500,547,naive,psi0,-0.30903675718537127,0.2752724425798201
500,547,naive,psi1,-0.21330847086308297,0.33597077897511124
500,547,corrected,psi0,0.8775351902742399,0.321322516271885
500,547,corrected,psi1,0.25799473982030197,0.37996418676490645
500,548,naive,psi0,-0.2516798833120073,0.25131131681234437
500,548,naive,psi1,0.2908859358020099,0.2561904297394225
500,548,corrected,psi0,1.131017013185478,0.29741849769003037
500,548,corrected,psi1,0.8437845677143411,0.3015942031334347
500,549,naive,psi0,-0.08603725669011017,0.2481952930709968
500,549,naive,psi1,-0.07715925958593463,0.2402475447115315
500,549,corrected,psi0,1.279651642655378,0.2863600496662154
500,549,corrected,psi1,0.2707650676319036,0.27296272234522334
500,550,naive,psi0,-0.5397435865668321,0.27832474401184604
500,550,naive,psi1,-0.02967940023028302,0.2995081184465368
500,550,corrected,psi0,0.7884856433044004,0.3272138604282022
500,550,corrected,psi1,0.5780962705674014,0.3511795872283605
500,551,naive,psi0,0.027626447651250413,0.27459259444856954
500,551,naive,psi1,0.01917717197179167,0.24339163872636496
500,551,corrected,psi0,1.2718550743818682,0.3160150610610318
500,551,corrected,psi1,0.5795267216539013,0.29296805715785107
500,552,naive,psi0,0.014300621320842267,0.2675380184769862
500,552,naive,psi1,-0.2775930571433143,0.26323433631005605
500,552,corrected,psi0,1.3109895484511347,0.3157205166693707
500,552,corrected,psi1,0.19381961968698747,0.3054162710876755
500,553,naive,psi0,-0.08600168352638139,0.2614239228683128
500,553,naive,psi1,0.12152299203919166,0.28772950972768513
500,553,corrected,psi0,1.146157266096244,0.30843748080221617
500,553,corrected,psi1,0.5934918151507071,0.33169354288865327
500,554,naive,psi0,-0.4967410667439358,0.2501000346703379
500,554,naive,psi1,-0.5148078159550437,0.2734708654863387
500,554,corrected,psi0,0.746075393617811,0.28758697121977345
500,554,corrected,psi1,-0.13832073239797818,0.31246596100701124
500,555,naive,psi0,-0.28038990179896867,0.2737335786256568
500,555,naive,psi1,0.4487339274131752,0.3546810649154942
500,555,corrected,psi0,1.1540459753674017,0.3226394365683037
500,555,corrected,psi1,0.9569383138628283,0.4069782727484446
500,556,naive,psi0,-0.6187887000191443,0.2848931578112196
500,556,naive,psi1,-0.20312072973361686,0.3011007402233047
500,556,corrected,psi0,0.6879059200061289,0.325426567508442
500,556,corrected,psi1,0.1652971658883973,0.3458529011386274
500,557,naive,psi0,-0.1431462603738623,0.2731688866253979
500,557,naive,psi1,0.3695708194634348,0.3214834894883767
500,557,corrected,psi0,1.1274203324257854,0.3137572505292833
500,557,corrected,psi1,0.9699727628988728,0.3686755660654094
500,558,naive,psi0,0.1767104068865307,0.26062309903971803
500,558,naive,psi1,-0.46642306668130395,0.26736021713912156
500,558,corrected,psi0,1.5244521781425657,0.309395431666661
500,558,corrected,psi1,-0.06156564437951819,0.3152907544525154
500,559,naive,psi0,-0.2595803389700551,0.23044318241806752
500,559,naive,psi1,0.25491866564502647,0.19962701037665453
500,559,corrected,psi0,0.9566403177197355,0.27316689271338307
500,559,corrected,psi1,0.8126723363877232,0.2305201012036981
500,560,naive,psi0,-0.08977270619481231,0.26401164318148923
500,560,naive,psi1,0.11673000765136851,0.30496909518946785
500,560,corrected,psi0,1.2257320061962107,0.3034469744543066
500,560,corrected,psi1,0.665709376414402,0.3523239203883665
500,561,naive,psi0,0.09104023009917643,0.25806095428526293
500,561,naive,psi1,0.0139184125011527,0.2999065749394126
500,561,corrected,psi0,1.451731142674861,0.29906417907871924
500,561,corrected,psi1,0.5759306402039149,0.349875871846662
500,562,naive,psi0,0.33668264403801973,0.2564898979417189
500,562,naive,psi1,-0.030995801501593364,0.2565384969219512
500,562,corrected,psi0,1.7636510329617585,0.29785264912613413
500,562,corrected,psi1,0.4539784164267876,0.3001932552068416
500,563,naive,psi0,0.06302039125006843,0.25059447038450694
500,563,naive,psi1,-0.19999202701306315,0.3070545750646917
500,563,corrected,psi0,1.3360316399993324,0.2919161880412018
500,563,corrected,psi1,0.38369585348594176,0.36102968316815476
500,564,naive,psi0,-0.27567859677816803,0.2816513701339748
500,564,naive,psi1,0.44973569938616015,0.3091100739522444
500,564,corrected,psi0,1.0198649464018394,0.31850637763619233
500,564,corrected,psi1,0.8926320544577723,0.35042456074829975
500,565,naive,psi0,-0.18744412526730042,0.27133406852731035
500,565,naive,psi1,0.08478514464908998,0.23857262489925474
500,565,corrected,psi0,1.069787574494966,0.3179572928261565
500,565,corrected,psi1,0.5673158583812994,0.28304632876630276
500,566,naive,psi0,-0.40609705358554116,0.27749149107790877
500,566,naive,psi1,-0.13865603669290044,0.30067818225580617
500,566,corrected,psi0,0.8463897983597352,0.3221514896085346
500,566,corrected,psi1,0.3294719724223805,0.3491245756707685
500,567,naive,psi0,-0.03651898159332871,0.2505053984981216
500,567,naive,psi1,-0.029256789213692708,0.2558349369528034
500,567,corrected,psi0,1.1808913776957548,0.29158311113507684
500,567,corrected,psi1,0.497116805871309,0.30229538604582823
500,568,naive,psi0,-0.28760026820844237,0.25094095591304855
500,568,naive,psi1,0.2166365728324786,0.25447290165996417
500,568,corrected,psi0,0.9776665797935662,0.2921358361130394
500,568,corrected,psi1,0.6645645830468129,0.30879969675286234
500,569,naive,psi0,-0.5929627338656748,0.24250553293981753
500,569,naive,psi1,-0.40185686095830264,0.27165287297929197
500,569,corrected,psi0,0.5499425228027438,0.2814959269973979
500,569,corrected,psi1,0.11867228985436747,0.30637195344588447
500,570,naive,psi0,-0.35061560265623865,0.2676881189356296
500,570,naive,psi1,0.495648771947226,0.2543828131835337
500,570,corrected,psi0,0.9014187501815504,0.3089485249912906
500,570,corrected,psi1,1.101904005701702,0.2869681865625176
500,571,naive,psi0,-0.3311316976457182,0.2970735541919892
500,571,naive,psi1,0.19589912769884624,0.3377801743765001
500,571,corrected,psi0,1.0452368383362007,0.340420837168513
500,571,corrected,psi1,0.8045584566508823,0.38170225939157054
500,572,naive,psi0,-0.16695407367924328,0.26087003315744584
500,572,naive,psi1,-0.4800665878609282,0.3211337622521457
500,572,corrected,psi0,1.1997032202456162,0.3011029326141001
500,572,corrected,psi1,0.0033978102392888654,0.3707478612324847
500,573,naive,psi0,-0.5416485999779284,0.24509388170770816
500,573,naive,psi1,0.08883250501445904,0.2836187326678954
500,573,corrected,psi0,0.6144123830056085,0.28551131668848495
500,573,corrected,psi1,0.568638540356135,0.3282476871241217
500,574,naive,psi0,0.012053180010733194,0.2484557192480035
500,574,naive,psi1,-0.1913509229266561,0.27718185887623115
500,574,corrected,psi0,1.2808283790236281,0.28693652997486735
500,574,corrected,psi1,0.3485074832596083,0.31668568653993756
500,575,naive,psi0,-0.47171278505956504,0.2548188934300595
500,575,naive,psi1,0.17285486959177992,0.27070676185175796
500,575,corrected,psi0,0.7454266357584854,0.30263286465052963
500,575,corrected,psi1,0.7192191382520153,0.31054821823100326
500,576,naive,psi0,0.06542641786934161,0.22258836466676804
500,576,naive,psi1,0.09585458464214412,0.2666507663181813
500,576,corrected,psi0,1.5001389235460112,0.25690147222618415
500,576,corrected,psi1,0.6257828261335538,0.3186479810328302
500,577,naive,psi0,-0.28052869369385064,0.24551076237360667
500,577,naive,psi1,0.3210801888463505,0.23382180028809324
500,577,corrected,psi0,0.9665101378440782,0.28964240791956053
500,577,corrected,psi1,0.9349702280055663,0.2805591739959617
500,578,naive,psi0,0.06536409994100802,0.24512633163085737
500,578,naive,psi1,0.2864055275858102,0.23922862940479275
500,578,corrected,psi0,1.4736446087668296,0.28342495374350457
500,578,corrected,psi1,0.7811306108685335,0.27609959212599194
500,579,naive,psi0,-0.35057897378595504,0.24232986241689403
500,579,naive,psi1,-0.34756417503651477,0.23486314186304014
500,579,corrected,psi0,0.9044084886072555,0.2802354299205067
500,579,corrected,psi1,0.07831130609054687,0.2775194432589078
500,580,naive,psi0,0.09183428873848953,0.26137155536502604
500,580,naive,psi1,-0.3271216825917148,0.2834848665474768
500,580,corrected,psi0,1.3813574282627858,0.31071267369487154
500,580,corrected,psi1,0.17937716558607436,0.34452682283900027
500,581,naive,psi0,-0.3852791811514106,0.24905386646268907
500,581,naive,psi1,0.16026982126033354,0.27466677263330663
500,581,corrected,psi0,0.8212107516777446,0.2968449267557759
500,581,corrected,psi1,0.7372859957611902,0.33738209479035275
500,582,naive,psi0,-0.23884915019617917,0.2546225169553453
500,582,naive,psi1,-0.21555186066113932,0.265056627363401
500,582,corrected,psi0,1.0172107571693423,0.29261834904771616
500,582,corrected,psi1,0.22758462557447487,0.3051444902836015
500,583,naive,psi0,-0.14475347354455842,0.2555588020280895
500,583,naive,psi1,-0.06502123825678278,0.2818924135773869
500,583,corrected,psi0,1.0809635896388048,0.30053010383430356
500,583,corrected,psi1,0.4009727969289049,0.32958942797979957
500,584,naive,psi0,-0.4562776718974844,0.22707340541484144
500,584,naive,psi1,-0.1360910574687794,0.25877681705616973
500,584,corrected,psi0,0.7770769301344919,0.26486975951990904
500,584,corrected,psi1,0.2785824399615662,0.3076900285585799
500,585,naive,psi0,-0.1813070198358599,0.2649996410167851
500,585,naive,psi1,-0.23528911141460038,0.2702771845252379
500,585,corrected,psi0,1.1641819261632405,0.3080128630968573
500,585,corrected,psi1,0.3625178583476638,0.32001894335930164
500,586,naive,psi0,-0.4969940030335167,0.22888000259376423
500,586,naive,psi1,0.14017074486656933,0.23385570551036003
500,586,corrected,psi0,0.8037318997217894,0.26688546349080816
500,586,corrected,psi1,0.6363299819248285,0.26977629039257073
500,587,naive,psi0,-0.2296842393999943,0.27000439487266964
500,587,naive,psi1,-0.4397688553717101,0.2650968264225187
500,587,corrected,psi0,1.054928281438984,0.3224279404484801
500,587,corrected,psi1,-0.05124723762320842,0.32022187396846097
500,588,naive,psi0,-0.7590133582214769,0.28201421978323515
500,588,naive,psi1,-0.2322026803731774,0.27353377611568497
500,588,corrected,psi0,0.4769118946914994,0.32430518871663927
500,588,corrected,psi1,0.26079445241358995,0.3100325466550477
500,589,naive,psi0,0.12840771412881918,0.2725768158125515
500,589,naive,psi1,0.0754784574317358,0.29603936592152524
500,589,corrected,psi0,1.417022438767251,0.3138075111835913
500,589,corrected,psi1,0.6540352408868636,0.3510718902716469
500,590,naive,psi0,-0.29689917293732687,0.2580521810287058
500,590,naive,psi1,-0.12927028064712573,0.2753269648397898
500,590,corrected,psi0,0.8997376870964774,0.29907708709566033
500,590,corrected,psi1,0.3866046717940367,0.3201555738480759
500,591,naive,psi0,-0.32275486979526863,0.23583230022165924
500,591,naive,psi1,-0.07204202683549805,0.24031496469694436
500,591,corrected,psi0,0.8839419204680448,0.2698997557785895
500,591,corrected,psi1,0.45926724637440364,0.27751628756741925
500,592,naive,psi0,-0.006380912881967712,0.2447048963912299
500,592,naive,psi1,0.28270077350375933,0.26576530365835765
500,592,corrected,psi0,1.3960664484685132,0.28472206529761646
500,592,corrected,psi1,0.7797133429894083,0.3016623587788052
500,593,naive,psi0,-0.35661528042186913,0.24921103820720397
500,593,naive,psi1,0.14697567889922916,0.24111347089560195
500,593,corrected,psi0,0.8368773769926526,0.28723359724219355
500,593,corrected,psi1,0.630048916534082,0.2781673917951412
500,594,naive,psi0,-0.2419622506737451,0.2539858432132778
500,594,naive,psi1,-0.08152924158530292,0.29647309078138634
500,594,corrected,psi0,1.0681805390855879,0.29982296167849043
500,594,corrected,psi1,0.3225259661972199,0.3563627056535826
500,595,naive,psi0,-0.12098951015605297,0.2546474581629855
500,595,naive,psi1,-0.017556958972812484,0.326925790038645
500,595,corrected,psi0,1.2048486976471233,0.2942281182254368
500,595,corrected,psi1,0.45116996923891056,0.3696943951011162
500,596,naive,psi0,-0.4078088303929685,0.25726919118010333
500,596,naive,psi1,0.09187293045953873,0.2462758405139302
500,596,corrected,psi0,0.8807174261736842,0.2934763640935364
500,596,corrected,psi1,0.6433833133338119,0.2869866673530673
500,597,naive,psi0,-0.4035850149566116,0.26321649180978446
500,597,naive,psi1,-0.025294184237517846,0.22078331602966986
500,597,corrected,psi0,0.8952189101437205,0.30011087320170665
500,597,corrected,psi1,0.38317377302802164,0.2510904132887861
500,598,naive,psi0,-0.4447137407593233,0.26427418596040014
500,598,naive,psi1,-0.30715412445301404,0.2990990765423049
500,598,corrected,psi0,0.8117652334898748,0.30001679374193013
500,598,corrected,psi1,0.20063315298111606,0.3261811413995812
500,599,naive,psi0,-0.47902474592460204,0.26172106325397104
500,599,naive,psi1,0.007725261324302196,0.2837079447967618
500,599,corrected,psi0,0.8650745318401256,0.3019885748498628
500,599,corrected,psi1,0.433802641311737,0.3267598947647016
500,600,naive,psi0,-0.8937722266639211,0.24286939273619634
500,600,naive,psi1,-0.26536146041202363,0.25616440390047107
500,600,corrected,psi0,0.30498848654936284,0.28066159941474556
500,600,corrected,psi1,0.15532561548453303,0.2975873643423841
500,601,naive,psi0,-0.8039388988128694,0.25049293864594335
500,601,naive,psi1,0.39774670849500554,0.32472867431490793
500,601,corrected,psi0,0.3630511582144434,0.2914649819452965
500,601,corrected,psi1,0.9629044482100209,0.369140852004658
500,602,naive,psi0,-0.1347244709879594,0.24666236050479481
500,602,naive,psi1,0.04896971973702413,0.27504412065579903
500,602,corrected,psi0,1.108967250941658,0.28465532863858545
500,602,corrected,psi1,0.5739762476578214,0.3117997525251558
500,603,naive,psi0,-0.4196581680549939,0.27983690347973295
500,603,naive,psi1,0.25870690228392534,0.2940614535662441
500,603,corrected,psi0,0.7969526071776588,0.32872450657389596
500,603,corrected,psi1,0.9288914557708324,0.35371926774021556
500,604,naive,psi0,-0.3443708938032509,0.2888066296886884
500,604,naive,psi1,-0.2927622422997429,0.2507855465882035
500,604,corrected,psi0,0.9492776894339096,0.33149927369459425
500,604,corrected,psi1,0.12269018477825044,0.2918249108828827
500,605,naive,psi0,-0.13238799869353787,0.23058238914522447
500,605,naive,psi1,-0.14406409967349199,0.22394547557500008
500,605,corrected,psi0,1.1367414328226872,0.2644093334915735
500,605,corrected,psi1,0.33295379231045924,0.25449240147461405
500,606,naive,psi0,-0.5095703883428304,0.2509498760038908
500,606,naive,psi1,-0.06354624453939807,0.27027370017028957
500,606,corrected,psi0,0.8028671453539796,0.2935981379015851
500,606,corrected,psi1,0.4888252983772618,0.31226164702690873
500,607,naive,psi0,-0.1939940986821364,0.25584363570867874
500,607,naive,psi1,-0.029446663830478257,0.21587742050235573
500,607,corrected,psi0,1.0654005395299375,0.2978212371621617
500,607,corrected,psi1,0.42622035555060456,0.2522050110458886
500,608,naive,psi0,-0.28600884344164984,0.27422049074355304
500,608,naive,psi1,-0.024114842642163684,0.32554388733120165
500,608,corrected,psi0,1.034266597623441,0.31351718959932917
500,608,corrected,psi1,0.5028704306579159,0.3670764345582153
500,609,naive,psi0,-0.4264142759564704,0.25116660286100145
500,609,naive,psi1,0.2189083560014065,0.2857618963945863
500,609,corrected,psi0,0.842490104056622,0.305770692646418
500,609,corrected,psi1,0.7300381196219161,0.3419786762080173
500,610,naive,psi0,-0.4601130694915591,0.2501008698140719
500,610,naive,psi1,-0.12103312675829211,0.23802882002852224
500,610,corrected,psi0,0.7355582187541345,0.2912170090000536
500,610,corrected,psi1,0.3168049645630822,0.2767648751525598
500,611,naive,psi0,-0.07941734801575843,0.24391700136348693
500,611,naive,psi1,0.17411864117300596,0.24355121672576902
500,611,corrected,psi0,1.1552828203107484,0.28212056924796136
500,611,corrected,psi1,0.6541682074887546,0.3021681689880064
500,612,naive,psi0,-0.15761497831873764,0.2692630790542093
500,612,naive,psi1,0.30892305654777635,0.24939682338524144
500,612,corrected,psi0,1.1202687057961829,0.31694583613813987
500,612,corrected,psi1,0.8911178544748833,0.2973260625547893
500,613,naive,psi0,-0.4812316678856386,0.2677620907487908
500,613,naive,psi1,0.04125858102106737,0.28205839256237014
500,613,corrected,psi0,0.7680132832212984,0.3136911142194998
500,613,corrected,psi1,0.5247503946217694,0.3282781020257629
500,614,naive,psi0,-0.20599151646729796,0.2675562186876859
500,614,naive,psi1,0.24820634793165613,0.29601225724902047
500,614,corrected,psi0,1.0714380640494487,0.3093604155689249
500,614,corrected,psi1,0.7586157840625635,0.33647690817220405
500,615,naive,psi0,-0.5735047109931081,0.2469568214725657
500,615,naive,psi1,-0.08641524301328754,0.2274764936153771
500,615,corrected,psi0,0.6889333625195863,0.2879873122136173
500,615,corrected,psi1,0.33263833782380703,0.2730537570189152
500,616,naive,psi0,-0.19453407727540006,0.23058181990116805
500,616,naive,psi1,0.024087925287482836,0.2265230726042174
500,616,corrected,psi0,1.0693094313036868,0.27256172664006295
500,616,corrected,psi1,0.5111269544879121,0.26893813127740057
500,617,naive,psi0,-0.581782820028214,0.26729672842195534
500,617,naive,psi1,-0.14032513675039254,0.2754986275934801
500,617,corrected,psi0,0.5774264765616797,0.305766276230587
500,617,corrected,psi1,0.24669056234331319,0.3220141977827385
500,618,naive,psi0,-0.1128152942413716,0.25325572993870793
500,618,naive,psi1,0.2617936563616069,0.27261495189066687
500,618,corrected,psi0,1.2473756648770185,0.29560399298298873
500,618,corrected,psi1,0.7573953764459184,0.3267027596343805
500,619,naive,psi0,-0.022137308142468375,0.2651689553892012
500,619,naive,psi1,-0.5448290137922589,0.285599811664571
500,619,corrected,psi0,1.1932122815682578,0.30272597375824717
500,619,corrected,psi1,-0.13276377388566743,0.3242072890463336
500,620,naive,psi0,-0.2768683794176657,0.2710692964426785
500,620,naive,psi1,-0.19416136996477595,0.31186192396034207
500,620,corrected,psi0,1.037652105562072,0.31569041570947015
500,620,corrected,psi1,0.3030073750245592,0.35987584528428934
500,621,naive,psi0,-0.09673009956312853,0.25833126188202926
500,621,naive,psi1,-0.04137995023812593,0.2711211045597248
500,621,corrected,psi0,1.0730971823067506,0.3068721000660125
500,621,corrected,psi1,0.5103152850130477,0.3167101437247783
500,622,naive,psi0,-0.16704930058751055,0.25949355772375116
500,622,naive,psi1,-0.25211822015826246,0.30819059517986597
500,622,corrected,psi0,1.1906021407426717,0.30058216121178044
500,622,corrected,psi1,-0.021959199932128765,0.354146915930721
500,623,naive,psi0,-0.44879968787124125,0.24731915199799057
500,623,naive,psi1,-0.33090720856909556,0.2935503639307529
500,623,corrected,psi0,0.7843608519861842,0.2896320717084062
500,623,corrected,psi1,0.07059900444071969,0.3580062979959387
500,624,naive,psi0,-0.3492780361431091,0.24700629578093694
500,624,naive,psi1,0.06898551310815754,0.25277024964351297
500,624,corrected,psi0,0.9543434804145104,0.2872505795513651
500,624,corrected,psi1,0.49698338555295973,0.2908741258374988
500,625,naive,psi0,0.36352223584506277,0.2587605462561939
500,625,naive,psi1,0.5056984986366307,0.3073089665030306
500,625,corrected,psi0,1.8467278612052582,0.30707097200529354
500,625,corrected,psi1,0.9622171780083931,0.35554806326862193
500,626,naive,psi0,-0.004783594778473218,0.2582242019439683
500,626,naive,psi1,0.000443599510992746,0.29610501178241533
500,626,corrected,psi0,1.29530446085273,0.30087534524631376
500,626,corrected,psi1,0.5543863465523325,0.34322231072344694
500,627,naive,psi0,-0.06891268361844297,0.2542850037959628
500,627,naive,psi1,-0.20943894583877673,0.2642161753601539
500,627,corrected,psi0,1.1399111066761543,0.29517325024005114
500,627,corrected,psi1,0.38389519147094414,0.30471128826417565
500,628,naive,psi0,-0.6355943771516003,0.2728927092052521
500,628,naive,psi1,0.2503431613714969,0.31426571331194725
500,628,corrected,psi0,0.5315578018562608,0.31651583232121905
500,628,corrected,psi1,0.771760980895859,0.3611151313051548
500,629,naive,psi0,-0.8178229360085688,0.2550275996645175
500,629,naive,psi1,0.14648420439202495,0.2841106107985238
500,629,corrected,psi0,0.4038699411521507,0.29325375373736323
500,629,corrected,psi1,0.7078172535409496,0.3257058703806149
500,630,naive,psi0,-0.5842141695734272,0.2606204863230637
500,630,naive,psi1,0.04175869678886759,0.2548293346379723
500,630,corrected,psi0,0.5796646817799078,0.3080270865035519
500,630,corrected,psi1,0.6094105329066821,0.29765623213221254
500,631,naive,psi0,-0.6786200660405954,0.24069088862050853
500,631,naive,psi1,-0.3052639378744354,0.22885524000784147
500,631,corrected,psi0,0.5354628165809471,0.2772334158858502
500,631,corrected,psi1,0.15245620991508288,0.2560923883908356
500,632,naive,psi0,-0.3283512678123828,0.24343320523208803
500,632,naive,psi1,-0.0761623761170703,0.22010175893458794
500,632,corrected,psi0,0.9350435820360495,0.2876265115607065
500,632,corrected,psi1,0.4258196529133029,0.26213658808903095
500,633,naive,psi0,0.43394939013177763,0.2966760551268958
500,633,naive,psi1,-0.27407047863090955,0.3163044527288503
500,633,corrected,psi0,1.8697338905801055,0.34741104372871734
500,633,corrected,psi1,0.21490765168493103,0.37366316296013213
500,634,naive,psi0,-0.49545584061613196,0.24148999954669473
500,634,naive,psi1,0.08964888871879746,0.27399983960281354
500,634,corrected,psi0,0.8372238383333374,0.28393079713065933
500,634,corrected,psi1,0.5806030867254738,0.323906788381017
500,635,naive,psi0,-0.34246076202458847,0.27296748230124757
500,635,naive,psi1,0.005150166567608507,0.31391226289878493
500,635,corrected,psi0,1.0340879928658007,0.31665970267938137
500,635,corrected,psi1,0.4804721797965406,0.35968992001265987
500,636,naive,psi0,0.17242988541746304,0.2609982466696924
500,636,naive,psi1,-0.0970360827783091,0.2678719180606544
500,636,corrected,psi0,1.532149228537692,0.30336529130411294
500,636,corrected,psi1,0.36767958368832504,0.306586845604216
500,637,naive,psi0,-0.28479421225689894,0.2826022667640304
500,637,naive,psi1,-0.016636119421788807,0.26663825342514963
500,637,corrected,psi0,0.9251853487979079,0.3263609121244597
500,637,corrected,psi1,0.3550729112495133,0.3078876506990538
500,638,naive,psi0,-0.1343904702480022,0.2594658759883172
500,638,naive,psi1,0.1439734156282879,0.26249690433655976
500,638,corrected,psi0,0.9235514082380814,0.30471276564378535
500,638,corrected,psi1,0.6971559608311102,0.31067308995959725
500,639,naive,psi0,-0.01571382204225418,0.28395638144814717
500,639,naive,psi1,-0.2930028766210911,0.2725794264217974
500,639,corrected,psi0,1.3366699659372465,0.3282335207497786
500,639,corrected,psi1,0.02247969683121002,0.31278795369466844
500,640,naive,psi0,0.00947654974264544,0.2590365407202518
500,640,naive,psi1,0.4659619280200511,0.2780770081540524
500,640,corrected,psi0,1.3026131151339075,0.30184626366893147
500,640,corrected,psi1,1.0999801622162255,0.32247369016905364
500,641,naive,psi0,-0.8220450526091232,0.2556462331602201
500,641,naive,psi1,-0.007065896321117812,0.2768050521558613
500,641,corrected,psi0,0.5391437853789898,0.3019877562634419
500,641,corrected,psi1,0.46683124898886535,0.32768771427749654
500,642,naive,psi0,-0.4795623370102673,0.22896635409009355
500,642,naive,psi1,-0.3279911283636889,0.2053845439876243
500,642,corrected,psi0,0.7649900432213617,0.2687833814128369
500,642,corrected,psi1,0.1213117354557846,0.2414069917220266
500,643,naive,psi0,0.02904913661295611,0.2585138522712466
500,643,naive,psi1,-0.24699828039203958,0.30196868504237817
500,643,corrected,psi0,1.3085887856547047,0.3003952577914584
500,643,corrected,psi1,0.17128972515695845,0.34591108758686806
500,644,naive,psi0,-0.6979626291358627,0.23242117564202625
500,644,naive,psi1,0.09667127690957741,0.22147035535158738
500,644,corrected,psi0,0.5343467225145277,0.27369975988397494
500,644,corrected,psi1,0.5774120671339487,0.2637904980401305
500,645,naive,psi0,-0.04830941050366407,0.2554040952285579
500,645,naive,psi1,-0.02735760221799165,0.32131127015357075
500,645,corrected,psi0,1.274738208776761,0.2936267438943946
500,645,corrected,psi1,0.41379187339666335,0.3579337900178877
500,646,naive,psi0,-0.5552157426390192,0.2535593576725323
500,646,naive,psi1,0.2193450168703138,0.2858876543055739
500,646,corrected,psi0,0.6414542188304516,0.2951872903921694
500,646,corrected,psi1,0.6795007362973245,0.34148665346422713
500,647,naive,psi0,-0.14309560873243987,0.2603302978029633
500,647,naive,psi1,-0.3215104028857353,0.27130655875196
500,647,corrected,psi0,1.2255170174065118,0.3084265106288622
500,647,corrected,psi1,0.029002057978293805,0.3231549418038217
500,648,naive,psi0,0.04864330090077737,0.2633581308260031
500,648,naive,psi1,-0.1674558281937947,0.2530245017858617
500,648,corrected,psi0,1.3340120856790467,0.3065889677694138
500,648,corrected,psi1,0.3819772840864203,0.29722844549996225
500,649,naive,psi0,-0.11153113168394714,0.25627735123551076
500,649,naive,psi1,0.1867310912584898,0.21128478114689797
500,649,corrected,psi0,1.183788531301963,0.2968778096149722
500,649,corrected,psi1,0.647313434621029,0.24482921920900885
500,650,naive,psi0,0.1802526880625886,0.2546154362787508
500,650,naive,psi1,-0.20968739535573155,0.27773662886347333
500,650,corrected,psi0,1.4319278091864254,0.2950767489994709
500,650,corrected,psi1,0.21755738466444619,0.3238676411927231
500,651,naive,psi0,-0.44151012528284095,0.2684104934250046
500,651,naive,psi1,-0.0661996710622083,0.2860248211065737
500,651,corrected,psi0,0.8417647556774788,0.30710449875403484
500,651,corrected,psi1,0.5060048763306823,0.3201557560511718
500,652,naive,psi0,0.05905726027776283,0.2645782739200161
500,652,naive,psi1,0.4522604950529594,0.2446218609503689
500,652,corrected,psi0,1.309294421614238,0.30855337265628413
500,652,corrected,psi1,0.9424182281594882,0.2860158474447623
500,653,naive,psi0,-0.7995052357167096,0.27160347883450525
500,653,naive,psi1,0.41792210201655994,0.2573513856428204
500,653,corrected,psi0,0.3486536902848905,0.3151816175164922
500,653,corrected,psi1,1.0162860389421051,0.29721197549006567
500,654,naive,psi0,-0.258810065407299,0.28226842874173513
500,654,naive,psi1,0.35567802536287074,0.3050214812984255
500,654,corrected,psi0,0.9144769090848145,0.33115804438539914
500,654,corrected,psi1,0.8489608095022111,0.35955091047844706
500,655,naive,psi0,-0.6052461416564933,0.25217851068467095
500,655,naive,psi1,0.24330347367039135,0.2549567680597739
500,655,corrected,psi0,0.5675618517197625,0.29017508759104194
500,655,corrected,psi1,0.8226762447093352,0.2853195396040008
500,656,naive,psi0,0.22051577938330763,0.25296424371070686
500,656,naive,psi1,-0.19383622706338602,0.24292041846601095
500,656,corrected,psi0,1.5494128530621751,0.29684124926250316
500,656,corrected,psi1,0.30972236097714495,0.28170577288961457
500,657,naive,psi0,-0.34522493837381385,0.25231879592215606
500,657,naive,psi1,-0.13702034054566073,0.2926969110582756
500,657,corrected,psi0,0.9419872659363882,0.29185540927641745
500,657,corrected,psi1,0.3102435231673003,0.33003119678975196
500,658,naive,psi0,-0.076598107122157,0.24670984367610183
500,658,naive,psi1,-0.09002345483418911,0.2854540242508795
500,658,corrected,psi0,1.2224379235122962,0.28878241839416463
500,658,corrected,psi1,0.40888228821980305,0.3374311982443524
500,659,naive,psi0,-0.3935923462973252,0.23658724119674993
500,659,naive,psi1,-0.30969156955201466,0.26558327259809406
500,659,corrected,psi0,0.8276355849675733,0.27296322970159936
500,659,corrected,psi1,0.118309760485631,0.3063197825094471
500,660,naive,psi0,-0.8349657843534645,0.28552993734146176
500,660,naive,psi1,0.13324002589809367,0.3126141016027785
500,660,corrected,psi0,0.3532471301758661,0.3330821744224228
500,660,corrected,psi1,0.6183240511847816,0.3543255378371354
500,661,naive,psi0,-0.2750206948099716,0.2399793141918286
500,661,naive,psi1,0.23045927416487996,0.25341526773264944
500,661,corrected,psi0,1.0372007501966265,0.27371046662047105
500,661,corrected,psi1,0.8379528758974433,0.2803165357977474
500,662,naive,psi0,-0.23096253344518214,0.26199202581576875
500,662,naive,psi1,-0.36778495886667745,0.278891343707185
500,662,corrected,psi0,0.9705910927142164,0.3185872770049142
500,662,corrected,psi1,0.05568052757696658,0.33749858259293497
500,663,naive,psi0,-0.28525613377618575,0.2605454685719823
500,663,naive,psi1,-0.04888443309259342,0.29380584225420747
500,663,corrected,psi0,1.010063119560174,0.30055110254707695
500,663,corrected,psi1,0.383402926882182,0.33527615578835057
500,664,naive,psi0,-0.8837698186219807,0.23898674828430924
500,664,naive,psi1,0.5297713999796584,0.26661514138300396
500,664,corrected,psi0,0.32800064985601973,0.27771740604303174
500,664,corrected,psi1,1.167337913893187,0.3033480875502034
500,665,naive,psi0,-0.3813585229320372,0.23609004652504623
500,665,naive,psi1,0.12789154263362887,0.2468067740504397
500,665,corrected,psi0,0.8128688391049169,0.27498649919423895
500,665,corrected,psi1,0.6107662007111611,0.2845007357997416
500,666,naive,psi0,-0.3897951837455085,0.23543194742196336
500,666,naive,psi1,-0.01723272363789712,0.2489107778606089
500,666,corrected,psi0,0.955887303046802,0.2819989669693234
500,666,corrected,psi1,0.5882643123537459,0.306021052328203
500,667,naive,psi0,0.20841587459671007,0.24981715798342746
500,667,naive,psi1,-0.40066605333236915,0.28017013363887394
500,667,corrected,psi0,1.5797259372413917,0.2865280287100751
500,667,corrected,psi1,0.023867866162804178,0.3328102625235882
500,668,naive,psi0,-0.2480154753401004,0.23734971862659318
500,668,naive,psi1,-0.17390397499853416,0.2627659606979921
500,668,corrected,psi0,1.0059331187107694,0.2766174180961234
500,668,corrected,psi1,0.3597132175117706,0.2999462304871768
500,669,naive,psi0,-0.24044517013765043,0.22810445589163192
500,669,naive,psi1,-0.03327304988487838,0.24881060977140623
500,669,corrected,psi0,1.074688088246733,0.27164906038917364
500,669,corrected,psi1,0.43456220272855134,0.28653262550222547
500,670,naive,psi0,-0.4539503748230987,0.2444949829433276
500,670,naive,psi1,0.19106983340202385,0.23935056874785085
500,670,corrected,psi0,0.8254601501483407,0.2863411575155704
500,670,corrected,psi1,0.6752440653470783,0.2806375111772743
500,671,naive,psi0,-0.5973146367306914,0.2492497791898568
500,671,naive,psi1,0.07274987497395832,0.2613376478786743
500,671,corrected,psi0,0.5829084240871596,0.2854436384879599
500,671,corrected,psi1,0.5244312375511422,0.3045117251243008
500,672,naive,psi0,-0.0016295895529633436,0.24047952897609776
500,672,naive,psi1,0.32523926924507657,0.2780751716726517
500,672,corrected,psi0,1.2869013267788159,0.28516097589915035
500,672,corrected,psi1,0.851931788495555,0.32923231259718766
500,673,naive,psi0,-0.4110305487968209,0.2852217420354956
500,673,naive,psi1,0.08847332909923945,0.3262959869653689
500,673,corrected,psi0,0.9133796396717953,0.32808641440935427
500,673,corrected,psi1,0.48716336733735177,0.37424762735739003
500,674,naive,psi0,-0.36626296741070896,0.25704161611953574
500,674,naive,psi1,-0.2163516862514582,0.2253990553536365
500,674,corrected,psi0,0.9176851281127677,0.3034339182622403
500,674,corrected,psi1,0.16990918878634173,0.26682629196281193
500,675,naive,psi0,-0.2548884963974289,0.2580199656270243
500,675,naive,psi1,-0.3480907456593594,0.24798934502912098
500,675,corrected,psi0,1.0630699977636755,0.301716563588079
500,675,corrected,psi1,0.020983689845674888,0.2907864461756711
500,676,naive,psi0,-0.21855396075785133,0.24609690850597565
500,676,naive,psi1,-0.06915662608268819,0.2575580195441686
500,676,corrected,psi0,1.099362730738878,0.2869152501394145
500,676,corrected,psi1,0.36619957914583867,0.29189240991273285
500,677,naive,psi0,-0.5747211139973324,0.2700169782479959
500,677,naive,psi1,-0.22319111679098513,0.30712701253214764
500,677,corrected,psi0,0.6034675303985467,0.3152949685427925
500,677,corrected,psi1,0.32875821927222826,0.36054196602823485
500,678,naive,psi0,-0.17510162859696524,0.25545086309747417
500,678,naive,psi1,-0.21107484254287162,0.28203116279294943
500,678,corrected,psi0,1.0622838329907087,0.2970666280608349
500,678,corrected,psi1,0.1800034603060566,0.3494869973568487
500,679,naive,psi0,-0.4933907755423698,0.2692386433850426
500,679,naive,psi1,-0.4439289382569403,0.31300018130645474
500,679,corrected,psi0,0.6961372683939245,0.32226626156350513
500,679,corrected,psi1,0.09111706071295485,0.36614242685142717
500,680,naive,psi0,-0.42202474313914595,0.2609103533834771
500,680,naive,psi1,0.03611418924025019,0.2902634128356936
500,680,corrected,psi0,0.8332250523047189,0.30740787562765737
500,680,corrected,psi1,0.4716985734542052,0.3384992805299192
500,681,naive,psi0,-0.049314749036242195,0.2692412003189829
500,681,naive,psi1,-0.13664692662874237,0.3198609189267771
500,681,corrected,psi0,1.1797752524242815,0.3140899078333365
500,681,corrected,psi1,0.2747694855700136,0.37048661173589226
500,682,naive,psi0,-0.5950111546631062,0.27145026632638874
500,682,naive,psi1,0.4544239159779178,0.27852272801370265
500,682,corrected,psi0,0.6933120297909859,0.3149197876342781
500,682,corrected,psi1,1.0864900611438844,0.32966939905694087
500,683,naive,psi0,-0.3821382016977746,0.24418269481072102
500,683,naive,psi1,-0.31616922350025645,0.23549450449400516
500,683,corrected,psi0,0.836976156309729,0.2836640435455392
500,683,corrected,psi1,0.1203080964477302,0.27373260821634976
500,684,naive,psi0,-0.3299857045171197,0.23124889838213575
500,684,naive,psi1,0.09830672127238138,0.21325683825317074
500,684,corrected,psi0,0.9520874929691746,0.27033673243432776
500,684,corrected,psi1,0.5731891025106503,0.25053918071859244
500,685,naive,psi0,-0.4048678345554356,0.24740682209932682
500,685,naive,psi1,-0.0980376753773415,0.2520786487890262
500,685,corrected,psi0,0.8906825085611455,0.29250388000657673
500,685,corrected,psi1,0.4914875978407277,0.2934739093532979
500,686,naive,psi0,-0.49045678308998863,0.25428637802296217
500,686,naive,psi1,0.22625626130164206,0.28200622488582805
500,686,corrected,psi0,0.8769863001720937,0.3003050948044201
500,686,corrected,psi1,0.8167224135678945,0.32446827884284896
500,687,naive,psi0,-0.5465101294485538,0.2579638534788074
500,687,naive,psi1,-0.4065202013274398,0.303768974524936
500,687,corrected,psi0,0.6677613582172064,0.2987051967487369
500,687,corrected,psi1,0.060025194598783166,0.35200192909830513
500,688,naive,psi0,-0.4280095036819182,0.27007001677702863
500,688,naive,psi1,-0.2049641192346819,0.2737535256473476
500,688,corrected,psi0,0.7680740522178678,0.31278480602732067
500,688,corrected,psi1,0.23013768576657287,0.31767417441733237
500,689,naive,psi0,0.1934859352137735,0.24594712404111924
500,689,naive,psi1,0.03156446086188421,0.2589783816637507
500,689,corrected,psi0,1.5677786804249898,0.2944820597568978
500,689,corrected,psi1,0.6257992972767342,0.32618984704525333
500,690,naive,psi0,-0.14670485264492472,0.27722334718866765
500,690,naive,psi1,0.21949976826664838,0.2996811904125397
500,690,corrected,psi0,1.1230983836245485,0.31914037989010746
500,690,corrected,psi1,0.7188236344353269,0.33788200581142097
500,691,naive,psi0,-0.4268550542488435,0.2706194479284214
500,691,naive,psi1,-0.18534534863864158,0.2882416831030615
500,691,corrected,psi0,0.8488600352051395,0.3183955654859058
500,691,corrected,psi1,0.3031254161365013,0.3399380914367513
500,692,naive,psi0,-0.1457162648443411,0.26527272444540617
500,692,naive,psi1,-0.11699521325634078,0.2701965244169335
500,692,corrected,psi0,1.0878454882947646,0.3054921240457887
500,692,corrected,psi1,0.39720723175592404,0.31881516394819637
500,693,naive,psi0,-0.6767648348089487,0.250537958118076
500,693,naive,psi1,-0.030401123439467933,0.2427842183708214
500,693,corrected,psi0,0.6375914884827804,0.2894544636942191
500,693,corrected,psi1,0.34340318878959625,0.28385671079605423
500,694,naive,psi0,-0.11418181553039912,0.24100564897043442
500,694,naive,psi1,-0.0427961873053152,0.26999339976060915
500,694,corrected,psi0,1.1292827127094238,0.28406596736185846
500,694,corrected,psi1,0.4366637622514518,0.32113391211731174
500,695,naive,psi0,-0.39181241504020337,0.2388665691682041
500,695,naive,psi1,0.20353847186933832,0.23150527205058727
500,695,corrected,psi0,0.8652150536793156,0.2820559450569183
500,695,corrected,psi1,0.6638466974452906,0.2697764956515319
500,696,naive,psi0,-0.5181075051526265,0.2475078442042429
500,696,naive,psi1,-0.03063246168357925,0.25282436567228644
500,696,corrected,psi0,0.8017957980071203,0.2905748062887532
500,696,corrected,psi1,0.48595523155410936,0.2985888741117636
500,697,naive,psi0,-0.29020001205083723,0.2719459583619035
500,697,naive,psi1,-0.4390872055008173,0.3063941033624767
500,697,corrected,psi0,0.9348110285341913,0.31055206777093963
500,697,corrected,psi1,-0.026197688460440346,0.3502081222979976
500,698,naive,psi0,-0.49754289031305254,0.23409257415418688
500,698,naive,psi1,-0.06504891428438529,0.24425518240974328
500,698,corrected,psi0,0.7588298923953927,0.2709497847422164
500,698,corrected,psi1,0.35712397179743344,0.27800934141690936
500,699,naive,psi0,-0.5538479636793582,0.2580028209209969
500,699,naive,psi1,0.3240205945965276,0.23248961078116687
500,699,corrected,psi0,0.7173090607788826,0.30461829643941185
500,699,corrected,psi1,0.9363762964059132,0.2809687756091224
500,700,naive,psi0,-0.08286839063853174,0.26080236561237463
500,700,naive,psi1,-0.30781932781317095,0.3151232627674585
500,700,corrected,psi0,1.2621787539713483,0.30092995221954216
500,700,corrected,psi1,0.06529471046266337,0.3645946192829542
500,701,naive,psi0,-0.4538274760144442,0.2876559476156891
500,701,naive,psi1,0.8139356166640723,0.33780249346849445
500,701,corrected,psi0,0.8381482021992587,0.33317190692899756
500,701,corrected,psi1,1.3748673221841943,0.38373838470846633
500,702,naive,psi0,0.0873393932947536,0.26035388290662004
500,702,naive,psi1,0.27599484269083707,0.29791010634440224
500,702,corrected,psi0,1.5033266670864691,0.29928838385569473
500,702,corrected,psi1,0.8328199131792027,0.3362617344317309
500,703,naive,psi0,-0.6247285235852068,0.2552750180320888
500,703,naive,psi1,0.18933752992571082,0.26106424803355494
500,703,corrected,psi0,0.595008332512828,0.29659585813850065
500,703,corrected,psi1,0.6636203521026158,0.2973091940380893
500,704,naive,psi0,-0.5111846854482873,0.25068077248837645
500,704,naive,psi1,0.43446448152235995,0.24958056958354272
500,704,corrected,psi0,0.7510044148697866,0.28721385662790894
500,704,corrected,psi1,0.9469184830806017,0.2847480215282067
500,705,naive,psi0,-0.4455250427205617,0.23474597796724753
500,705,naive,psi1,-0.1450184181806923,0.21525546731549974
500,705,corrected,psi0,0.7972341276651493,0.27563676556128763
500,705,corrected,psi1,0.4158527137695906,0.25248733416779284
500,706,naive,psi0,-0.23710120923830166,0.23451673660764702
500,706,naive,psi1,0.0598572051043062,0.3032229565359608
500,706,corrected,psi0,1.1446802795952293,0.2732277500564407
500,706,corrected,psi1,0.470249336210491,0.3432649204733481
500,707,naive,psi0,-0.36650415903625616,0.24602931309049042
500,707,naive,psi1,-0.5571102593453685,0.24606237346881812
500,707,corrected,psi0,0.8943162319343534,0.287084494625806
500,707,corrected,psi1,-0.1250855026596418,0.2799386672486476
500,708,naive,psi0,0.21804788945744902,0.2522663124087572
500,708,naive,psi1,0.15408712054607285,0.2745530550629603
500,708,corrected,psi0,1.5930681535563065,0.2888076510782347
500,708,corrected,psi1,0.6410709596797689,0.3114990323426177
500,709,naive,psi0,-0.22511109862343337,0.2461380668817169
500,709,naive,psi1,-0.36013313418922266,0.24814091230658866
500,709,corrected,psi0,1.0583646438710221,0.2854720910288549
500,709,corrected,psi1,0.1692022625739911,0.29375332384382785
500,710,naive,psi0,-0.5743153553359791,0.24355124834028716
500,710,naive,psi1,0.19356695669020807,0.24578482941453586
500,710,corrected,psi0,0.6707146610215132,0.27764800219782376
500,710,corrected,psi1,0.7399424367737658,0.2863642917111346
500,711,naive,psi0,-0.35227874436391443,0.24906536196963913
500,711,naive,psi1,-0.1816566082506646,0.24828948748344054
500,711,corrected,psi0,0.992230616653543,0.2885963515068043
500,711,corrected,psi1,0.3431966772452635,0.28980655358332513
500,712,naive,psi0,-0.3944686396885241,0.23406548536061494
500,712,naive,psi1,-0.0463097676836228,0.21267344113794656
500,712,corrected,psi0,0.8584557863912557,0.2731699529007471
500,712,corrected,psi1,0.46295412183359863,0.24827706597049257
500,713,naive,psi0,-0.11831939750156606,0.25580986746034207
500,713,naive,psi1,-0.4054608005547923,0.2917731004237512
500,713,corrected,psi0,1.3101891818192422,0.29411963659878904
500,713,corrected,psi1,0.08416728620507846,0.3427685108984923
500,714,naive,psi0,-0.38849084666094486,0.2643871948811703
500,714,naive,psi1,0.14267553452214013,0.24611477380137325
500,714,corrected,psi0,0.8185539292041375,0.30541788408543014
500,714,corrected,psi1,0.6561062886380324,0.28122150602832785
500,715,naive,psi0,0.20238417621630422,0.24598950089148106
500,715,naive,psi1,0.3795824387552252,0.2829450069978964
500,715,corrected,psi0,1.5336816586644153,0.28118236767949123
500,715,corrected,psi1,0.9628188442106158,0.32329997011878664
500,716,naive,psi0,-0.3264531982891508,0.2608652327060264
500,716,naive,psi1,0.22188935062726112,0.280772575777764
500,716,corrected,psi0,1.0081591997948107,0.30681071712488256
500,716,corrected,psi1,0.7459035963745916,0.3273395834838719
500,717,naive,psi0,-0.29310482509337327,0.259725409284327
500,717,naive,psi1,-0.21309436502886167,0.2725398565665722
500,717,corrected,psi0,0.9066754632547468,0.2980045581402949
500,717,corrected,psi1,0.28539351633597854,0.305648485556633
500,718,naive,psi0,-0.3958724301474167,0.2593280724350316
500,718,naive,psi1,0.3258741339098696,0.29288159781784445
500,718,corrected,psi0,0.826982260787134,0.3038409455254345
500,718,corrected,psi1,0.8127040466920452,0.34082253122191075
500,719,naive,psi0,-0.5274025008457305,0.26469590264590087
500,719,naive,psi1,-0.03169349230031593,0.2705439771951825
500,719,corrected,psi0,0.5789611299729813,0.3064095887628664
500,719,corrected,psi1,0.37905228925394596,0.308703101643547
500,720,naive,psi0,-0.34200396791534293,0.2501856063881014
500,720,naive,psi1,-0.41538638574482656,0.2505552076116272
500,720,corrected,psi0,0.9554468815336641,0.28714325879125324
500,720,corrected,psi1,0.1338012236656116,0.2833427890350415
500,721,naive,psi0,-0.6759543808980365,0.25356511447848157
500,721,naive,psi1,0.011384464129586358,0.27665504034265376
500,721,corrected,psi0,0.5422667835289803,0.30546282138523334
500,721,corrected,psi1,0.5960109083636782,0.33219626324278406
500,722,naive,psi0,-0.14261728862937295,0.240737854331559
500,722,naive,psi1,-0.11238412387680392,0.2738134000639553
500,722,corrected,psi0,1.1025276200324343,0.2803239272430162
500,722,corrected,psi1,0.38927761101919345,0.3171417956536116
500,723,naive,psi0,-0.47635591858101667,0.2694124344951159
500,723,naive,psi1,-0.19036016994422109,0.3153495794153776
500,723,corrected,psi0,0.7792112458648675,0.3178410138945281
500,723,corrected,psi1,0.24387777065459806,0.3688909895801538
500,724,naive,psi0,-0.19192168584724098,0.25472638847070483
500,724,naive,psi1,-0.030718301409246352,0.2575801058540719
500,724,corrected,psi0,1.0345537245609244,0.29356740838840034
500,724,corrected,psi1,0.25431183885068925,0.3012870950636786
500,725,naive,psi0,-0.28186126308715737,0.26316954163675504
500,725,naive,psi1,-0.030043159331905607,0.29810130263852297
500,725,corrected,psi0,1.0876397180861075,0.3039854584008452
500,725,corrected,psi1,0.25250204093472317,0.3479492559806679
500,726,naive,psi0,0.04922927833462822,0.26315876647636466
500,726,naive,psi1,0.04530792912548949,0.2495110750273035
500,726,corrected,psi0,1.3008188794567552,0.30158388014698945
500,726,corrected,psi1,0.46260710578715897,0.2865059811362616
500,727,naive,psi0,-0.07664791201156326,0.2481172140124896
500,727,naive,psi1,0.1456190908638105,0.24935608944309742
500,727,corrected,psi0,1.2230801509317388,0.2845792735828484
500,727,corrected,psi1,0.6967431424819923,0.28737771272093515
500,728,naive,psi0,-0.2353196079967046,0.2920934401245228
500,728,naive,psi1,0.07038742653793169,0.26918962936331287
500,728,corrected,psi0,0.8768163383838261,0.34620402115774923
500,728,corrected,psi1,0.6265354726147929,0.3231119368458391
500,729,naive,psi0,-0.48146249684812137,0.24722800513700788
500,729,naive,psi1,-0.19633804387903772,0.2614289636395499
500,729,corrected,psi0,0.7720277399651202,0.28749395571654335
500,729,corrected,psi1,0.27528836540779483,0.3065390469060414
500,730,naive,psi0,-0.0022238413847797188,0.237153766960436
500,730,naive,psi1,-0.25459679217499187,0.23590441859514372
500,730,corrected,psi0,1.3664697752948882,0.27683308927389594
500,730,corrected,psi1,0.22152626077799645,0.27500324708797935
500,731,naive,psi0,-0.6358369540506463,0.2580113320471925
500,731,naive,psi1,0.040130500450495626,0.2662723352456556
500,731,corrected,psi0,0.5776409954334316,0.2977578386912443
500,731,corrected,psi1,0.4686270451210205,0.294236635326034
500,732,naive,psi0,-0.002779432690294102,0.23993288090650705
500,732,naive,psi1,-0.28237012909600095,0.24425620311085586
500,732,corrected,psi0,1.378881082503502,0.28152798196782963
500,732,corrected,psi1,-0.011297199422439185,0.29744849372282917
500,733,naive,psi0,-0.45347495654041375,0.2524739311581229
500,733,naive,psi1,0.005425784097870734,0.26693552508693474
500,733,corrected,psi0,0.8310215059841716,0.2924815803120406
500,733,corrected,psi1,0.5691029535315884,0.3100774848482296
500,734,naive,psi0,0.32582974388885677,0.2549203514552527
500,734,naive,psi1,-0.18310106932487671,0.3294148260898011
500,734,corrected,psi0,1.7937458721956139,0.3023566840245728
500,734,corrected,psi1,0.2140091116530112,0.38756096073475527
500,735,naive,psi0,-0.4168250405335514,0.24541105569489188
500,735,naive,psi1,0.21806768405174035,0.2649248097093944
500,735,corrected,psi0,0.8416537273692707,0.28171693892842853
500,735,corrected,psi1,0.722347678064839,0.2898904364794188
500,736,naive,psi0,-0.5681295984229772,0.25067905450682626
500,736,naive,psi1,0.05239614019244081,0.2717297417743547
500,736,corrected,psi0,0.5930759182171659,0.2896286929894328
500,736,corrected,psi1,0.5494389321783457,0.3146508429426593
500,737,naive,psi0,-0.6449532695900904,0.2711252682558617
500,737,naive,psi1,-0.6417774990652911,0.2820257534234622
500,737,corrected,psi0,0.6046775195889637,0.31438059643371813
500,737,corrected,psi1,-0.3544653083687458,0.3324731401603457
500,738,naive,psi0,-0.058119803780901425,0.24054715124931214
500,738,naive,psi1,-0.41167992029274153,0.2566384464092441
500,738,corrected,psi0,1.30528256816754,0.28237913066924886
500,738,corrected,psi1,-0.026110205602076206,0.30220717815958037
500,739,naive,psi0,-0.6046597613643178,0.2415962966624901
500,739,naive,psi1,-0.40721912293824825,0.27147272456889193
500,739,corrected,psi0,0.49282807732148737,0.27863222770068313
500,739,corrected,psi1,0.14910937440586974,0.3248986208674132
500,740,naive,psi0,-0.7023557478687793,0.23669270725246938
500,740,naive,psi1,-0.4106393512495403,0.2524406908002958
500,740,corrected,psi0,0.5669633061815945,0.27396573465193
500,740,corrected,psi1,-0.08831766752885829,0.29499623119627516
500,741,naive,psi0,0.06393639348613979,0.25335611777342354
500,741,naive,psi1,-0.3271089426586678,0.2729080089050822
500,741,corrected,psi0,1.3375036049917977,0.29787939538181984
500,741,corrected,psi1,0.13960747174893043,0.3188181049893263
500,742,naive,psi0,-0.21444842895149957,0.2729697061262255
500,742,naive,psi1,0.6805761054031986,0.30998300274503526
500,742,corrected,psi0,0.9823518551565803,0.3184672986950695
500,742,corrected,psi1,1.2191836766710535,0.37950715851177436
500,743,naive,psi0,-0.3825073874131961,0.26103219644910886
500,743,naive,psi1,0.36741264643809013,0.2734799479198943
500,743,corrected,psi0,0.8273693572806626,0.3009783971830548
500,743,corrected,psi1,0.9452115652761178,0.32105439284489906
500,744,naive,psi0,-0.16200330845334118,0.23619748133155263
500,744,naive,psi1,-0.09242993200384904,0.22674676819988074
500,744,corrected,psi0,1.254439431660636,0.27403377650644195
500,744,corrected,psi1,0.4485880113991082,0.26716613722004634
500,745,naive,psi0,-0.6265694365795977,0.24761847497063627
500,745,naive,psi1,0.05283727238348762,0.2582201889328105
500,745,corrected,psi0,0.6659493118047085,0.28967333162226416
500,745,corrected,psi1,0.5672502893051455,0.2985414271627646
500,746,naive,psi0,-0.6095840334353303,0.2483037464099474
500,746,naive,psi1,0.19874882891303522,0.24625538027830102
500,746,corrected,psi0,0.6591961199561678,0.2908042116955212
500,746,corrected,psi1,0.8131446155144408,0.28210632622595044
500,747,naive,psi0,0.010735055189587698,0.2531967279418538
500,747,naive,psi1,0.09915654807028962,0.31629497053717953
500,747,corrected,psi0,1.2685487964930946,0.28985956906847316
500,747,corrected,psi1,0.6663065039556925,0.3563744960829317
500,748,naive,psi0,-0.37271723799625717,0.2730757381577163
500,748,naive,psi1,0.22598680959184067,0.26942303528746164
500,748,corrected,psi0,0.8265470264976373,0.31710504357277397
500,748,corrected,psi1,0.7771078752796885,0.3087913535226497
500,749,naive,psi0,-0.2995451421952313,0.2596668670055307
500,749,naive,psi1,-0.1402559743733913,0.3468285429206345
500,749,corrected,psi0,0.8359444008061245,0.29841632495507686
500,749,corrected,psi1,0.3047127800591595,0.3996547563544656
500,750,naive,psi0,-0.3498250197045291,0.2555892611787083
500,750,naive,psi1,0.1362121985183466,0.25055068166043515
500,750,corrected,psi0,0.8899282914248353,0.2933761497329667
500,750,corrected,psi1,0.6722329468133181,0.2799655673077741
500,751,naive,psi0,-0.16725446254163467,0.24386419507771936
500,751,naive,psi1,0.05994078260951986,0.27487935661453466
500,751,corrected,psi0,1.2035670136551913,0.2817132695159683
500,751,corrected,psi1,0.5772541494739516,0.3162793729778208
500,752,naive,psi0,-0.5216496179786194,0.24832500774743094
500,752,naive,psi1,0.40892402845905346,0.27604222293089625
500,752,corrected,psi0,0.6440726694335606,0.2972509320017711
500,752,corrected,psi1,1.1253093931455438,0.32651986266328886
500,753,naive,psi0,-0.20143014472504212,0.23612942387466573
500,753,naive,psi1,0.13999648724864816,0.3026411611529416
500,753,corrected,psi0,1.111123687038231,0.28062978833524194
500,753,corrected,psi1,0.5968588339982185,0.37574223919903055
500,754,naive,psi0,-0.39044479322174996,0.22867342487704642
500,754,naive,psi1,-0.25118916791474055,0.24252928560199163
500,754,corrected,psi0,0.8146366542131632,0.26323857470885237
500,754,corrected,psi1,0.18300873746733665,0.28057518875499354
500,755,naive,psi0,0.036847524666598803,0.23692721423479135
500,755,naive,psi1,0.602653066936058,0.279897799194987
500,755,corrected,psi0,1.423070518265231,0.27429225072566704
500,755,corrected,psi1,1.1227519826015802,0.3195260941646705
500,756,naive,psi0,-0.6482566116075688,0.2504478788653736
500,756,naive,psi1,0.007097906653193754,0.24151232880965715
500,756,corrected,psi0,0.5954048786529373,0.287200242996884
500,756,corrected,psi1,0.4331534870110733,0.2701829067361705
500,757,naive,psi0,-0.043657310018779094,0.2521884723183444
500,757,naive,psi1,-0.20450313774933407,0.2691296876488375
500,757,corrected,psi0,1.283755035696537,0.29819425118506
500,757,corrected,psi1,0.3552562873853177,0.3208434898059691
500,758,naive,psi0,-0.6131576233901502,0.254057417271704
500,758,naive,psi1,-0.15168784515675543,0.2648518455479373
500,758,corrected,psi0,0.6404488429819417,0.29299900110743843
500,758,corrected,psi1,0.27564040821344116,0.30095643644749626
500,759,naive,psi0,-0.46752250731308964,0.25277044908375595
500,759,naive,psi1,0.015609908694264823,0.2806948559415036
500,759,corrected,psi0,0.805134141874534,0.3005624166081171
500,759,corrected,psi1,0.530747094349126,0.34641187893199127
500,760,naive,psi0,-0.7740807547118154,0.26108781757866895
500,760,naive,psi1,0.0346793939993322,0.24868385736774556
500,760,corrected,psi0,0.40393106480170105,0.301890760181595
500,760,corrected,psi1,0.5270339790867126,0.2849067579283148
500,761,naive,psi0,-0.011369392200993879,0.2572051345214861
500,761,naive,psi1,0.29990870427567434,0.25159316373205814
500,761,corrected,psi0,1.3428475298284528,0.29559069658757947
500,761,corrected,psi1,0.8399114075265519,0.2821540245763713
500,762,naive,psi0,-0.24898093526745446,0.26861913253085773
500,762,naive,psi1,-0.10719152784650625,0.24817033009255784
500,762,corrected,psi0,1.1049111833867449,0.3191483254669855
500,762,corrected,psi1,0.41293969453085816,0.2983531025431728
500,763,naive,psi0,-0.5368989881004804,0.26356776174600166
500,763,naive,psi1,-0.0609477488022723,0.28351618968731934
500,763,corrected,psi0,0.7378044270350339,0.3079162936130936
500,763,corrected,psi1,0.40302032399493354,0.32914975906827715
500,764,naive,psi0,-0.3576140077532322,0.26610878744145516
500,764,naive,psi1,-0.21395944319774965,0.2804923784701359
500,764,corrected,psi0,0.9806851623973482,0.30815421999190784
500,764,corrected,psi1,0.11814746937141833,0.3207209933162254
500,765,naive,psi0,-0.6204935996000028,0.2778086509892004
500,765,naive,psi1,0.88915678012069,0.33584541996817524
500,765,corrected,psi0,0.5636238982254503,0.31805202244462555
500,765,corrected,psi1,1.4527960215810949,0.3701716534191411
500,766,naive,psi0,-0.14148472013939842,0.25230643857938073
500,766,naive,psi1,0.4048319718616079,0.2531022064062006
500,766,corrected,psi0,1.2544294696920386,0.2892076321305637
500,766,corrected,psi1,0.9618834273063088,0.2954382504056277
500,767,naive,psi0,-0.6054569228774107,0.23381655511235844
500,767,naive,psi1,-0.15303918974989425,0.23429758518128102
500,767,corrected,psi0,0.6098846884198514,0.26749640399653585
500,767,corrected,psi1,0.2689864312085413,0.2678470978258767
500,768,naive,psi0,0.07307987013528464,0.2698408984793201
500,768,naive,psi1,-0.407063990007696,0.35760048561495167
500,768,corrected,psi0,1.4226810923900424,0.31703040575003943
500,768,corrected,psi1,0.03973047513289686,0.45524169104259143
500,769,naive,psi0,0.05697800598904,0.24795678678225194
500,769,naive,psi1,-0.08771371873417239,0.27671608669911196
500,769,corrected,psi0,1.3641011691759097,0.28913783682437666
500,769,corrected,psi1,0.3291706190203962,0.32060381044325764
500,770,naive,psi0,-0.7951549728375243,0.24412910163047205
500,770,naive,psi1,0.08251546235551818,0.24549324806163283
500,770,corrected,psi0,0.3666059838228497,0.2829885092014979
500,770,corrected,psi1,0.6212857455658326,0.2840643799980857
500,771,naive,psi0,-0.21248991125326036,0.2680901455872921
500,771,naive,psi1,0.17561279834184226,0.24857342048144904
500,771,corrected,psi0,1.0860161830494153,0.3162903468452973
500,771,corrected,psi1,0.6476475278071512,0.29838137946545046
500,772,naive,psi0,-0.36154707068001846,0.22403195652409658
500,772,naive,psi1,0.010518662653748474,0.2490123133352998
500,772,corrected,psi0,0.8566614192760068,0.25973869208783956
500,772,corrected,psi1,0.45080112591477434,0.28456790497203677
500,773,naive,psi0,-0.21727022394960085,0.24499090917582722
500,773,naive,psi1,0.3501109769704277,0.24039461722487754
500,773,corrected,psi0,0.9567722026985629,0.2860270451323419
500,773,corrected,psi1,0.9446774025949612,0.282089983706736
500,774,naive,psi0,0.0018308485939366557,0.2418439264323002
500,774,naive,psi1,0.0709942956027885,0.23871690077015556
500,774,corrected,psi0,1.2816750435301416,0.2800356748384526
500,774,corrected,psi1,0.5032518080930233,0.27642354217156934
500,775,naive,psi0,-0.13921481072741843,0.2428277823215765
500,775,naive,psi1,0.03876850160571108,0.2620532622606546
500,775,corrected,psi0,1.0796195191419171,0.28431785409821275
500,775,corrected,psi1,0.6404055510073717,0.30674935065710573
500,776,naive,psi0,-0.39327604520423715,0.2578452367433582
500,776,naive,psi1,0.45641503946566697,0.2896416879322214
500,776,corrected,psi0,0.7945101783970878,0.2983190706912705
500,776,corrected,psi1,1.0764442477690788,0.3343775438223835
500,777,naive,psi0,0.1383388361908815,0.24077097575315826
500,777,naive,psi1,-0.4118443616066166,0.23968078671843218
500,777,corrected,psi0,1.4574092086823949,0.2766832816253164
500,777,corrected,psi1,0.03839949831740407,0.2708887989590267
500,778,naive,psi0,-0.6131864943777969,0.2255987472451275
500,778,naive,psi1,0.11834779683047386,0.22773395087705625
500,778,corrected,psi0,0.6494019185735435,0.2652820365427024
500,778,corrected,psi1,0.5817820360537475,0.27005529056311683
500,779,naive,psi0,-0.12192071719255294,0.2692966329924309
500,779,naive,psi1,0.2685325021814882,0.2855655805220861
500,779,corrected,psi0,1.1323881163193183,0.3071265379763894
500,779,corrected,psi1,0.7744875313302388,0.31755790385863336
500,780,naive,psi0,-0.3449874193351071,0.24412010772296996
500,780,naive,psi1,-0.4364969010310471,0.2874458029532623
500,780,corrected,psi0,0.9646462021759651,0.2831949548503766
500,780,corrected,psi1,0.05101482574566953,0.3257006429997409
500,781,naive,psi0,-0.19721541670386977,0.2684591267689885
500,781,naive,psi1,0.0029128721790039336,0.30510676646840135
500,781,corrected,psi0,1.13042486202364,0.32394661016280674
500,781,corrected,psi1,0.6215289671970828,0.38041193245825605
500,782,naive,psi0,-0.6605159004678886,0.2543550776714876
500,782,naive,psi1,0.001826683750312077,0.291521482269702
500,782,corrected,psi0,0.5803492986455282,0.2967099611464423
500,782,corrected,psi1,0.508563739703037,0.3413490812174391
500,783,naive,psi0,-0.6683342203135672,0.25125828432135594
500,783,naive,psi1,-0.001572925052810814,0.28566683975949575
500,783,corrected,psi0,0.5607751652216281,0.2937045545296503
500,783,corrected,psi1,0.5694375892087039,0.33196515124044446
500,784,naive,psi0,-0.35720388021894556,0.2596977028279599
500,784,naive,psi1,-0.33869117858298514,0.30726185744731926
500,784,corrected,psi0,0.7438651572772589,0.3085000375174225
500,784,corrected,psi1,0.34973147724235787,0.3624808240974929
500,785,naive,psi0,0.33607767882425565,0.2782565324870858
500,785,naive,psi1,0.15672967474770477,0.2860391072779254
500,785,corrected,psi0,1.6525387123979922,0.32792457276449605
500,785,corrected,psi1,0.6444968853141356,0.3424782266247172
500,786,naive,psi0,-0.04302886304337329,0.24888528792767994
500,786,naive,psi1,-0.1348892988488113,0.28782080205432
500,786,corrected,psi0,1.3366716628407322,0.2843205559635218
500,786,corrected,psi1,0.33807809046718196,0.32314919686124177
500,787,naive,psi0,-0.33661791862376783,0.2658238022405738
500,787,naive,psi1,-0.5070921112083382,0.3177300045013837
500,787,corrected,psi0,1.1253983672685726,0.30878431364551356
500,787,corrected,psi1,-0.0862234957426471,0.3644689013042122
500,788,naive,psi0,-0.494562339131158,0.2806490596432507
500,788,naive,psi1,0.27226747978132304,0.299217590735925
500,788,corrected,psi0,0.7209723063646801,0.32765381187964665
500,788,corrected,psi1,0.8032470936566233,0.35492125034801064
500,789,naive,psi0,0.19596423205517938,0.2645728215196678
500,789,naive,psi1,-0.04036213915345555,0.2512005179355594
500,789,corrected,psi0,1.6983067480266743,0.3093069110342662
500,789,corrected,psi1,0.417184005734197,0.29021117341919295
500,790,naive,psi0,-0.06959978046368659,0.24815691269309648
500,790,naive,psi1,0.0324912290923302,0.2582311554924615
500,790,corrected,psi0,1.2165647105658781,0.2868298064958198
500,790,corrected,psi1,0.6324388139214852,0.30098210548391224
500,791,naive,psi0,-0.6472368397287661,0.2805514156118564
500,791,naive,psi1,0.12658187226555936,0.28701563660223767
500,791,corrected,psi0,0.5075825722419356,0.3288044757120547
500,791,corrected,psi1,0.6074298481862181,0.3260701270106737
500,792,naive,psi0,0.17895565265832317,0.25797741244132893
500,792,naive,psi1,0.6637948601298383,0.2874703849228024
500,792,corrected,psi0,1.6325397065590765,0.2990114513625512
500,792,corrected,psi1,1.207251475378092,0.3381840172017404
500,793,naive,psi0,-0.23156359447091665,0.2398036503890273
500,793,naive,psi1,0.14848388389624334,0.22421972909419854
500,793,corrected,psi0,1.1738387764502756,0.2744781403703173
500,793,corrected,psi1,0.6060149991417926,0.2542689029045965
500,794,naive,psi0,-0.44390258992257975,0.2456511970964225
500,794,naive,psi1,-0.3198573437812982,0.26475560977451307
500,794,corrected,psi0,0.8480694708808802,0.28038267878381357
500,794,corrected,psi1,0.024828595668512376,0.3023806830973821
500,795,naive,psi0,-0.36310863705027974,0.24334082310851105
500,795,naive,psi1,-0.22045238159734032,0.27790475890530164
500,795,corrected,psi0,0.8222784150466468,0.28505359263184304
500,795,corrected,psi1,0.19654376797108083,0.3106119472713672
500,796,naive,psi0,-0.24879448634708276,0.2559841123682858
500,796,naive,psi1,0.2962403885928426,0.25439478958341066
500,796,corrected,psi0,1.0189523420626532,0.29891273821773817
500,796,corrected,psi1,0.8529803980194456,0.3254514119419982
500,797,naive,psi0,-0.3803072064820457,0.2581927759253543
500,797,naive,psi1,0.3042015529534952,0.27898530187749504
500,797,corrected,psi0,0.8628993781126157,0.30139686423891704
500,797,corrected,psi1,0.9341688798744089,0.3222339864984899
500,798,naive,psi0,-0.3810854496106989,0.26301446839952936
500,798,naive,psi1,0.24947653236347098,0.2523059974063081
500,798,corrected,psi0,0.8785686807748081,0.30438281571691495
500,798,corrected,psi1,0.7541066775162016,0.2932619356254624
500,799,naive,psi0,-0.11924975692485151,0.23553731127917982
500,799,naive,psi1,0.7045952185079752,0.260412762400696
500,799,corrected,psi0,1.1489342053214957,0.2723253860508923
500,799,corrected,psi1,1.2891000276841766,0.30084908910747243
500,800,naive,psi0,-0.23788068257669912,0.26322206641620804
500,800,naive,psi1,-0.06738136296381637,0.249232945934731
500,800,corrected,psi0,1.0187320074383945,0.30895785325001673
500,800,corrected,psi1,0.6037871596959615,0.2884024481794936
500,801,naive,psi0,-0.4860873847789991,0.25688636060734277
500,801,naive,psi1,0.20333529789033816,0.24037408235494728
500,801,corrected,psi0,0.6534136284757538,0.299685590039273
500,801,corrected,psi1,0.6990361454067269,0.27791967089014097
500,802,naive,psi0,-0.09453279535122766,0.23726407228346758
500,802,naive,psi1,0.4945731922213089,0.2624172720476625
500,802,corrected,psi0,1.087023833613033,0.2733632883070327
500,802,corrected,psi1,1.1306776935449574,0.3127576895226917
500,803,naive,psi0,-0.10365447535051583,0.252775052509023
500,803,naive,psi1,-0.1524657777833774,0.23547004472704544
500,803,corrected,psi0,1.2773675191731881,0.2944094634067326
500,803,corrected,psi1,0.19989043636773723,0.2777883090387662
500,804,naive,psi0,0.1941875014457549,0.2754769757471248
500,804,naive,psi1,-0.09252029928697454,0.30162702293604204
500,804,corrected,psi0,1.4920379481771737,0.31905461587394585
500,804,corrected,psi1,0.35258720987946873,0.3426722291989826
500,805,naive,psi0,-0.3225328653145035,0.21349187311350437
500,805,naive,psi1,0.11994640469708283,0.19292372567770136
500,805,corrected,psi0,0.9845082842338722,0.25127702484603875
500,805,corrected,psi1,0.586061293593646,0.23302629615390377
500,806,naive,psi0,-0.09337647445294617,0.23796316387398067
500,806,naive,psi1,0.325220982490065,0.26347788349884704
500,806,corrected,psi0,1.2120222844180533,0.2750557834569136
500,806,corrected,psi1,0.8387520069408871,0.3018669446024279
500,807,naive,psi0,-0.09742984864994088,0.23717455830627418
500,807,naive,psi1,-0.3341620941384708,0.2548147981791354
500,807,corrected,psi0,1.3006304946225251,0.277296615602462
500,807,corrected,psi1,0.02927846127916924,0.29203233234177967
500,808,naive,psi0,-0.44777988633060134,0.23767560005270819
500,808,naive,psi1,-0.014276205184136727,0.262388132941698
500,808,corrected,psi0,0.7936192762050001,0.2754501470539303
500,808,corrected,psi1,0.5536457227544229,0.29713812267773887
500,809,naive,psi0,-0.36165787373456826,0.260335543160312
500,809,naive,psi1,0.2900202070309473,0.31229767244100076
500,809,corrected,psi0,0.7363776399804048,0.3056200084993152
500,809,corrected,psi1,0.8763794811778675,0.3706548038864784
500,810,naive,psi0,-0.4875594216515777,0.23862134966596737
500,810,naive,psi1,0.5770240392495839,0.23247020564946583
500,810,corrected,psi0,0.7898560931762965,0.2768483281515911
500,810,corrected,psi1,1.0671846067305744,0.2639235910953913
500,811,naive,psi0,-0.37159350221066073,0.24581762603003776
500,811,naive,psi1,0.22116472045355823,0.26500607318234026
500,811,corrected,psi0,0.779683460513568,0.2883906774017357
500,811,corrected,psi1,0.6866676093634123,0.30272821248950205
500,812,naive,psi0,-0.28249339319382094,0.25989235799071736
500,812,naive,psi1,-0.43152063563988236,0.26917794123822425
500,812,corrected,psi0,1.0022329361569327,0.29852820959595255
500,812,corrected,psi1,0.033338194326928715,0.30725478048765875
500,813,naive,psi0,-0.14956399759181477,0.2537113171662921
500,813,naive,psi1,0.0885675671910008,0.29220161076430967
500,813,corrected,psi0,1.1322529590243386,0.29613588768399896
500,813,corrected,psi1,0.607478752046523,0.335040888121168
500,814,naive,psi0,-0.1935974518764126,0.25806526072097247
500,814,naive,psi1,-0.3526528045810543,0.24065223394792531
500,814,corrected,psi0,1.139789837589539,0.3013385389927541
500,814,corrected,psi1,0.11520037265231603,0.28049191359309367
500,815,naive,psi0,-0.28554874966671445,0.24433034697555445
500,815,naive,psi1,-0.13187888406325224,0.2682486322519608
500,815,corrected,psi0,0.9705416944859756,0.28692803405307193
500,815,corrected,psi1,0.3273207817670133,0.31632751500670664
500,816,naive,psi0,-0.2576790486424654,0.27018556750776834
500,816,naive,psi1,-0.10920555791462282,0.29156982861713615
500,816,corrected,psi0,1.0516173417858037,0.3066635019055634
500,816,corrected,psi1,0.34872750920487766,0.3291007360103267
500,817,naive,psi0,-0.7160548783792255,0.24903445225061113
500,817,naive,psi1,-0.1720754952310022,0.2663206138612574
500,817,corrected,psi0,0.5264607972579397,0.2877339844517797
500,817,corrected,psi1,0.33405309877713707,0.31027873264397376
500,818,naive,psi0,-0.8058628462118262,0.26140032225865006
500,818,naive,psi1,0.2383282008636785,0.30093626387572814
500,818,corrected,psi0,0.328012825405415,0.3184081898805834
500,818,corrected,psi1,0.9458189453786443,0.4310107978552494
500,819,naive,psi0,-0.7275136433425456,0.25006357898371884
500,819,naive,psi1,0.17897838731190713,0.24941531769326705
500,819,corrected,psi0,0.47400805116562084,0.293671607684534
500,819,corrected,psi1,0.6164886342507351,0.28119303182468186
500,820,naive,psi0,-0.21898209055497703,0.2759993726007776
500,820,naive,psi1,-0.10111540579561205,0.311698931152132
500,820,corrected,psi0,1.2157517497247414,0.32037644964510686
500,820,corrected,psi1,0.2684623832732453,0.3663376211925922
500,821,naive,psi0,-0.21377675131068616,0.26146897526200685
500,821,naive,psi1,0.181353475940913,0.3100623137471872
500,821,corrected,psi0,1.1383235684134283,0.3069302318513849
500,821,corrected,psi1,0.697614627728227,0.35391460364494054
500,822,naive,psi0,-0.4408231578374371,0.2559120157304067
500,822,naive,psi1,-0.49997848427024,0.24955860964705223
500,822,corrected,psi0,0.8296031471676785,0.2900782240262217
500,822,corrected,psi1,-0.06636384479713713,0.28382633743010843
500,823,naive,psi0,-0.14670416565879982,0.27374281870713185
500,823,naive,psi1,-0.6343518430387085,0.2599537855089915
500,823,corrected,psi0,1.0726564495082276,0.318885108491345
500,823,corrected,psi1,-0.25507487324307454,0.30758039891426914
500,824,naive,psi0,-0.42038143381506343,0.23702421835441945
500,824,naive,psi1,0.14575491432400367,0.24801955944149986
500,824,corrected,psi0,0.8150341468277716,0.2762327645932338
500,824,corrected,psi1,0.6522011087971027,0.295025275881372
500,825,naive,psi0,0.3690507953025804,0.24448593883494238
500,825,naive,psi1,-0.5605593991235384,0.29211382594984614
500,825,corrected,psi0,1.6614588393346394,0.28578084572763984
500,825,corrected,psi1,-0.1793793422669041,0.3522328657811194
500,826,naive,psi0,-0.5522839876929064,0.254717842612585
500,826,naive,psi1,-0.20417507466812176,0.25351849442236457
500,826,corrected,psi0,0.6982406477050574,0.29344457834049203
500,826,corrected,psi1,0.3141371766990105,0.28536003656684045
500,827,naive,psi0,-0.27298881829952465,0.2353791827449396
500,827,naive,psi1,-0.01739185174621293,0.22194480506390246
500,827,corrected,psi0,0.9712515945854413,0.2753555923755646
500,827,corrected,psi1,0.461876493444211,0.26116913336091535
500,828,naive,psi0,-0.43877435119053576,0.25811000480483653
500,828,naive,psi1,-0.6480945563902757,0.24268450864201874
500,828,corrected,psi0,0.7194779216180299,0.3007773439705395
500,828,corrected,psi1,-0.27477508916375526,0.28187020837633237
500,829,naive,psi0,-0.6946666129717902,0.2737728202117578
500,829,naive,psi1,-0.017804434925771696,0.2849968181105274
500,829,corrected,psi0,0.4790062302972774,0.31379982340612705
500,829,corrected,psi1,0.48334932249512885,0.32697496093670003
500,830,naive,psi0,-0.7733760978383583,0.25086573673352414
500,830,naive,psi1,-0.03715080438427797,0.23574017513474585
500,830,corrected,psi0,0.38882672211094466,0.2905100622517004
500,830,corrected,psi1,0.4099137662397602,0.2685111476781992
500,831,naive,psi0,-0.4238648955706543,0.23280993404614858
500,831,naive,psi1,-0.06466699421814569,0.271125643481442
500,831,corrected,psi0,0.9955754448755213,0.2716093803996817
500,831,corrected,psi1,0.3544205048558036,0.3135893557614435
500,832,naive,psi0,-0.11995046859597464,0.2587113143594576
500,832,naive,psi1,0.0925355003998631,0.2641976816865471
500,832,corrected,psi0,1.0459035654625988,0.3099482970677336
500,832,corrected,psi1,0.6069160964141262,0.32581890017093923
500,833,naive,psi0,-0.5566937145583646,0.2502620610939301
500,833,naive,psi1,0.10789989069383936,0.2820458371564581
500,833,corrected,psi0,0.7006628302968592,0.2944116380812866
500,833,corrected,psi1,0.6146183306938523,0.32597070817283985
500,834,naive,psi0,-0.04440795466715266,0.23840319608517385
500,834,naive,psi1,0.002063315386787194,0.2564956141530946
500,834,corrected,psi0,1.3306860562267995,0.27714103171573407
500,834,corrected,psi1,0.49752888027480885,0.2974477643766386
500,835,naive,psi0,-0.33576799561606546,0.25200808508070643
500,835,naive,psi1,-0.45183717640403376,0.2687990218608107
500,835,corrected,psi0,0.9140114563710435,0.29427498113221146
500,835,corrected,psi1,0.07860235465163273,0.311306566494842
500,836,naive,psi0,-0.25899846263745596,0.2833571753906696
500,836,naive,psi1,-0.15581886078369442,0.28213245025727096
500,836,corrected,psi0,1.0276863064344042,0.3277582957775447
500,836,corrected,psi1,0.4507512201754128,0.3295578701865764
500,837,naive,psi0,-0.17977062777545155,0.23775168412757006
500,837,naive,psi1,0.3000017196318887,0.26137328559082035
500,837,corrected,psi0,1.069404715836576,0.27416855021543285
500,837,corrected,psi1,0.9435817695675774,0.30247816806260247
500,838,naive,psi0,-0.24812044317897514,0.23806552697430644
500,838,naive,psi1,0.540012460935606,0.2778176870052384
500,838,corrected,psi0,1.007829111478217,0.274396397675788
500,838,corrected,psi1,1.0021531947785525,0.3166946518990118
500,839,naive,psi0,-0.2738802497540279,0.2711114297942384
500,839,naive,psi1,-0.13400342941768842,0.2784066350993135
500,839,corrected,psi0,0.9796137432269525,0.3228384638488077
500,839,corrected,psi1,0.34910423697229664,0.330311540329284
500,840,naive,psi0,0.39574067306369387,0.2545144449198646
500,840,naive,psi1,0.3690155511284962,0.26426459089884236
500,840,corrected,psi0,1.6272986867290955,0.2968224312947717
500,840,corrected,psi1,0.9944686963926445,0.2973350960595946
500,841,naive,psi0,0.18235016627977804,0.23695447877008316
500,841,naive,psi1,0.07054194272709388,0.24408874830800903
500,841,corrected,psi0,1.5099331578476214,0.2754098714177589
500,841,corrected,psi1,0.5672476753520415,0.2844134996023356
500,842,naive,psi0,-0.4622474832773792,0.27657842056830667
500,842,naive,psi1,-0.1623311022111462,0.27971339003515877
500,842,corrected,psi0,0.8317218730589071,0.32616626918554587
500,842,corrected,psi1,0.31982717244559694,0.323006962165185
500,843,naive,psi0,-0.07538855433165689,0.27022287542175516
500,843,naive,psi1,0.40038695392630536,0.26995814463851675
500,843,corrected,psi0,1.2207841462836515,0.31729516402614216
500,843,corrected,psi1,0.9077514515632271,0.3180183177299549
500,844,naive,psi0,-0.14335304947702995,0.2515642498341276
500,844,naive,psi1,-0.29300892979272447,0.2731909939677547
500,844,corrected,psi0,1.031239735667727,0.290014484702248
500,844,corrected,psi1,0.24457869809948682,0.31371164859438555
500,845,naive,psi0,-0.2978733075242967,0.23368562901660372
500,845,naive,psi1,0.17008424099412953,0.2272211632651797
500,845,corrected,psi0,0.9804838943319572,0.2710822076319593
500,845,corrected,psi1,0.6016234269048746,0.2627768956504086
500,846,naive,psi0,-0.6088030155989097,0.27031818533122115
500,846,naive,psi1,-0.060171467402159326,0.2847389737516034
500,846,corrected,psi0,0.6608128803771691,0.31501164268052056
500,846,corrected,psi1,0.5067341847642715,0.3425591264112994
500,847,naive,psi0,-0.6414295655278378,0.2644051077053477
500,847,naive,psi1,-0.3010953116961557,0.29385735596438944
500,847,corrected,psi0,0.5792729927938531,0.30980504276507514
500,847,corrected,psi1,0.11155200824748988,0.34712638626536146
500,848,naive,psi0,-0.3596630076724978,0.2644791505894548
500,848,naive,psi1,0.23197017944467307,0.2735954235427458
500,848,corrected,psi0,0.8218378660138812,0.305182212604891
500,848,corrected,psi1,0.8372841028219151,0.32412464615384745
500,849,naive,psi0,-0.17246606096843167,0.26393171756364564
500,849,naive,psi1,-0.1971963800856465,0.2885056840515018
500,849,corrected,psi0,1.0477751426359543,0.30746096769468245
500,849,corrected,psi1,0.18673174748961804,0.3290765843261218
500,850,naive,psi0,-0.367543777409885,0.27414944468766766
500,850,naive,psi1,-0.29243911397406913,0.31329958070855435
500,850,corrected,psi0,0.9107359861917725,0.3131087287952407
500,850,corrected,psi1,0.269429234194729,0.3644186914641325
500,851,naive,psi0,-1.144697745106075,0.2699904077855846
500,851,naive,psi1,0.4044570218247804,0.3046176485643201
500,851,corrected,psi0,-0.07709561912912466,0.31580906066765696
500,851,corrected,psi1,0.9242665928871319,0.35456561531254904
500,852,naive,psi0,-0.25431918093873024,0.25930732202696033
500,852,naive,psi1,0.43226356821600664,0.2946490172963457
500,852,corrected,psi0,1.0496586499529599,0.30335909066967104
500,852,corrected,psi1,1.066331307303537,0.3481704405519904
500,853,naive,psi0,0.01933719447298753,0.2369506621599955
500,853,naive,psi1,-0.22507064426269277,0.23893952846660813
500,853,corrected,psi0,1.419177834141485,0.2834923173391104
500,853,corrected,psi1,0.23767050199231965,0.28845882662593986
500,854,naive,psi0,-0.6703967436014219,0.24944841565488435
500,854,naive,psi1,0.6813492197726503,0.21756007451629908
500,854,corrected,psi0,0.7158178041419031,0.29755607825262936
500,854,corrected,psi1,1.1018276868480446,0.2580680268342642
500,855,naive,psi0,-0.27298451826798975,0.24016341673128808
500,855,naive,psi1,-0.04115562894346398,0.20040270254715203
500,855,corrected,psi0,1.0664249010565086,0.27919839988025164
500,855,corrected,psi1,0.3907408291987746,0.22573534960994351
500,856,naive,psi0,-0.840864512374264,0.24684067513964897
500,856,naive,psi1,-0.13405777180814266,0.2741420457510989
500,856,corrected,psi0,0.4092566244829874,0.28719063503521797
500,856,corrected,psi1,0.36245179581340936,0.3095322493221667
500,857,naive,psi0,-0.36120173401583033,0.21222839197362
500,857,naive,psi1,-0.012098907870489253,0.2027644034191643
500,857,corrected,psi0,0.7547237747095678,0.24901615901803176
500,857,corrected,psi1,0.5866176655017639,0.2645901840254124
500,858,naive,psi0,0.04195810986690577,0.2901851279553023
500,858,naive,psi1,-0.191581253433386,0.3356003247316369
500,858,corrected,psi0,1.36553749650872,0.3289463299111215
500,858,corrected,psi1,0.25574807792076487,0.3749253463713478
500,859,naive,psi0,0.004715904181903327,0.2802644216453327
500,859,naive,psi1,0.031972328747788485,0.2945159483810295
500,859,corrected,psi0,1.4492660149477166,0.32246333454372816
500,859,corrected,psi1,0.5056882261267331,0.3357958387509
500,860,naive,psi0,-0.12500733865558253,0.23716662752008927
500,860,naive,psi1,0.1650899489704276,0.29199580458945
500,860,corrected,psi0,1.2492331948560877,0.27140666412645004
500,860,corrected,psi1,0.5889220912638864,0.32687091696943393
500,861,naive,psi0,-0.09130386743805369,0.24735054903125198
500,861,naive,psi1,-0.35537926518611535,0.22891287577781377
500,861,corrected,psi0,1.229462836125251,0.28528623172963363
500,861,corrected,psi1,0.07889187117555631,0.267268677871687
500,862,naive,psi0,-0.1382073450543772,0.2552391694327729
500,862,naive,psi1,-0.3196879547541887,0.30606230871971685
500,862,corrected,psi0,1.1527869844945813,0.2946845331003557
500,862,corrected,psi1,-0.015747514310156425,0.3664955585907689
500,863,naive,psi0,-0.2597260000123907,0.2591423450463349
500,863,naive,psi1,0.09020537339740368,0.30691391190342987
500,863,corrected,psi0,0.9869747590456374,0.30649969753741646
500,863,corrected,psi1,0.6091274894835308,0.36802689634465424
500,864,naive,psi0,-0.6617625123045449,0.2566659937454753
500,864,naive,psi1,0.007044383631310915,0.23308824049818952
500,864,corrected,psi0,0.6235335811994664,0.3000597082874845
500,864,corrected,psi1,0.5605619281703333,0.2824225524183176
500,865,naive,psi0,-0.1603039237532845,0.24018395212007637
500,865,naive,psi1,-0.4218928018316312,0.28961812265586134
500,865,corrected,psi0,1.0435578525643712,0.28076360367971404
500,865,corrected,psi1,0.006910796159409054,0.3376280572664326
500,866,naive,psi0,-0.034516291408418574,0.26812790258234537
500,866,naive,psi1,0.08042088478123288,0.29644543882762764
500,866,corrected,psi0,1.2265933216864888,0.3123741554237636
500,866,corrected,psi1,0.6519408647117353,0.33831168565307235
500,867,naive,psi0,-0.48299412854992074,0.2725851335889844
500,867,naive,psi1,-0.14932821689713824,0.3067875240254155
500,867,corrected,psi0,0.7205522889231322,0.3152720634312474
500,867,corrected,psi1,0.30884257426418704,0.3440517208077623
500,868,naive,psi0,-0.13386202032083305,0.26018644738434493
500,868,naive,psi1,0.969719376282732,0.24874334523460628
500,868,corrected,psi0,1.0208792817079195,0.2957702685572607
500,868,corrected,psi1,1.6782998612413753,0.28406361894710064
500,869,naive,psi0,0.07420542551668707,0.24334128771965366
500,869,naive,psi1,-0.07576085774745676,0.23270593129340744
500,869,corrected,psi0,1.428029680795371,0.2818750682512059
500,869,corrected,psi1,0.52141575785274,0.27183535756467553
500,870,naive,psi0,-0.12085852225668034,0.2494804684527548
500,870,naive,psi1,-0.0877399434402892,0.27361543155214757
500,870,corrected,psi0,1.1643110771795107,0.289057553814149
500,870,corrected,psi1,0.3671661999641513,0.3196724408323609
500,871,naive,psi0,0.10459551321601554,0.25165539463310155
500,871,naive,psi1,-0.2188380887303273,0.2860151958764217
500,871,corrected,psi0,1.3407881627258045,0.2915413389003961
500,871,corrected,psi1,0.339983339599097,0.3209105027130752
500,872,naive,psi0,-0.514965209322069,0.2724712230717677
500,872,naive,psi1,-0.575287465997246,0.2895526137346982
500,872,corrected,psi0,0.7549845151207331,0.31390544643021484
500,872,corrected,psi1,-0.10812060043293323,0.33035189400027803
500,873,naive,psi0,-0.9598814301350163,0.27431664894694424
500,873,naive,psi1,-0.04487565544993641,0.2278242582085745
500,873,corrected,psi0,0.20550001553163463,0.3231921172708687
500,873,corrected,psi1,0.44020518093727606,0.27284326257833896
500,874,naive,psi0,-0.4339275011898762,0.23944487360871047
500,874,naive,psi1,-0.20268008223602493,0.22518029003969095
500,874,corrected,psi0,0.751021487154173,0.27378667963494346
500,874,corrected,psi1,0.3342559171849152,0.26209133793173284
500,875,naive,psi0,-0.0571513488595681,0.28546753903037125
500,875,naive,psi1,-0.18206171151750355,0.31075428103913816
500,875,corrected,psi0,1.3106701030505346,0.33388896053795564
500,875,corrected,psi1,0.4340405754919697,0.3560030160147672
500,876,naive,psi0,-0.37241623801985435,0.25573763501228336
500,876,naive,psi1,-0.4452097620610864,0.27590463148009886
500,876,corrected,psi0,0.8594343407627069,0.29829630842992605
500,876,corrected,psi1,-0.03510828626498362,0.3243278790962887
500,877,naive,psi0,-0.3011413845376674,0.22770797453037372
500,877,naive,psi1,0.4675347058207583,0.2931964984409311
500,877,corrected,psi0,0.9748349422544453,0.26572805283804324
500,877,corrected,psi1,0.9438041382860284,0.3365998951324703
500,878,naive,psi0,-0.3130266200196181,0.2453235040648541
500,878,naive,psi1,-0.09697700643314322,0.2694454115942
500,878,corrected,psi0,1.000703224878322,0.2874605556980995
500,878,corrected,psi1,0.3188785462019062,0.3139087521852274
500,879,naive,psi0,-0.10601114853898441,0.27316944822379075
500,879,naive,psi1,-0.6941663332156555,0.29090370639564833
500,879,corrected,psi0,1.240154874704139,0.3171455275734486
500,879,corrected,psi1,-0.2990618407144652,0.33985123483878976
500,880,naive,psi0,-0.12167863818061757,0.2423550658725177
500,880,naive,psi1,-0.1680334743510655,0.21619188592675392
500,880,corrected,psi0,1.120663105827648,0.2833003240509273
500,880,corrected,psi1,0.27386155591882716,0.25548449000234974
500,881,naive,psi0,-0.30908966816510774,0.23385052055004193
500,881,naive,psi1,0.011373647026377007,0.2571750530226526
500,881,corrected,psi0,0.9324027661980655,0.27041740878497783
500,881,corrected,psi1,0.39064932361147925,0.29702978929455603
500,882,naive,psi0,-0.07037923720797878,0.24980383146888663
500,882,naive,psi1,-0.28025722082639865,0.21093192428521332
500,882,corrected,psi0,1.2725314947051412,0.28630273222263686
500,882,corrected,psi1,0.15192873698832188,0.2421237193850614
500,883,naive,psi0,-0.8682482001572602,0.28444934461070265
500,883,naive,psi1,0.1309178034129798,0.2877935397344224
500,883,corrected,psi0,0.38479573538738354,0.3293097682277293
500,883,corrected,psi1,0.5348311051863254,0.34003540576217156
500,884,naive,psi0,-0.16857406952707452,0.2514531805049105
500,884,naive,psi1,0.24535447847311997,0.2516252478480934
500,884,corrected,psi0,1.0651772292342805,0.28815480164186863
500,884,corrected,psi1,0.7151785386177919,0.2856395654490194
500,885,naive,psi0,-0.17191244069751271,0.25843534607550606
500,885,naive,psi1,0.5484308690790801,0.28973136826811147
500,885,corrected,psi0,1.1871275809475992,0.2976135916052853
500,885,corrected,psi1,1.0341105845275758,0.3386292278972674
500,886,naive,psi0,-0.06958183339628597,0.24601385280333346
500,886,naive,psi1,-0.17811082819642843,0.289494699991401
500,886,corrected,psi0,1.1275825416651843,0.2868442704882032
500,886,corrected,psi1,0.3021428478627872,0.3368500937765254
500,887,naive,psi0,-0.1353038844918733,0.2503721821653967
500,887,naive,psi1,0.026750445369245278,0.2784879938242326
500,887,corrected,psi0,1.1959797193022907,0.29325465148285973
500,887,corrected,psi1,0.5610716276026299,0.3271504768210106
500,888,naive,psi0,-0.19798029078749513,0.2730466060047486
500,888,naive,psi1,-0.18396558651527914,0.3105817894356448
500,888,corrected,psi0,1.2013055226088902,0.31741601676988024
500,888,corrected,psi1,0.3025763216728071,0.3595705032432329
500,889,naive,psi0,-0.6162567797323498,0.28047035000511744
500,889,naive,psi1,-0.07982719699870638,0.29532773522561884
500,889,corrected,psi0,0.5889780858868638,0.3227063988474071
500,889,corrected,psi1,0.493556214685069,0.33557970976807167
500,890,naive,psi0,-0.5314008855054656,0.26189849312562336
500,890,naive,psi1,-0.2954571851463606,0.28707321336477487
500,890,corrected,psi0,0.7937113185770905,0.2993214518704382
500,890,corrected,psi1,0.02964857606256804,0.33306833717504847
500,891,naive,psi0,-0.16567296580381954,0.2516447789309632
500,891,naive,psi1,0.059322399051098505,0.3103485549930472
500,891,corrected,psi0,1.1229214027667551,0.2970427701316098
500,891,corrected,psi1,0.703306319761791,0.36188766528399857
500,892,naive,psi0,-0.2686051860821932,0.23820920743421492
500,892,naive,psi1,-0.3495831767968597,0.22533827745415744
500,892,corrected,psi0,0.8943512260247499,0.27938272609468995
500,892,corrected,psi1,0.0989227888547455,0.26579180611351033
500,893,naive,psi0,-0.35183355737840943,0.24810547839151884
500,893,naive,psi1,-0.4303277804256222,0.29286516980996546
500,893,corrected,psi0,0.9134156944603781,0.285429442113304
500,893,corrected,psi1,0.08424295340562077,0.3270370771975971
500,894,naive,psi0,-0.30405529045993407,0.28193201192440537
500,894,naive,psi1,-0.010600705845140057,0.2472426286724744
500,894,corrected,psi0,0.9942845215546217,0.32665657134227477
500,894,corrected,psi1,0.5074510277590574,0.29277747869137255
500,895,naive,psi0,-0.9078443974633794,0.281425285724038
500,895,naive,psi1,-0.14908674069507008,0.3573780226234205
500,895,corrected,psi0,0.3957683881977926,0.33312242699468975
500,895,corrected,psi1,0.4703940154300932,0.4283291420023849
500,896,naive,psi0,-0.42852888633495706,0.2641822687443958
500,896,naive,psi1,-0.15584321453500158,0.29919011629839093
500,896,corrected,psi0,0.7498937124914111,0.31393896093505125
500,896,corrected,psi1,0.3203512214418819,0.3533366438479849
500,897,naive,psi0,-0.4200408479728859,0.281682042296834
500,897,naive,psi1,-0.2579717342167806,0.2690472965706728
500,897,corrected,psi0,0.7986619458711599,0.3331472346157585
500,897,corrected,psi1,0.21022238686608213,0.32322520722026127
500,898,naive,psi0,-0.29532858805004003,0.27881555771279604
500,898,naive,psi1,0.05014440106809008,0.33635855568444756
500,898,corrected,psi0,0.9969869341589125,0.32635102259938253
500,898,corrected,psi1,0.6076089868789915,0.3880844070540254
500,899,naive,psi0,-0.3689884026193285,0.250105733998131
500,899,naive,psi1,0.18612855821018107,0.2571365348715659
500,899,corrected,psi0,0.9055011464964969,0.29232798366118595
500,899,corrected,psi1,0.7321578895557005,0.29745172062404557
500,900,naive,psi0,0.013916195805967764,0.2538107241949895
500,900,naive,psi1,0.059485692319903256,0.25768205615785555
500,900,corrected,psi0,1.2955876191194795,0.2955053576101637
500,900,corrected,psi1,0.45595797391250953,0.30708063990166123
500,901,naive,psi0,-0.2919894540200829,0.24884003204091235
500,901,naive,psi1,-0.10271233611221495,0.2493506748984291
500,901,corrected,psi0,0.9495320720215744,0.2991445052712352
500,901,corrected,psi1,0.3536583216707508,0.2928652836400791
500,902,naive,psi0,-0.262160004249804,0.23959857528453102
500,902,naive,psi1,-0.11886012870390693,0.24198245992148693
500,902,corrected,psi0,0.9625783388397626,0.28201177701561697
500,902,corrected,psi1,0.33313981053840014,0.28392359974503284
500,903,naive,psi0,-0.578589602266249,0.26144624532596034
500,903,naive,psi1,0.27616591050066447,0.3142452397237394
500,903,corrected,psi0,0.7432867629060319,0.30812872752911036
500,903,corrected,psi1,0.8369845466541708,0.373352864445612
500,904,naive,psi0,-0.2620012795784082,0.24002249252846672
500,904,naive,psi1,0.11503714098659691,0.24174175446993149
500,904,corrected,psi0,1.0591151935931005,0.279647905599902
500,904,corrected,psi1,0.7519438726973978,0.29651427022260657
500,905,naive,psi0,-0.024603590764692103,0.24950827636027811
500,905,naive,psi1,-0.03638277478525146,0.23270214066941636
500,905,corrected,psi0,1.3071987477914353,0.2891898022126174
500,905,corrected,psi1,0.4057034566686411,0.2667684335028973
500,906,naive,psi0,-0.4812586376754512,0.23522355332671105
500,906,naive,psi1,-0.23016472059381277,0.24926368931296825
500,906,corrected,psi0,0.7964692815756451,0.2728975142786501
500,906,corrected,psi1,0.3052249635603075,0.28961877474902625
500,907,naive,psi0,0.21881659723267596,0.2682652879978788
500,907,naive,psi1,0.22702037292428795,0.29818342282268445
500,907,corrected,psi0,1.5395314710241068,0.30654218335028377
500,907,corrected,psi1,0.7828460270495236,0.3495398105260416
500,908,naive,psi0,0.034803849273025066,0.24502301998477344
500,908,naive,psi1,0.025335493948172538,0.23518826906302343
500,908,corrected,psi0,1.4244191044617274,0.2876837799209734
500,908,corrected,psi1,0.5181313501918753,0.2702690896968915
500,909,naive,psi0,-0.20333693525688237,0.25183359969221764
500,909,naive,psi1,-0.19725884953772874,0.267739832375967
500,909,corrected,psi0,1.0896398192051038,0.2900021444213135
500,909,corrected,psi1,0.27889298700594467,0.3132960776349741
500,910,naive,psi0,-0.15786894192546608,0.27402710560761606
500,910,naive,psi1,-0.2887708978514599,0.2647888878774685
500,910,corrected,psi0,1.1457375579173354,0.3200573591448872
500,910,corrected,psi1,0.21724387997155375,0.30830367783425083
500,911,naive,psi0,-0.42320663246159607,0.26557189847592655
500,911,naive,psi1,-0.293262130494496,0.2700666881154036
500,911,corrected,psi0,0.8295702382417272,0.3065247977330723
500,911,corrected,psi1,0.15989062722747485,0.3110446669213577
500,912,naive,psi0,-0.22816904001378674,0.2482540185232085
500,912,naive,psi1,-0.1378597028248061,0.27367062481590404
500,912,corrected,psi0,0.9811059213165363,0.29180367745300384
500,912,corrected,psi1,0.3989292925720351,0.3281973190522182
500,913,naive,psi0,0.0671394328351378,0.25365002596979436
500,913,naive,psi1,-0.07159138896481952,0.2842165513329341
500,913,corrected,psi0,1.3995303646471662,0.29709565138914656
500,913,corrected,psi1,0.5681041679726101,0.34408750943448235
500,914,naive,psi0,-0.45592930977585283,0.2527673710569543
500,914,naive,psi1,-0.32494410863503187,0.25045564754113286
500,914,corrected,psi0,0.7929854941651382,0.29392459083931494
500,914,corrected,psi1,0.2351239486483324,0.3053451870347595
500,915,naive,psi0,-0.7192087583612194,0.25384524736638936
500,915,naive,psi1,0.04849497971612963,0.25004939671637777
500,915,corrected,psi0,0.5458009629184665,0.2944290022698564
500,915,corrected,psi1,0.5611890576673633,0.2947928095515574
500,916,naive,psi0,-0.2805572239663928,0.243911936553296
500,916,naive,psi1,0.15996576503594073,0.26023873207061393
500,916,corrected,psi0,0.948366518107573,0.28164758792134736
500,916,corrected,psi1,0.7259859366066339,0.3059343961919835
500,917,naive,psi0,-0.7693859390182702,0.2568707537139051
500,917,naive,psi1,-0.5129638997171356,0.27816092987150914
500,917,corrected,psi0,0.3516262578453025,0.29543320664903977
500,917,corrected,psi1,-0.04343665029044407,0.3218140525367379
500,918,naive,psi0,0.11600748124731743,0.2563838479329034
500,918,naive,psi1,-0.023268307649361386,0.24064280672463312
500,918,corrected,psi0,1.4878299817082334,0.2999024221885746
500,918,corrected,psi1,0.5999213851108108,0.2824511346020061
500,919,naive,psi0,-0.3019805441112836,0.27491546305406334
500,919,naive,psi1,0.3978839226382769,0.2689326973329709
500,919,corrected,psi0,0.9976328928723271,0.31411662118305994
500,919,corrected,psi1,1.0617939359232318,0.30932075402005926
500,920,naive,psi0,-0.2465578070719944,0.2686262078801879
500,920,naive,psi1,0.36248347977717826,0.29040091841845783
500,920,corrected,psi0,1.0987587032957657,0.31398462063083377
500,920,corrected,psi1,0.9655330191154777,0.3354907074535848
500,921,naive,psi0,-0.544792036021082,0.2523571930453122
500,921,naive,psi1,-0.2767338986545741,0.2677285767322297
500,921,corrected,psi0,0.6440925828177456,0.29738533399100103
500,921,corrected,psi1,0.20832614531318838,0.3008559495816881
500,922,naive,psi0,-0.6472245601459076,0.26696179037427764
500,922,naive,psi1,-0.3850938458768165,0.3230446687307548
500,922,corrected,psi0,0.4055011528443736,0.30650518109760844
500,922,corrected,psi1,0.17669037889244388,0.36797043397153467
500,923,naive,psi0,-0.4970536682448724,0.26780432594845255
500,923,naive,psi1,-0.18121710621290835,0.25023975997050163
500,923,corrected,psi0,0.7997285717343502,0.30863268629796337
500,923,corrected,psi1,0.2865351532623803,0.2869363114425009
500,924,naive,psi0,-0.14675269805350805,0.26325082634636315
500,924,naive,psi1,0.1060904633494677,0.2450783065551041
500,924,corrected,psi0,1.1462037380537642,0.31155683617064844
500,924,corrected,psi1,0.6605754651963427,0.3173178937455224
500,925,naive,psi0,-0.25820986152270736,0.24791901973883856
500,925,naive,psi1,0.004685823182684771,0.2527207489391766
500,925,corrected,psi0,0.9910981017635491,0.2883483896054778
500,925,corrected,psi1,0.5121751357769012,0.29509488136692535
500,926,naive,psi0,0.35629566155613407,0.2506376463668233
500,926,naive,psi1,-0.06780845763006584,0.2802726146322402
500,926,corrected,psi0,1.7992100469475476,0.2936230921951488
500,926,corrected,psi1,0.5085512385386071,0.325117526734764
500,927,naive,psi0,-0.5275319797589878,0.2520342454609675
500,927,naive,psi1,0.09256818490801005,0.30347335023431127
500,927,corrected,psi0,0.8151108106069199,0.2956949179049538
500,927,corrected,psi1,0.5041478080711939,0.35918978537727536
500,928,naive,psi0,-0.1991296754356949,0.25897703663616345
500,928,naive,psi1,-0.273537588931502,0.3352521105429653
500,928,corrected,psi0,1.099273305116692,0.2997114922345599
500,928,corrected,psi1,0.18336089602730637,0.38307665159120663
500,929,naive,psi0,-0.9377469032593134,0.25225967093533336
500,929,naive,psi1,0.14739742681944037,0.2629305942304673
500,929,corrected,psi0,0.32139535532481645,0.29118378964878117
500,929,corrected,psi1,0.6136453972932728,0.3018665613572262
500,930,naive,psi0,-0.2675443606058619,0.282216195067722
500,930,naive,psi1,0.0884114033340654,0.32045216902269774
500,930,corrected,psi0,0.9542766793505879,0.32535273870316
500,930,corrected,psi1,0.5639102252944361,0.3724084826428595
500,931,naive,psi0,0.015532684167972658,0.25154527267616184
500,931,naive,psi1,0.039948227831556694,0.25107365999960785
500,931,corrected,psi0,1.337698418794459,0.2900206110226367
500,931,corrected,psi1,0.5862205299850808,0.28430582117272385
500,932,naive,psi0,-0.16886492253322274,0.23076889895209834
500,932,naive,psi1,0.42140795365602585,0.23844646968836897
500,932,corrected,psi0,1.2033642842286065,0.27270677797523424
500,932,corrected,psi1,0.9468428995384092,0.3185469941434496
500,933,naive,psi0,-0.2594284750738966,0.24581302107910488
500,933,naive,psi1,0.18220367877304228,0.2728112904937815
500,933,corrected,psi0,1.018644445385847,0.28958164313999213
500,933,corrected,psi1,0.6986657687369413,0.3147485175157185
500,934,naive,psi0,-0.42397718306433296,0.2359963396879603
500,934,naive,psi1,0.2051722874727083,0.26863657058508766
500,934,corrected,psi0,0.9085684499159572,0.27278158381334444
500,934,corrected,psi1,0.7492820348078884,0.3048336227030949
500,935,naive,psi0,-0.3426188424277865,0.27003381672655186
500,935,naive,psi1,-0.17873680966430117,0.29238054830198396
500,935,corrected,psi0,0.8680386438899291,0.3133905379143471
500,935,corrected,psi1,0.2688501729246344,0.3435955798295658
500,936,naive,psi0,-0.34819302544598524,0.24328530220267128
500,936,naive,psi1,0.1757143513812388,0.2784340324919193
500,936,corrected,psi0,0.9154311535992199,0.27955862571082835
500,936,corrected,psi1,0.6609896324211195,0.3175684857060643
500,937,naive,psi0,-0.03320091953329368,0.2631285131167394
500,937,naive,psi1,0.25040174966664575,0.2430397591858402
500,937,corrected,psi0,1.3358374997087636,0.30205486860130476
500,937,corrected,psi1,0.8515522243714077,0.28063826043098555
500,938,naive,psi0,-0.6296009181726199,0.24008686347581593
500,938,naive,psi1,-0.31826179155484235,0.2381857963585907
500,938,corrected,psi0,0.6091218541628449,0.27836635618769495
500,938,corrected,psi1,0.21788765881267422,0.27380290172638105
500,939,naive,psi0,-0.20817698583394068,0.27471856966055347
500,939,naive,psi1,0.6640370056285892,0.3182333887081585
500,939,corrected,psi0,1.0219137828366331,0.32460384599223646
500,939,corrected,psi1,1.28751396139195,0.3690639952309458
500,940,naive,psi0,-0.4718592996540268,0.2691956213643094
500,940,naive,psi1,0.20569374400374713,0.27801785536177553
500,940,corrected,psi0,0.75875493746065,0.3201735236590454
500,940,corrected,psi1,0.7009512654445503,0.344832035257674
500,941,naive,psi0,-0.11729783028988174,0.254137938068344
500,941,naive,psi1,-0.12385226901995736,0.25876447227850374
500,941,corrected,psi0,1.1416420352843155,0.2972567515987611
500,941,corrected,psi1,0.38392474861698606,0.3001926674196165
500,942,naive,psi0,0.10459556664667205,0.2351042706758476
500,942,naive,psi1,0.3778987697675911,0.23725604068500816
500,942,corrected,psi0,1.4674751212917567,0.2759081018621901
500,942,corrected,psi1,0.8793501721642604,0.27638357285584086
500,943,naive,psi0,-0.11038715910417908,0.27436775005702935
500,943,naive,psi1,0.21410880181488087,0.30692570347902776
500,943,corrected,psi0,1.1846821790304507,0.3169069933713976
500,943,corrected,psi1,0.6861108801514438,0.3548529722206096
500,944,naive,psi0,-0.4501056070751646,0.25278994373521557
500,944,naive,psi1,0.24379525172935795,0.2743687611140882
500,944,corrected,psi0,0.8163332921002646,0.3024229124606408
500,944,corrected,psi1,0.868474892069137,0.3441881663103661
500,945,naive,psi0,-0.6537501006004316,0.25006774921550706
500,945,naive,psi1,0.02779012230018341,0.23983928548362748
500,945,corrected,psi0,0.5192464423097107,0.2904350246645368
500,945,corrected,psi1,0.5085119844722944,0.28367555900368574
500,946,naive,psi0,-0.571175593710188,0.24795872471347086
500,946,naive,psi1,0.17458838287203313,0.2678784282764985
500,946,corrected,psi0,0.6697842170503955,0.2924485592700199
500,946,corrected,psi1,0.6589576016948275,0.31314693985386677
500,947,naive,psi0,-0.20358366148917398,0.23563890456053888
500,947,naive,psi1,0.3105374406142964,0.21027520901780852
500,947,corrected,psi0,1.111906325262603,0.2756316988714605
500,947,corrected,psi1,0.9131187050685091,0.24918875624009437
500,948,naive,psi0,0.05278372848652968,0.2535207843231847
500,948,naive,psi1,-0.3022148299241982,0.26302270617964246
500,948,corrected,psi0,1.3748219490285392,0.30099953674951224
500,948,corrected,psi1,0.12997692992468166,0.31104114605873645
500,949,naive,psi0,-0.3421527918228053,0.2545832154846981
500,949,naive,psi1,0.2987777814012533,0.2971575378852694
500,949,corrected,psi0,0.9645511916780991,0.2992870366429744
500,949,corrected,psi1,0.8759627142057225,0.35545840813734714
500,950,naive,psi0,-0.29651975533781877,0.26512682094064927
500,950,naive,psi1,0.20200071041197826,0.27029479885393143
500,950,corrected,psi0,0.9864416174463663,0.3094656566813728
500,950,corrected,psi1,0.7669365881605197,0.3140577868396721
500,951,naive,psi0,-0.2513289457789483,0.279431889195249
500,951,naive,psi1,-0.20135649052626078,0.2625954281445622
500,951,corrected,psi0,1.005509437834565,0.3282308508954509
500,951,corrected,psi1,0.22158556292411058,0.3129260933975412
500,952,naive,psi0,-0.3120902010579126,0.2628284666798489
500,952,naive,psi1,-0.07838182916395083,0.29089964978457206
500,952,corrected,psi0,0.9962765720503984,0.3089804508196847
500,952,corrected,psi1,0.2242493979568989,0.3372253888679601
500,953,naive,psi0,-0.3020537971839109,0.24185100599931297
500,953,naive,psi1,0.266963921579895,0.26155743853309477
500,953,corrected,psi0,1.0326422170833665,0.286777456584246
500,953,corrected,psi1,0.7391006216374909,0.31100495044015647
500,954,naive,psi0,-0.11634207326003398,0.23967933527887822
500,954,naive,psi1,-0.43482912679957136,0.2589138488555941
500,954,corrected,psi0,1.1506067457873264,0.2777802496628861
500,954,corrected,psi1,-0.026727386525400264,0.29917922512199496
500,955,naive,psi0,-0.16018523707818255,0.2689071351784488
500,955,naive,psi1,0.22405261973107635,0.2586851317534941
500,955,corrected,psi0,1.0815422603258478,0.3133289457064975
500,955,corrected,psi1,0.786265802038466,0.29980045329761784
500,956,naive,psi0,-0.2513197530199923,0.2509289296189894
500,956,naive,psi1,-0.32015918289468553,0.27000788004907866
500,956,corrected,psi0,1.160974553360977,0.2906219895231674
500,956,corrected,psi1,0.13441263519071459,0.3096192414868785
500,957,naive,psi0,-0.061582070963298395,0.27757675243632
500,957,naive,psi1,0.22722977489198495,0.29913896106415755
500,957,corrected,psi0,1.1657970646515297,0.32024287261074036
500,957,corrected,psi1,0.5899938647687324,0.341697585050403
500,958,naive,psi0,-0.4150677862283803,0.2658583150639939
500,958,naive,psi1,-0.26203929213293015,0.3139337801405576
500,958,corrected,psi0,0.8322527355629903,0.30958401363906135
500,958,corrected,psi1,0.17592753735520042,0.36253332677866806
500,959,naive,psi0,-0.03608102127422039,0.2738384433418138
500,959,naive,psi1,0.2629339591875847,0.31348119004542174
500,959,corrected,psi0,1.1803278664805514,0.3153958441877966
500,959,corrected,psi1,0.8098971486757693,0.37083623226122026
500,960,naive,psi0,-0.2927788899200031,0.241295042868185
500,960,naive,psi1,-0.16087261418654702,0.25404749144721267
500,960,corrected,psi0,1.0086959170540675,0.2814275857929855
500,960,corrected,psi1,0.23346422885425044,0.3072070857089034
500,961,naive,psi0,-0.09137649683533816,0.24706806060637895
500,961,naive,psi1,0.3962011405844288,0.3017409412620115
500,961,corrected,psi0,1.2621315364898116,0.2825850377260404
500,961,corrected,psi1,0.8990145083492108,0.3423529646905921
500,962,naive,psi0,-0.2744637340193646,0.24959926961313245
500,962,naive,psi1,0.19613605396027087,0.2796786878423323
500,962,corrected,psi0,0.8995283103821128,0.3010183104421926
500,962,corrected,psi1,0.7819570773426102,0.35318396900097637
500,963,naive,psi0,-0.7412922139602982,0.24167482285044628
500,963,naive,psi1,-0.20373244833065873,0.2719131577289179
500,963,corrected,psi0,0.420985596552827,0.2773024023825825
500,963,corrected,psi1,0.2877917731848118,0.3113083897246361
500,964,naive,psi0,-0.07590993767117568,0.2555186974931539
500,964,naive,psi1,0.045399274516734776,0.2865771763618779
500,964,corrected,psi0,1.2541553996242503,0.29520340132776557
500,964,corrected,psi1,0.48525436150543066,0.32306452042557954
500,965,naive,psi0,-0.04594038532937983,0.28637002905530756
500,965,naive,psi1,-0.03050559686922579,0.2952099569014838
500,965,corrected,psi0,1.3065217089587284,0.3412166538019267
500,965,corrected,psi1,0.6113690007124489,0.3609972920407541
500,966,naive,psi0,-0.5006014259327802,0.26286835537906894
500,966,naive,psi1,0.10566852213781686,0.2876030028933507
500,966,corrected,psi0,0.848677641918856,0.3077597722809986
500,966,corrected,psi1,0.7217858477677803,0.3276751907516339
500,967,naive,psi0,-0.47463670808228586,0.2600071446114579
500,967,naive,psi1,0.18192904972025997,0.2885217892833557
500,967,corrected,psi0,0.74301115993226,0.3063108847267758
500,967,corrected,psi1,0.6665092506503487,0.33204098085231915
500,968,naive,psi0,-0.7552867344559293,0.27416283282748327
500,968,naive,psi1,-0.06155464829152574,0.2801295133668098
500,968,corrected,psi0,0.4217844037723253,0.31401383977740865
500,968,corrected,psi1,0.3376800414044528,0.32474743520630234
500,969,naive,psi0,-0.34186964768208067,0.25968302029858364
500,969,naive,psi1,0.03393865752486591,0.2928577191261052
500,969,corrected,psi0,0.9731672013808299,0.30435547520009365
500,969,corrected,psi1,0.5443451490222635,0.3342654886622167
500,970,naive,psi0,-0.8638925016561149,0.28087122272087794
500,970,naive,psi1,-0.35108169164380365,0.3279168706750035
500,970,corrected,psi0,0.3221879979041866,0.31853088194401924
500,970,corrected,psi1,0.12837398670794753,0.3676749463128604
500,971,naive,psi0,-0.6317978772108885,0.25367964354499517
500,971,naive,psi1,0.30718493287859183,0.2649979143266409
500,971,corrected,psi0,0.633553868305475,0.29367821346433465
500,971,corrected,psi1,0.8894153150132768,0.3056409112818838
500,972,naive,psi0,-0.49240948610059887,0.25833443960296304
500,972,naive,psi1,0.0032967304963019365,0.35239191312671
500,972,corrected,psi0,0.7217967074559901,0.30261867514709223
500,972,corrected,psi1,0.5367404559031259,0.406906553353899
500,973,naive,psi0,-0.02912393247973649,0.23953209917596235
500,973,naive,psi1,0.0038559524631048194,0.24032192814944967
500,973,corrected,psi0,1.2634912703739452,0.2791817117202878
500,973,corrected,psi1,0.6263016823968255,0.27966859789658643
500,974,naive,psi0,-0.415699686597381,0.24028179244665337
500,974,naive,psi1,-0.9330016719281418,0.2423581982010451
500,974,corrected,psi0,0.8099548252822176,0.28488830945806193
500,974,corrected,psi1,-0.5918570464028461,0.286058554907231
500,975,naive,psi0,-0.025354998964903838,0.2512744066052226
500,975,naive,psi1,-0.18581418427666677,0.23428901907088232
500,975,corrected,psi0,1.1933279606579046,0.2960048657563143
500,975,corrected,psi1,0.3094709036139263,0.28801205057187984
500,976,naive,psi0,-0.11084506993048919,0.2521618891585636
500,976,naive,psi1,-0.011272581087454294,0.30837128411475906
500,976,corrected,psi0,1.2344180608741855,0.28813206871255714
500,976,corrected,psi1,0.3786095831445738,0.3513252274247391
500,977,naive,psi0,0.07337910760781197,0.23699255216751786
500,977,naive,psi1,0.4888306234629279,0.27116309422752616
500,977,corrected,psi0,1.3230151070681448,0.27368277112879297
500,977,corrected,psi1,0.9803111582885604,0.30595849280134585
500,978,naive,psi0,-0.4890219781986142,0.24950615081691171
500,978,naive,psi1,0.016956715477039412,0.24375032931201568
500,978,corrected,psi0,0.7677729956218432,0.28558545135461927
500,978,corrected,psi1,0.5404136723479153,0.27757110537877916
500,979,naive,psi0,-0.30086047750144734,0.2607767513336559
500,979,naive,psi1,-0.36198090382258097,0.26627940959061475
500,979,corrected,psi0,1.0089224766830123,0.2997658470709291
500,979,corrected,psi1,0.014366995410844068,0.3052207450493037
500,980,naive,psi0,-0.332899763224604,0.2614644011812998
500,980,naive,psi1,-0.07449850983832099,0.26921278304502827
500,980,corrected,psi0,1.0201679070260206,0.3059138985573802
500,980,corrected,psi1,0.34411059307908926,0.3128355188127932
500,981,naive,psi0,0.18088222199570256,0.25220129788131723
500,981,naive,psi1,-0.23197713985697055,0.282423760058829
500,981,corrected,psi0,1.5977689135153497,0.29273684638297826
500,981,corrected,psi1,0.06570965333421751,0.32211782792631705
500,982,naive,psi0,-0.0579461011227013,0.25855639482330783
500,982,naive,psi1,-0.13981941060415654,0.2777356999562434
500,982,corrected,psi0,1.2199754691244113,0.3049591814315368
500,982,corrected,psi1,0.3308052363698226,0.3284713042746402
500,983,naive,psi0,-0.48040588577628274,0.25777800590133426
500,983,naive,psi1,0.09044140293194146,0.2644743109090505
500,983,corrected,psi0,0.8067090494120711,0.30017378352637897
500,983,corrected,psi1,0.598145317410683,0.3035010719023052
500,984,naive,psi0,-0.8657049791919286,0.27995075738120273
500,984,naive,psi1,0.3108014346195368,0.32136040684001205
500,984,corrected,psi0,0.33667498775088933,0.3304813951328778
500,984,corrected,psi1,0.8647263786199213,0.37575090297311997
500,985,naive,psi0,-0.26884199192852587,0.26219975839078613
500,985,naive,psi1,-0.4158508494639221,0.31039356997527434
500,985,corrected,psi0,0.9068030111140803,0.30987598265695565
500,985,corrected,psi1,0.05679153730308668,0.36792871561615986
500,986,naive,psi0,-0.6101606510939044,0.23805003531514604
500,986,naive,psi1,-0.2550520854001542,0.2332222417062324
500,986,corrected,psi0,0.6786233320605541,0.2695507296052265
500,986,corrected,psi1,0.1471959327104537,0.2697410568575664
500,987,naive,psi0,0.7126114335675812,0.27281556283014785
500,987,naive,psi1,-0.0682583116554384,0.2549129774965902
500,987,corrected,psi0,2.152805935749689,0.32058850378575127
500,987,corrected,psi1,0.4215684413450219,0.2985161037808184
500,988,naive,psi0,-0.5502153134717314,0.2948415575693631
500,988,naive,psi1,-0.24403314635226583,0.2937640299218208
500,988,corrected,psi0,0.6391392331579676,0.33975367338841733
500,988,corrected,psi1,0.1784194496549407,0.33702428064234563
500,989,naive,psi0,-0.29769670266434023,0.24453744778111014
500,989,naive,psi1,-0.3123365193979261,0.28802384938016945
500,989,corrected,psi0,0.9317629516176463,0.2883940287225693
500,989,corrected,psi1,0.3176923669640387,0.34541615394637315
500,990,naive,psi0,-0.48417176337192447,0.2857009454881033
500,990,naive,psi1,-0.44352056121523076,0.3664611981780896
500,990,corrected,psi0,0.7032059395993207,0.32820468545838494
500,990,corrected,psi1,-0.03570214040323503,0.41933699045239925
500,991,naive,psi0,-0.2730553446331616,0.24818182474372394
500,991,naive,psi1,-0.022778761681314933,0.21415927092102938
500,991,corrected,psi0,1.044646288136378,0.29220965477628946
500,991,corrected,psi1,0.46616407765941026,0.24881399228233783
500,992,naive,psi0,0.07538024958092834,0.25382851821811625
500,992,naive,psi1,-0.1429926466866012,0.2533277762230369
500,992,corrected,psi0,1.3717854851132059,0.29254346644536305
500,992,corrected,psi1,0.3043144258225875,0.28045284899726836
500,993,naive,psi0,-0.3048162695703938,0.25274461488825695
500,993,naive,psi1,-0.22159010204147933,0.25109145557680906
500,993,corrected,psi0,0.9513697787387204,0.2921940569422217
500,993,corrected,psi1,0.25400108414109923,0.3017945943872026
500,994,naive,psi0,0.06821235514367907,0.27317876835615035
500,994,naive,psi1,0.194778294757821,0.29301970600108235
500,994,corrected,psi0,1.4366676890355319,0.3190407783044107
500,994,corrected,psi1,0.718254265689031,0.3462632946051644
500,995,naive,psi0,-0.39283804748054035,0.271051618551114
500,995,naive,psi1,0.2591631644805834,0.3257067840967589
500,995,corrected,psi0,0.8936602934713745,0.31724664544877185
500,995,corrected,psi1,0.7428008115611716,0.37354004863198936
500,996,naive,psi0,-0.4155185146115025,0.2433115870008072
500,996,naive,psi1,0.38538921806123894,0.28789114631988943
500,996,corrected,psi0,0.8442080460315656,0.2870799627288719
500,996,corrected,psi1,0.9874920942960509,0.3340505932533894
500,997,naive,psi0,-0.5318352304517133,0.2560538895432077
500,997,naive,psi1,0.08849377130090506,0.2546338535615783
500,997,corrected,psi0,0.6902721440339056,0.2976711109410447
500,997,corrected,psi1,0.5501095127643661,0.2934047161022475
500,998,naive,psi0,-0.023795226633073974,0.25361594502542284
500,998,naive,psi1,0.25714991495432205,0.22625097302703467
500,998,corrected,psi0,1.2550921566465558,0.2958540905798114
500,998,corrected,psi1,0.8415558267105576,0.25715401523668674
500,999,naive,psi0,-0.747271955315105,0.26577338187081734
500,999,naive,psi1,-0.2459520808493496,0.27068129438826316
500,999,corrected,psi0,0.49806192726088355,0.30686972609029767
500,999,corrected,psi1,0.15214656832283252,0.30556234093473467
1000,0,naive,psi0,-0.4222981067669436,0.1859888257493426
1000,0,naive,psi1,-0.1595665424462014,0.19779493105842907
1000,0,corrected,psi0,0.8805159365902369,0.21525251727232966
1000,0,corrected,psi1,0.27838378851164425,0.22664793710855224
1000,1,naive,psi0,0.015722088715526567,0.17631589561916147
1000,1,naive,psi1,-0.08161283096560115,0.19805079601937214
1000,1,corrected,psi0,1.2951957886214667,0.20668112877657233
1000,1,corrected,psi1,0.40789030621862793,0.2262213910373181
1000,2,naive,psi0,0.06040691555577525,0.17725309999796676
1000,2,naive,psi1,-0.09182492646770139,0.1792486486814342
1000,2,corrected,psi0,1.3638611699273195,0.2056421850596937
1000,2,corrected,psi1,0.40037754043855367,0.20597417497299522
1000,3,naive,psi0,-0.06351851085109858,0.20107220973954554
1000,3,naive,psi1,-0.04924053477146805,0.19901113601590464
1000,3,corrected,psi0,1.1851863262648836,0.23424522618944715
1000,3,corrected,psi1,0.5096153882726627,0.234191343494039
1000,4,naive,psi0,-0.3333766311048422,0.19232677600368156
1000,4,naive,psi1,-0.14288898237051806,0.22175980361851477
1000,4,corrected,psi0,0.8474990791202233,0.2224929890158499
1000,4,corrected,psi1,0.27574195306803334,0.2544812413321348
1000,5,naive,psi0,-0.19173872097331596,0.1864192252651603
1000,5,naive,psi1,-0.18192897903464375,0.21917512104853498
1000,5,corrected,psi0,1.0609627190065514,0.21236080362789572
1000,5,corrected,psi1,0.31326386746032814,0.25402937193666186
1000,6,naive,psi0,-0.1525042593129164,0.174030281914297
1000,6,naive,psi1,0.1783408374559634,0.17406372019371955
1000,6,corrected,psi0,1.1703494459353228,0.19849524705598143
1000,6,corrected,psi1,0.6772326202211659,0.19762184566714394
1000,7,naive,psi0,-0.14323628608170266,0.18120658894803723
1000,7,naive,psi1,0.2734705111304794,0.18585752310041065
1000,7,corrected,psi0,1.0958634847524655,0.21401803054476748
1000,7,corrected,psi1,0.8151323098206001,0.21743298862221536
1000,8,naive,psi0,-0.3730632299430513,0.1824538365735834
1000,8,naive,psi1,0.022050202182516666,0.17576153204320966
1000,8,corrected,psi0,0.8960104580399993,0.2150606457543107
1000,8,corrected,psi1,0.42229738918393517,0.20476453557815466
1000,9,naive,psi0,-0.5089754683236076,0.17840168460031594
1000,9,naive,psi1,0.09959401384774391,0.1922002831496101
1000,9,corrected,psi0,0.7947347740613161,0.20558287085249083
1000,9,corrected,psi1,0.622727179951869,0.21736154804222213
1000,10,naive,psi0,-0.09761884283051077,0.18404841296111815
1000,10,naive,psi1,0.045360860032775285,0.19572730022362245
1000,10,corrected,psi0,1.1714756657681635,0.2133125862825526
1000,10,corrected,psi1,0.6140654982507884,0.22400567167813523
1000,11,naive,psi0,-0.49562616016559097,0.19588073469914558
1000,11,naive,psi1,-0.17261494705215205,0.24257337418327704
1000,11,corrected,psi0,0.7341417009036755,0.22753570886486157
1000,11,corrected,psi1,0.23742892836352292,0.280625210481117
1000,12,naive,psi0,-0.5128692740152763,0.1821180535110013
1000,12,naive,psi1,0.04258933665617846,0.17115210380393767
1000,12,corrected,psi0,0.7480447476386748,0.21261010787189663
1000,12,corrected,psi1,0.5415005806239138,0.20183362730617926
1000,13,naive,psi0,-0.621808601883275,0.18273894437963845
1000,13,naive,psi1,-0.0941881953072443,0.18015445060659918
1000,13,corrected,psi0,0.546369444675439,0.21361834953481298
1000,13,corrected,psi1,0.45103202170694795,0.20984380088170718
1000,14,naive,psi0,-0.345377841703067,0.18494641505697096
1000,14,naive,psi1,-0.03540775401141556,0.20904834177522694
1000,14,corrected,psi0,0.8892579494838473,0.21266644849307975
1000,14,corrected,psi1,0.4842553435846163,0.23558653788977768
1000,15,naive,psi0,-0.3373669834983519,0.1813735489637717
1000,15,naive,psi1,0.02496764601031354,0.18523462554954018
1000,15,corrected,psi0,0.9483943130901243,0.21016669431355348
1000,15,corrected,psi1,0.46805071809720367,0.21272648523830878
1000,16,naive,psi0,-0.1896024882962376,0.17357584250473007
1000,16,naive,psi1,0.008569445312623882,0.17558507718008431
1000,16,corrected,psi0,1.1569946747863564,0.20289599190345362
1000,16,corrected,psi1,0.5092075434682932,0.20800208373783696
1000,17,naive,psi0,-0.2264631035065644,0.18421244658743538
1000,17,naive,psi1,-0.07248810142751486,0.1913512316197527
1000,17,corrected,psi0,1.0237443854827515,0.21226174933772066
1000,17,corrected,psi1,0.42767719499878354,0.21767073265272094
1000,18,naive,psi0,-0.12329316608008604,0.17852393175916792
1000,18,naive,psi1,0.16101374152057082,0.1885220696808176
1000,18,corrected,psi0,1.2403052577122917,0.2101450626771269
1000,18,corrected,psi1,0.6641590462970983,0.21931956013392037
1000,19,naive,psi0,-0.04893937336171744,0.19032189929909613
1000,19,naive,psi1,-0.0687762667597917,0.19227034640013974
1000,19,corrected,psi0,1.2524630080517256,0.22145471605818606
1000,19,corrected,psi1,0.4141785221439117,0.2228777112376129
1000,20,naive,psi0,-0.2686660184323431,0.1776781398366958
1000,20,naive,psi1,0.02932718019304094,0.1797653977746504
1000,20,corrected,psi0,0.9954456222634274,0.20864434703587298
1000,20,corrected,psi1,0.6095408321314639,0.23041811520904162
1000,21,naive,psi0,-0.08589578611215144,0.19433569616842664
1000,21,naive,psi1,0.39818265104447403,0.23766105932967355
1000,21,corrected,psi0,1.1526744414383066,0.22466546686998387
1000,21,corrected,psi1,0.9640138884255491,0.27604291985517454
1000,22,naive,psi0,0.1070689565812604,0.18392931220103262
1000,22,naive,psi1,0.3879127938502641,0.17118659336933426
1000,22,corrected,psi0,1.4772718678475762,0.2139805845672393
1000,22,corrected,psi1,0.9767901916047365,0.20002788451277453
1000,23,naive,psi0,-0.28719753253731745,0.19022818200665365
1000,23,naive,psi1,0.22733682391146892,0.20923789864807357
1000,23,corrected,psi0,0.9372305709997037,0.2198552138878495
1000,23,corrected,psi1,0.7423098569573974,0.24360689275716527
1000,24,naive,psi0,-0.002888403222878596,0.17270609950683913
1000,24,naive,psi1,-0.12962493551018417,0.175890226061356
1000,24,corrected,psi0,1.228728330047127,0.2011149864758767
1000,24,corrected,psi1,0.4517142105440872,0.20360887030101468
1000,25,naive,psi0,-0.2942633521133681,0.1934879848103478
1000,25,naive,psi1,0.058340900463685896,0.20653917285805296
1000,25,corrected,psi0,1.0081827908323164,0.2271027568932177
1000,25,corrected,psi1,0.5868156080176611,0.24526738478748653
1000,26,naive,psi0,-0.06956527937835205,0.1714488191728962
1000,26,naive,psi1,-0.11047521659998841,0.16362131117580445
1000,26,corrected,psi0,1.2072869426323432,0.19822477377714312
1000,26,corrected,psi1,0.4205696721987155,0.18892180268736933
1000,27,naive,psi0,-0.047376001847197605,0.182621620772331
1000,27,naive,psi1,-0.3444023449219823,0.1775783559189535
1000,27,corrected,psi0,1.2001112239028269,0.21329877203864417
1000,27,corrected,psi1,0.04594482267742859,0.2060399098910798
1000,28,naive,psi0,-0.5550482584107568,0.17157503191141135
1000,28,naive,psi1,-0.2980052417771538,0.1759388113485297
1000,28,corrected,psi0,0.6306354687299733,0.19971901103091116
1000,28,corrected,psi1,0.18457384976307717,0.2012066031478504
1000,29,naive,psi0,-0.4009912926283849,0.19123901941703078
1000,29,naive,psi1,-0.17107497522845205,0.20855232130448065
1000,29,corrected,psi0,0.8282420930621476,0.22200748020560576
1000,29,corrected,psi1,0.28913336679261137,0.24145130297851522
1000,30,naive,psi0,-0.3501523259056093,0.17204137730405156
1000,30,naive,psi1,-0.28171994459007627,0.16622905274582297
1000,30,corrected,psi0,0.9761364212465523,0.199210643671269
1000,30,corrected,psi1,0.17956135315107027,0.1917766967376003
1000,31,naive,psi0,-0.3735418367105472,0.174679181623126
1000,31,naive,psi1,-0.24464858020964925,0.17162552964376684
1000,31,corrected,psi0,0.8675668025503238,0.20136906576270402
1000,31,corrected,psi1,0.246731637103042,0.19957542196708866
1000,32,naive,psi0,-0.0035183855370913594,0.1739663457453665
1000,32,naive,psi1,-0.14248704806692597,0.17560788451749842
1000,32,corrected,psi0,1.3575223510977366,0.20345975008957737
1000,32,corrected,psi1,0.4022400232006283,0.20464232760206016
1000,33,naive,psi0,-0.38013955575845515,0.17436177524077154
1000,33,naive,psi1,0.09155988943044992,0.18621844055164874
1000,33,corrected,psi0,0.8342836128628638,0.20367342124738502
1000,33,corrected,psi1,0.5354190399220932,0.2135394397449621
1000,34,naive,psi0,-0.19132463146952286,0.17355133721614444
1000,34,naive,psi1,-0.10316427747837782,0.18303126901556527
1000,34,corrected,psi0,1.1228914384140816,0.20015850151848028
1000,34,corrected,psi1,0.4211688587601661,0.20843655275206374
1000,35,naive,psi0,-0.24191121101686208,0.18074882096514588
1000,35,naive,psi1,0.029554040644553574,0.20217918724399023
1000,35,corrected,psi0,1.0784328365338782,0.21026181289749477
1000,35,corrected,psi1,0.5093742408147742,0.23142329077757803
1000,36,naive,psi0,-0.23882043756178967,0.18645975481791346
1000,36,naive,psi1,-0.12519055346098187,0.19921802842973213
1000,36,corrected,psi0,1.020822914858772,0.21752478296362127
1000,36,corrected,psi1,0.39994403122466454,0.2365386111761845
1000,37,naive,psi0,-0.03275855647614561,0.18539888386718217
1000,37,naive,psi1,0.2203130925136431,0.21722356532775103
1000,37,corrected,psi0,1.2615773037922353,0.2129213986361896
1000,37,corrected,psi1,0.7637122563096252,0.24906892792685006
1000,38,naive,psi0,-0.33001187570203866,0.18309857679053262
1000,38,naive,psi1,0.13876872918152486,0.18841238511754185
1000,38,corrected,psi0,0.9515852667709621,0.2154802496560259
1000,38,corrected,psi1,0.659792066797768,0.2241995098005541
1000,39,naive,psi0,-0.05120141729032795,0.180637256203454
1000,39,naive,psi1,-0.268041597842526,0.17796112384745588
1000,39,corrected,psi0,1.247804895806173,0.20909042521120214
1000,39,corrected,psi1,0.21459849310593843,0.21071871495829977
1000,40,naive,psi0,-0.04032435797345347,0.17908327523398546
1000,40,naive,psi1,0.01492954560936362,0.19171146698156294
1000,40,corrected,psi0,1.206796422049674,0.20778174342612027
1000,40,corrected,psi1,0.5727388806384693,0.22962329764986827
1000,41,naive,psi0,-0.12225468555683999,0.17746631915085848
1000,41,naive,psi1,0.04207882385130501,0.19463365997765533
1000,41,corrected,psi0,1.137855866824919,0.2078019148455945
1000,41,corrected,psi1,0.5779826676374445,0.2207222652152454
1000,42,naive,psi0,-0.5144446245385613,0.18384372682840575
1000,42,naive,psi1,-0.15486299043907303,0.20440132865344776
1000,42,corrected,psi0,0.7550045842909365,0.2120879111759783
1000,42,corrected,psi1,0.26675831504150604,0.23848634580224204
1000,43,naive,psi0,-0.5576007670688552,0.17225116104020588
1000,43,naive,psi1,-0.11710134051990712,0.1814024597599752
1000,43,corrected,psi0,0.6371822086711909,0.19924549861847948
1000,43,corrected,psi1,0.3848228086284331,0.21196667935602756
1000,44,naive,psi0,-0.5380387313274186,0.18271781695146008
1000,44,naive,psi1,0.33951113867365995,0.19872023131175282
1000,44,corrected,psi0,0.6599176714828483,0.20996635447426248
1000,44,corrected,psi1,0.9239102178314503,0.22455115536500228
1000,45,naive,psi0,-0.3282744351915476,0.18594972570481821
1000,45,naive,psi1,-0.015611813671215332,0.1955677431837407
1000,45,corrected,psi0,0.8709824336188976,0.2145218835637319
1000,45,corrected,psi1,0.41850969011598216,0.22667934066552145
1000,46,naive,psi0,-0.41532956975973206,0.18022037803927662
1000,46,naive,psi1,-0.2840628602519897,0.19683448227387693
1000,46,corrected,psi0,0.8758143338233567,0.21188928757502942
1000,46,corrected,psi1,0.17217093496958044,0.23451386252186737
1000,47,naive,psi0,-0.3536252111133758,0.19553074948163332
1000,47,naive,psi1,-0.2612075317533659,0.1958919458155179
1000,47,corrected,psi0,0.9258710131479578,0.2284698224412847
1000,47,corrected,psi1,0.12722949634851766,0.22833537748281463
1000,48,naive,psi0,0.0905941871993204,0.19028081336206407
1000,48,naive,psi1,0.10205626667208322,0.21890304818529951
1000,48,corrected,psi0,1.4542123683797206,0.2226605577454878
1000,48,corrected,psi1,0.6655071984394624,0.25317654451818006
1000,49,naive,psi0,0.024384171959816996,0.17287772828836578
1000,49,naive,psi1,-6.532652280575452e-05,0.17560654800373976
1000,49,corrected,psi0,1.3289433069873071,0.20409514851245886
1000,49,corrected,psi1,0.5125760949971646,0.2054688438764933
1000,50,naive,psi0,-0.4107427889179487,0.1777429695532551
1000,50,naive,psi1,-0.10589038852849326,0.16188639532210544
1000,50,corrected,psi0,0.8429442334658281,0.2062608523469153
1000,50,corrected,psi1,0.33108490742204133,0.18732479925204898
1000,51,naive,psi0,-0.7867201331400728,0.17848080188664112
1000,51,naive,psi1,0.17691831311211567,0.18405427504118335
1000,51,corrected,psi0,0.3661185139828376,0.2083078912968163
1000,51,corrected,psi1,0.7079516435937236,0.2151441837186691
1000,52,naive,psi0,-0.14759091453464163,0.18708977353434114
1000,52,naive,psi1,0.12248004034420011,0.1920100240017076
1000,52,corrected,psi0,1.2160989771321156,0.2187049329473213
1000,52,corrected,psi1,0.6147382156404457,0.2258995123189348
1000,53,naive,psi0,-0.03179543151214812,0.18072787016790204
1000,53,naive,psi1,-0.06340519265808674,0.18634163569050707
1000,53,corrected,psi0,1.2381579646480987,0.21399855580342905
1000,53,corrected,psi1,0.4571512647400952,0.22038151928926256
1000,54,naive,psi0,-0.3050101565047428,0.1877661604844794
1000,54,naive,psi1,0.2201929102034222,0.1763218565778119
1000,54,corrected,psi0,1.030219789663768,0.219164308840912
1000,54,corrected,psi1,0.6706754619530916,0.20372594470785207
1000,55,naive,psi0,-0.15163089680931752,0.18617164905396932
1000,55,naive,psi1,0.04697157348997756,0.18765628286852343
1000,55,corrected,psi0,0.9919218065497906,0.21653398914660296
1000,55,corrected,psi1,0.5650797412089291,0.21878726874710797
1000,56,naive,psi0,-0.3360872608059042,0.18951245769940636
1000,56,naive,psi1,-0.024518664138811475,0.2030377352170922
1000,56,corrected,psi0,0.9129967107932263,0.22145872259862373
1000,56,corrected,psi1,0.48789562158089156,0.23517951465625803
1000,57,naive,psi0,-0.32049985395016134,0.16487067748391687
1000,57,naive,psi1,0.275839518006594,0.18423396112722878
1000,57,corrected,psi0,0.9214815078535736,0.19288883698261203
1000,57,corrected,psi1,0.8317982773535001,0.21934916742228283
1000,58,naive,psi0,-0.3908616090311782,0.19002683038870963
1000,58,naive,psi1,-0.22830948810192678,0.20678671032408188
1000,58,corrected,psi0,0.9817531456407113,0.22418736048790952
1000,58,corrected,psi1,0.24418369453390315,0.24526392856611778
1000,59,naive,psi0,-0.21678430806446944,0.17725149363728643
1000,59,naive,psi1,0.2528985037049319,0.19748562795182442
1000,59,corrected,psi0,1.040021600406733,0.20552684531324475
1000,59,corrected,psi1,0.7128808066237698,0.2287869007223709
1000,60,naive,psi0,-0.16383568075132912,0.17018631930141576
1000,60,naive,psi1,-0.002473512311579565,0.17911461549012972
1000,60,corrected,psi0,1.1045604386453438,0.19528328794334368
1000,60,corrected,psi1,0.5217738541170683,0.2046807846758902
1000,61,naive,psi0,-0.3586512975396671,0.19004443957013198
1000,61,naive,psi1,0.038621314755024325,0.1992178823677862
1000,61,corrected,psi0,0.9133772608601516,0.2191761204072568
1000,61,corrected,psi1,0.5680100863916852,0.22923881909310648
1000,62,naive,psi0,-0.40176581042317583,0.17453206839176671
1000,62,naive,psi1,-0.23582086177329836,0.1811769249813474
1000,62,corrected,psi0,0.8526173897025029,0.20259187565723966
1000,62,corrected,psi1,0.3068564462043664,0.21057935025704366
1000,63,naive,psi0,-0.24949116578330358,0.1697966989988326
1000,63,naive,psi1,-0.032503483948302284,0.16529445158196346
1000,63,corrected,psi0,1.0137349652850978,0.19649409257592537
1000,63,corrected,psi1,0.4745799073716218,0.18887986568697945
1000,64,naive,psi0,-0.29116172002765367,0.17541388322694973
1000,64,naive,psi1,0.038642318802813935,0.17715797255039203
1000,64,corrected,psi0,0.9384536136594391,0.20430979851817643
1000,64,corrected,psi1,0.5184087869111099,0.20363355762706703
1000,65,naive,psi0,-0.07615588823853318,0.16558767194834884
1000,65,naive,psi1,-0.07886920541453595,0.16141868878106921
1000,65,corrected,psi0,1.2353431317465835,0.19355199903583753
1000,65,corrected,psi1,0.42546832490963166,0.18702155575044516
1000,66,naive,psi0,-0.4216364712290964,0.16608885260983142
1000,66,naive,psi1,-0.14063599647301864,0.17749237736417922
1000,66,corrected,psi0,0.7395520428307368,0.19570737254548537
1000,66,corrected,psi1,0.3127865058476432,0.20569371068603823
1000,67,naive,psi0,-0.08646684039703438,0.19348795208291822
1000,67,naive,psi1,0.06804909616534534,0.19981190600793405
1000,67,corrected,psi0,1.1795146704276402,0.22563802679692585
1000,67,corrected,psi1,0.5805805795822297,0.23421959922322547
1000,68,naive,psi0,-0.4449630925502642,0.19138695714046294
1000,68,naive,psi1,0.2157899457793263,0.1956529336917527
1000,68,corrected,psi0,0.749643108538143,0.22026387031328587
1000,68,corrected,psi1,0.7875276555861814,0.2234022265806929
1000,69,naive,psi0,-0.23947132897444942,0.2015226482539583
1000,69,naive,psi1,-0.1680507551973632,0.21274523504249337
1000,69,corrected,psi0,1.123640669012442,0.2351888737436877
1000,69,corrected,psi1,0.3317292632873783,0.24935598607091622
1000,70,naive,psi0,-0.23159014560246813,0.17650440846035054
1000,70,naive,psi1,-0.06676868793340088,0.16712642692905205
1000,70,corrected,psi0,1.0671013873169355,0.20817818313990405
1000,70,corrected,psi1,0.3404815995952956,0.20032655092009738
1000,71,naive,psi0,-0.6252458189211729,0.17182359019344506
1000,71,naive,psi1,0.22507537861768995,0.17780746068402098
1000,71,corrected,psi0,0.6737572379304384,0.20123302652126848
1000,71,corrected,psi1,0.7938356961770071,0.20530442652597528
1000,72,naive,psi0,-0.21473848392299896,0.19287664312452063
1000,72,naive,psi1,0.025733452768349676,0.21408962215617314
1000,72,corrected,psi0,1.0860755726081122,0.22401096509175628
1000,72,corrected,psi1,0.5151187692550023,0.24781601756161836
1000,73,naive,psi0,-0.34444360675916047,0.18046610923922587
1000,73,naive,psi1,0.024750148229176844,0.18077304006916486
1000,73,corrected,psi0,0.8482386165981837,0.2107769639247767
1000,73,corrected,psi1,0.5412811302137447,0.21202611381782951
1000,74,naive,psi0,-0.37276279943120855,0.1789801189397583
1000,74,naive,psi1,-0.10362164589847331,0.2069878657706088
1000,74,corrected,psi0,0.8746561674779243,0.20698567687975455
1000,74,corrected,psi1,0.34217486760723703,0.23876384043320506
1000,75,naive,psi0,-0.14411609789176139,0.19024506584891032
1000,75,naive,psi1,-0.20127460023666274,0.19648445712175133
1000,75,corrected,psi0,1.1056754197746261,0.22101518524742586
1000,75,corrected,psi1,0.2340422512570653,0.22727984488937694
1000,76,naive,psi0,-0.16182184197670388,0.1774608118862451
1000,76,naive,psi1,0.21242775119719084,0.18535552035947372
1000,76,corrected,psi0,1.208446681333247,0.20346293950526828
1000,76,corrected,psi1,0.7578271734109756,0.20901819790076148
1000,77,naive,psi0,-0.28421025562690805,0.17218907237912298
1000,77,naive,psi1,0.06800717623191362,0.17761953777061426
1000,77,corrected,psi0,1.036102577899421,0.20239503576013523
1000,77,corrected,psi1,0.4500577633038955,0.21317468719236204
1000,78,naive,psi0,-0.3404165802376479,0.1929046611323193
1000,78,naive,psi1,0.3263958431583924,0.2135139529294139
1000,78,corrected,psi0,0.9473367533799317,0.22174697757554263
1000,78,corrected,psi1,0.88136044514331,0.25508027143826395
1000,79,naive,psi0,0.015486221195628477,0.17877785016920636
1000,79,naive,psi1,-0.026981432208615652,0.17448575932476934
1000,79,corrected,psi0,1.3917408226571346,0.20967683391717415
1000,79,corrected,psi1,0.4500885778886877,0.20373906810246656
1000,80,naive,psi0,-0.06946504504556439,0.17942087358660222
1000,80,naive,psi1,0.0565921814394759,0.1935551316601645
1000,80,corrected,psi0,1.201482195443925,0.2081835351332608
1000,80,corrected,psi1,0.5725674791756461,0.22382032224739015
1000,81,naive,psi0,-0.41512004307487554,0.1795115088587418
1000,81,naive,psi1,-0.09989624893642521,0.18422473907100004
1000,81,corrected,psi0,0.8395421168950238,0.2097951488027761
1000,81,corrected,psi1,0.2952782127567285,0.21423289155297812
1000,82,naive,psi0,0.04330399626150134,0.1841055869679424
1000,82,naive,psi1,-0.03136497613781858,0.179316003427819
1000,82,corrected,psi0,1.3191828613703804,0.21536369317917953
1000,82,corrected,psi1,0.4392865566304279,0.21214701895236016
1000,83,naive,psi0,-0.3357499062889047,0.17054668931422123
1000,83,naive,psi1,-0.17261795912439978,0.16771638498025043
1000,83,corrected,psi0,0.9351516090254808,0.1993099613563902
1000,83,corrected,psi1,0.294175769616588,0.19742076127690802
1000,84,naive,psi0,-0.49364524730916826,0.18199487175675114
1000,84,naive,psi1,-0.09530139987556613,0.18375589985229976
1000,84,corrected,psi0,0.7957543647890899,0.21052204032159044
1000,84,corrected,psi1,0.3947086996514723,0.21676906694044024
1000,85,naive,psi0,-0.4537654935363998,0.18935668879563278
1000,85,naive,psi1,0.15356001817183554,0.18757667197864716
1000,85,corrected,psi0,0.8053854770750478,0.2201212729994592
1000,85,corrected,psi1,0.6576920009490294,0.22258643896566058
1000,86,naive,psi0,-0.3236342022538435,0.17902332344295396
1000,86,naive,psi1,0.00636027142189495,0.20614602581575994
1000,86,corrected,psi0,0.947515671276714,0.20420472582453408
1000,86,corrected,psi1,0.4300277204239957,0.23659032799237958
1000,87,naive,psi0,-0.1730931992756641,0.18131892073586267
1000,87,naive,psi1,-0.05778837856447352,0.1988720713266958
1000,87,corrected,psi0,1.1216999800981466,0.21375235583125476
1000,87,corrected,psi1,0.4329593535910699,0.23270763679511577
1000,88,naive,psi0,-0.14699876490877142,0.18950557526755674
1000,88,naive,psi1,0.08709414667203837,0.21271853392854162
1000,88,corrected,psi0,1.258627673705671,0.22244864297663705
1000,88,corrected,psi1,0.5371339926364886,0.24807517207643115
1000,89,naive,psi0,-0.500101886374496,0.19113431634461234
1000,89,naive,psi1,0.23918111996177663,0.18956158834171616
1000,89,corrected,psi0,0.7670781817946029,0.22226258145143268
1000,89,corrected,psi1,0.7051049334501358,0.21854550771709658
1000,90,naive,psi0,-0.35211001873876296,0.17828431367547898
1000,90,naive,psi1,-0.034222115572020644,0.1898574992241044
1000,90,corrected,psi0,0.8554843798914965,0.20704117888131565
1000,90,corrected,psi1,0.5175361547503685,0.22109480503809145
1000,91,naive,psi0,-0.35179937745415,0.18077938726839077
1000,91,naive,psi1,0.11117497189114806,0.1912895217215504
1000,91,corrected,psi0,0.8748350956559793,0.21233332090937113
1000,91,corrected,psi1,0.5983360666385612,0.22358285864907831
1000,92,naive,psi0,-0.1442532560165996,0.17319013676425077
1000,92,naive,psi1,-0.12290032561296188,0.19954348765636296
1000,92,corrected,psi0,1.1612379047227346,0.2031077813678157
1000,92,corrected,psi1,0.42116110720356176,0.23663992196762584
1000,93,naive,psi0,-0.18915266472530015,0.17774724714775744
1000,93,naive,psi1,-0.3890491911750454,0.1904389894307382
1000,93,corrected,psi0,1.1008846853156486,0.20710275525777883
1000,93,corrected,psi1,0.010028011726889254,0.2191583665035099
1000,94,naive,psi0,-0.541699130365533,0.1837940674921999
1000,94,naive,psi1,0.1416198932034146,0.176856941355105
1000,94,corrected,psi0,0.7189285689451751,0.21579068129623818
1000,94,corrected,psi1,0.6402718313943715,0.20739025378595677
1000,95,naive,psi0,-0.5248540073906761,0.17277990542130273
1000,95,naive,psi1,0.08875578040371129,0.17836843503955027
1000,95,corrected,psi0,0.6314081077505581,0.20366311314221208
1000,95,corrected,psi1,0.6545515348675974,0.2116944171388182
1000,96,naive,psi0,-0.308971758932747,0.17619871856374061
1000,96,naive,psi1,-0.12029692285748902,0.2008446308754396
1000,96,corrected,psi0,0.9729664472638917,0.20485367294879517
1000,96,corrected,psi1,0.3597760554028618,0.2356183709660024
1000,97,naive,psi0,-0.34334488056692175,0.17965880214078264
1000,97,naive,psi1,-0.14344617752241995,0.2116072537961717
1000,97,corrected,psi0,0.910005818886148,0.206343921236622
1000,97,corrected,psi1,0.3396245183763595,0.2410954637375597
1000,98,naive,psi0,-0.1583616240672852,0.17725157137956735
1000,98,naive,psi1,0.1481767715341652,0.18493467543060937
1000,98,corrected,psi0,1.0537971753093465,0.20819729170029838
1000,98,corrected,psi1,0.7136233071405066,0.21841501083045742
1000,99,naive,psi0,-0.0928744270467151,0.17091780813899785
1000,99,naive,psi1,0.01801359041262624,0.15809065676659306
1000,99,corrected,psi0,1.1524526288830126,0.19996809207825703
1000,99,corrected,psi1,0.5022668273878425,0.18148677244792208
1000,100,naive,psi0,-0.042057808484202264,0.1927119406449964
1000,100,naive,psi1,0.1346570371620613,0.2124543821686459
1000,100,corrected,psi0,1.2809855263104653,0.22470547541788896
1000,100,corrected,psi1,0.6379352090278246,0.2463359408203636
1000,101,naive,psi0,-0.22106248808711504,0.17876221201915887
1000,101,naive,psi1,0.00041272492628527765,0.1755573932246712
1000,101,corrected,psi0,1.0962465855846124,0.20912841740252355
1000,101,corrected,psi1,0.456080360266396,0.19995081956115143
1000,102,naive,psi0,-0.6044211412064078,0.1890057587886741
1000,102,naive,psi1,0.12930139557040707,0.18678006887877535
1000,102,corrected,psi0,0.7113996584825044,0.21932891992128623
1000,102,corrected,psi1,0.6949864437374809,0.21836336240335896
1000,103,naive,psi0,-0.3258032869515016,0.17310023113773929
1000,103,naive,psi1,0.05813496828927641,0.17399511226346187
1000,103,corrected,psi0,0.9505473354578126,0.20260371873663482
1000,103,corrected,psi1,0.6346391832795774,0.20064482245433332
1000,104,naive,psi0,-0.16732312549571599,0.1678233577876623
1000,104,naive,psi1,0.11241747830403495,0.1691378254392189
1000,104,corrected,psi0,1.0544032515406605,0.19716638902568576
1000,104,corrected,psi1,0.6664209811097903,0.20149021672015582
1000,105,naive,psi0,-0.15221413432244743,0.19510684809712106
1000,105,naive,psi1,-0.10023100347981698,0.1979149758352432
1000,105,corrected,psi0,1.175552248383792,0.2256984172013065
1000,105,corrected,psi1,0.3622307097115029,0.22840616308891626
1000,106,naive,psi0,-0.2767236124422211,0.1882563814354678
1000,106,naive,psi1,-0.4054263603222246,0.19035219724764205
1000,106,corrected,psi0,0.9599653209557832,0.21951093082694056
1000,106,corrected,psi1,0.02530365728043324,0.22510670150568055
1000,107,naive,psi0,-0.36023829689035375,0.1759948381241215
1000,107,naive,psi1,-0.37135277898889946,0.1777527089775142
1000,107,corrected,psi0,0.9642508346736572,0.2064165140663079
1000,107,corrected,psi1,0.06765571793935675,0.20777204473592126
1000,108,naive,psi0,-0.07769411332197713,0.1691758495994677
1000,108,naive,psi1,-0.24566324137165357,0.16633861262525157
1000,108,corrected,psi0,1.1618393117666315,0.195015859232535
1000,108,corrected,psi1,0.15814384270086687,0.19745142464603918
1000,109,naive,psi0,-0.20149822265194778,0.16968551067692061
1000,109,naive,psi1,0.1559458086799064,0.18406870405891157
1000,109,corrected,psi0,1.0764977522252686,0.20026384981202727
1000,109,corrected,psi1,0.5905987026221344,0.22032910094318506
1000,110,naive,psi0,0.04543987828704589,0.18328889310184535
1000,110,naive,psi1,0.2112327758953221,0.19937647630467514
1000,110,corrected,psi0,1.4649660961235726,0.20828475872644842
1000,110,corrected,psi1,0.7137847224603456,0.2263838880048017
1000,111,naive,psi0,-0.16950612100402232,0.19546689686753177
1000,111,naive,psi1,0.052734562464794126,0.20865286871341146
1000,111,corrected,psi0,1.0952030852330301,0.23720144720635225
1000,111,corrected,psi1,0.6097997328459873,0.2549424820329116
1000,112,naive,psi0,-0.1320452569481382,0.18412632089523318
1000,112,naive,psi1,-0.235019242378531,0.20914172395327457
1000,112,corrected,psi0,1.1129185756150235,0.2159999737972166
1000,112,corrected,psi1,0.27693116540490176,0.244415005592545
1000,113,naive,psi0,-0.1078256949922792,0.18890978093107713
1000,113,naive,psi1,0.09235861586746455,0.19642500689679954
1000,113,corrected,psi0,1.2200433169414733,0.22177913560313825
1000,113,corrected,psi1,0.6181225476512269,0.22763328000787958
1000,114,naive,psi0,-0.3730495176758838,0.16929653622568383
1000,114,naive,psi1,-0.07691822537134305,0.17938325942600777
1000,114,corrected,psi0,0.8744380254594849,0.19471450716865185
1000,114,corrected,psi1,0.44720642714225517,0.20302131186015318
1000,115,naive,psi0,-0.31783245541514127,0.18023166933994741
1000,115,naive,psi1,0.04345700954568602,0.20027845721728363
1000,115,corrected,psi0,0.9678590370630797,0.20858976302081483
1000,115,corrected,psi1,0.5405470311398239,0.23365970332126793
1000,116,naive,psi0,-0.3095577746906347,0.18578240600590118
1000,116,naive,psi1,0.06544823218196054,0.20922125676892595
1000,116,corrected,psi0,0.9731841989425918,0.2157780345898125
1000,116,corrected,psi1,0.5342001065610184,0.24294824230179224
1000,117,naive,psi0,-0.4187792199349605,0.18390457102556837
1000,117,naive,psi1,-0.12128434208472488,0.18679563579511407
1000,117,corrected,psi0,0.880010595425155,0.21637244732120084
1000,117,corrected,psi1,0.23451058921875687,0.22570468200665544
1000,118,naive,psi0,-0.1448630338700246,0.18450717718493073
1000,118,naive,psi1,0.06894797962680298,0.18126585276460883
1000,118,corrected,psi0,1.1595442179290498,0.2184767781272969
1000,118,corrected,psi1,0.5273454416181604,0.22154305229145146
1000,119,naive,psi0,-0.0811886670681695,0.197195664361339
1000,119,naive,psi1,-0.10790166818848185,0.21948044698461022
1000,119,corrected,psi0,1.218704745074332,0.22713618253603604
1000,119,corrected,psi1,0.4259313883274949,0.25231384201216417
1000,120,naive,psi0,-0.1780061903523358,0.19432231989195575
1000,120,naive,psi1,-0.011834089720418441,0.2008741566901241
1000,120,corrected,psi0,1.1531254113352898,0.2268712982568378
1000,120,corrected,psi1,0.5417476914942093,0.23168478575074467
1000,121,naive,psi0,-0.22243301664046194,0.18327905629182256
1000,121,naive,psi1,-0.06019994396923879,0.18277703462238318
1000,121,corrected,psi0,1.1414790763075249,0.21447695193014957
1000,121,corrected,psi1,0.4204728842608517,0.2126182925792369
1000,122,naive,psi0,-0.6988980022836855,0.174178942622597
1000,122,naive,psi1,-0.07637742356307296,0.1849510004818145
1000,122,corrected,psi0,0.45773999639873936,0.20378027302798113
1000,122,corrected,psi1,0.3697217323900653,0.21779021746856614
1000,123,naive,psi0,-0.2540899308550911,0.17740897889408955
1000,123,naive,psi1,0.10001252544525135,0.1722662224988982
1000,123,corrected,psi0,1.0470867977663905,0.20399393460869972
1000,123,corrected,psi1,0.5852491085942342,0.20385444193600302
1000,124,naive,psi0,-0.4683317716774123,0.18586135460036285
1000,124,naive,psi1,0.23479300538063913,0.20672845430773445
1000,124,corrected,psi0,0.795092878930648,0.21473902463643282
1000,124,corrected,psi1,0.7176577546500064,0.240606613813792
1000,125,naive,psi0,-0.12004639084687224,0.18967931492093054
1000,125,naive,psi1,0.1132805158651766,0.17718463619305932
1000,125,corrected,psi0,1.1711327590153828,0.22129561847805235
1000,125,corrected,psi1,0.5706124342168842,0.2109545466985992
1000,126,naive,psi0,-0.3324229198790084,0.16593609428828665
1000,126,naive,psi1,-0.10508080796113513,0.16043716731623578
1000,126,corrected,psi0,1.011522682714475,0.20049948583683663
1000,126,corrected,psi1,0.3971035843052968,0.19144052641379847
1000,127,naive,psi0,-0.05291315146952114,0.1866916200747454
1000,127,naive,psi1,0.18544641639834986,0.22119715987534655
1000,127,corrected,psi0,1.232434141540142,0.2162304534806128
1000,127,corrected,psi1,0.7149601742183723,0.25776733490071574
1000,128,naive,psi0,-0.32182208966719655,0.18459353483443697
1000,128,naive,psi1,-0.0461606274696206,0.2069091564425606
1000,128,corrected,psi0,0.9130637091983674,0.21513986476239166
1000,128,corrected,psi1,0.48036311524060094,0.24051565078782017
1000,129,naive,psi0,-0.41636655463853417,0.1740818636086144
1000,129,naive,psi1,0.37096220566633636,0.18043356783633627
1000,129,corrected,psi0,0.814029970781554,0.20510526473953333
1000,129,corrected,psi1,0.9476281014576273,0.21060173422600362
1000,130,naive,psi0,-0.26848464390936216,0.18842678341398844
1000,130,naive,psi1,0.23222935487382443,0.2069365304025144
1000,130,corrected,psi0,0.9979230935609277,0.22186810836383086
1000,130,corrected,psi1,0.7699745009706804,0.24934687387798715
1000,131,naive,psi0,0.0976066989590124,0.1871604092526514
1000,131,naive,psi1,-0.22440432241805547,0.20129602234886138
1000,131,corrected,psi0,1.4623889889444797,0.22003796993497743
1000,131,corrected,psi1,0.22565833549305686,0.23840097269592175
1000,132,naive,psi0,-0.3120492162718125,0.18227346064077596
1000,132,naive,psi1,-0.39226949594677357,0.18915082362441465
1000,132,corrected,psi0,1.020674428746105,0.213932024647674
1000,132,corrected,psi1,0.01671702987943107,0.22151988549280976
1000,133,naive,psi0,-0.3746301858193923,0.1796037412550648
1000,133,naive,psi1,0.046356090003401844,0.20280190085958236
1000,133,corrected,psi0,0.8977446631174841,0.21062744339895048
1000,133,corrected,psi1,0.5412507582692074,0.23608587246434726
1000,134,naive,psi0,-0.41610126445563606,0.17497902368656504
1000,134,naive,psi1,0.10298710506406071,0.2002371245481658
1000,134,corrected,psi0,0.838366303291519,0.20625287337551343
1000,134,corrected,psi1,0.5898108812424577,0.23822257369651986
1000,135,naive,psi0,-0.2725043505973416,0.17298043420685574
1000,135,naive,psi1,-0.03553204735550162,0.16172810601983692
1000,135,corrected,psi0,0.9891818495471619,0.19692521594997806
1000,135,corrected,psi1,0.422617904744316,0.1829260641605143
1000,136,naive,psi0,-0.09366555769663189,0.1914218105394502
1000,136,naive,psi1,0.17833989371357445,0.18331553547593596
1000,136,corrected,psi0,1.1959958824846606,0.22419036029543804
1000,136,corrected,psi1,0.7245525381727254,0.22132188282849902
1000,137,naive,psi0,-0.09188102099623255,0.17713351272458855
1000,137,naive,psi1,0.25661924920278684,0.18305221783095946
1000,137,corrected,psi0,1.210584997731645,0.2049257222706653
1000,137,corrected,psi1,0.8203292201720019,0.21637227260978786
1000,138,naive,psi0,-0.14489240702514428,0.17867763064207415
1000,138,naive,psi1,0.11347319489347198,0.18989453658469005
1000,138,corrected,psi0,1.1099405475682314,0.21005174449395878
1000,138,corrected,psi1,0.5802926430076362,0.21889454136815892
1000,139,naive,psi0,-0.11300404405303965,0.18153813635454666
1000,139,naive,psi1,0.2580950615905169,0.1797988962228338
1000,139,corrected,psi0,1.167064851091948,0.21139688495867742
1000,139,corrected,psi1,0.8485871423433791,0.20980505731306506
1000,140,naive,psi0,-0.5294973418528961,0.1825718611459459
1000,140,naive,psi1,-0.05039192832939951,0.19740216151146506
1000,140,corrected,psi0,0.6318861942582575,0.21419188901978845
1000,140,corrected,psi1,0.402476874998146,0.2346123297995247
1000,141,naive,psi0,-0.3706957198255119,0.19054406562121576
1000,141,naive,psi1,-0.002472517741833502,0.2014747000640148
1000,141,corrected,psi0,0.8000491763225384,0.22718224586465832
1000,141,corrected,psi1,0.5746169564198987,0.23604987547714548
1000,142,naive,psi0,-0.27844053938450375,0.17851052972333042
1000,142,naive,psi1,0.13067990856515416,0.2063837827000495
1000,142,corrected,psi0,1.0267102744271717,0.20802207557841385
1000,142,corrected,psi1,0.6607858799975527,0.24089417474274416
1000,143,naive,psi0,-0.20349924025540142,0.18429695952192313
1000,143,naive,psi1,-0.04690873207402497,0.17687497124649007
1000,143,corrected,psi0,1.032704883996511,0.2126697837039678
1000,143,corrected,psi1,0.36018204661336417,0.19994361135829986
1000,144,naive,psi0,-0.45319255226542554,0.16877991065880849
1000,144,naive,psi1,0.1594550692566405,0.16930499297215773
1000,144,corrected,psi0,0.803134693431165,0.19538789587023792
1000,144,corrected,psi1,0.6857392709103345,0.1940422339829704
1000,145,naive,psi0,-0.3198864063665361,0.18076667895535503
1000,145,naive,psi1,-0.021908581617230676,0.18631652717672595
1000,145,corrected,psi0,0.9767225895170709,0.21261583527900138
1000,145,corrected,psi1,0.36663859498559503,0.21150026385146256
1000,146,naive,psi0,-0.22786507694583788,0.17945321592326408
1000,146,naive,psi1,-0.11549540405913566,0.19448149921181826
1000,146,corrected,psi0,1.1076630983637863,0.20516781086246874
1000,146,corrected,psi1,0.3802397573335931,0.22314800843530028
1000,147,naive,psi0,-0.4392548052976337,0.17389517312170688
1000,147,naive,psi1,-0.027542824546608696,0.17232933876600984
1000,147,corrected,psi0,0.8375051209828713,0.20217152812211672
1000,147,corrected,psi1,0.4667923872670174,0.2012790584969553
1000,148,naive,psi0,-0.32205105594416555,0.1788007310048893
1000,148,naive,psi1,0.15032257496795873,0.17706541210577287
1000,148,corrected,psi0,0.9348213530782087,0.21022324334767914
1000,148,corrected,psi1,0.7307311540393432,0.21185617385685412
1000,149,naive,psi0,-0.465272868873931,0.18779665094955303
1000,149,naive,psi1,-0.021251713546993053,0.22308619132070825
1000,149,corrected,psi0,0.8524253670967817,0.21981368923635522
1000,149,corrected,psi1,0.4534496300627916,0.25741851335259247
1000,150,naive,psi0,-0.31240243962339154,0.18319745062630513
1000,150,naive,psi1,-0.15205898418711639,0.19702961926474452
1000,150,corrected,psi0,1.052134423634322,0.2152373978649884
1000,150,corrected,psi1,0.31903117583387874,0.23771124576858177
1000,151,naive,psi0,-0.1175210445944239,0.18677494921439455
1000,151,naive,psi1,-0.06066214698320385,0.1861528488425328
1000,151,corrected,psi0,1.198687234781036,0.2141599998077464
1000,151,corrected,psi1,0.378135788256956,0.2131656638546951
1000,152,naive,psi0,-0.22614716331945334,0.19090379753429942
1000,152,naive,psi1,-0.00883485805856754,0.18187880283025118
1000,152,corrected,psi0,0.9933478405157659,0.22063768808920536
1000,152,corrected,psi1,0.5522493211570388,0.2128360670494041
1000,153,naive,psi0,-0.5572639469140052,0.17191619230733418
1000,153,naive,psi1,-0.033937736789710064,0.15900293098263343
1000,153,corrected,psi0,0.6483345377129088,0.20475885246560832
1000,153,corrected,psi1,0.34659530579816034,0.19274672601819898
1000,154,naive,psi0,-0.4450474803843883,0.19317103742907263
1000,154,naive,psi1,-0.032417372096155056,0.19669427792212152
1000,154,corrected,psi0,0.8800755247482324,0.22457862141816315
1000,154,corrected,psi1,0.49489168691108165,0.22520490222426826
1000,155,naive,psi0,-0.18453235579692046,0.17388614317812662
1000,155,naive,psi1,0.05893271990496788,0.18562040942767408
1000,155,corrected,psi0,1.0870186335423606,0.20080785033040774
1000,155,corrected,psi1,0.483516591762114,0.21277114273893347
1000,156,naive,psi0,-0.37586956878040445,0.18241836706919637
1000,156,naive,psi1,-0.011955984938041137,0.2131640635211868
1000,156,corrected,psi0,0.8071166606624838,0.211631380518905
1000,156,corrected,psi1,0.4795521464437972,0.2461847279423606
1000,157,naive,psi0,-0.1986545801754627,0.17901766083497828
1000,157,naive,psi1,-0.3004266333108842,0.2050870456463887
1000,157,corrected,psi0,1.010823219622806,0.20741463220669085
1000,157,corrected,psi1,0.21127141374318173,0.23984802757935897
1000,158,naive,psi0,-0.42156806819348125,0.17231399892348132
1000,158,naive,psi1,-0.2777368423297655,0.1898329353797074
1000,158,corrected,psi0,0.8395392538331239,0.20045062580443693
1000,158,corrected,psi1,0.22736663893580655,0.22431013283502013
1000,159,naive,psi0,-0.20444281502635475,0.17299932230923448
1000,159,naive,psi1,0.1114697602522365,0.18237841009297123
1000,159,corrected,psi0,1.0539663579039757,0.20128816328887722
1000,159,corrected,psi1,0.6426917803654345,0.21079200726031358
1000,160,naive,psi0,-0.202804779105934,0.17647016746266064
1000,160,naive,psi1,0.33441655391493297,0.20035441239488327
1000,160,corrected,psi0,1.1359484552027268,0.20515354366942254
1000,160,corrected,psi1,0.9009723774250158,0.23453178224711865
1000,161,naive,psi0,-0.12577034439426069,0.1793097455216609
1000,161,naive,psi1,-0.0869473027201534,0.1843141198899383
1000,161,corrected,psi0,1.2287631106806831,0.20897019009168738
1000,161,corrected,psi1,0.39524866530779446,0.21207642648932618
1000,162,naive,psi0,-0.5295131413791548,0.19216383509103346
1000,162,naive,psi1,-0.08234925689206817,0.19353495734472811
1000,162,corrected,psi0,0.7051391008649541,0.22131242176804808
1000,162,corrected,psi1,0.3345444436434469,0.2184190060029327
1000,163,naive,psi0,-0.4113333782914327,0.18531953302594184
1000,163,naive,psi1,-0.16002434712109645,0.18406575465098712
1000,163,corrected,psi0,0.872006647520032,0.21499234571272716
1000,163,corrected,psi1,0.28079021716926583,0.2122403147856721
1000,164,naive,psi0,0.005840609831631184,0.17729812263045416
1000,164,naive,psi1,-0.0019065365517158962,0.20127194445005098
1000,164,corrected,psi0,1.2680086353739595,0.20515900391831385
1000,164,corrected,psi1,0.5201649432661122,0.2364569467244714
1000,165,naive,psi0,-0.375578174041427,0.18672461626730336
1000,165,naive,psi1,0.16486872765430408,0.18354511298300705
1000,165,corrected,psi0,0.9133315636135328,0.2194520841166533
1000,165,corrected,psi1,0.7639810499285065,0.2161215693852634
1000,166,naive,psi0,-0.19335371910086596,0.18990773445011097
1000,166,naive,psi1,0.20693283770240967,0.20216971496766264
1000,166,corrected,psi0,1.1454154137662431,0.2206647621663506
1000,166,corrected,psi1,0.6741566990901202,0.2311705059344676
1000,167,naive,psi0,-0.1935678591678669,0.17136893230869205
1000,167,naive,psi1,0.04686671410434335,0.193624116356718
1000,167,corrected,psi0,1.0522101596619677,0.19843444233867605
1000,167,corrected,psi1,0.5901273555093042,0.2237455474817914
1000,168,naive,psi0,0.05928455066318736,0.17843083061823062
1000,168,naive,psi1,-0.1685036085311095,0.20053988921239205
1000,168,corrected,psi0,1.3949575652281976,0.20826353404383277
1000,168,corrected,psi1,0.32413024309007277,0.235203701175727
1000,169,naive,psi0,-0.07246064303202349,0.18280138900406923
1000,169,naive,psi1,-0.06511403159561131,0.194541778567542
1000,169,corrected,psi0,1.2311413903833808,0.2108124050754104
1000,169,corrected,psi1,0.4500661027747388,0.2252979198239757
1000,170,naive,psi0,-0.4797209864557071,0.18308397647542532
1000,170,naive,psi1,-0.14786392085485509,0.227258619325694
1000,170,corrected,psi0,0.8041451624240872,0.21326721850530056
1000,170,corrected,psi1,0.29160008084044786,0.2683803477982286
1000,171,naive,psi0,-0.2403614424556007,0.17847197909605234
1000,171,naive,psi1,0.007952593661894382,0.18578924442720837
1000,171,corrected,psi0,1.0068034189443242,0.20960037355923292
1000,171,corrected,psi1,0.5940806492246703,0.21640340113114107
1000,172,naive,psi0,-0.29970442050079776,0.17131015566482458
1000,172,naive,psi1,0.26176951933433884,0.1531933020287449
1000,172,corrected,psi0,0.9339466902221882,0.1996966973697576
1000,172,corrected,psi1,0.8658676805112306,0.18583719198244272
1000,173,naive,psi0,-0.6336312155463323,0.1927176164972069
1000,173,naive,psi1,0.5271671484453383,0.2068203848359624
1000,173,corrected,psi0,0.6010214036715427,0.22048985817531724
1000,173,corrected,psi1,1.086385726094361,0.23605974550562261
1000,174,naive,psi0,-0.3048221018518329,0.17596275464006858
1000,174,naive,psi1,-0.07797834928959901,0.18754910155431911
1000,174,corrected,psi0,0.9229424614565364,0.20114067925412593
1000,174,corrected,psi1,0.4535414482645328,0.2139925642358544
1000,175,naive,psi0,-0.12552489284718205,0.1640078721137241
1000,175,naive,psi1,0.13230524286313675,0.18385816013450446
1000,175,corrected,psi0,1.1606206163151234,0.19206052921490388
1000,175,corrected,psi1,0.7434634007220929,0.2290982261383842
1000,176,naive,psi0,-0.31919697837930877,0.1864511309965002
1000,176,naive,psi1,-0.05935498254335457,0.18701117395902628
1000,176,corrected,psi0,0.819363893416538,0.21981865490186042
1000,176,corrected,psi1,0.4017258501532747,0.22403484725472
1000,177,naive,psi0,-0.4752451828128842,0.17623269684597007
1000,177,naive,psi1,0.33849593544994305,0.20092176362816053
1000,177,corrected,psi0,0.794754968151749,0.20324115034167067
1000,177,corrected,psi1,0.9046745120933285,0.2300222338993288
1000,178,naive,psi0,-0.5411717214640314,0.1876077195597709
1000,178,naive,psi1,-0.19268032890028794,0.19537207268711426
1000,178,corrected,psi0,0.7558871184698052,0.2162293143840098
1000,178,corrected,psi1,0.32876587723268064,0.22374347380415635
1000,179,naive,psi0,-0.04331640674017916,0.17017889275607287
1000,179,naive,psi1,0.29020330451411,0.17253752765675048
1000,179,corrected,psi0,1.2846163977166936,0.19555956996999413
1000,179,corrected,psi1,0.7940853332691276,0.1963823224557824
1000,180,naive,psi0,-0.015345756260728862,0.16804541931385863
1000,180,naive,psi1,0.23652527799749362,0.17114828997762385
1000,180,corrected,psi0,1.3820214104786066,0.1975420628164591
1000,180,corrected,psi1,0.7218234117217478,0.19963129193534426
1000,181,naive,psi0,-0.1508779232556994,0.1790341513065671
1000,181,naive,psi1,0.3171189607407238,0.17787289179424484
1000,181,corrected,psi0,1.111057421626564,0.20705071413899342
1000,181,corrected,psi1,0.8788353399947004,0.20743165242703754
1000,182,naive,psi0,-0.2107310460972083,0.1778482767473216
1000,182,naive,psi1,0.17916879246551087,0.1794882869846116
1000,182,corrected,psi0,1.06768469931888,0.20850343705319127
1000,182,corrected,psi1,0.746313774214451,0.21256355578484107
1000,183,naive,psi0,-0.4136002712990761,0.1896092887194425
1000,183,naive,psi1,0.10768683617271456,0.20361110944960764
1000,183,corrected,psi0,0.8424419996082947,0.2209024043191227
1000,183,corrected,psi1,0.6226824213992663,0.2414491533396842
1000,184,naive,psi0,-0.29337618148390054,0.19000250189642406
1000,184,naive,psi1,0.35204535821812893,0.20584336863549593
1000,184,corrected,psi0,0.9202929708721631,0.21871654487626221
1000,184,corrected,psi1,0.9370391476322676,0.23514341043866263
1000,185,naive,psi0,-0.22341826099311085,0.17480261097616956
1000,185,naive,psi1,0.1656660731548487,0.17759755452623524
1000,185,corrected,psi0,1.1067265883193094,0.20185417972110323
1000,185,corrected,psi1,0.6193330919711465,0.2031872420519903
1000,186,naive,psi0,-0.6225951111331047,0.18401365880194664
1000,186,naive,psi1,0.337484035961221,0.19508265101887254
1000,186,corrected,psi0,0.5922703231987154,0.21424082135240596
1000,186,corrected,psi1,0.910726307256385,0.22646163564867972
1000,187,naive,psi0,-0.2952005506130957,0.18097256335588136
1000,187,naive,psi1,-0.41576319125667016,0.2288121455311356
1000,187,corrected,psi0,0.8538118314212318,0.21185078494030654
1000,187,corrected,psi1,0.0815950097196448,0.2628923273330156
1000,188,naive,psi0,-0.5028929275818468,0.18116109714983286
1000,188,naive,psi1,-0.1717900802589303,0.181162620616306
1000,188,corrected,psi0,0.6931484297040167,0.21407679417636027
1000,188,corrected,psi1,0.3137092857702638,0.21367092181305675
1000,189,naive,psi0,-0.22845136776878514,0.18123392919559334
1000,189,naive,psi1,-0.30582950010017673,0.19693016543710026
1000,189,corrected,psi0,1.036622799027151,0.20865660459082747
1000,189,corrected,psi1,0.14421002149652803,0.22647593052479736
1000,190,naive,psi0,-0.23661876035364543,0.17665646744795888
1000,190,naive,psi1,-0.106529789581396,0.18567314342399618
1000,190,corrected,psi0,1.075334327410562,0.20439947390710564
1000,190,corrected,psi1,0.35502760813854206,0.2129784766733561
1000,191,naive,psi0,-0.1758272305652631,0.18195351829123704
1000,191,naive,psi1,-0.03110578238549604,0.19816620075685182
1000,191,corrected,psi0,1.1063297486787933,0.20895457360268044
1000,191,corrected,psi1,0.49228052968414643,0.2245574018814791
1000,192,naive,psi0,0.013854361874817277,0.18625168127052497
1000,192,naive,psi1,0.23909446579552793,0.1950481027543401
1000,192,corrected,psi0,1.3024778632006606,0.2157463575221485
1000,192,corrected,psi1,0.818335192280083,0.22689294917504832
1000,193,naive,psi0,-0.5382242639475175,0.18171884591601767
1000,193,naive,psi1,-0.22067764351278388,0.19794476846312248
1000,193,corrected,psi0,0.6804739254034867,0.2129395287442927
1000,193,corrected,psi1,0.3608717829718071,0.23380011906001638
1000,194,naive,psi0,-0.2686013362318791,0.18074692970896203
1000,194,naive,psi1,-0.2879292783178964,0.21575048750412487
1000,194,corrected,psi0,1.0370579422454766,0.20997054273629162
1000,194,corrected,psi1,0.12565570202450488,0.2500875948675055
1000,195,naive,psi0,-0.24027675720827707,0.17602160597112904
1000,195,naive,psi1,0.19689464133507603,0.19302306908904873
1000,195,corrected,psi0,1.122933235086534,0.20344627423527167
1000,195,corrected,psi1,0.6863855825648985,0.22535257136425008
1000,196,naive,psi0,-0.2871032968824933,0.16824019712107477
1000,196,naive,psi1,-0.06884020335782573,0.17085324930231463
1000,196,corrected,psi0,0.9012009747595173,0.19904980302840025
1000,196,corrected,psi1,0.38148933435542576,0.19729879980589254
1000,197,naive,psi0,-0.02161399527374203,0.16803568623692372
1000,197,naive,psi1,0.10956048097013545,0.17130696553861208
1000,197,corrected,psi0,1.2407262409508497,0.19408868069580118
1000,197,corrected,psi1,0.6590485764835388,0.19951888258445497
1000,198,naive,psi0,-0.2440786209821606,0.19016775881231354
1000,198,naive,psi1,-0.013267884400471216,0.2058508746268947
1000,198,corrected,psi0,1.0528770353471355,0.2231128268881954
1000,198,corrected,psi1,0.515431423067079,0.2418237260760169
1000,199,naive,psi0,-0.21593263637446836,0.17964173598430935
1000,199,naive,psi1,-0.02761217496658369,0.1910354337539303
1000,199,corrected,psi0,1.0505439764703144,0.20603505273760503
1000,199,corrected,psi1,0.5191861133697595,0.22000475291696642
1000,200,naive,psi0,-0.5582032565444577,0.18678815594538062
1000,200,naive,psi1,-0.3122565888302368,0.2070428671587776
1000,200,corrected,psi0,0.6978396891096472,0.21662447074956281
1000,200,corrected,psi1,0.10460569047297222,0.24115586846520595
1000,201,naive,psi0,-0.3159384092831182,0.17324233101581998
1000,201,naive,psi1,0.238241327920645,0.1884030658270426
1000,201,corrected,psi0,0.9869967672294978,0.20245349508019117
1000,201,corrected,psi1,0.7514489076984597,0.22454528045830452
1000,202,naive,psi0,-0.5786738526213429,0.18286071020276748
1000,202,naive,psi1,-0.10090158514525624,0.18530333941144833
1000,202,corrected,psi0,0.6122436081861397,0.21369880243534187
1000,202,corrected,psi1,0.4243735904818819,0.2164597021493696
1000,203,naive,psi0,-0.22939376039793752,0.17970703457184406
1000,203,naive,psi1,-0.07018557485700647,0.21257858327863896
1000,203,corrected,psi0,1.0687218658865936,0.2095073255566709
1000,203,corrected,psi1,0.419205592415695,0.2409416173541833
1000,204,naive,psi0,-0.1348554176203925,0.18154141474750382
1000,204,naive,psi1,-0.2246561897701573,0.17998404968173107
1000,204,corrected,psi0,1.1513406400170654,0.21006695368632589
1000,204,corrected,psi1,0.18958566790283546,0.20789673398829114
1000,205,naive,psi0,0.029059066962480708,0.17369642358508786
1000,205,naive,psi1,0.18162397272111738,0.18688776770495066
1000,205,corrected,psi0,1.3739907401169442,0.20109005197676574
1000,205,corrected,psi1,0.6943695295232915,0.2163087195666325
1000,206,naive,psi0,0.05037834466809417,0.1880973072780227
1000,206,naive,psi1,0.036351671950969396,0.19356402258432803
1000,206,corrected,psi0,1.4842832877714658,0.21527052148267348
1000,206,corrected,psi1,0.5249581876638432,0.22082335340015663
1000,207,naive,psi0,-0.20210014056338677,0.18136648545949607
1000,207,naive,psi1,0.07645292028138582,0.2127420844811207
1000,207,corrected,psi0,1.005910858892921,0.21253045489183803
1000,207,corrected,psi1,0.6512389344046101,0.24655857729643113
1000,208,naive,psi0,0.03162020083936117,0.1611958672177339
1000,208,naive,psi1,-0.18542671128969465,0.17442476345355848
1000,208,corrected,psi0,1.3574042942113864,0.1876369773918592
1000,208,corrected,psi1,0.31269345861096876,0.2023738459446732
1000,209,naive,psi0,-0.18831182696179968,0.1881264377360149
1000,209,naive,psi1,0.024642836746970015,0.18969110290916216
1000,209,corrected,psi0,1.0364092743086775,0.2243077321012346
1000,209,corrected,psi1,0.567384121566575,0.23468626696376108
1000,210,naive,psi0,-0.2658406395651352,0.18264304293060524
1000,210,naive,psi1,0.03646105072951168,0.21137605666199455
1000,210,corrected,psi0,1.0863629361400489,0.20909575437714523
1000,210,corrected,psi1,0.605722559923164,0.24919220913258547
1000,211,naive,psi0,-0.016104763519308108,0.17385580270869738
1000,211,naive,psi1,0.08698858020879836,0.1772851210127908
1000,211,corrected,psi0,1.280986165267552,0.2009322151757435
1000,211,corrected,psi1,0.6580551499921691,0.2044745784236938
1000,212,naive,psi0,-0.4333884064997073,0.20376995822562582
1000,212,naive,psi1,0.0369645320592012,0.20853585668074046
1000,212,corrected,psi0,0.8451793482586343,0.2335719476293116
1000,212,corrected,psi1,0.5312438917393848,0.23609881728652693
1000,213,naive,psi0,-0.345262845825156,0.18615578294322582
1000,213,naive,psi1,-0.22746254996053075,0.1926873114128156
1000,213,corrected,psi0,0.8066126972321402,0.21604133644853346
1000,213,corrected,psi1,0.2114478104602557,0.2212867837655491
1000,214,naive,psi0,-0.45426880662551017,0.18203828801953728
1000,214,naive,psi1,0.016695683342995513,0.18517820853129188
1000,214,corrected,psi0,0.8342755927694863,0.20853828356817136
1000,214,corrected,psi1,0.5338468094993425,0.21141032359480255
1000,215,naive,psi0,-0.24053055672413765,0.17446370662204805
1000,215,naive,psi1,-0.231336495274344,0.20374927241438628
1000,215,corrected,psi0,1.0917272002820348,0.20199437227286662
1000,215,corrected,psi1,0.22571777958818157,0.23324893918875697
1000,216,naive,psi0,-0.5538247131599927,0.19784499590149046
1000,216,naive,psi1,-0.12398424525721444,0.23340590637249206
1000,216,corrected,psi0,0.6174907844779487,0.22945608195611641
1000,216,corrected,psi1,0.4201346516073795,0.2664143622308561
1000,217,naive,psi0,-0.3527750492505827,0.17303217011508903
1000,217,naive,psi1,0.1787435508457903,0.20099241042224222
1000,217,corrected,psi0,0.9455535177444662,0.19898341850166906
1000,217,corrected,psi1,0.6659294281838068,0.23149767521569364
1000,218,naive,psi0,-0.24558193322465263,0.1828243744165166
1000,218,naive,psi1,-0.2758879269228321,0.18626406081592148
1000,218,corrected,psi0,1.1084260494904308,0.2111892193922025
1000,218,corrected,psi1,0.16426507609559224,0.21590558140140467
1000,219,naive,psi0,-0.07787186564025908,0.18643281930923764
1000,219,naive,psi1,-0.0013097978347006147,0.2018958547323429
1000,219,corrected,psi0,1.2471032726724212,0.21495564839102205
1000,219,corrected,psi1,0.4762912504242951,0.23338458979008533
1000,220,naive,psi0,-0.285695654121775,0.18309174925739202
1000,220,naive,psi1,-0.04694707794946408,0.20953899688886254
1000,220,corrected,psi0,0.9940280778908878,0.2128684323295902
1000,220,corrected,psi1,0.3979228918782211,0.24825353624947386
1000,221,naive,psi0,-0.21573099929134065,0.1823911644256335
1000,221,naive,psi1,-0.12949783699496026,0.20172364554876757
1000,221,corrected,psi0,1.0686790323461564,0.21063397243889787
1000,221,corrected,psi1,0.3429323115428255,0.22810291795990495
1000,222,naive,psi0,-0.2679536592144572,0.17827054069163603
1000,222,naive,psi1,-0.03526778667614156,0.18088354645992624
1000,222,corrected,psi0,1.1170657255449543,0.20639168644366274
1000,222,corrected,psi1,0.4615957475990435,0.20633164082641695
1000,223,naive,psi0,-0.3431326981192888,0.17561332839783014
1000,223,naive,psi1,0.06912979069274665,0.17706849433931937
1000,223,corrected,psi0,0.9065890174068965,0.20289065687427443
1000,223,corrected,psi1,0.5795313953574583,0.2005430306325285
1000,224,naive,psi0,-0.11229637937082682,0.1861297520230776
1000,224,naive,psi1,-0.14590560830316504,0.18683722754543958
1000,224,corrected,psi0,1.21103676607678,0.2201890355935295
1000,224,corrected,psi1,0.2794153352963129,0.22392320676021704
1000,225,naive,psi0,-0.17965792284506177,0.18554406702497858
1000,225,naive,psi1,-0.1905881313656826,0.1893284504153878
1000,225,corrected,psi0,1.1202265934657643,0.2152544328199651
1000,225,corrected,psi1,0.21125082054536146,0.21824039253424307
1000,226,naive,psi0,-0.5131231501380324,0.19094109956401042
1000,226,naive,psi1,-0.13728453800842916,0.21263700588314705
1000,226,corrected,psi0,0.7644525435869249,0.2241311928479766
1000,226,corrected,psi1,0.4948155688209452,0.2594514817771048
1000,227,naive,psi0,-0.21154481231538103,0.18405874909909378
1000,227,naive,psi1,0.13644935025929456,0.18663893567397202
1000,227,corrected,psi0,1.08613013505861,0.21599622522482084
1000,227,corrected,psi1,0.6460478470580894,0.21489664051981502
1000,228,naive,psi0,-0.7461618809067869,0.17583123360525443
1000,228,naive,psi1,-0.047267451131718666,0.19250297961790863
1000,228,corrected,psi0,0.40123394818975494,0.2088753252791021
1000,228,corrected,psi1,0.573310663261237,0.2384463293722345
1000,229,naive,psi0,-0.30345503954711084,0.17905804525730679
1000,229,naive,psi1,-0.16597384039815233,0.18085265176649784
1000,229,corrected,psi0,0.976407764157581,0.20786674697110338
1000,229,corrected,psi1,0.2970502375568095,0.2130489527621323
1000,230,naive,psi0,-0.18822327040448902,0.1775358399221295
1000,230,naive,psi1,0.002337021759674943,0.21881266213563927
1000,230,corrected,psi0,1.1675321882321,0.20592343547188122
1000,230,corrected,psi1,0.5064236401863249,0.2534207640055266
1000,231,naive,psi0,-0.1469452407146013,0.17073891365284571
1000,231,naive,psi1,0.054882002528221056,0.16872996686480787
1000,231,corrected,psi0,1.1074475720209258,0.20008594402479882
1000,231,corrected,psi1,0.592441223689527,0.1958489808575063
1000,232,naive,psi0,-0.26981836977225054,0.17449892888049265
1000,232,naive,psi1,-0.02573487886058858,0.18377356075940332
1000,232,corrected,psi0,1.042380121665113,0.20324349670752556
1000,232,corrected,psi1,0.49279285602213674,0.2241008937361321
1000,233,naive,psi0,-0.0328279475033181,0.182928385025599
1000,233,naive,psi1,-0.27524162519766493,0.19811380408847595
1000,233,corrected,psi0,1.259217507452227,0.212652285479031
1000,233,corrected,psi1,0.20861752745415096,0.23158267664759988
1000,234,naive,psi0,-0.2705761788796065,0.17836603688432426
1000,234,naive,psi1,-0.36542923042281505,0.1765421428504559
1000,234,corrected,psi0,1.0807070903982186,0.2092043568885321
1000,234,corrected,psi1,0.03152943262255935,0.20382167596581105
1000,235,naive,psi0,-0.256921797071852,0.20317267003234896
1000,235,naive,psi1,0.06971453176752083,0.22074451258125852
1000,235,corrected,psi0,0.9691959694671496,0.23960087041335468
1000,235,corrected,psi1,0.6862368283431517,0.27100970599905133
1000,236,naive,psi0,-0.19842333060841053,0.18751614489199955
1000,236,naive,psi1,0.004222652523331255,0.19318130985358298
1000,236,corrected,psi0,1.1299651066994383,0.21620754472459988
1000,236,corrected,psi1,0.41650755872682393,0.21954370208139615
1000,237,naive,psi0,-0.023001554079258822,0.17617030112781715
1000,237,naive,psi1,0.1533708813138943,0.1845204551268805
1000,237,corrected,psi0,1.305252486063394,0.20138351762152654
1000,237,corrected,psi1,0.6669434558916492,0.21194223626405043
1000,238,naive,psi0,0.1065528658023962,0.18895657056345455
1000,238,naive,psi1,-0.2884429361567014,0.1934888068355109
1000,238,corrected,psi0,1.4474353413887475,0.22070942338725338
1000,238,corrected,psi1,0.06784183783308798,0.22287725049702278
1000,239,naive,psi0,-0.3746461009598981,0.19780956945450714
1000,239,naive,psi1,-0.08187474001031163,0.18791506353875048
1000,239,corrected,psi0,0.8710871877506392,0.22899657878793098
1000,239,corrected,psi1,0.48328566592003663,0.2165954337381514
1000,240,naive,psi0,-0.27240262244542246,0.18160341600551683
1000,240,naive,psi1,0.05945214070112784,0.19418584979879033
1000,240,corrected,psi0,1.0028001639904631,0.2124980735206635
1000,240,corrected,psi1,0.5206791838252655,0.22865480529139973
1000,241,naive,psi0,-0.15776811720114473,0.18682757620390902
1000,241,naive,psi1,0.17958049289249278,0.18724859933956428
1000,241,corrected,psi0,1.1242960584800532,0.21448365340425898
1000,241,corrected,psi1,0.7577873652728264,0.21604323650221555
1000,242,naive,psi0,-0.12195576575221896,0.19035882495235928
1000,242,naive,psi1,0.22089578198736268,0.18946803378346838
1000,242,corrected,psi0,1.1910884745043346,0.2214767492095061
1000,242,corrected,psi1,0.7278203285711295,0.21549039957311156
1000,243,naive,psi0,-0.13290884964146985,0.17876606276371798
1000,243,naive,psi1,0.2047504126460995,0.17339096077503216
1000,243,corrected,psi0,1.1556031986163824,0.20851214553430567
1000,243,corrected,psi1,0.7300166112234633,0.20275897670849258
1000,244,naive,psi0,0.04817565148878823,0.18710820795725797
1000,244,naive,psi1,-0.007640473053962543,0.19909706701277075
1000,244,corrected,psi0,1.3899792392696992,0.2167069467305208
1000,244,corrected,psi1,0.4606313288755532,0.22933513087498245
1000,245,naive,psi0,-0.2888270586134796,0.17753609010152466
1000,245,naive,psi1,-0.31144969311553566,0.18504421156289116
1000,245,corrected,psi0,0.9539586460053534,0.20805295730690143
1000,245,corrected,psi1,0.2341144523438409,0.21747866880243
1000,246,naive,psi0,-0.25494163891521293,0.1724113731833349
1000,246,naive,psi1,-0.3001419268009018,0.19807092348368796
1000,246,corrected,psi0,0.9886437055995969,0.20087646529110975
1000,246,corrected,psi1,0.12622117028715737,0.23350024330361907
1000,247,naive,psi0,-0.06764353519279141,0.1880658855133361
1000,247,naive,psi1,-0.23667273918178242,0.19236040474128013
1000,247,corrected,psi0,1.2845216549592395,0.21840272033521285
1000,247,corrected,psi1,0.22530218650763076,0.2229695753329768
1000,248,naive,psi0,-0.11365888637414212,0.18666322782716355
1000,248,naive,psi1,-0.20936963487544083,0.1877287659924487
1000,248,corrected,psi0,1.1877448219136653,0.2173890250089736
1000,248,corrected,psi1,0.23020509931395447,0.21170116371153286
1000,249,naive,psi0,-0.33215277079416095,0.17931000973008338
1000,249,naive,psi1,0.1576400689489786,0.19921508201902577
1000,249,corrected,psi0,0.9138741012932236,0.2081319254971042
1000,249,corrected,psi1,0.7629522288984544,0.2318554684542561
1000,250,naive,psi0,-0.536073602560576,0.1819001427834608
1000,250,naive,psi1,-0.11082925028983491,0.19402483753373967
1000,250,corrected,psi0,0.716675434088338,0.21032604685878117
1000,250,corrected,psi1,0.374727905500158,0.22507418909654006
1000,251,naive,psi0,-0.3411927643395971,0.1782961949308163
1000,251,naive,psi1,0.28777628554886825,0.1935424537398168
1000,251,corrected,psi0,0.9275497121057603,0.20740255785734957
1000,251,corrected,psi1,0.7578091398628736,0.22070971312783363
1000,252,naive,psi0,0.1346609585138976,0.19134681265913983
1000,252,naive,psi1,0.011848677628483666,0.20750836793159996
1000,252,corrected,psi0,1.4298348639167235,0.2267881010622498
1000,252,corrected,psi1,0.5811366056746334,0.24673191468970992
1000,253,naive,psi0,-0.6208516413688825,0.17822786533104024
1000,253,naive,psi1,-0.19499982436084573,0.1888274907260751
1000,253,corrected,psi0,0.5784939566414691,0.20527834605873363
1000,253,corrected,psi1,0.26488733603656744,0.21320154407489794
1000,254,naive,psi0,-0.37113907019320946,0.18959488444388065
1000,254,naive,psi1,-0.2104908799160864,0.20571455836097957
1000,254,corrected,psi0,0.8273971238946293,0.22079743141925443
1000,254,corrected,psi1,0.2735883056729041,0.23639430056540653
1000,255,naive,psi0,-0.26306370793406086,0.1825951613884121
1000,255,naive,psi1,-0.05084456859682167,0.18675275360839336
1000,255,corrected,psi0,0.9776767584386539,0.21258277888644944
1000,255,corrected,psi1,0.46533926915652124,0.21947548766438466
1000,256,naive,psi0,0.004897382974571778,0.18045557782365743
1000,256,naive,psi1,-0.34096629983874954,0.1942328570920498
1000,256,corrected,psi0,1.3456040256194735,0.21077680672369364
1000,256,corrected,psi1,0.032614080933407785,0.22650108559806642
1000,257,naive,psi0,-0.4308695389971543,0.18321780242626148
1000,257,naive,psi1,0.16868966596911897,0.19679112542993046
1000,257,corrected,psi0,0.8285254982687352,0.21783459748164533
1000,257,corrected,psi1,0.7538034605731341,0.23592302688478695
1000,258,naive,psi0,-0.4571384847648378,0.18006112619875994
1000,258,naive,psi1,0.21699713941054383,0.18073991432532657
1000,258,corrected,psi0,0.8379801819095077,0.20858567413132842
1000,258,corrected,psi1,0.6702694620898101,0.21344479777557468
1000,259,naive,psi0,-0.5264009009970665,0.18605145838176895
1000,259,naive,psi1,0.0734653360591391,0.1784901226057686
1000,259,corrected,psi0,0.6389215938054648,0.21989624058583204
1000,259,corrected,psi1,0.6155131307469394,0.21906649993240973
1000,260,naive,psi0,-0.03213688464144618,0.1911333289755337
1000,260,naive,psi1,-0.08489971774198107,0.20181645548201466
1000,260,corrected,psi0,1.2283014994508288,0.22214677528440302
1000,260,corrected,psi1,0.40297599321647865,0.23614942536171604
1000,261,naive,psi0,-0.303813101618922,0.18091593879543763
1000,261,naive,psi1,-0.0018872731672476008,0.19915755334670865
1000,261,corrected,psi0,1.0008605159213932,0.21122421302330788
1000,261,corrected,psi1,0.5064574799773952,0.24045005438303832
1000,262,naive,psi0,-0.04932942129463316,0.18104139126055005
1000,262,naive,psi1,-0.16376567857001892,0.18532298967753694
1000,262,corrected,psi0,1.197054707363934,0.21023205262778052
1000,262,corrected,psi1,0.33721002486856516,0.2211647610490917
1000,263,naive,psi0,-0.26262375383253733,0.1826393437768711
1000,263,naive,psi1,0.36989794320534286,0.18899020865009614
1000,263,corrected,psi0,0.9894657465839788,0.21062988428006688
1000,263,corrected,psi1,0.903675487901122,0.21681998993225157
1000,264,naive,psi0,-0.12108902959391435,0.1890396992314101
1000,264,naive,psi1,0.3100216520889858,0.19690969301564398
1000,264,corrected,psi0,1.219165062319005,0.21836637154906813
1000,264,corrected,psi1,0.8430158942648784,0.22965023850344476
1000,265,naive,psi0,-0.01410054697965253,0.1777473929150072
1000,265,naive,psi1,0.17063126966761133,0.17450050301659834
1000,265,corrected,psi0,1.2773519798083692,0.20805149961981945
1000,265,corrected,psi1,0.678742828869635,0.20546929558233293
1000,266,naive,psi0,-0.04271834067954972,0.17662395721740237
1000,266,naive,psi1,-0.03858640109202876,0.1785006398116114
1000,266,corrected,psi0,1.2472903523660175,0.20407766623892035
1000,266,corrected,psi1,0.5155110972325576,0.20544518162670733
1000,267,naive,psi0,-0.010469201202692454,0.19127467974529772
1000,267,naive,psi1,0.022381928013917914,0.17836562093328043
1000,267,corrected,psi0,1.2850110637016992,0.2229170347879701
1000,267,corrected,psi1,0.5050441844361937,0.210904783477562
1000,268,naive,psi0,-0.29903523773324764,0.17637593142461797
1000,268,naive,psi1,-0.0059838225999033845,0.17704545230000834
1000,268,corrected,psi0,0.946713555227682,0.20782730298267943
1000,268,corrected,psi1,0.5166798283546338,0.2011337383107012
1000,269,naive,psi0,-0.43924498131727274,0.17821527212018531
1000,269,naive,psi1,0.3455916128516796,0.21243525805607552
1000,269,corrected,psi0,0.8679230779312556,0.20802879310067904
1000,269,corrected,psi1,0.9569789865820499,0.2539830822805207
1000,270,naive,psi0,-0.3074569739302402,0.18079363404620147
1000,270,naive,psi1,0.13721005631311184,0.18834784493136686
1000,270,corrected,psi0,0.8369804186889522,0.20966971721534197
1000,270,corrected,psi1,0.6972510708505103,0.22091322317088977
1000,271,naive,psi0,-0.30322519896493577,0.18371874444131292
1000,271,naive,psi1,0.12897212696043747,0.1745266809562735
1000,271,corrected,psi0,1.0084093530903557,0.2131213909963761
1000,271,corrected,psi1,0.6336177414414271,0.20192957804483075
1000,272,naive,psi0,-0.2528485785177197,0.1883990848332848
1000,272,naive,psi1,-0.042035740974130494,0.2185414184908705
1000,272,corrected,psi0,1.0432444422756202,0.21820436640904745
1000,272,corrected,psi1,0.4183934193319406,0.250624614334381
1000,273,naive,psi0,-0.43314032045841233,0.18529354058955136
1000,273,naive,psi1,-0.21232755146026963,0.19483879992240227
1000,273,corrected,psi0,0.8396424797147625,0.2159373125902957
1000,273,corrected,psi1,0.31216976084812637,0.22784758961924342
1000,274,naive,psi0,-0.47564427441576407,0.18085572679972503
1000,274,naive,psi1,-0.1468277996689592,0.18283281960239614
1000,274,corrected,psi0,0.7577148665622749,0.20856373753445612
1000,274,corrected,psi1,0.29436607349526794,0.21538959224547438
1000,275,naive,psi0,-0.13712363025010404,0.16708174528098388
1000,275,naive,psi1,-0.10033248397779866,0.17394632451587086
1000,275,corrected,psi0,1.1410107631003046,0.19704612317705805
1000,275,corrected,psi1,0.44956900771924607,0.2042222525076119
1000,276,naive,psi0,-0.17526903271647273,0.18379042268685417
1000,276,naive,psi1,0.030393336077511702,0.190657642672465
1000,276,corrected,psi0,1.1284647156715006,0.21192690572872824
1000,276,corrected,psi1,0.5065135570958592,0.21699852245181286
1000,277,naive,psi0,-0.5956827755171094,0.18680884938408854
1000,277,naive,psi1,0.3884624818106483,0.196577068730504
1000,277,corrected,psi0,0.5619305452252201,0.2188630888589629
1000,277,corrected,psi1,0.9425151333257351,0.23005425975649219
1000,278,naive,psi0,-0.24626636539171917,0.17739046048882026
1000,278,naive,psi1,-0.11756511228030672,0.19158497506491248
1000,278,corrected,psi0,1.0097459314031219,0.20949595093775225
1000,278,corrected,psi1,0.37998013283343635,0.22576153616654934
1000,279,naive,psi0,-0.004363669927934119,0.16800460198534442
1000,279,naive,psi1,-0.06254390681902541,0.17098168332462013
1000,279,corrected,psi0,1.308102530767347,0.1942394960233319
1000,279,corrected,psi1,0.48765661170252816,0.1987754455079287
1000,280,naive,psi0,-0.045460566077383656,0.18430994053816804
1000,280,naive,psi1,0.09427120413250514,0.2191324218473
1000,280,corrected,psi0,1.2243101874327154,0.21489980249228574
1000,280,corrected,psi1,0.6198136278427928,0.2587238080115838
1000,281,naive,psi0,-0.20043856971178317,0.17873214090389997
1000,281,naive,psi1,-0.22026566241422615,0.17159944836307273
1000,281,corrected,psi0,1.0168071722479315,0.20439798925228608
1000,281,corrected,psi1,0.3105835188774458,0.19367318482343837
1000,282,naive,psi0,0.048128867382527266,0.1834276947309096
1000,282,naive,psi1,-0.0863679037087718,0.19121055832915626
1000,282,corrected,psi0,1.3455684498698506,0.2154385871727587
1000,282,corrected,psi1,0.47064251525957695,0.2181378976206897
1000,283,naive,psi0,-0.03603106964610696,0.17090659152955523
1000,283,naive,psi1,-0.5423519224457987,0.1991163134206627
1000,283,corrected,psi0,1.2680782641621215,0.19883843901871814
1000,283,corrected,psi1,-0.15771895428773874,0.2329685743510803
1000,284,naive,psi0,-0.4291833108769932,0.18168231351369893
1000,284,naive,psi1,-0.26042190734577725,0.18152762058013505
1000,284,corrected,psi0,0.7638555660457061,0.21284633498424468
1000,284,corrected,psi1,0.19670736731668323,0.2133063423711574
1000,285,naive,psi0,-0.2879279581129725,0.19062958918470044
1000,285,naive,psi1,0.1479933891642451,0.19617446688134524
1000,285,corrected,psi0,1.0237318627462244,0.22155575898881957
1000,285,corrected,psi1,0.6479381246160775,0.22612621790737994
1000,286,naive,psi0,-0.7534307427238064,0.1843911931118253
1000,286,naive,psi1,-0.02522462249179344,0.20011297602878014
1000,286,corrected,psi0,0.4468840222351557,0.21558403525580008
1000,286,corrected,psi1,0.4846958741466437,0.2329290561626034
1000,287,naive,psi0,0.04817434216931695,0.1768978194034288
1000,287,naive,psi1,0.016066133031201763,0.18331810260012849
1000,287,corrected,psi0,1.3729407143689503,0.20473389246756074
1000,287,corrected,psi1,0.5135304291710241,0.21041753047926504
1000,288,naive,psi0,-0.3141596178913504,0.1770764059434513
1000,288,naive,psi1,-0.17556609601313589,0.19108556675977012
1000,288,corrected,psi0,0.9340057236055861,0.20799419384305012
1000,288,corrected,psi1,0.22327340984537727,0.22724141483419305
1000,289,naive,psi0,-0.582863251321875,0.16511459232115072
1000,289,naive,psi1,-0.017722038012648638,0.19048224642972433
1000,289,corrected,psi0,0.6568445533951569,0.19412384020618095
1000,289,corrected,psi1,0.4718861320859837,0.22386496639179643
1000,290,naive,psi0,-0.11842388651166742,0.1852063859247647
1000,290,naive,psi1,0.21960244586156724,0.1841567581798579
1000,290,corrected,psi0,1.1144430980300952,0.2137120178103019
1000,290,corrected,psi1,0.7570250464969068,0.20947672479869214
1000,291,naive,psi0,-0.4452521258201901,0.1927631281526776
1000,291,naive,psi1,0.0643986268346712,0.20296075049903622
1000,291,corrected,psi0,0.8387952560826386,0.2211218400355461
1000,291,corrected,psi1,0.5306465219799256,0.23033371470146807
1000,292,naive,psi0,-0.36896514929236934,0.18124160407019618
1000,292,naive,psi1,-0.20239816378605255,0.17139032569403015
1000,292,corrected,psi0,0.9167528584250455,0.2092916624878918
1000,292,corrected,psi1,0.30266082580414505,0.20010207940552963
1000,293,naive,psi0,-0.22833492950850903,0.17399675047234806
1000,293,naive,psi1,0.08866005284405869,0.17554844081298535
1000,293,corrected,psi0,1.0506600775990025,0.20387647804079226
1000,293,corrected,psi1,0.6006126910297666,0.2015963149886862
1000,294,naive,psi0,0.007628781764094694,0.16749992387326898
1000,294,naive,psi1,-0.15802555093521162,0.1717766837418702
1000,294,corrected,psi0,1.3489864773768483,0.19179831878474068
1000,294,corrected,psi1,0.2932537800423551,0.1936390435182737
1000,295,naive,psi0,-0.4319309672564677,0.17840587589401014
1000,295,naive,psi1,0.17846329150206935,0.19342575088249545
1000,295,corrected,psi0,0.8001135365503359,0.20616889312701345
1000,295,corrected,psi1,0.6849663805456728,0.22321876475933622
1000,296,naive,psi0,0.015496593076024289,0.18396157497953386
1000,296,naive,psi1,-0.13111276232922087,0.1756593434926307
1000,296,corrected,psi0,1.346054492186705,0.21386742529315889
1000,296,corrected,psi1,0.40746640719780997,0.2066323067246343
1000,297,naive,psi0,-0.05512649275546504,0.19798927057201213
1000,297,naive,psi1,0.13758452381611683,0.206917186824832
1000,297,corrected,psi0,1.2760901033250391,0.22927296200064762
1000,297,corrected,psi1,0.6243397404808806,0.2442479168593289
1000,298,naive,psi0,-0.20702371759234234,0.18416061429565156
1000,298,naive,psi1,0.05409647768089703,0.19641432823302907
1000,298,corrected,psi0,1.1374001842796253,0.21330076791666666
1000,298,corrected,psi1,0.514876849653834,0.22569372928451467
1000,299,naive,psi0,-0.11272692698285927,0.1873032478837617
1000,299,naive,psi1,0.14760683861751595,0.20263869574698676
1000,299,corrected,psi0,1.188014478117755,0.2195392377788052
1000,299,corrected,psi1,0.7568602602922379,0.24242680043301165
1000,300,naive,psi0,-0.5107839681780911,0.1870543655280577
1000,300,naive,psi1,0.3328276019143005,0.1945642853565599
1000,300,corrected,psi0,0.7321763652667855,0.21694989530210124
1000,300,corrected,psi1,0.9034578586547696,0.22128425210062005
1000,301,naive,psi0,-0.32917687574647003,0.1851515491526192
1000,301,naive,psi1,0.2362792655890113,0.2066899714264345
1000,301,corrected,psi0,0.94814128194978,0.22041485778020087
1000,301,corrected,psi1,0.8143664418636182,0.24755637128704994
1000,302,naive,psi0,-0.3252134260995252,0.1725664053202986
1000,302,naive,psi1,0.29214866129824635,0.1739919834289051
1000,302,corrected,psi0,0.9860251667161426,0.20363347506707768
1000,302,corrected,psi1,0.8727562420487682,0.20348471277856126
1000,303,naive,psi0,-0.8861047759234846,0.1869743788745443
1000,303,naive,psi1,-0.23353967741741605,0.2127014987021712
1000,303,corrected,psi0,0.3422800172743643,0.2155469107987119
1000,303,corrected,psi1,0.2173550027325565,0.24200839589026024
1000,304,naive,psi0,-0.2182566476100245,0.1841171485478173
1000,304,naive,psi1,-0.10773473447330445,0.19154931894171118
1000,304,corrected,psi0,1.0218356474517205,0.2144341299061808
1000,304,corrected,psi1,0.3449363197838925,0.2227966194691678
1000,305,naive,psi0,-0.4178311577909728,0.18799301070003485
1000,305,naive,psi1,-0.031877468955927475,0.2159333369940097
1000,305,corrected,psi0,0.8539533064635763,0.22186455849530787
1000,305,corrected,psi1,0.3608303851862864,0.2518737157632137
1000,306,naive,psi0,-0.16292867980357337,0.17764658455616536
1000,306,naive,psi1,0.16869735719504642,0.20349682493169352
1000,306,corrected,psi0,1.097120356166916,0.20677222769980313
1000,306,corrected,psi1,0.6834782194390692,0.23916899640875638
1000,307,naive,psi0,-0.20697320208373024,0.17524240156596593
1000,307,naive,psi1,-0.0389708178868495,0.17856625735060475
1000,307,corrected,psi0,1.1355489533976728,0.20343492410295608
1000,307,corrected,psi1,0.4014277183327056,0.20806623104914593
1000,308,naive,psi0,-0.4209542372793721,0.19058412052497764
1000,308,naive,psi1,0.14898492567343005,0.21673420477403119
1000,308,corrected,psi0,0.8595528317906809,0.22347263642373003
1000,308,corrected,psi1,0.7478433689112621,0.26864277449237983
1000,309,naive,psi0,-0.1291254355583679,0.17365027604042743
1000,309,naive,psi1,-0.11194521758198386,0.18831984476945635
1000,309,corrected,psi0,1.1911140972812386,0.20427921050807216
1000,309,corrected,psi1,0.41071130526860516,0.22173433116815106
1000,310,naive,psi0,-0.5049772405048741,0.19194464321939098
1000,310,naive,psi1,-0.06643152247514808,0.18007205386768335
1000,310,corrected,psi0,0.745894613976812,0.22005096923247888
1000,310,corrected,psi1,0.3994061725890071,0.20522645164695708
1000,311,naive,psi0,-0.24905817615236192,0.18971360163450812
1000,311,naive,psi1,-0.28433767425126,0.1982396262269698
1000,311,corrected,psi0,0.9600291117148747,0.22064034276742944
1000,311,corrected,psi1,0.18336115857371038,0.2310559164353505
1000,312,naive,psi0,-0.4345825272498214,0.18227720573185024
1000,312,naive,psi1,0.5382712770899735,0.19069743310477932
1000,312,corrected,psi0,0.874175624213196,0.20975698606729765
1000,312,corrected,psi1,1.0483271863198926,0.21873225796364637
1000,313,naive,psi0,-0.07171864017253116,0.17698035597577796
1000,313,naive,psi1,-0.014933344534902714,0.18397936118184985
1000,313,corrected,psi0,1.1931727969846697,0.20592384165700814
1000,313,corrected,psi1,0.4790288413921392,0.2150825071036067
1000,314,naive,psi0,-0.25319559308753886,0.1835708235629455
1000,314,naive,psi1,-0.19231357009408487,0.21176482660795076
1000,314,corrected,psi0,1.0367149366733808,0.21028105207002068
1000,314,corrected,psi1,0.31408771005547875,0.24326687339763123
1000,315,naive,psi0,-0.30567525995364464,0.17726247993519506
1000,315,naive,psi1,0.258003972748545,0.2022288939206168
1000,315,corrected,psi0,0.9924279194872789,0.20699256331735494
1000,315,corrected,psi1,0.7896122114202199,0.23344038990442645
1000,316,naive,psi0,0.025124646730781384,0.18864988392882262
1000,316,naive,psi1,0.06138892125351256,0.20954002585945256
1000,316,corrected,psi0,1.3442707797466846,0.2215916834722917
1000,316,corrected,psi1,0.5835239494811756,0.24938411477379757
1000,317,naive,psi0,-0.1560745155502797,0.17574221317375555
1000,317,naive,psi1,-0.19732184025450974,0.2049955013425279
1000,317,corrected,psi0,1.1081544004376935,0.20750408904508572
1000,317,corrected,psi1,0.33882676474683426,0.2465472088491693
1000,318,naive,psi0,-0.09431995826390953,0.1826585115203609
1000,318,naive,psi1,0.006977070984958198,0.18767161628670795
1000,318,corrected,psi0,1.216606125698718,0.212995252208919
1000,318,corrected,psi1,0.4875474288074875,0.22040431699305138
1000,319,naive,psi0,-0.19396927699082275,0.17202210750998878
1000,319,naive,psi1,-0.04193676944076852,0.17736745226756753
1000,319,corrected,psi0,1.0534705385124001,0.19963358440278098
1000,319,corrected,psi1,0.43841615919005755,0.21085537587952158
1000,320,naive,psi0,-0.56611880720764,0.17974015180504319
1000,320,naive,psi1,-0.016264464362129017,0.17696576406858658
1000,320,corrected,psi0,0.7212891376896756,0.21142093710724752
1000,320,corrected,psi1,0.4108325144415956,0.2110332477846703
1000,321,naive,psi0,-0.4132959719744022,0.17294530477603445
1000,321,naive,psi1,0.007393070625449248,0.18226508416105763
1000,321,corrected,psi0,0.825290528739631,0.20430874343207342
1000,321,corrected,psi1,0.516958742245066,0.2156474624701091
1000,322,naive,psi0,-0.3707933044771034,0.19227801208462061
1000,322,naive,psi1,-0.0361248509899245,0.21053277326530714
1000,322,corrected,psi0,0.8752198846965809,0.22125948362754688
1000,322,corrected,psi1,0.46973804540552777,0.23617046226004626
1000,323,naive,psi0,-0.2127079280390425,0.18217352318842564
1000,323,naive,psi1,-0.08395788359040192,0.21333303765266123
1000,323,corrected,psi0,1.0438332896730744,0.2146678334548299
1000,323,corrected,psi1,0.42565289019587005,0.2485445250751084
1000,324,naive,psi0,-0.5950922813080043,0.1733704624998813
1000,324,naive,psi1,0.02600398318692251,0.17173640711560725
1000,324,corrected,psi0,0.6009934859048675,0.2034476965915127
1000,324,corrected,psi1,0.5593229015601529,0.20019134104967234
1000,325,naive,psi0,-0.494490154973629,0.18590467221100865
1000,325,naive,psi1,0.41982914614671785,0.20599834867256475
1000,325,corrected,psi0,0.6934857086041141,0.2179763082536844
1000,325,corrected,psi1,0.9925250172376078,0.2428534757352755
1000,326,naive,psi0,-0.25338208376866406,0.19272041244312854
1000,326,naive,psi1,0.0648199558664096,0.20914701629375498
1000,326,corrected,psi0,1.0396990537541217,0.22408946008428632
1000,326,corrected,psi1,0.6563741188111484,0.25164358818575466
1000,327,naive,psi0,-0.26670362211113197,0.1839006366142354
1000,327,naive,psi1,-0.2594337625356031,0.22035403859435254
1000,327,corrected,psi0,1.0315291748323896,0.21474129065649547
1000,327,corrected,psi1,0.15264909304164417,0.2584936911799035
1000,328,naive,psi0,-0.141612379710003,0.17432641622990822
1000,328,naive,psi1,-0.031233132090021456,0.19767238708972337
1000,328,corrected,psi0,1.198927068166236,0.20317251196086694
1000,328,corrected,psi1,0.4206144784955925,0.230262895546399
1000,329,naive,psi0,-0.07820533231759556,0.18023385107814144
1000,329,naive,psi1,-0.40195969802273596,0.21007927929773618
1000,329,corrected,psi0,1.2098138947615982,0.20874555673170572
1000,329,corrected,psi1,0.03384501909545938,0.23870959833453806
1000,330,naive,psi0,-0.20198025981796008,0.17272266048159352
1000,330,naive,psi1,-0.517707618438894,0.2291939753626558
1000,330,corrected,psi0,1.0756783377734678,0.20198506804173352
1000,330,corrected,psi1,-0.03447823709373305,0.26478982734726697
1000,331,naive,psi0,-0.49760995312835415,0.1897013418209149
1000,331,naive,psi1,0.013030050314121494,0.19021249392570558
1000,331,corrected,psi0,0.7491926694835528,0.22427731565382295
1000,331,corrected,psi1,0.5634510552850314,0.22741410492580516
1000,332,naive,psi0,-0.07885592384182326,0.1766459809435865
1000,332,naive,psi1,0.13600839567298653,0.17122539194055936
1000,332,corrected,psi0,1.2773957038639205,0.2067572185530655
1000,332,corrected,psi1,0.6637020091794525,0.20491521104607352
1000,333,naive,psi0,-0.20985535366884953,0.18850349377917694
1000,333,naive,psi1,-0.13748886330099302,0.19601493408347603
1000,333,corrected,psi0,1.1111192144998194,0.2169338478545075
1000,333,corrected,psi1,0.3433818392138307,0.22548408716200496
1000,334,naive,psi0,-0.20028278181914833,0.17472350913269855
1000,334,naive,psi1,0.20483463806194507,0.17694178281000908
1000,334,corrected,psi0,1.0886574709129833,0.2029627275139072
1000,334,corrected,psi1,0.8159667867457153,0.20618765981903706
1000,335,naive,psi0,-0.17730963828579452,0.19084243863364092
1000,335,naive,psi1,-0.23341802531236858,0.20244820182357345
1000,335,corrected,psi0,1.174158840167473,0.2231273273247877
1000,335,corrected,psi1,0.18413889775416628,0.23851965650723062
1000,336,naive,psi0,-0.25596873839348305,0.18593897294856432
1000,336,naive,psi1,0.28215651525129415,0.19080046382312907
1000,336,corrected,psi0,1.0695456242960126,0.21356577597731108
1000,336,corrected,psi1,0.8773097883122608,0.21874510963103655
1000,337,naive,psi0,-0.4466506815414481,0.17775365594767512
1000,337,naive,psi1,-0.25159436155644516,0.17569890189474055
1000,337,corrected,psi0,0.8304119367678434,0.2048345460854375
1000,337,corrected,psi1,0.2162220312270703,0.20245352777731027
1000,338,naive,psi0,-0.15446497504748308,0.17342164971338428
1000,338,naive,psi1,-0.07715205777049745,0.19265429520148106
1000,338,corrected,psi0,1.1291701927191806,0.20244064102636122
1000,338,corrected,psi1,0.41665419498576317,0.22872183547680347
1000,339,naive,psi0,-0.43506857606563454,0.17968261215235323
1000,339,naive,psi1,-0.28542342369647145,0.18447565649711425
1000,339,corrected,psi0,0.869564851519663,0.20902983307224368
1000,339,corrected,psi1,0.1895271421500388,0.2130017239291912
1000,340,naive,psi0,-0.02689283588384256,0.17687910910538332
1000,340,naive,psi1,0.10118255073552188,0.187421285885372
1000,340,corrected,psi0,1.2146514575693246,0.20696124763469775
1000,340,corrected,psi1,0.7109564635183715,0.22746558541970235
1000,341,naive,psi0,-0.6519254538655053,0.17975691010861272
1000,341,naive,psi1,0.1555367019252875,0.17825082588912683
1000,341,corrected,psi0,0.596452396377127,0.20843454734055736
1000,341,corrected,psi1,0.600423834098924,0.20532677120138526
1000,342,naive,psi0,0.015060024977634055,0.17453267026693614
1000,342,naive,psi1,0.049497343758178367,0.19529468341202122
1000,342,corrected,psi0,1.285820097401394,0.2042037433259654
1000,342,corrected,psi1,0.5694677655256991,0.22195565705946962
1000,343,naive,psi0,-0.4229742621398416,0.1752760765288958
1000,343,naive,psi1,-0.005662544535633529,0.18588436540235415
1000,343,corrected,psi0,0.8280783086510171,0.2006053396318924
1000,343,corrected,psi1,0.46267424102116916,0.20894407581984617
1000,344,naive,psi0,0.08959586765899602,0.18708690332225214
1000,344,naive,psi1,0.2224940440154414,0.2044267328659205
1000,344,corrected,psi0,1.3943124531560287,0.22024692306674076
1000,344,corrected,psi1,0.7657733245364919,0.2386682905947735
1000,345,naive,psi0,-0.12473772349548552,0.17439700292435187
1000,345,naive,psi1,-0.20809372906509788,0.1663094736679183
1000,345,corrected,psi0,1.1954208618822366,0.19982124518881633
1000,345,corrected,psi1,0.2334718781268189,0.18924289612230602
1000,346,naive,psi0,-0.02548335172817212,0.17677630865095856
1000,346,naive,psi1,0.27461596001373434,0.187186206072392
1000,346,corrected,psi0,1.3421352787018086,0.20690020010511026
1000,346,corrected,psi1,0.7505978999182145,0.2179034958463371
1000,347,naive,psi0,-0.3107934853321922,0.18368944648819763
1000,347,naive,psi1,0.139159056807536,0.18748628596612613
1000,347,corrected,psi0,0.8891385193724551,0.2135458650966139
1000,347,corrected,psi1,0.6781173806794717,0.21811812030673888
1000,348,naive,psi0,-0.233038907227175,0.17852004618039663
1000,348,naive,psi1,0.25676537399314586,0.1925074773600803
1000,348,corrected,psi0,1.076156057988144,0.20791686109932653
1000,348,corrected,psi1,0.7881541848278497,0.22332482583281602
1000,349,naive,psi0,-0.22451136541058156,0.18462996807097073
1000,349,naive,psi1,0.20487041447428694,0.18873085597683084
1000,349,corrected,psi0,1.1078070305037584,0.21603973080569344
1000,349,corrected,psi1,0.7207818786674598,0.2268594751438782
1000,350,naive,psi0,-0.16465365300848328,0.18598666805822145
1000,350,naive,psi1,0.05677991752912227,0.21136242957749113
1000,350,corrected,psi0,1.1072402313407108,0.21448648309537224
1000,350,corrected,psi1,0.5221364977483246,0.24256501591090973
1000,351,naive,psi0,-0.20407176039938416,0.17865008135231475
1000,351,naive,psi1,-0.08188983948990512,0.17856626194011047
1000,351,corrected,psi0,1.1201684789214343,0.20537529483821912
1000,351,corrected,psi1,0.4239584589828566,0.2021765173188293
1000,352,naive,psi0,-0.3117417344035554,0.17277195711768192
1000,352,naive,psi1,-0.23972787734345755,0.17161036126010734
1000,352,corrected,psi0,0.9480702685144753,0.20201317139700406
1000,352,corrected,psi1,0.26551187397722437,0.19966612160306865
1000,353,naive,psi0,-0.46851016091657577,0.18127194231740923
1000,353,naive,psi1,-0.10526320817740026,0.18813629558878617
1000,353,corrected,psi0,0.6399708080835728,0.20948895097483142
1000,353,corrected,psi1,0.41459967478697096,0.21999976379685232
1000,354,naive,psi0,-0.17942288130092193,0.1864312350630619
1000,354,naive,psi1,0.14183709616903242,0.21113908099707993
1000,354,corrected,psi0,1.1724583081422946,0.21479945267710546
1000,354,corrected,psi1,0.6347377940353719,0.2429940190001095
1000,355,naive,psi0,-0.3497861473772298,0.17459288681273372
1000,355,naive,psi1,-0.17522591729682788,0.18521330990047136
1000,355,corrected,psi0,0.7948388450134216,0.20732789745348193
1000,355,corrected,psi1,0.27843192804570843,0.22526384249522435
1000,356,naive,psi0,-0.3001181835187742,0.18130958274180894
1000,356,naive,psi1,-0.18003447249510185,0.18084318737257915
1000,356,corrected,psi0,0.9477998146200521,0.20927398398185673
1000,356,corrected,psi1,0.2253335228361399,0.20914502311518207
1000,357,naive,psi0,-0.17048458702391306,0.17868371200517458
1000,357,naive,psi1,-0.06004245172626952,0.18286516693920238
1000,357,corrected,psi0,1.145517135765258,0.2086096819074062
1000,357,corrected,psi1,0.3386676762498852,0.2114591651277538
1000,358,naive,psi0,-0.5049156783971109,0.18077466054425476
1000,358,naive,psi1,-0.24875405276869167,0.1751961257193003
1000,358,corrected,psi0,0.7120302232673048,0.2096374915363281
1000,358,corrected,psi1,0.25038394104550865,0.202439715780146
1000,359,naive,psi0,-0.14688261264978245,0.18005454525715933
1000,359,naive,psi1,0.04350469653038671,0.17941969968318394
1000,359,corrected,psi0,1.0942661501180226,0.20787571910874153
1000,359,corrected,psi1,0.5545539424174247,0.20931184323023996
1000,360,naive,psi0,-0.2911219547409827,0.19398862739488043
1000,360,naive,psi1,0.030343077097277276,0.20738528654727933
1000,360,corrected,psi0,1.0667427549899913,0.22291794823564506
1000,360,corrected,psi1,0.5490812388370904,0.2369878251620886
1000,361,naive,psi0,-0.2828867800525773,0.18032251738669836
1000,361,naive,psi1,-0.26521078485983884,0.20131335042171303
1000,361,corrected,psi0,1.0322850100440792,0.2080298426851747
1000,361,corrected,psi1,0.21583022247435157,0.22951768598559288
1000,362,naive,psi0,-0.35535867116414516,0.1811487445599011
1000,362,naive,psi1,0.04578075521293725,0.1886287750473219
1000,362,corrected,psi0,0.8556831300335022,0.20929257959779732
1000,362,corrected,psi1,0.5576135472448769,0.2175446170053582
1000,363,naive,psi0,-0.4529020989859951,0.19454268400429472
1000,363,naive,psi1,-0.08927185664901695,0.19922192888961365
1000,363,corrected,psi0,0.7828860204348477,0.2265124372930656
1000,363,corrected,psi1,0.3436567815873465,0.23276797443656166
1000,364,naive,psi0,-0.5623987957120254,0.1828551831207491
1000,364,naive,psi1,-0.03674243601971898,0.19171533017296097
1000,364,corrected,psi0,0.7179742295522983,0.21383426592864266
1000,364,corrected,psi1,0.305444147693393,0.2242077055234876
1000,365,naive,psi0,-0.3967943895295475,0.17485229913270092
1000,365,naive,psi1,-0.3181442094777079,0.214259042942476
1000,365,corrected,psi0,0.8864561885161717,0.20285443294292124
1000,365,corrected,psi1,0.07807186189286952,0.24696475685803482
1000,366,naive,psi0,-0.29118625792135194,0.1646088949013102
1000,366,naive,psi1,0.2267713311856902,0.18210956637297476
1000,366,corrected,psi0,0.9687085603952905,0.18982835082678948
1000,366,corrected,psi1,0.7312972904613795,0.20570459342630576
1000,367,naive,psi0,-0.5104357420737837,0.18032846424360705
1000,367,naive,psi1,-0.1714333638202657,0.187311646972394
1000,367,corrected,psi0,0.7440612878160985,0.20937886279774823
1000,367,corrected,psi1,0.29636102830973615,0.2171632357793042
1000,368,naive,psi0,-0.32015819197555956,0.18007383502095045
1000,368,naive,psi1,-0.09952619005990249,0.1843904283000782
1000,368,corrected,psi0,0.8607209291175943,0.20999166913790876
1000,368,corrected,psi1,0.42582274518998925,0.2149068018831517
1000,369,naive,psi0,-0.30017350474688365,0.18340402558377183
1000,369,naive,psi1,-0.28563870721298523,0.2008753629400721
1000,369,corrected,psi0,0.9587361466530074,0.2126572571721946
1000,369,corrected,psi1,0.059794589260169964,0.23269224704872965
1000,370,naive,psi0,-0.2736287435742303,0.18459931639147592
1000,370,naive,psi1,-0.06713540270361772,0.21379270495274583
1000,370,corrected,psi0,0.9409358141504366,0.21597610457224492
1000,370,corrected,psi1,0.42523655538127436,0.2537263163626812
1000,371,naive,psi0,-0.05357191943452554,0.1972143311389779
1000,371,naive,psi1,0.17860642266571453,0.20546504576846772
1000,371,corrected,psi0,1.2620636866819834,0.22608899272203284
1000,371,corrected,psi1,0.8198178423804524,0.24088901440396507
1000,372,naive,psi0,-0.3080183916973395,0.17752227498314138
1000,372,naive,psi1,0.24134451823227174,0.2039174980405101
1000,372,corrected,psi0,0.9931150104584436,0.20783041437754593
1000,372,corrected,psi1,0.7537344717690254,0.23533731877622097
1000,373,naive,psi0,-0.3476117442483688,0.17223728473122701
1000,373,naive,psi1,0.0867541610539219,0.19268153674974692
1000,373,corrected,psi0,0.9352701668627111,0.1987120449068443
1000,373,corrected,psi1,0.6155693350148997,0.22350427823663638
1000,374,naive,psi0,-0.2665102983435987,0.1870212343743921
1000,374,naive,psi1,0.004010576524342301,0.2003029968952367
1000,374,corrected,psi0,1.02580559825019,0.21890513745458762
1000,374,corrected,psi1,0.5213819800913395,0.2375459866594753
1000,375,naive,psi0,-0.48043342195334016,0.1831471614716902
1000,375,naive,psi1,0.09529360579193545,0.19011018491317888
1000,375,corrected,psi0,0.8255512609929505,0.21218040784840903
1000,375,corrected,psi1,0.6911206193548838,0.2240194324666638
1000,376,naive,psi0,-0.26865899333853477,0.17593998031131083
1000,376,naive,psi1,-0.03379431754667968,0.1703577092904966
1000,376,corrected,psi0,0.9948210660579815,0.20694960498796738
1000,376,corrected,psi1,0.4551716536763601,0.20578441996651806
1000,377,naive,psi0,-0.5650707364793713,0.18312305574639198
1000,377,naive,psi1,-0.04730279791472559,0.18902506914260142
1000,377,corrected,psi0,0.6344380649337941,0.21494994353162805
1000,377,corrected,psi1,0.4314831370939681,0.2252208326045135
1000,378,naive,psi0,-0.24062653468395753,0.17416474286600384
1000,378,naive,psi1,-0.36193758623439715,0.17191614616148646
1000,378,corrected,psi0,1.0343511766169102,0.20577049219038004
1000,378,corrected,psi1,0.054596178926680734,0.20328604590406418
1000,379,naive,psi0,-0.19419011616658916,0.17569967441871615
1000,379,naive,psi1,-0.20954438731796005,0.17498491348408177
1000,379,corrected,psi0,1.102215570759408,0.20398493915076601
1000,379,corrected,psi1,0.2867074641388406,0.2012644568598695
1000,380,naive,psi0,-0.9060225091672481,0.18624994058242755
1000,380,naive,psi1,-0.12230871428621147,0.18319293249248847
1000,380,corrected,psi0,0.361870985334153,0.21640613587938132
1000,380,corrected,psi1,0.43153429960564815,0.21424849011701086
1000,381,naive,psi0,-0.17010530908609076,0.1830472138408695
1000,381,naive,psi1,-0.11399800840760332,0.18129135990413708
1000,381,corrected,psi0,1.1103197128632578,0.2134353263377838
1000,381,corrected,psi1,0.32838286708811004,0.21351334458374904
1000,382,naive,psi0,-0.4445767447679386,0.18218636937617633
1000,382,naive,psi1,-0.29337850560587003,0.197342293531118
1000,382,corrected,psi0,0.9037948914565962,0.2101530441997563
1000,382,corrected,psi1,0.03628761240667708,0.2282782798793346
1000,383,naive,psi0,-0.17511768834884991,0.1842747169416965
1000,383,naive,psi1,-0.24147022309521773,0.18778219063411203
1000,383,corrected,psi0,1.0626438066145707,0.21610693966352068
1000,383,corrected,psi1,0.20601829652657216,0.2184372030342173
1000,384,naive,psi0,-0.57236609807991,0.17914792301504
1000,384,naive,psi1,-0.12759125153428127,0.17848232080123239
1000,384,corrected,psi0,0.6974258316656514,0.2082155921756867
1000,384,corrected,psi1,0.37258120484317125,0.20408027306251103
1000,385,naive,psi0,0.0025801193100830023,0.17586387986725432
1000,385,naive,psi1,-0.015623796360067686,0.19488878610577204
1000,385,corrected,psi0,1.33625955854767,0.20387767365400092
1000,385,corrected,psi1,0.51498959738116,0.22210790589401902
1000,386,naive,psi0,-0.1524147254231657,0.1815549313455804
1000,386,naive,psi1,-0.3193160296146037,0.19304220628852248
1000,386,corrected,psi0,1.0793218112035552,0.2134467130375412
1000,386,corrected,psi1,0.14309137081594478,0.22754818788121564
1000,387,naive,psi0,0.00897905552288862,0.1860711042518316
1000,387,naive,psi1,0.027213667493363132,0.1914731704895088
1000,387,corrected,psi0,1.3557885268742484,0.2156413364425613
1000,387,corrected,psi1,0.4899239524073626,0.21882194890952297
1000,388,naive,psi0,-0.2770314775444747,0.1668169305934441
1000,388,naive,psi1,0.017739534225940306,0.17289369456657835
1000,388,corrected,psi0,1.018297424674023,0.19372564934475067
1000,388,corrected,psi1,0.5231949581420602,0.20090174875179523
1000,389,naive,psi0,-0.4118942513885503,0.17491973937193728
1000,389,naive,psi1,0.13989294934692756,0.18046092236444014
1000,389,corrected,psi0,0.7671553678298606,0.2052017977757804
1000,389,corrected,psi1,0.7119975771864502,0.20814262870252354
1000,390,naive,psi0,-0.3171414552120972,0.18859804026973956
1000,390,naive,psi1,-0.2583733228962128,0.18535725664021038
1000,390,corrected,psi0,0.9111987101611102,0.2185099522463251
1000,390,corrected,psi1,0.26752355611581513,0.21307181308653178
1000,391,naive,psi0,-0.4178838286073131,0.19256065775457681
1000,391,naive,psi1,0.14744492395092698,0.2042869156907729
1000,391,corrected,psi0,0.8307158109300806,0.22426735288752278
1000,391,corrected,psi1,0.6791098885230137,0.23451587973408863
1000,392,naive,psi0,-0.17332845667929303,0.1770708689830066
1000,392,naive,psi1,-0.17948642352029298,0.2064842276641321
1000,392,corrected,psi0,1.1555820399838521,0.20681112435401092
1000,392,corrected,psi1,0.25287889769896754,0.23958468217784157
1000,393,naive,psi0,-0.1927949836500903,0.18666454838344218
1000,393,naive,psi1,-0.36107928368068126,0.24835663993454465
1000,393,corrected,psi0,1.050867585814917,0.2175440309790765
1000,393,corrected,psi1,0.08902985647922401,0.2901633892630582
1000,394,naive,psi0,-0.0941313444135555,0.18353888293637058
1000,394,naive,psi1,0.36439766501974574,0.20437215827701805
1000,394,corrected,psi0,1.2681305744952067,0.2163720906765771
1000,394,corrected,psi1,0.8716062522610154,0.2369103521256535
1000,395,naive,psi0,-0.2156274790907839,0.18358541777471374
1000,395,naive,psi1,0.14438245545340517,0.1964142839045461
1000,395,corrected,psi0,1.1506666116158246,0.21674817404596658
1000,395,corrected,psi1,0.6711107628324186,0.23999911031955382
1000,396,naive,psi0,-0.06308002286478616,0.17650206027047852
1000,396,naive,psi1,0.16397357863500112,0.18285752328421728
1000,396,corrected,psi0,1.1808893149801019,0.20399595808717233
1000,396,corrected,psi1,0.6880731999272894,0.21219725408877765
1000,397,naive,psi0,-0.4325955084139817,0.18742908011636608
1000,397,naive,psi1,0.09128742014954783,0.18518526326869372
1000,397,corrected,psi0,0.7419191648315028,0.21961981549616516
1000,397,corrected,psi1,0.6887694256864118,0.22024733129948942
1000,398,naive,psi0,-0.36079976994814783,0.1839098263697523
1000,398,naive,psi1,0.07971123224356318,0.19067216956880076
1000,398,corrected,psi0,0.8184077699831362,0.21543934563131234
1000,398,corrected,psi1,0.691834692066632,0.22550368170334759
1000,399,naive,psi0,-0.37103057896527397,0.1866181505418886
1000,399,naive,psi1,0.12485241815985056,0.18784022486201316
1000,399,corrected,psi0,0.8373940409763161,0.21992760264253997
1000,399,corrected,psi1,0.6206560574945277,0.22312121016950803
1000,400,naive,psi0,-0.022512193844962253,0.1954319328499657
1000,400,naive,psi1,-0.16109496338778231,0.22156885803579557
1000,400,corrected,psi0,1.3515931631077398,0.2272480636496644
1000,400,corrected,psi1,0.40744433685315734,0.26110881903066074
1000,401,naive,psi0,-0.05561069753336275,0.17922138320274802
1000,401,naive,psi1,0.25160950412595456,0.18898501356445552
1000,401,corrected,psi0,1.182857746751399,0.20763113423271692
1000,401,corrected,psi1,0.7817828537230015,0.2168616862460978
1000,402,naive,psi0,-0.3446560144688288,0.17963306031084567
1000,402,naive,psi1,-0.09579823792248529,0.19288687604335927
1000,402,corrected,psi0,0.9128954302995765,0.20998750257246326
1000,402,corrected,psi1,0.4058018652814202,0.21921280566562562
1000,403,naive,psi0,0.06308263973519392,0.1887466803105259
1000,403,naive,psi1,0.03810983621475718,0.21842491633105354
1000,403,corrected,psi0,1.357171212799904,0.21812950130587147
1000,403,corrected,psi1,0.5876183627202949,0.24862663937038698
1000,404,naive,psi0,-0.5119813468796273,0.1822519943320493
1000,404,naive,psi1,0.1189865061163537,0.19595812093257742
1000,404,corrected,psi0,0.7015854406920994,0.21106181784656866
1000,404,corrected,psi1,0.5615151083306034,0.2233932644228885
1000,405,naive,psi0,-0.34577470295247476,0.17586461166457112
1000,405,naive,psi1,-0.11800073635649852,0.16514381283990368
1000,405,corrected,psi0,0.9923505298237257,0.20694446934505495
1000,405,corrected,psi1,0.39718319518854234,0.19978592932205752
1000,406,naive,psi0,-0.405877281643854,0.18539802473276962
1000,406,naive,psi1,-0.4163353234937232,0.19898134015798138
1000,406,corrected,psi0,0.862791229750484,0.21311083787479684
1000,406,corrected,psi1,-0.02628462967631773,0.2290864090574738
1000,407,naive,psi0,-0.12204692992831263,0.1824394665901503
1000,407,naive,psi1,0.14128208191430167,0.18484680105810078
1000,407,corrected,psi0,1.1889738483400107,0.2124885991505071
1000,407,corrected,psi1,0.6114082224362726,0.21567643690247104
1000,408,naive,psi0,-0.12616497031694004,0.18886219965322198
1000,408,naive,psi1,-0.26854537259101857,0.20708698600446432
1000,408,corrected,psi0,1.1923309373826194,0.2183340726877943
1000,408,corrected,psi1,0.2933083043727369,0.24821998268984802
1000,409,naive,psi0,-0.3912747618681729,0.16478982089376187
1000,409,naive,psi1,0.15666650585820266,0.18701168460462858
1000,409,corrected,psi0,0.8530539466499298,0.18953583596458848
1000,409,corrected,psi1,0.557556669661138,0.20999743254117761
1000,410,naive,psi0,-0.20943874382744007,0.17801982757602383
1000,410,naive,psi1,0.08170788031206906,0.18051517123684827
1000,410,corrected,psi0,1.1460149897290146,0.20931406282583834
1000,410,corrected,psi1,0.5828493083329789,0.21311432151395907
1000,411,naive,psi0,-0.06675806012353729,0.1828348677021582
1000,411,naive,psi1,-0.14273579778545945,0.17168843688143298
1000,411,corrected,psi0,1.189494239035692,0.2109697261642009
1000,411,corrected,psi1,0.3223903028429796,0.19772531325499515
1000,412,naive,psi0,-0.42666588495769403,0.1942959179830532
1000,412,naive,psi1,0.22509514679110026,0.21549261013208526
1000,412,corrected,psi0,0.8662280837321269,0.22934054645945864
1000,412,corrected,psi1,0.7491122663110125,0.2514156790271402
1000,413,naive,psi0,-0.3414293451143185,0.18974947730065878
1000,413,naive,psi1,0.36004241643293466,0.20306059416242922
1000,413,corrected,psi0,0.8841070657036963,0.22610760154540957
1000,413,corrected,psi1,0.8512316559881455,0.24334334035734023
1000,414,naive,psi0,-0.3889951669290379,0.18099504060372826
1000,414,naive,psi1,0.24760176444096033,0.18433128095148493
1000,414,corrected,psi0,0.9013721699777946,0.21205498362167155
1000,414,corrected,psi1,0.8007532244520905,0.21273901636686154
1000,415,naive,psi0,-0.3872451193216562,0.18431912616819854
1000,415,naive,psi1,0.0378694714373325,0.18541783746279303
1000,415,corrected,psi0,0.8914882200706078,0.21778199931840417
1000,415,corrected,psi1,0.5324069587079253,0.21864634684863993
1000,416,naive,psi0,-0.38550504894677623,0.17516743449943642
1000,416,naive,psi1,0.3284905480461302,0.18707197220475363
1000,416,corrected,psi0,0.8332576419327294,0.2045889704043985
1000,416,corrected,psi1,0.9395661345697321,0.22531242794527145
1000,417,naive,psi0,-0.47201350145521637,0.18302511027654872
1000,417,naive,psi1,0.02336092168418555,0.20171414790078915
1000,417,corrected,psi0,0.7723835671963001,0.21432962792486127
1000,417,corrected,psi1,0.4665520680450672,0.23082820563173878
1000,418,naive,psi0,-0.44177059964664783,0.17817460614310726
1000,418,naive,psi1,-0.013109375215949324,0.19561989943774807
1000,418,corrected,psi0,0.787928903606718,0.20753406470930752
1000,418,corrected,psi1,0.4491376492657963,0.22560760626414306
1000,419,naive,psi0,-0.4540747738974034,0.17680362477310066
1000,419,naive,psi1,0.31334331022443535,0.17815166678409122
1000,419,corrected,psi0,0.8311057392513103,0.20263339542154607
1000,419,corrected,psi1,0.8509537461373944,0.20685549808969314
1000,420,naive,psi0,-0.3444204518749954,0.18931844578478513
1000,420,naive,psi1,0.005002549532293279,0.20978672575032195
1000,420,corrected,psi0,0.9154769314977101,0.22015014906428274
1000,420,corrected,psi1,0.4515309873560189,0.2487654926326921
1000,421,naive,psi0,-0.15027538550099362,0.19179485875336275
1000,421,naive,psi1,-0.055118576874321354,0.19025890256378247
1000,421,corrected,psi0,1.173824068471698,0.2237321200302605
1000,421,corrected,psi1,0.47144081863721315,0.22342742261077705
1000,422,naive,psi0,-0.06498214756813442,0.18458770465058275
1000,422,naive,psi1,0.05964102329515633,0.18981503735749045
1000,422,corrected,psi0,1.2586424135754495,0.21716623027376833
1000,422,corrected,psi1,0.6199783608368028,0.22258707399292885
1000,423,naive,psi0,-0.06443261208304815,0.16352114745262122
1000,423,naive,psi1,-0.38631094035817554,0.17273817682065115
1000,423,corrected,psi0,1.2353947151415317,0.18860313091145914
1000,423,corrected,psi1,0.09046041388741376,0.19777041564553066
1000,424,naive,psi0,-0.35895988266318857,0.18348343606613202
1000,424,naive,psi1,0.057540375006870544,0.21217288228263068
1000,424,corrected,psi0,0.8654795098602835,0.21396839546036162
1000,424,corrected,psi1,0.5262766277844,0.25056485634898273
1000,425,naive,psi0,-0.4729102885834747,0.17106082539844056
1000,425,naive,psi1,-0.004271184333405963,0.1872950211074734
1000,425,corrected,psi0,0.818794968063602,0.19935142103611422
1000,425,corrected,psi1,0.4241297931464885,0.21671115521212755
1000,426,naive,psi0,-0.481711477339536,0.1813364185343759
1000,426,naive,psi1,-0.04113409864929559,0.18031769745600926
1000,426,corrected,psi0,0.6967860841662481,0.2080239690340496
1000,426,corrected,psi1,0.5028991052495323,0.20683447508662142
1000,427,naive,psi0,-0.2766914077103902,0.17582170846812084
1000,427,naive,psi1,-0.05511955764625653,0.1811852110087529
1000,427,corrected,psi0,1.0324988449083883,0.20349837066195836
1000,427,corrected,psi1,0.3797441615065601,0.20977532829574774
1000,428,naive,psi0,-0.2105533599015362,0.18451941628201302
1000,428,naive,psi1,0.13964906037140698,0.1807306139386482
1000,428,corrected,psi0,1.0333586820589782,0.2150692332256786
1000,428,corrected,psi1,0.6924345474579433,0.2096699692608723
1000,429,naive,psi0,-0.07457964554584003,0.16844136080533265
1000,429,naive,psi1,-0.037209927239514294,0.17397566569829273
1000,429,corrected,psi0,1.2159529335284465,0.19251833296553253
1000,429,corrected,psi1,0.5235322589042063,0.19725251755418097
1000,430,naive,psi0,-0.3064829519365523,0.17817619768759624
1000,430,naive,psi1,0.037606790737070975,0.17462560019854717
1000,430,corrected,psi0,1.0097547646061527,0.2095634830532778
1000,430,corrected,psi1,0.5533832275121303,0.2090203090921034
1000,431,naive,psi0,-0.33517846139701624,0.18346881103084492
1000,431,naive,psi1,0.15571333944668136,0.1774701348580976
1000,431,corrected,psi0,0.9692977372265251,0.21145084473287154
1000,431,corrected,psi1,0.6692703941889692,0.20909178086397537
1000,432,naive,psi0,-0.004696566420052615,0.17696220221456058
1000,432,naive,psi1,-0.041083035824903295,0.177291545039844
1000,432,corrected,psi0,1.358904356173484,0.2062484761331137
1000,432,corrected,psi1,0.35746578489482145,0.208491654715064
1000,433,naive,psi0,-0.2994686836285324,0.17402942602796634
1000,433,naive,psi1,0.23496738452965665,0.189203185937161
1000,433,corrected,psi0,0.9149840699929502,0.20357983381561198
1000,433,corrected,psi1,0.7593892568205446,0.22301294489821208
1000,434,naive,psi0,-0.4397094394429603,0.17315158005858616
1000,434,naive,psi1,-0.13551748252660348,0.1863778628891228
1000,434,corrected,psi0,0.7883756517846099,0.20199040271503307
1000,434,corrected,psi1,0.3495107069633002,0.21272370267951018
1000,435,naive,psi0,-0.17412806801760078,0.1794653892296739
1000,435,naive,psi1,-0.07948554733950862,0.18834178107555696
1000,435,corrected,psi0,1.1217470026103504,0.2081170957707649
1000,435,corrected,psi1,0.43023360785638287,0.21892987736640823
1000,436,naive,psi0,-0.2592507147611409,0.18754628609432367
1000,436,naive,psi1,0.35044855702587824,0.2099452823283687
1000,436,corrected,psi0,1.0165683800082044,0.21507820943201542
1000,436,corrected,psi1,0.8952486820080772,0.23956054724508996
1000,437,naive,psi0,-0.09969977936095195,0.17241637767115242
1000,437,naive,psi1,-0.07008559071175118,0.167080750327446
1000,437,corrected,psi0,1.159911363847705,0.19923843078677106
1000,437,corrected,psi1,0.4469399402562576,0.19278089811914706
1000,438,naive,psi0,-0.18507165991607674,0.17680402340752951
1000,438,naive,psi1,0.0064838219169515736,0.16669595930125794
1000,438,corrected,psi0,1.1604606114675324,0.20577346536068458
1000,438,corrected,psi1,0.5150497504625574,0.1884646005557121
1000,439,naive,psi0,-0.16179235511192075,0.1708980954175204
1000,439,naive,psi1,0.04708882495067447,0.18824458226860963
1000,439,corrected,psi0,1.2364746726394331,0.19898908269810522
1000,439,corrected,psi1,0.5067740887208201,0.2233367515976744
1000,440,naive,psi0,-0.30446147068548063,0.17257438296868466
1000,440,naive,psi1,0.13219886066714506,0.17224880460059933
1000,440,corrected,psi0,0.9767573872233984,0.2009478795154577
1000,440,corrected,psi1,0.6460196962782279,0.198491217193258
1000,441,naive,psi0,-0.30417540802138776,0.1789299693715736
1000,441,naive,psi1,0.022713540856199244,0.18440874700522394
1000,441,corrected,psi0,1.000757323803533,0.20709140937601453
1000,441,corrected,psi1,0.5365232662934035,0.2130284125136064
1000,442,naive,psi0,-0.6902423377415038,0.1799724586343118
1000,442,naive,psi1,-0.16290446120118893,0.2066851011342325
1000,442,corrected,psi0,0.5628495142945675,0.20756691615553216
1000,442,corrected,psi1,0.3341855272054666,0.23269960586428026
1000,443,naive,psi0,-0.3789259465853396,0.18727603338387222
1000,443,naive,psi1,-0.19538422357803303,0.19185597456273382
1000,443,corrected,psi0,0.9263033800133001,0.21566939455441547
1000,443,corrected,psi1,0.3020925712224592,0.2237091072170256
1000,444,naive,psi0,-0.29067260500165876,0.1760194577545941
1000,444,naive,psi1,-0.3504599494240906,0.1844889109968642
1000,444,corrected,psi0,0.8182315833385977,0.20715063593697264
1000,444,corrected,psi1,0.1537151521656047,0.21685080713512972
1000,445,naive,psi0,-0.22727611327133984,0.19463040954595495
1000,445,naive,psi1,-0.018927281856250866,0.19901360254171355
1000,445,corrected,psi0,1.0412320358005138,0.22684534256624697
1000,445,corrected,psi1,0.473006461338733,0.23276552250780233
1000,446,naive,psi0,-0.1599253431476201,0.17198491604121985
1000,446,naive,psi1,-0.2286011767961704,0.1742494021625327
1000,446,corrected,psi0,1.1557816883156158,0.1988536017189729
1000,446,corrected,psi1,0.20088149799430663,0.20088410682648655
1000,447,naive,psi0,-0.1372116947893012,0.17288980723095815
1000,447,naive,psi1,0.10265012551514521,0.16822925073734454
1000,447,corrected,psi0,1.2030291680479936,0.20201986895294222
1000,447,corrected,psi1,0.6549525212601931,0.19616932847955615
1000,448,naive,psi0,-0.4112695640364892,0.1852901376645031
1000,448,naive,psi1,-0.21496933015879843,0.21580816188670174
1000,448,corrected,psi0,0.8829967997055381,0.21666365546240887
1000,448,corrected,psi1,0.22362835428619512,0.25172462439710713
1000,449,naive,psi0,-0.13610575945223485,0.17474806420697417
1000,449,naive,psi1,0.019252922227208598,0.17117818620007128
1000,449,corrected,psi0,1.1010967049250524,0.20579356304759833
1000,449,corrected,psi1,0.5458121229687488,0.2022928755327164
1000,450,naive,psi0,-0.10200414524112107,0.18688006350698025
1000,450,naive,psi1,0.09500461603480888,0.19561465637433004
1000,450,corrected,psi0,1.2582376816569456,0.21831046929579587
1000,450,corrected,psi1,0.6279923589320671,0.22418210912574296
1000,451,naive,psi0,-0.34854622251431494,0.18059566643691075
1000,451,naive,psi1,-0.36716638711617855,0.18599868071807923
1000,451,corrected,psi0,0.8312429527466452,0.20763029896117086
1000,451,corrected,psi1,0.10358396348606656,0.2159412145587743
1000,452,naive,psi0,-0.5663743043739701,0.18166871749152966
1000,452,naive,psi1,-0.07237710981259009,0.2235505948450841
1000,452,corrected,psi0,0.6299978756251516,0.21299726342481276
1000,452,corrected,psi1,0.4819846453815227,0.2592402097204244
1000,453,naive,psi0,-0.32926737046039256,0.1845636553559138
1000,453,naive,psi1,0.14692891640331016,0.1998635193003549
1000,453,corrected,psi0,1.044866508018975,0.21252166714424142
1000,453,corrected,psi1,0.6877554524986537,0.2322892869186414
1000,454,naive,psi0,-0.13833069381460317,0.18236577191020628
1000,454,naive,psi1,0.12900869618243854,0.19865342377438266
1000,454,corrected,psi0,1.2243261714936615,0.21236720026899814
1000,454,corrected,psi1,0.6612624239308055,0.23285805815046412
1000,455,naive,psi0,-0.34762066063474667,0.1712586695782978
1000,455,naive,psi1,-0.315961189252732,0.18385330645956438
1000,455,corrected,psi0,0.9150274984727748,0.19971129002418142
1000,455,corrected,psi1,0.2244513068580081,0.21614193615206082
1000,456,naive,psi0,-0.11647304795669716,0.16822569708901464
1000,456,naive,psi1,-0.13410089248927964,0.17918371517783246
1000,456,corrected,psi0,1.20017768680357,0.19723341583296955
1000,456,corrected,psi1,0.3609319624668712,0.21100254477144229
1000,457,naive,psi0,-0.3625427635555509,0.17780781708637267
1000,457,naive,psi1,-0.07154830139685672,0.1791617007524817
1000,457,corrected,psi0,0.9447793049000537,0.21051007694921653
1000,457,corrected,psi1,0.42102412427142627,0.20988911327910353
1000,458,naive,psi0,-0.10522671305190123,0.17672612031268664
1000,458,naive,psi1,-0.08586953667976167,0.20706160242675448
1000,458,corrected,psi0,1.1712842155523473,0.20649223121577764
1000,458,corrected,psi1,0.3787120793881902,0.24681102088253642
1000,459,naive,psi0,-0.35574716572438075,0.16301675642057945
1000,459,naive,psi1,0.31945563778375935,0.1616579609407428
1000,459,corrected,psi0,0.8824213805322132,0.19100292975777658
1000,459,corrected,psi1,0.9274354845528191,0.18993172290589763
1000,460,naive,psi0,-0.3543169948479316,0.18970241396057447
1000,460,naive,psi1,0.31980757234975205,0.20493830101199836
1000,460,corrected,psi0,0.9360101599075847,0.21694904497495546
1000,460,corrected,psi1,0.9174806943950573,0.23500970357442852
1000,461,naive,psi0,-0.3825844789936193,0.17826482217552322
1000,461,naive,psi1,-0.15986995055235512,0.19651616142042239
1000,461,corrected,psi0,0.8306058147764904,0.2094906606591952
1000,461,corrected,psi1,0.36749912513373645,0.23797323410287105
1000,462,naive,psi0,-0.0030374134391530794,0.19476872332584674
1000,462,naive,psi1,-0.19766974826600317,0.1954263397289719
1000,462,corrected,psi0,1.3544074087889613,0.22779624310689434
1000,462,corrected,psi1,0.2839067919461594,0.22865643460514598
1000,463,naive,psi0,-0.36030917872990464,0.1904203153932601
1000,463,naive,psi1,0.03152510845034118,0.21458565413701478
1000,463,corrected,psi0,0.8575527867835889,0.2177434396102472
1000,463,corrected,psi1,0.5438430374393304,0.2454388581620064
1000,464,naive,psi0,-0.43953202606775793,0.1837131617074077
1000,464,naive,psi1,0.21531228963433865,0.19672551897372534
1000,464,corrected,psi0,0.8011592723320051,0.21290947078827427
1000,464,corrected,psi1,0.7297836726705784,0.23083547214186073
1000,465,naive,psi0,-0.27718569089963496,0.1858902409452632
1000,465,naive,psi1,-0.04877758343262057,0.21890489691558762
1000,465,corrected,psi0,0.8957844984165659,0.2160094473633033
1000,465,corrected,psi1,0.506104076869019,0.252400511893883
1000,466,naive,psi0,-0.1182359829207486,0.17510329105243122
1000,466,naive,psi1,-0.05551741316885788,0.19137697776814608
1000,466,corrected,psi0,1.1410014953512908,0.20591071085209056
1000,466,corrected,psi1,0.4676465307070568,0.2305578891571256
1000,467,naive,psi0,-0.22183395490189048,0.18030255885902277
1000,467,naive,psi1,-0.1743798411814356,0.19414802588618923
1000,467,corrected,psi0,1.036207686057085,0.21020891610245207
1000,467,corrected,psi1,0.2705932789521789,0.2261912306926672
1000,468,naive,psi0,-0.11112803282227696,0.17594421721467954
1000,468,naive,psi1,-0.32984505554270405,0.18427113990677796
1000,468,corrected,psi0,1.101713769535013,0.204357998033859
1000,468,corrected,psi1,0.12591401993389412,0.21010235052932238
1000,469,naive,psi0,-0.23452620623963744,0.16845805503647351
1000,469,naive,psi1,0.10328015150102944,0.18260748704739008
1000,469,corrected,psi0,1.072712996398094,0.19761711770351112
1000,469,corrected,psi1,0.6894431749611807,0.21199921553432544
1000,470,naive,psi0,-0.2816118205473893,0.17013159661116933
1000,470,naive,psi1,0.1320500544175244,0.16410805450843155
1000,470,corrected,psi0,1.0077650347865956,0.1985986460010987
1000,470,corrected,psi1,0.6622261470651165,0.1952943526828002
1000,471,naive,psi0,-0.5007793615846533,0.17941108965541583
1000,471,naive,psi1,0.18178835151188505,0.19860189370780867
1000,471,corrected,psi0,0.7418696430628968,0.20711582408743928
1000,471,corrected,psi1,0.603937159974189,0.23209226630101062
1000,472,naive,psi0,-0.25591737813205834,0.18338711156090534
1000,472,naive,psi1,-0.15190237321478103,0.19350919653389573
1000,472,corrected,psi0,1.0241791001165017,0.21229893088077356
1000,472,corrected,psi1,0.42468185084672744,0.23060175587322435
1000,473,naive,psi0,-0.3537528650140702,0.1790385688969498
1000,473,naive,psi1,0.15556939872571507,0.18757126297546625
1000,473,corrected,psi0,0.9284056056746619,0.20948782586239048
1000,473,corrected,psi1,0.6810248320799677,0.22095957764536
1000,474,naive,psi0,-0.34626196147972604,0.17457818211260676
1000,474,naive,psi1,-0.21136863864100638,0.1785400823315035
1000,474,corrected,psi0,0.8594432582864588,0.20188549732426117
1000,474,corrected,psi1,0.20957180889226598,0.2067386486949814
1000,475,naive,psi0,-0.1561233675281856,0.18257226801697168
1000,475,naive,psi1,0.05134358675928983,0.1778093063132705
1000,475,corrected,psi0,1.1523592105861362,0.20868084050233415
1000,475,corrected,psi1,0.4674481049083817,0.20777976148634678
1000,476,naive,psi0,-0.34168039186610893,0.18465099315648514
1000,476,naive,psi1,0.19344822404429585,0.18473047406058304
1000,476,corrected,psi0,0.9254707515880404,0.2142802277104289
1000,476,corrected,psi1,0.6917089811767163,0.2097944634743084
1000,477,naive,psi0,-0.3386836358322324,0.1738788383263918
1000,477,naive,psi1,-0.19453976177923868,0.16944271119268664
1000,477,corrected,psi0,0.9187790487003885,0.2012176127189549
1000,477,corrected,psi1,0.2961512862228994,0.1962165716567
1000,478,naive,psi0,-0.2601195601553232,0.19980529368791444
1000,478,naive,psi1,-0.18633842724970248,0.21211774955328355
1000,478,corrected,psi0,0.9702225993343172,0.23275092281701165
1000,478,corrected,psi1,0.3594821364591175,0.2487473690132268
1000,479,naive,psi0,-0.22079594601351288,0.18767582762600082
1000,479,naive,psi1,0.2411927818088379,0.1867822719301283
1000,479,corrected,psi0,1.0423805010966831,0.21794397833334245
1000,479,corrected,psi1,0.7707598317663047,0.21167402530122825
1000,480,naive,psi0,-0.2919038331058492,0.1758473149216103
1000,480,naive,psi1,-0.1728879696816408,0.19769751149631642
1000,480,corrected,psi0,1.0018649255193852,0.20320942538374875
1000,480,corrected,psi1,0.28611764329095074,0.22781760942664633
1000,481,naive,psi0,-0.3486154839477522,0.1809430556052
1000,481,naive,psi1,0.1911766378376094,0.19168590330465704
1000,481,corrected,psi0,0.8484734725170087,0.21016427420488748
1000,481,corrected,psi1,0.7269071880173058,0.23233211231363726
1000,482,naive,psi0,-0.3648635042845997,0.17439717601477364
1000,482,naive,psi1,-0.20830346044675352,0.19705715136929627
1000,482,corrected,psi0,0.9124774908009128,0.20282098628211354
1000,482,corrected,psi1,0.18694693334232662,0.2283706989500637
1000,483,naive,psi0,-0.016844014148836888,0.18405331951538048
1000,483,naive,psi1,0.11835369380809645,0.19542468978344438
1000,483,corrected,psi0,1.2924185619133897,0.21519212447130098
1000,483,corrected,psi1,0.6873943821478822,0.22864534482960613
1000,484,naive,psi0,-0.3995883730011306,0.1728736158181596
1000,484,naive,psi1,-0.054809524356330616,0.17689608079822455
1000,484,corrected,psi0,0.8328774082383004,0.20297242441500918
1000,484,corrected,psi1,0.3121145710762432,0.210610862232227
1000,485,naive,psi0,-0.4579491242079259,0.18462079893613237
1000,485,naive,psi1,-0.45345313054347963,0.21294376303949553
1000,485,corrected,psi0,0.7584685599509541,0.21238214760336963
1000,485,corrected,psi1,-0.04476512877159282,0.24082866721952223
1000,486,naive,psi0,-0.33143379281982943,0.1831008130313345
1000,486,naive,psi1,0.24609788979146915,0.1942150917708406
1000,486,corrected,psi0,0.8869176554503208,0.21424503660561442
1000,486,corrected,psi1,0.7902919253583167,0.22415269190752699
1000,487,naive,psi0,-0.18758244810442415,0.1897877267424947
1000,487,naive,psi1,0.09344632871084525,0.21381673369281096
1000,487,corrected,psi0,0.9980372022857542,0.22449498273055155
1000,487,corrected,psi1,0.5298574478521315,0.25435118843440613
1000,488,naive,psi0,-0.13346524833347315,0.18422105263319918
1000,488,naive,psi1,-0.04498485094055006,0.188127690030989
1000,488,corrected,psi0,1.1754924020543287,0.2129009129943297
1000,488,corrected,psi1,0.4400468249825534,0.21722915576969662
1000,489,naive,psi0,-0.18523789521520548,0.17383378331631028
1000,489,naive,psi1,0.030439269808934338,0.18029504864058363
1000,489,corrected,psi0,1.1431776861077274,0.20468056970859314
1000,489,corrected,psi1,0.5557883374619584,0.2144402141320657
1000,490,naive,psi0,-0.26227713530210095,0.18740404708689412
1000,490,naive,psi1,0.4924056404390576,0.20121166984598932
1000,490,corrected,psi0,1.0370799334545635,0.21770263702412906
1000,490,corrected,psi1,1.009492838919115,0.23076824733575624
1000,491,naive,psi0,-0.28261911662709577,0.18144675869426508
1000,491,naive,psi1,0.26150760638020276,0.1922365254112285
1000,491,corrected,psi0,1.057731360599917,0.20913053319633837
1000,491,corrected,psi1,0.8091551337554167,0.2213684098723161
1000,492,naive,psi0,-0.1808955348999833,0.18793912427547133
1000,492,naive,psi1,0.11443319942972566,0.20025317374797924
1000,492,corrected,psi0,1.2343187640657407,0.21699882937065135
1000,492,corrected,psi1,0.6584103956798915,0.22877739605660088
1000,493,naive,psi0,-0.3033179677165064,0.17311712550026823
1000,493,naive,psi1,0.10940153826953444,0.1793036666979401
1000,493,corrected,psi0,0.9668408383955416,0.20298328594428053
1000,493,corrected,psi1,0.6483009225840243,0.2045638386101194
1000,494,naive,psi0,-0.1979177811583908,0.1850990774270426
1000,494,naive,psi1,0.017443197205307716,0.19826630548516183
1000,494,corrected,psi0,1.0431659879006778,0.21243205272243917
1000,494,corrected,psi1,0.5052200296202404,0.22370352033039442
1000,495,naive,psi0,-0.5106745334941091,0.17048434349081354
1000,495,naive,psi1,-0.0052408925179384105,0.1773560821766042
1000,495,corrected,psi0,0.7364085685120959,0.19730411578760806
1000,495,corrected,psi1,0.4566154272600375,0.2044609819402293
1000,496,naive,psi0,-0.1342727828002527,0.1834699413658471
1000,496,naive,psi1,-0.11096928199977098,0.18413515122769417
1000,496,corrected,psi0,1.0774871089576796,0.21187729088673038
1000,496,corrected,psi1,0.447997528982806,0.21265200005684465
1000,497,naive,psi0,-0.2011408812239121,0.1795297302524512
1000,497,naive,psi1,0.009950524653702525,0.1882353212009928
1000,497,corrected,psi0,1.1465488916609716,0.20918160759798976
1000,497,corrected,psi1,0.5313951756251577,0.21750993599667348
1000,498,naive,psi0,-0.34359174418073574,0.17405859300971274
1000,498,naive,psi1,0.14636881437251836,0.20219908681907822
1000,498,corrected,psi0,0.914645584992364,0.20331281932208586
1000,498,corrected,psi1,0.6595494094828734,0.2323608584863397
1000,499,naive,psi0,-0.441196568655424,0.18491054417611183
1000,499,naive,psi1,0.31867662181459294,0.20186616421201406
1000,499,corrected,psi0,0.8492538286574778,0.2122043047850656
1000,499,corrected,psi1,0.8509492409406155,0.2316953776433038
1000,500,naive,psi0,-0.21292349761620605,0.18911229683844147
1000,500,naive,psi1,-0.32219315391029113,0.1874946408330782
1000,500,corrected,psi0,1.0595077432726234,0.22347823719673662
1000,500,corrected,psi1,0.08840456538245463,0.22162653801681925
1000,501,naive,psi0,-0.11440696251832,0.17632275141907194
1000,501,naive,psi1,-0.16052634817418576,0.17778741800602693
1000,501,corrected,psi0,1.1516704593855216,0.2038025857576079
1000,501,corrected,psi1,0.25666429728878687,0.20186979974047073
1000,502,naive,psi0,-0.24961851150885797,0.18264163144851878
1000,502,naive,psi1,0.13166978790268416,0.17333975937138002
1000,502,corrected,psi0,1.1109483340206272,0.2157372857899547
1000,502,corrected,psi1,0.6432450235764878,0.2087455580931108
1000,503,naive,psi0,0.032827446204718974,0.1763712875660779
1000,503,naive,psi1,-0.11512268001115515,0.19254947026963873
1000,503,corrected,psi0,1.2897522468088485,0.20524776836656455
1000,503,corrected,psi1,0.3452466822825011,0.22527497499072643
1000,504,naive,psi0,-0.4028959555340213,0.18364943060150482
1000,504,naive,psi1,0.07199558294221656,0.19400404015014214
1000,504,corrected,psi0,0.8579942038028939,0.21613673712263526
1000,504,corrected,psi1,0.652232876552428,0.2314752223417502
1000,505,naive,psi0,-0.30755674184206755,0.1688577588045627
1000,505,naive,psi1,-0.5726266768905022,0.18073382331063687
1000,505,corrected,psi0,0.9989728054323943,0.2002239227625503
1000,505,corrected,psi1,-0.1648205126093132,0.21186359264295546
1000,506,naive,psi0,-0.24436031328407698,0.17531602222341597
1000,506,naive,psi1,0.008896013397282099,0.185653737409285
1000,506,corrected,psi0,1.0628503458245249,0.20028608257090316
1000,506,corrected,psi1,0.38308214179505945,0.213718951218244
1000,507,naive,psi0,-0.1806887338457951,0.17083047239952573
1000,507,naive,psi1,-0.30951409233068417,0.19192101276514864
1000,507,corrected,psi0,1.0986266806566447,0.19783225229982324
1000,507,corrected,psi1,0.03790733746382353,0.21481151862602918
1000,508,naive,psi0,-0.48456629657605577,0.19078295883204321
1000,508,naive,psi1,-0.2794966092630715,0.21435329005003553
1000,508,corrected,psi0,0.8439806728462373,0.22184842187828643
1000,508,corrected,psi1,0.23318546092285397,0.24699981193138695
1000,509,naive,psi0,-0.3332327714086479,0.17813536175077999
1000,509,naive,psi1,0.3431582469511588,0.18269363223369234
1000,509,corrected,psi0,0.8847938695863409,0.20933359151601558
1000,509,corrected,psi1,0.9637657212088498,0.2079465363777749
1000,510,naive,psi0,-0.05101137094019865,0.17934234587057918
1000,510,naive,psi1,-0.15406852336259497,0.20810592467688938
1000,510,corrected,psi0,1.2208814526331262,0.21217571066881974
1000,510,corrected,psi1,0.31792068046214084,0.2509717245812467
1000,511,naive,psi0,-0.28360080014706845,0.17319548200685195
1000,511,naive,psi1,-0.16152297995571444,0.19007102671728818
1000,511,corrected,psi0,1.001128732466221,0.19952178164088147
1000,511,corrected,psi1,0.22090562634097288,0.21658521958543722
1000,512,naive,psi0,-0.08109521066529275,0.19070213071931444
1000,512,naive,psi1,-0.3341443818846748,0.20022770539255824
1000,512,corrected,psi0,1.2591070109319569,0.22241655900609006
1000,512,corrected,psi1,0.09484245375865924,0.23136899444468886
1000,513,naive,psi0,-0.40485009257489507,0.1729411523819746
1000,513,naive,psi1,-0.09674550035771544,0.1809458142088568
1000,513,corrected,psi0,0.8654839651608883,0.20186352969118315
1000,513,corrected,psi1,0.4265708583677089,0.21133202649680546
1000,514,naive,psi0,-0.5521268069049702,0.18461776842732364
1000,514,naive,psi1,0.2312543645871266,0.18135880998890366
1000,514,corrected,psi0,0.6389839001400032,0.21630826696898547
1000,514,corrected,psi1,0.7653063358674921,0.21200278416411375
1000,515,naive,psi0,-0.19164993416686088,0.18271385846776086
1000,515,naive,psi1,0.11382444749202364,0.2067119456847144
1000,515,corrected,psi0,1.1006806850129383,0.21309494924011058
1000,515,corrected,psi1,0.6799536406393556,0.23779335540123547
1000,516,naive,psi0,-0.13633859118629185,0.18069478661655464
1000,516,naive,psi1,0.008488988921897494,0.17432395082072058
1000,516,corrected,psi0,1.1129262695080402,0.21038546281621362
1000,516,corrected,psi1,0.5413352687198513,0.2033411221205235
1000,517,naive,psi0,-0.3333486595807436,0.18965266953042267
1000,517,naive,psi1,-0.08360080126940557,0.20427096521888985
1000,517,corrected,psi0,0.946972123742121,0.21743826060091154
1000,517,corrected,psi1,0.36044798196566796,0.23341478656377115
1000,518,naive,psi0,-0.39332211491483154,0.18239013911432594
1000,518,naive,psi1,0.06264832951667802,0.1805424057572972
1000,518,corrected,psi0,0.9281593322620717,0.2156286267808396
1000,518,corrected,psi1,0.53511560353304,0.21216138587257438
1000,519,naive,psi0,-0.3942324794640431,0.18063978396476238
1000,519,naive,psi1,0.10477057679927941,0.18873555388172905
1000,519,corrected,psi0,0.8243979241475828,0.21048102705878086
1000,519,corrected,psi1,0.6545577712813957,0.2224248533046322
1000,520,naive,psi0,-0.41423402088331757,0.18387431214080519
1000,520,naive,psi1,-0.018645978911229037,0.16969653135601506
1000,520,corrected,psi0,0.7309057170756179,0.21361041201545505
1000,520,corrected,psi1,0.5059279442883876,0.1931398139016045
1000,521,naive,psi0,-0.49285079654153113,0.17434578658916375
1000,521,naive,psi1,-0.03705014666159174,0.20350333491584635
1000,521,corrected,psi0,0.6927367660639526,0.20171864487675734
1000,521,corrected,psi1,0.517282549603086,0.23478945319859995
1000,522,naive,psi0,-0.22595159036249662,0.1796539630873169
1000,522,naive,psi1,0.2579719251068259,0.20944116888781214
1000,522,corrected,psi0,1.150288081715374,0.2091311221968554
1000,522,corrected,psi1,0.7792431845094893,0.24504667124564536
1000,523,naive,psi0,-0.4674102834565372,0.1640460342215977
1000,523,naive,psi1,-0.20858312229910084,0.1862702324410548
1000,523,corrected,psi0,0.7527201593150125,0.19133468896619185
1000,523,corrected,psi1,0.23076934783358677,0.21391283455254906
1000,524,naive,psi0,-0.3221536897563242,0.18948686836718348
1000,524,naive,psi1,0.16012976557963338,0.18397038175987873
1000,524,corrected,psi0,0.8945648877856903,0.2215479355067254
1000,524,corrected,psi1,0.7078777165955531,0.21852432170447192
1000,525,naive,psi0,-0.24764690033756548,0.1722305603713951
1000,525,naive,psi1,0.026923023438505826,0.18590310965733908
1000,525,corrected,psi0,1.0322536675595484,0.19962525796527897
1000,525,corrected,psi1,0.5197257732490844,0.21951149531834693
1000,526,naive,psi0,-0.37555710782337276,0.17776034212299147
1000,526,naive,psi1,0.21106304768934314,0.16207836467882875
1000,526,corrected,psi0,0.9214695895609516,0.2054574413715756
1000,526,corrected,psi1,0.7805414281929328,0.19283588788171377
1000,527,naive,psi0,-0.12199573497296115,0.17262613600958263
1000,527,naive,psi1,-0.2056972273666869,0.17910441581940614
1000,527,corrected,psi0,1.2105197070063467,0.2022046703897791
1000,527,corrected,psi1,0.23633447415650619,0.20876769135411036
1000,528,naive,psi0,-0.34785668235630507,0.18590355167923933
1000,528,naive,psi1,0.19198563635386584,0.21483177893391617
1000,528,corrected,psi0,0.9464666166290829,0.2163739639972507
1000,528,corrected,psi1,0.6999253080930086,0.24943611178242706
1000,529,naive,psi0,-0.2909043010655698,0.18013760762011657
1000,529,naive,psi1,-0.06401708875149743,0.18265999981888723
1000,529,corrected,psi0,0.961307486354617,0.21083550671860787
1000,529,corrected,psi1,0.525743771884951,0.21729649114456345
1000,530,naive,psi0,-0.43915608579377424,0.18213983398662176
1000,530,naive,psi1,-0.3181247452614709,0.19315561009666168
1000,530,corrected,psi0,0.7046670306452463,0.21139230482200008
1000,530,corrected,psi1,0.1517292314579868,0.22568764784313985
1000,531,naive,psi0,0.04170730840128126,0.18932814843898138
1000,531,naive,psi1,-0.06708311135385712,0.21096162374684418
1000,531,corrected,psi0,1.3212683989848422,0.21908255855987133
1000,531,corrected,psi1,0.4707974729223901,0.24438820391159272
1000,532,naive,psi0,-0.17523171131425805,0.18753070975103356
1000,532,naive,psi1,-0.11333519691169078,0.17394143575830195
1000,532,corrected,psi0,1.116498945612702,0.2153944298320192
1000,532,corrected,psi1,0.38912146548494264,0.197911711421601
1000,533,naive,psi0,-0.15411989651402697,0.18916782570542887
1000,533,naive,psi1,0.15008506939770944,0.19346588612001783
1000,533,corrected,psi0,1.1672159804369073,0.2193335666740129
1000,533,corrected,psi1,0.6479529020218492,0.22436632067005746
1000,534,naive,psi0,-0.008309092626799413,0.1815259358459365
1000,534,naive,psi1,-0.06058010681270216,0.19837153189545914
1000,534,corrected,psi0,1.2572576137464668,0.21012417830459226
1000,534,corrected,psi1,0.36956428632831023,0.23043134080634978
1000,535,naive,psi0,-0.08813991140478596,0.16589307181855284
1000,535,naive,psi1,0.012487649325860505,0.17115495447600784
1000,535,corrected,psi0,1.2559808255250038,0.19267886218153207
1000,535,corrected,psi1,0.44637463227160273,0.20291448077778618
1000,536,naive,psi0,-0.14324261177245964,0.18741733078215708
1000,536,naive,psi1,0.23093565844851596,0.18759025612246594
1000,536,corrected,psi0,1.1153186995303264,0.21838965403877994
1000,536,corrected,psi1,0.8617107739697616,0.21862858744844904
1000,537,naive,psi0,-0.4741476372782211,0.18015373411566538
1000,537,naive,psi1,0.00940443954541423,0.18270009231493103
1000,537,corrected,psi0,0.7535600833766031,0.20989899442557425
1000,537,corrected,psi1,0.5223251518423836,0.21055565105874624
1000,538,naive,psi0,-0.19257327385308906,0.18041800225342974
1000,538,naive,psi1,-0.38270510635251714,0.18788100104786407
1000,538,corrected,psi0,1.0602076731798353,0.2093595113379653
1000,538,corrected,psi1,0.16237155159350997,0.2151728363660542
1000,539,naive,psi0,-0.21779798101310627,0.1773966596247804
1000,539,naive,psi1,0.17498501326814486,0.1797705929160822
1000,539,corrected,psi0,1.022025107656591,0.20797529904869008
1000,539,corrected,psi1,0.7079152684536199,0.20942964465948227
1000,540,naive,psi0,-0.10364582162149101,0.18480084912063455
1000,540,naive,psi1,-0.18920977938559289,0.18319428234522608
1000,540,corrected,psi0,1.2347566706032873,0.20973723652373635
1000,540,corrected,psi1,0.223993799066894,0.20728473012889512
1000,541,naive,psi0,-0.4083534535598218,0.19629421567731095
1000,541,naive,psi1,-0.49446405512202857,0.22499593848657545
1000,541,corrected,psi0,0.889937239249718,0.2285587400239731
1000,541,corrected,psi1,-0.05774738931065563,0.26521335722193434
1000,542,naive,psi0,-0.5954138808934412,0.18097159088690437
1000,542,naive,psi1,-0.10463723751835527,0.18962900153772766
1000,542,corrected,psi0,0.6085997716956699,0.2113247300169308
1000,542,corrected,psi1,0.3398140501301654,0.22082849538514537
1000,543,naive,psi0,-0.2819913745802091,0.16614329087609184
1000,543,naive,psi1,0.1508999478083122,0.18354935946837883
1000,543,corrected,psi0,0.9791451589311702,0.19020968523114865
1000,543,corrected,psi1,0.7080246061682642,0.21582470415343266
1000,544,naive,psi0,-0.08781000749981224,0.1939607911891002
1000,544,naive,psi1,0.35815522511792175,0.18897616869016642
1000,544,corrected,psi0,1.259647225612264,0.22809707606484714
1000,544,corrected,psi1,1.0421994647251647,0.23641987303466602
1000,545,naive,psi0,-0.34182210853644884,0.18907878025837468
1000,545,naive,psi1,-0.09549737775819431,0.20019026103556853
1000,545,corrected,psi0,0.9247919745712785,0.22368465210846533
1000,545,corrected,psi1,0.43280999006476756,0.2393404917937106
1000,546,naive,psi0,-0.36140171762882245,0.17486189112698355
1000,546,naive,psi1,-0.18318765790403294,0.20198761571299562
1000,546,corrected,psi0,0.9280298039044764,0.20411700156754473
1000,546,corrected,psi1,0.3218992729529512,0.23635881676897127
1000,547,naive,psi0,-0.3676386887637625,0.18020403110329383
1000,547,naive,psi1,0.03208145593507731,0.1834171682426735
1000,547,corrected,psi0,0.855848061494179,0.20848019771442552
1000,547,corrected,psi1,0.5453751400721871,0.2114317996180258
1000,548,naive,psi0,-0.2609798609983221,0.18686643403535158
1000,548,naive,psi1,-0.15299608737641293,0.18117699738817689
1000,548,corrected,psi0,1.0324645987443841,0.2191941794712851
1000,548,corrected,psi1,0.3615519524755882,0.21410093544891817
1000,549,naive,psi0,-0.36039229646223914,0.1846857217818295
1000,549,naive,psi1,0.02349811997197163,0.19126574500661384
1000,549,corrected,psi0,0.9285622746181114,0.21624722335753083
1000,549,corrected,psi1,0.5525403548466515,0.22606962900751185
1000,550,naive,psi0,-0.2738088882822587,0.18387354169540607
1000,550,naive,psi1,-0.05127020851839266,0.19434601429342138
1000,550,corrected,psi0,1.007744645222094,0.2126770704719917
1000,550,corrected,psi1,0.36652063970173854,0.2222669733161474
1000,551,naive,psi0,-0.2073499006650958,0.19049373375733308
1000,551,naive,psi1,0.1861753726689619,0.21758085559036772
1000,551,corrected,psi0,1.084227231868079,0.22092797229170283
1000,551,corrected,psi1,0.7063216570237133,0.2520400768552454
1000,552,naive,psi0,-0.3533617465778356,0.17792727621333226
1000,552,naive,psi1,0.037192771935883585,0.17782706150453975
1000,552,corrected,psi0,0.830443153077781,0.2083401852437097
1000,552,corrected,psi1,0.6368966018130109,0.20501717585682133
1000,553,naive,psi0,-0.23742760691924014,0.18030803914302046
1000,553,naive,psi1,-0.00839228091868052,0.17355797226578468
1000,553,corrected,psi0,1.0061645447637408,0.20863314449264045
1000,553,corrected,psi1,0.47188233745527486,0.19905393538387625
1000,554,naive,psi0,-0.35083443301796,0.190771495293885
1000,554,naive,psi1,0.062142562501373386,0.20770040161330638
1000,554,corrected,psi0,0.9370328131739752,0.2162656460408002
1000,554,corrected,psi1,0.5366027863919623,0.23292741988599872
1000,555,naive,psi0,-0.3474164744387437,0.1731775860628504
1000,555,naive,psi1,0.20310241210198507,0.20484063466842048
1000,555,corrected,psi0,0.9852046449645524,0.20324680242394438
1000,555,corrected,psi1,0.7767141959118182,0.24094781842303015
1000,556,naive,psi0,-0.23202982891565255,0.18641497311626665
1000,556,naive,psi1,0.3487414181536658,0.18886532423388488
1000,556,corrected,psi0,1.0838549340791757,0.21829877525066707
1000,556,corrected,psi1,0.8987947212018835,0.2176992434058667
1000,557,naive,psi0,-0.3039629009184574,0.19057245071377
1000,557,naive,psi1,-0.11126232052906372,0.20053679782012068
1000,557,corrected,psi0,0.9102478830368754,0.21713355049389588
1000,557,corrected,psi1,0.43024275535576006,0.22763932836614328
1000,558,naive,psi0,-0.36841773799956984,0.17590572985762182
1000,558,naive,psi1,-0.3459337341335831,0.1800760790858173
1000,558,corrected,psi0,0.8383855514793304,0.20291507610965376
1000,558,corrected,psi1,0.12352366294781433,0.20625342198978108
1000,559,naive,psi0,-0.1455314071452674,0.1879895402868937
1000,559,naive,psi1,-0.4326226287573093,0.1859686539463411
1000,559,corrected,psi0,1.1804769404198425,0.21876868244790854
1000,559,corrected,psi1,0.03495645497332628,0.2200277369127073
1000,560,naive,psi0,-0.3470531526007183,0.16978049730405165
1000,560,naive,psi1,0.18095945894903315,0.1695979689149964
1000,560,corrected,psi0,0.9180069172346097,0.1961885617531086
1000,560,corrected,psi1,0.7161598605039005,0.19465137026034365
1000,561,naive,psi0,-0.47471041053469826,0.18602174931382137
1000,561,naive,psi1,0.07918591880767523,0.2029080077198685
1000,561,corrected,psi0,0.7729736569727752,0.2200197794238639
1000,561,corrected,psi1,0.6466843897867359,0.24541351251205382
1000,562,naive,psi0,-0.16045807751936675,0.1769231513883415
1000,562,naive,psi1,-0.05486008745802743,0.1661810840484384
1000,562,corrected,psi0,1.1486960861700977,0.20683342844081817
1000,562,corrected,psi1,0.49204916804453186,0.19112970496687587
1000,563,naive,psi0,-0.5171215882640693,0.1779458205300481
1000,563,naive,psi1,-0.07722640319188381,0.21062909714694553
1000,563,corrected,psi0,0.7745372253819712,0.2087172109277843
1000,563,corrected,psi1,0.33688735898938527,0.24570718510942005
1000,564,naive,psi0,-0.04514255554736757,0.16650480287069683
1000,564,naive,psi1,0.012210376082153382,0.19202378706539627
1000,564,corrected,psi0,1.2198896000290607,0.19406949390146902
1000,564,corrected,psi1,0.5499055986793894,0.22083667662674522
1000,565,naive,psi0,-0.27397595143753944,0.19336628232327951
1000,565,naive,psi1,0.10864925037855992,0.21033846776729836
1000,565,corrected,psi0,0.9985880506723535,0.22810939295727875
1000,565,corrected,psi1,0.6777119771859684,0.24637431421265024
1000,566,naive,psi0,-0.4516674438791949,0.1851494205448047
1000,566,naive,psi1,0.24836117412184552,0.18790405694848675
1000,566,corrected,psi0,0.7389953806186429,0.2174211960025708
1000,566,corrected,psi1,0.750973475250611,0.2224098269306192
1000,567,naive,psi0,-0.37187540182397494,0.18267839012783077
1000,567,naive,psi1,0.06766814112450747,0.1959962092248305
1000,567,corrected,psi0,0.8819331778817042,0.2150359914388067
1000,567,corrected,psi1,0.6436773998330843,0.22800260088860141
1000,568,naive,psi0,0.0003285482499354892,0.18885796836730928
1000,568,naive,psi1,0.2632334900878021,0.19766785373602563
1000,568,corrected,psi0,1.31355301830135,0.2203392382875381
1000,568,corrected,psi1,0.8228769616484082,0.23221572459678194
1000,569,naive,psi0,-0.33681508389149073,0.18521992081490316
1000,569,naive,psi1,0.05643543451779363,0.1688285580394262
1000,569,corrected,psi0,0.9458014119758612,0.21366863776227993
1000,569,corrected,psi1,0.5653186560452936,0.19498233953915411
1000,570,naive,psi0,-0.4109541387856497,0.1808167884852553
1000,570,naive,psi1,0.3290239096963729,0.20614008603736894
1000,570,corrected,psi0,0.8750598294451755,0.20598060494676376
1000,570,corrected,psi1,0.8830157518046078,0.23055987811168493
1000,571,naive,psi0,0.14527985021123482,0.17405949047826613
1000,571,naive,psi1,-0.1629137434246258,0.17789532050209306
1000,571,corrected,psi0,1.4756189221745415,0.20129516493272312
1000,571,corrected,psi1,0.26321101543171455,0.2016942114387425
1000,572,naive,psi0,-0.3338869381118086,0.17603220786265306
1000,572,naive,psi1,-0.2762813291236336,0.20627063411786098
1000,572,corrected,psi0,0.9628740786646391,0.2052457777500376
1000,572,corrected,psi1,0.17208033648787058,0.23934981922156126
1000,573,naive,psi0,-0.3998218235446158,0.18610685353709963
1000,573,naive,psi1,0.5236757238026979,0.20048933506586442
1000,573,corrected,psi0,0.8149381691982217,0.2164136993021089
1000,573,corrected,psi1,1.109404330066217,0.23114038386451904
1000,574,naive,psi0,-0.43127778258919697,0.1854438074710789
1000,574,naive,psi1,-0.006503579713424186,0.21752528043281968
1000,574,corrected,psi0,0.726877870434822,0.2156325223239062
1000,574,corrected,psi1,0.5558450651100195,0.25768208878430754
1000,575,naive,psi0,-0.330810475645874,0.17179405998510777
1000,575,naive,psi1,-0.00952209204882175,0.1768026407080321
1000,575,corrected,psi0,0.9637123001696394,0.1986531740798235
1000,575,corrected,psi1,0.5412205221356639,0.20568894876512664
1000,576,naive,psi0,-0.11463266147210734,0.18364119449234123
1000,576,naive,psi1,0.2406551349229322,0.19911904970700406
1000,576,corrected,psi0,1.1605719462775286,0.21193992604452153
1000,576,corrected,psi1,0.9124788067999752,0.23253054110295376
1000,577,naive,psi0,-0.3038268302755589,0.17838222055099467
1000,577,naive,psi1,-0.06178366609363632,0.189237446542393
1000,577,corrected,psi0,0.9212393213892589,0.2045952349449915
1000,577,corrected,psi1,0.3434991450222946,0.21894098996202022
1000,578,naive,psi0,-0.19367648308377786,0.17734239166444493
1000,578,naive,psi1,-0.025102345398813126,0.209777576750326
1000,578,corrected,psi0,1.1502802981671174,0.2065519089941708
1000,578,corrected,psi1,0.47912905938677586,0.2451540890326395
1000,579,naive,psi0,0.027147000184439034,0.1783658496744103
1000,579,naive,psi1,-0.17879044579284653,0.16493351576307433
1000,579,corrected,psi0,1.3683513902815139,0.2100065657865594
1000,579,corrected,psi1,0.28248501846604473,0.19365007902200962
1000,580,naive,psi0,-0.47248198004635744,0.17957820657594678
1000,580,naive,psi1,-0.10915474151949572,0.1942990472078118
1000,580,corrected,psi0,0.7492088504643888,0.21021849244282242
1000,580,corrected,psi1,0.3921893110410834,0.22713227947309345
1000,581,naive,psi0,-0.12497212144119635,0.16866101064972355
1000,581,naive,psi1,-0.2999546384762319,0.16234867008245765
1000,581,corrected,psi0,1.1836866689142094,0.1957698202344384
1000,581,corrected,psi1,0.15608510882465498,0.1890192713995569
1000,582,naive,psi0,0.14902492794901667,0.18366459466113155
1000,582,naive,psi1,0.22213576130852986,0.20614464432151736
1000,582,corrected,psi0,1.4512083245219378,0.2127563059852528
1000,582,corrected,psi1,0.7084999535717437,0.23471496490217664
1000,583,naive,psi0,-0.1300498670305725,0.16369230077698138
1000,583,naive,psi1,0.16466173717439778,0.18719251673930953
1000,583,corrected,psi0,1.160158291561004,0.18970036979374744
1000,583,corrected,psi1,0.7175976594592278,0.2140793002157977
1000,584,naive,psi0,-0.35214356765074833,0.1679210919554063
1000,584,naive,psi1,-0.2553934043405102,0.18428274885935061
1000,584,corrected,psi0,0.9085835413054624,0.19855126564252443
1000,584,corrected,psi1,0.20742610631286135,0.21636574539842546
1000,585,naive,psi0,-0.6558233532673788,0.17255931811563166
1000,585,naive,psi1,-0.07052575280742211,0.1696887563005714
1000,585,corrected,psi0,0.4738197794426808,0.20482239475677072
1000,585,corrected,psi1,0.44363354415749534,0.20020054860558004
1000,586,naive,psi0,0.14078625206593212,0.174934141144545
1000,586,naive,psi1,0.20293504027588694,0.18795233184587712
1000,586,corrected,psi0,1.4761499484845844,0.20330709218712628
1000,586,corrected,psi1,0.6902467362170576,0.21638007204069004
1000,587,naive,psi0,-0.5081118461578884,0.17885619453141827
1000,587,naive,psi1,-0.19474682715052555,0.2075839407980422
1000,587,corrected,psi0,0.7566660191406213,0.20834157380067064
1000,587,corrected,psi1,0.22999670780626444,0.24238877218739663
1000,588,naive,psi0,-0.45664220123183696,0.1773822221474362
1000,588,naive,psi1,-0.1715642577814345,0.18383017399933052
1000,588,corrected,psi0,0.8326657295926951,0.20423813400351332
1000,588,corrected,psi1,0.19420987712123017,0.2098261284291633
1000,589,naive,psi0,0.064024961617857,0.1779643733442133
1000,589,naive,psi1,0.40152805064267877,0.17111593558650204
1000,589,corrected,psi0,1.3390602663660844,0.20567283915231416
1000,589,corrected,psi1,0.9214787921481438,0.1971502655415328
1000,590,naive,psi0,-0.22807055067780757,0.1704781986632837
1000,590,naive,psi1,-0.02622071314484479,0.17743576703228653
1000,590,corrected,psi0,1.0836388846829836,0.2005576237212512
1000,590,corrected,psi1,0.39865828329300057,0.21011104733369074
1000,591,naive,psi0,-0.16313381040434805,0.18198834292905386
1000,591,naive,psi1,-0.23151327252197362,0.17722639979315502
1000,591,corrected,psi0,1.1739059680465889,0.21338032344908414
1000,591,corrected,psi1,0.21400247852748078,0.21068219195678142
1000,592,naive,psi0,-0.1590287908091799,0.18229152024322753
1000,592,naive,psi1,-0.1759796660774249,0.21012391854637574
1000,592,corrected,psi0,1.167738839304477,0.21240311482598676
1000,592,corrected,psi1,0.2978776438597113,0.24162266290151757
1000,593,naive,psi0,-0.3830792092305912,0.17414958004055356
1000,593,naive,psi1,0.16617633983574284,0.17840249854650572
1000,593,corrected,psi0,0.9039999074319791,0.20359654798268317
1000,593,corrected,psi1,0.6687746832000733,0.20777351713112446
1000,594,naive,psi0,-0.1670426987653307,0.1789117631728631
1000,594,naive,psi1,0.4679012988349525,0.19217627905944487
1000,594,corrected,psi0,1.1030114159155362,0.20755734919668006
1000,594,corrected,psi1,1.0052882328250854,0.22148250699161912
1000,595,naive,psi0,-0.2343810167689402,0.18182503740716588
1000,595,naive,psi1,-0.09857058461388167,0.18604734674221265
1000,595,corrected,psi0,1.0957208031356678,0.20866517654913297
1000,595,corrected,psi1,0.3996499452015558,0.20902794959678586
1000,596,naive,psi0,-0.19652728615101528,0.17777299424915777
1000,596,naive,psi1,-0.27402580307834284,0.19033466005139094
1000,596,corrected,psi0,1.0908741059222267,0.20598382502146453
1000,596,corrected,psi1,0.19226509333000946,0.224930668436098
1000,597,naive,psi0,-0.20102622526078529,0.1856607944628355
1000,597,naive,psi1,0.16892977339530352,0.19796850885357586
1000,597,corrected,psi0,1.080487496121179,0.21997926208323318
1000,597,corrected,psi1,0.7094551974321031,0.238553479961092
1000,598,naive,psi0,-0.30600809303922705,0.18335648952731104
1000,598,naive,psi1,-0.19833169569896175,0.19473644213092076
1000,598,corrected,psi0,0.9609505883961049,0.21526459074258622
1000,598,corrected,psi1,0.29042704805387504,0.22401337294134
1000,599,naive,psi0,-0.26634363611075645,0.1786560418653547
1000,599,naive,psi1,-0.02255085021446528,0.18527895397847943
1000,599,corrected,psi0,1.0281666048242537,0.20933415303726194
1000,599,corrected,psi1,0.4927631390634296,0.21845535028685648
1000,600,naive,psi0,-0.26455001162447517,0.16231537751774025
1000,600,naive,psi1,0.28482113380482166,0.1622175266315013
1000,600,corrected,psi0,0.9861478157361637,0.18901134580144852
1000,600,corrected,psi1,0.8028327674547703,0.1879278272567853
1000,601,naive,psi0,-0.16857982342123815,0.16792463896998555
1000,601,naive,psi1,-0.019513519111732113,0.18128373936286754
1000,601,corrected,psi0,1.1938905283554542,0.19770801980603664
1000,601,corrected,psi1,0.4538506306413098,0.2113464296091228
1000,602,naive,psi0,-0.5125461806334701,0.1791311792105869
1000,602,naive,psi1,-0.09708949157697917,0.19517717529562134
1000,602,corrected,psi0,0.7271205406274672,0.20705524001336711
1000,602,corrected,psi1,0.3774918747631151,0.22553487751559662
1000,603,naive,psi0,-0.3350349590162337,0.1824798859964303
1000,603,naive,psi1,0.19743651006824098,0.2010259199239715
1000,603,corrected,psi0,0.8941215519837067,0.208664129269376
1000,603,corrected,psi1,0.7653352972360421,0.2297386173231112
1000,604,naive,psi0,-0.17482774468652967,0.19153994635987803
1000,604,naive,psi1,0.06471574605245138,0.2056079178783328
1000,604,corrected,psi0,1.11360522358752,0.22147608894367138
1000,604,corrected,psi1,0.5186249640560143,0.23959438094569918
1000,605,naive,psi0,-0.16373488194179475,0.19033776854330495
1000,605,naive,psi1,0.20135632325174618,0.211062598367658
1000,605,corrected,psi0,1.1338135382289565,0.22150031250496544
1000,605,corrected,psi1,0.7314632325993708,0.2442900070790283
1000,606,naive,psi0,-0.37290421159919085,0.1805458798843256
1000,606,naive,psi1,0.24773408429986832,0.19311465682695397
1000,606,corrected,psi0,0.8995079741378101,0.20743125652163025
1000,606,corrected,psi1,0.7780339612209095,0.21823999268552052
1000,607,naive,psi0,-0.46185909592926483,0.17247894116371337
1000,607,naive,psi1,0.1366139788447974,0.17792401828195087
1000,607,corrected,psi0,0.8204699077972919,0.20139283364222596
1000,607,corrected,psi1,0.6913770278092107,0.20679959948650342
1000,608,naive,psi0,-0.1364017434823077,0.18613730553979693
1000,608,naive,psi1,-0.19772729739964492,0.19046940920983488
1000,608,corrected,psi0,1.0890566907485038,0.21419377877163545
1000,608,corrected,psi1,0.27260458579170527,0.21429382250466003
1000,609,naive,psi0,-0.38060493457702205,0.18899149373479132
1000,609,naive,psi1,-0.1926508567146581,0.20279439009507846
1000,609,corrected,psi0,0.8522424568278693,0.22227580195639915
1000,609,corrected,psi1,0.2913016682613972,0.23705590144768707
1000,610,naive,psi0,-0.6308308632864505,0.18399391719658004
1000,610,naive,psi1,-0.21629104064108004,0.19121672986940644
1000,610,corrected,psi0,0.6620361157146166,0.2149585907201974
1000,610,corrected,psi1,0.25058109521722033,0.22153618513150866
1000,611,naive,psi0,-0.19177821776816412,0.17882816680768635
1000,611,naive,psi1,0.13751448324099141,0.2009816671261224
1000,611,corrected,psi0,1.1009459482673682,0.21107907281373267
1000,611,corrected,psi1,0.6250563993827839,0.2382597602855613
1000,612,naive,psi0,-0.4323795441597743,0.19070796347605737
1000,612,naive,psi1,0.1370744939120906,0.20520947159399291
1000,612,corrected,psi0,0.7703454300319525,0.2250288389548877
1000,612,corrected,psi1,0.6914982824701245,0.251371311629674
1000,613,naive,psi0,-0.6250772907508662,0.17710137452543034
1000,613,naive,psi1,0.11494545856627968,0.1728419197379596
1000,613,corrected,psi0,0.6259186550709679,0.20651055421696668
1000,613,corrected,psi1,0.6336488924524988,0.20071217124151863
1000,614,naive,psi0,-0.143345427236362,0.18974205459870883
1000,614,naive,psi1,-0.007832961827868011,0.19931921985889942
1000,614,corrected,psi0,1.1729697516986353,0.21856650910406722
1000,614,corrected,psi1,0.49069463503991834,0.2293716649823509
1000,615,naive,psi0,-0.40109532138050724,0.1929355498206012
1000,615,naive,psi1,-0.441917257700309,0.20004687348981703
1000,615,corrected,psi0,0.8226958648830536,0.22122962607704713
1000,615,corrected,psi1,-0.06326392795845694,0.23120360665627918
1000,616,naive,psi0,-0.19487700863816523,0.1867586119816178
1000,616,naive,psi1,-0.03643312813326731,0.20246410168902668
1000,616,corrected,psi0,1.0720862639406834,0.21501126198907386
1000,616,corrected,psi1,0.400960155919994,0.228841168294379
1000,617,naive,psi0,-0.5262303144434932,0.17921637033602134
1000,617,naive,psi1,0.17023596315780384,0.17813727978463476
1000,617,corrected,psi0,0.6984664797438133,0.2094584362721292
1000,617,corrected,psi1,0.6508771972701333,0.20666934768524436
1000,618,naive,psi0,-0.4127912404369316,0.17131567806474018
1000,618,naive,psi1,-0.1496251475362079,0.18262729083184637
1000,618,corrected,psi0,0.8203893784079557,0.20174372181781103
1000,618,corrected,psi1,0.30749320073988556,0.21068913925667057
1000,619,naive,psi0,-0.5142726429787712,0.1721268758223952
1000,619,naive,psi1,0.006476590652466917,0.18380052809668726
1000,619,corrected,psi0,0.6874248740673271,0.20305305309934685
1000,619,corrected,psi1,0.4914702371371777,0.22068140277083081
1000,620,naive,psi0,-0.27965093978270783,0.18235045755567342
1000,620,naive,psi1,0.045286980064362964,0.21295613360066643
1000,620,corrected,psi0,0.9808243147927638,0.2090269972553945
1000,620,corrected,psi1,0.6203546441055977,0.2457005942269835
1000,621,naive,psi0,-0.16625310245112038,0.1850111670654591
1000,621,naive,psi1,0.2730057328907289,0.19166932506193038
1000,621,corrected,psi0,1.1375397906668105,0.21826318929346397
1000,621,corrected,psi1,0.8531945665662135,0.23083586575425646
1000,622,naive,psi0,-0.31879205924203485,0.18557335740238454
1000,622,naive,psi1,-0.06335161151684501,0.1846628573502514
1000,622,corrected,psi0,0.9438770084156605,0.21693425612394598
1000,622,corrected,psi1,0.3877876195828463,0.21812506923153263
1000,623,naive,psi0,-0.04899621552501171,0.19192593035911823
1000,623,naive,psi1,0.25005645429177015,0.20964652877970186
1000,623,corrected,psi0,1.2441411577444519,0.22159655492578195
1000,623,corrected,psi1,0.6787447074026858,0.24119542283191334
1000,624,naive,psi0,-0.12577445399376885,0.1735006117200589
1000,624,naive,psi1,0.0024821504505217647,0.18957420373095932
1000,624,corrected,psi0,1.2295166177932277,0.20136310875921992
1000,624,corrected,psi1,0.4810724537467154,0.22444039458649695
1000,625,naive,psi0,-0.17427609717371928,0.16982524538624238
1000,625,naive,psi1,0.01168828849943433,0.19048882588967278
1000,625,corrected,psi0,1.1151006852294905,0.19620259858453223
1000,625,corrected,psi1,0.5213099278989302,0.2164068600331852
1000,626,naive,psi0,-0.2286359522152182,0.17898525709967436
1000,626,naive,psi1,0.2430218861626296,0.1915447941504288
1000,626,corrected,psi0,1.0678087022175298,0.20825742277498227
1000,626,corrected,psi1,0.7267229578959697,0.22181069985289228
1000,627,naive,psi0,-0.3048414169041448,0.1734560710028693
1000,627,naive,psi1,0.21268960064728284,0.18124308771056002
1000,627,corrected,psi0,0.988505116606694,0.2009324802015768
1000,627,corrected,psi1,0.7510677289376159,0.20918072039099128
1000,628,naive,psi0,-0.30450473722736743,0.1837620353084809
1000,628,naive,psi1,0.07748333825588327,0.20708302563607062
1000,628,corrected,psi0,0.9715280212758429,0.21177246433382604
1000,628,corrected,psi1,0.5488795510358064,0.23802610235193294
1000,629,naive,psi0,-0.5517257716460274,0.1691686357430642
1000,629,naive,psi1,0.1722307382475669,0.19133544168902702
1000,629,corrected,psi0,0.6995156261171435,0.19334099939749516
1000,629,corrected,psi1,0.6992899849658353,0.21512983040116324
1000,630,naive,psi0,-0.09131713343092292,0.1693948909526209
1000,630,naive,psi1,0.24280858504062958,0.16057396767019802
1000,630,corrected,psi0,1.261403680930445,0.19730572301896027
1000,630,corrected,psi1,0.745163774181652,0.18544357973042014
1000,631,naive,psi0,-0.1944527167366626,0.17694352989158416
1000,631,naive,psi1,0.24495741377409358,0.20283794149092982
1000,631,corrected,psi0,1.1606936120820674,0.20695227553201542
1000,631,corrected,psi1,0.6133461478063099,0.23407350896410578
1000,632,naive,psi0,-0.18454865951131402,0.17640698897694854
1000,632,naive,psi1,0.11740555824991687,0.19739078039314317
1000,632,corrected,psi0,1.1124784152587972,0.20429420322340638
1000,632,corrected,psi1,0.606101735503149,0.2324512556177761
1000,633,naive,psi0,-0.2947661666913981,0.18504064809794202
1000,633,naive,psi1,0.17182929796592442,0.18562202877432277
1000,633,corrected,psi0,0.9936946590297816,0.21738609975076978
1000,633,corrected,psi1,0.7318495033432834,0.21631357235498522
1000,634,naive,psi0,-0.31981082054609683,0.19227415659355931
1000,634,naive,psi1,-0.04080200646264985,0.22004139997900096
1000,634,corrected,psi0,0.9620531355210992,0.22509936403192152
1000,634,corrected,psi1,0.49674643863609064,0.2520516054143401
1000,635,naive,psi0,-0.357874453481519,0.17845712231303512
1000,635,naive,psi1,-0.02004653932854039,0.18215256560825005
1000,635,corrected,psi0,0.9226062809701386,0.20464876952522404
1000,635,corrected,psi1,0.4203221550927322,0.21044464256191875
1000,636,naive,psi0,-0.16445894093385974,0.18097884579340412
1000,636,naive,psi1,-0.04631831714307029,0.18770245741584365
1000,636,corrected,psi0,1.1066305234981528,0.21268075103061015
1000,636,corrected,psi1,0.4060960509060599,0.2273895214648309
1000,637,naive,psi0,0.005875719486608381,0.17663365646823265
1000,637,naive,psi1,-0.30425177653823254,0.19580322103000067
1000,637,corrected,psi0,1.3369836293364634,0.2069002645107525
1000,637,corrected,psi1,0.15707178399763175,0.23563685975690304
1000,638,naive,psi0,-0.18094863597413535,0.17367584618627285
1000,638,naive,psi1,-0.18909058820340074,0.1664607485322015
1000,638,corrected,psi0,1.0881613724577077,0.20512706957964819
1000,638,corrected,psi1,0.21877922607410072,0.19688305860263616
1000,639,naive,psi0,-0.41171805807175843,0.18239253030002217
1000,639,naive,psi1,-0.04024973924955188,0.1801150366755403
1000,639,corrected,psi0,0.8427567979300647,0.21344669223433022
1000,639,corrected,psi1,0.46478399648121266,0.2099820076455789
1000,640,naive,psi0,-0.4505029692929579,0.18450928500928548
1000,640,naive,psi1,0.28444668421498465,0.19051838232206897
1000,640,corrected,psi0,0.8199347192678962,0.21561038732796423
1000,640,corrected,psi1,0.7999767975251372,0.22543304640810136
1000,641,naive,psi0,-0.29670803250775213,0.1918306066045957
1000,641,naive,psi1,-0.2360590669932399,0.19564505087718778
1000,641,corrected,psi0,0.9664107199875464,0.2220184221561243
1000,641,corrected,psi1,0.15892855755045285,0.2291850200703934
1000,642,naive,psi0,-0.24783407167506347,0.17530325254252124
1000,642,naive,psi1,-0.40567913363926905,0.2042010691613488
1000,642,corrected,psi0,1.0281906217918586,0.20939343690008033
1000,642,corrected,psi1,0.08283216963349727,0.24465695926142558
1000,643,naive,psi0,-0.3490660140040808,0.1793374093943524
1000,643,naive,psi1,0.060129238986906114,0.1974306946364537
1000,643,corrected,psi0,0.9667261718185324,0.20763228143773968
1000,643,corrected,psi1,0.5212891081877845,0.23458601277589855
1000,644,naive,psi0,-0.22026561541948225,0.17511783373244022
1000,644,naive,psi1,0.3001912498591888,0.1803507322662152
1000,644,corrected,psi0,1.0419460406218186,0.20345799705426454
1000,644,corrected,psi1,0.9279327746736864,0.2082684650052346
1000,645,naive,psi0,-0.5143858481516558,0.187228798716765
1000,645,naive,psi1,0.3512590741743938,0.21601694525817033
1000,645,corrected,psi0,0.7785114745060191,0.2165627066223275
1000,645,corrected,psi1,0.8824093042756769,0.24643865720963337
1000,646,naive,psi0,-0.4258166173269382,0.1744654370106101
1000,646,naive,psi1,0.033210397602070486,0.18972808983124803
1000,646,corrected,psi0,0.7371402823486093,0.20511261793112898
1000,646,corrected,psi1,0.5865792386747716,0.2195509479591576
1000,647,naive,psi0,-0.6248821665168831,0.1823108679951685
1000,647,naive,psi1,-0.21875445856903314,0.21488909070013143
1000,647,corrected,psi0,0.5574199716773502,0.21610508703125259
1000,647,corrected,psi1,0.22206934308210072,0.25541670727205906
1000,648,naive,psi0,-0.4858931613972281,0.17646586130401398
1000,648,naive,psi1,-0.3731698047003999,0.1941777696507562
1000,648,corrected,psi0,0.697442330684118,0.20805740290122374
1000,648,corrected,psi1,0.0367386287906552,0.2321203008001317
1000,649,naive,psi0,-0.20023171757884858,0.18204210511695612
1000,649,naive,psi1,-0.06045245953023308,0.19336013751524636
1000,649,corrected,psi0,1.0359416604207277,0.21190669905531512
1000,649,corrected,psi1,0.475958508574748,0.22364411414303617
1000,650,naive,psi0,-0.44832061287798336,0.18598029980197878
1000,650,naive,psi1,0.24060889259062193,0.19765381301987514
1000,650,corrected,psi0,0.8054954373590445,0.21957680513843317
1000,650,corrected,psi1,0.7571047650368301,0.23529053650019463
1000,651,naive,psi0,-0.2762474873122278,0.18440425040584354
1000,651,naive,psi1,0.1517281410994354,0.18929974401109273
1000,651,corrected,psi0,1.0315559393003837,0.2185327571810787
1000,651,corrected,psi1,0.6644462088412687,0.22092181505556865
1000,652,naive,psi0,-0.30882617582278193,0.19553534536110498
1000,652,naive,psi1,0.19741084387902036,0.22586239407123873
1000,652,corrected,psi0,0.910839293750093,0.23030162654765746
1000,652,corrected,psi1,0.8230668039876781,0.2744030299476056
1000,653,naive,psi0,-0.47530383731281906,0.18216197314743746
1000,653,naive,psi1,-0.12349371823230909,0.18598727571482684
1000,653,corrected,psi0,0.7768433719431087,0.21189567525763156
1000,653,corrected,psi1,0.3742557246258887,0.212706610388011
1000,654,naive,psi0,-0.39733165761429584,0.18772017155296147
1000,654,naive,psi1,-0.3469322722505786,0.18500689107055826
1000,654,corrected,psi0,0.7796138185859476,0.21748269479522292
1000,654,corrected,psi1,0.09965160010783493,0.2160405249864925
1000,655,naive,psi0,-0.38064142975466775,0.1925720942023554
1000,655,naive,psi1,0.2642567080406942,0.20101451117767524
1000,655,corrected,psi0,0.9277019785645533,0.22600266414648515
1000,655,corrected,psi1,0.8109515302626132,0.23540351276982535
1000,656,naive,psi0,-0.4802814543831283,0.1764274728275612
1000,656,naive,psi1,0.12392220360757414,0.17925441247804633
1000,656,corrected,psi0,0.7019060898845194,0.20678032833392923
1000,656,corrected,psi1,0.5568819724983816,0.210269376147394
1000,657,naive,psi0,-0.2227624314878242,0.18280163660399856
1000,657,naive,psi1,-0.3255454327758621,0.16844059154659521
1000,657,corrected,psi0,0.9908014702957105,0.21511111992407705
1000,657,corrected,psi1,0.1491428146406815,0.19526419801954317
1000,658,naive,psi0,-0.35065550122458844,0.1801288393061091
1000,658,naive,psi1,-0.05495576633927517,0.1870130977596638
1000,658,corrected,psi0,0.8519616826501941,0.20962664728927527
1000,658,corrected,psi1,0.44057380248162864,0.21874587073987062
1000,659,naive,psi0,-0.05237366202075601,0.1891662169052444
1000,659,naive,psi1,0.1276917093537541,0.21694419840116114
1000,659,corrected,psi0,1.3306953514283588,0.21711792382019862
1000,659,corrected,psi1,0.5919114936620523,0.2544773459974946
1000,660,naive,psi0,-0.26212211496921856,0.18093411303679313
1000,660,naive,psi1,-0.19534446381104933,0.18159914912372277
1000,660,corrected,psi0,0.9882821271971711,0.21173844873838768
1000,660,corrected,psi1,0.2236580414039512,0.21606449199587202
1000,661,naive,psi0,-0.18442694117270442,0.1916166413741731
1000,661,naive,psi1,-0.19216023637571875,0.19683929894979454
1000,661,corrected,psi0,1.0538971934380166,0.22142738183172542
1000,661,corrected,psi1,0.32158989588984915,0.22480497081562395
1000,662,naive,psi0,-0.3643647110603088,0.17279737967444656
1000,662,naive,psi1,0.02067418009762592,0.16999317421729557
1000,662,corrected,psi0,0.8900563686707751,0.2043260685991635
1000,662,corrected,psi1,0.46006037127148475,0.19860048217173298
1000,663,naive,psi0,-0.2730372629349575,0.18020254707160555
1000,663,naive,psi1,0.10806593603806364,0.19406794946811834
1000,663,corrected,psi0,0.9770610628088988,0.20871913652003357
1000,663,corrected,psi1,0.6272388137898516,0.22649874370814987
1000,664,naive,psi0,-0.011796820091145738,0.1874955375689062
1000,664,naive,psi1,-0.12061594460884942,0.1936359094196332
1000,664,corrected,psi0,1.320081861263768,0.21761864350436672
1000,664,corrected,psi1,0.3010992397244614,0.22621236418266427
1000,665,naive,psi0,-0.5063329135019304,0.1888404642152873
1000,665,naive,psi1,-0.17040043724515636,0.19483658086832037
1000,665,corrected,psi0,0.7555358068865874,0.219093027082399
1000,665,corrected,psi1,0.2687504167807096,0.2275316175699825
1000,666,naive,psi0,-0.03600252061225355,0.1793949102080922
1000,666,naive,psi1,0.09242183657778377,0.17696951152345355
1000,666,corrected,psi0,1.249032647465048,0.20784021226019697
1000,666,corrected,psi1,0.6646862925544903,0.21325185837320457
1000,667,naive,psi0,-0.239084117667698,0.19228742012091696
1000,667,naive,psi1,-0.029027598096965843,0.1935414790747655
1000,667,corrected,psi0,1.0698338688801214,0.22285450023309186
1000,667,corrected,psi1,0.381671825983597,0.22151242278537442
1000,668,naive,psi0,-0.26113015330126216,0.1834785649929356
1000,668,naive,psi1,0.07635353107352118,0.19060850470645335
1000,668,corrected,psi0,1.02748700849989,0.2140763491752196
1000,668,corrected,psi1,0.5915217231887628,0.22383538859176752
1000,669,naive,psi0,-0.47902604710553415,0.1819260447330078
1000,669,naive,psi1,0.2954869913573831,0.20665806310923623
1000,669,corrected,psi0,0.7210558831860807,0.2107773685795992
1000,669,corrected,psi1,0.9044631859719866,0.24100154376553323
1000,670,naive,psi0,-0.19216830020829104,0.18006781847271083
1000,670,naive,psi1,-0.18419569882716852,0.17758380994547457
1000,670,corrected,psi0,1.0690268019152604,0.2094156839629532
1000,670,corrected,psi1,0.2723657446176565,0.21090238262948138
1000,671,naive,psi0,-0.6136295372134681,0.17787216586160728
1000,671,naive,psi1,-0.0038622536110505252,0.19465707499228524
1000,671,corrected,psi0,0.5994076204567121,0.20875599325245495
1000,671,corrected,psi1,0.5502448862633591,0.2360580603935287
1000,672,naive,psi0,-0.07150886765702015,0.1684928922200638
1000,672,naive,psi1,0.11062893656168825,0.17347712052843292
1000,672,corrected,psi0,1.2215127563562416,0.19949666028827115
1000,672,corrected,psi1,0.6133558575688299,0.20685966855109372
1000,673,naive,psi0,-0.23948464090114188,0.18400958812664517
1000,673,naive,psi1,-0.06884098545096826,0.21806168207669874
1000,673,corrected,psi0,0.9611858448885511,0.21390531821958883
1000,673,corrected,psi1,0.3846825331763363,0.2542591687224332
1000,674,naive,psi0,-0.40001950125021296,0.1710318723755236
1000,674,naive,psi1,-0.0875202087559018,0.1912415119291293
1000,674,corrected,psi0,0.9278526592996915,0.20017512564355014
1000,674,corrected,psi1,0.37675491677156087,0.2234416871216841
1000,675,naive,psi0,-0.3535891227591871,0.1748106574404234
1000,675,naive,psi1,0.04798136719254036,0.1757429959294195
1000,675,corrected,psi0,0.8830641804407519,0.20329166032945795
1000,675,corrected,psi1,0.5348908260470614,0.20318501154809804
1000,676,naive,psi0,0.05227586683190293,0.1806426558659182
1000,676,naive,psi1,-0.18891966028456653,0.19275423270099842
1000,676,corrected,psi0,1.3474073031330036,0.21060205646942656
1000,676,corrected,psi1,0.2428194731115126,0.22697789490017783
1000,677,naive,psi0,-0.5277533416939517,0.1776852060537665
1000,677,naive,psi1,-0.027436898416203788,0.1833970119154313
1000,677,corrected,psi0,0.7176771397550569,0.2039012996814516
1000,677,corrected,psi1,0.4492667451941985,0.20765440508132765
1000,678,naive,psi0,-0.30796910251081594,0.17610455044615228
1000,678,naive,psi1,0.0933623375152881,0.1886350784039787
1000,678,corrected,psi0,0.9369008786075945,0.206401994226364
1000,678,corrected,psi1,0.6453216714437243,0.23389900540002775
1000,679,naive,psi0,-0.31210008890999924,0.18173405167534928
1000,679,naive,psi1,-0.3083187351342962,0.18444035968420092
1000,679,corrected,psi0,0.941184462059864,0.22030205683882864
1000,679,corrected,psi1,0.21438067790704202,0.22273897535547388
1000,680,naive,psi0,-0.2850394721923467,0.19793413584317696
1000,680,naive,psi1,-0.19850368096391696,0.21989263551614383
1000,680,corrected,psi0,1.0597564679990614,0.22731046498309346
1000,680,corrected,psi1,0.2038748234824757,0.24885331451414208
1000,681,naive,psi0,-0.523927934065804,0.18538244190410025
1000,681,naive,psi1,-0.10290977231508236,0.18506702386037138
1000,681,corrected,psi0,0.7341772027846776,0.2167338697127793
1000,681,corrected,psi1,0.36900544697855264,0.2158213525571227
1000,682,naive,psi0,-0.17551547258836694,0.18821200548724396
1000,682,naive,psi1,0.04398935827296974,0.20971098937943405
1000,682,corrected,psi0,1.0908911455954549,0.21686573016936203
1000,682,corrected,psi1,0.5551102964774234,0.23888519095636895
1000,683,naive,psi0,-0.4775789771625245,0.18224545543509882
1000,683,naive,psi1,0.2971920141374296,0.19809777041858567
1000,683,corrected,psi0,0.7174806274619018,0.20983000463880838
1000,683,corrected,psi1,0.8102108803954428,0.2298007457371361
1000,684,naive,psi0,-0.45688681324791675,0.18933956596188123
1000,684,naive,psi1,-0.2688588468943896,0.19737304558505187
1000,684,corrected,psi0,0.8564605201444049,0.21977005690070106
1000,684,corrected,psi1,0.1581213156215734,0.22770283490344487
1000,685,naive,psi0,-0.36800717710723196,0.18026261651457234
1000,685,naive,psi1,-0.20057304124534453,0.20854428923194773
1000,685,corrected,psi0,0.9040427546946423,0.20948647401608217
1000,685,corrected,psi1,0.32604175523119455,0.24568695753135855
1000,686,naive,psi0,-0.23947034844472107,0.17382511902322406
1000,686,naive,psi1,-0.054444189933479416,0.1778247017441134
1000,686,corrected,psi0,1.004763782922323,0.200491908924461
1000,686,corrected,psi1,0.5135425480742977,0.2060964308096018
1000,687,naive,psi0,-0.212357237237089,0.1848525062177589
1000,687,naive,psi1,-0.08052732563556528,0.20938016273880405
1000,687,corrected,psi0,1.0512586043814631,0.2173016942927499
1000,687,corrected,psi1,0.31162911005368515,0.24434932689891856
1000,688,naive,psi0,-0.1974041241365813,0.1727756757489919
1000,688,naive,psi1,-0.1798146522720937,0.1615332480386935
1000,688,corrected,psi0,1.1173903025278182,0.20329142952420132
1000,688,corrected,psi1,0.3433890177128428,0.19180405984137922
1000,689,naive,psi0,-0.555186835906153,0.16807672921313105
1000,689,naive,psi1,0.020021379848068913,0.1551065946015438
1000,689,corrected,psi0,0.7699690467583652,0.19757919714345584
1000,689,corrected,psi1,0.5780238289229259,0.1824800645986071
1000,690,naive,psi0,-0.649284034678112,0.17957649067863451
1000,690,naive,psi1,-0.07828815038338086,0.18493047852500194
1000,690,corrected,psi0,0.6123386160446738,0.20948290036930264
1000,690,corrected,psi1,0.4418740311249764,0.2133305105301936
1000,691,naive,psi0,-0.28429881293512527,0.17456707976203958
1000,691,naive,psi1,-0.08431865293557037,0.17917376119908973
1000,691,corrected,psi0,1.005776843778925,0.20497364082202485
1000,691,corrected,psi1,0.4007921044485993,0.21488198680311887
1000,692,naive,psi0,-0.5810763652831732,0.16827810448209696
1000,692,naive,psi1,0.32628795704055014,0.1726619561451511
1000,692,corrected,psi0,0.6817305329440075,0.19400066627116722
1000,692,corrected,psi1,0.8698277831663981,0.19612103345732843
1000,693,naive,psi0,-0.05272899309656254,0.19517318492742805
1000,693,naive,psi1,-0.05073163559425767,0.2097239047924775
1000,693,corrected,psi0,1.2306265969192094,0.2277333732587763
1000,693,corrected,psi1,0.41237629368320367,0.25312485838039545
1000,694,naive,psi0,-0.30412088248783326,0.17341764320894362
1000,694,naive,psi1,0.09990940861650958,0.19639859163754522
1000,694,corrected,psi0,0.884600081083413,0.20125232511777333
1000,694,corrected,psi1,0.615022250432277,0.22421535164898895
1000,695,naive,psi0,-0.08581758099926319,0.17521707765790082
1000,695,naive,psi1,-0.1221567573889164,0.17898039670513038
1000,695,corrected,psi0,1.1426203852534123,0.20242682699259268
1000,695,corrected,psi1,0.3622315837164749,0.21132722428438333
1000,696,naive,psi0,-0.8366510773340018,0.20630322281302083
1000,696,naive,psi1,-0.3011206503019785,0.21044709597850889
1000,696,corrected,psi0,0.34039579935262704,0.23804163424970845
1000,696,corrected,psi1,0.21665942315564884,0.2505268305315896
1000,697,naive,psi0,-0.40318882401009115,0.1849405296027236
1000,697,naive,psi1,0.12247116128649839,0.18510090232798454
1000,697,corrected,psi0,0.8524764892008831,0.21415057475693242
1000,697,corrected,psi1,0.6070139921023121,0.2158310221567771
1000,698,naive,psi0,-0.7054183032939817,0.18596911881992545
1000,698,naive,psi1,-0.15515443337992083,0.1764420232384689
1000,698,corrected,psi0,0.5273052402117422,0.22073524737551978
1000,698,corrected,psi1,0.3163243266562859,0.20649943325881132
1000,699,naive,psi0,-0.5363383103996521,0.18402668977663836
1000,699,naive,psi1,-0.12353467022577497,0.20005481293331304
1000,699,corrected,psi0,0.7045891699609914,0.21305512521143413
1000,699,corrected,psi1,0.40321556984228574,0.2324884008477687
1000,700,naive,psi0,-0.30270582475868785,0.17758407830978382
1000,700,naive,psi1,0.03321340666897241,0.17132634393492954
1000,700,corrected,psi0,0.95151127712141,0.20748987237263544
1000,700,corrected,psi1,0.5681579204157138,0.20339562691602864
1000,701,naive,psi0,-0.2806899559030595,0.18374074306882793
1000,701,naive,psi1,-0.41510938908576533,0.20541338955550636
1000,701,corrected,psi0,0.989023233319695,0.2122967373540673
1000,701,corrected,psi1,0.0067204683633995095,0.2322557538685668
1000,702,naive,psi0,0.025949399871853986,0.17383307310926746
1000,702,naive,psi1,-0.06695498958818503,0.1567321413761618
1000,702,corrected,psi0,1.381904361962197,0.2028640013597283
1000,702,corrected,psi1,0.3891718643985521,0.1869239993701863
1000,703,naive,psi0,-0.5901923653356165,0.18401843728632314
1000,703,naive,psi1,0.12979151891903892,0.18990613640385975
1000,703,corrected,psi0,0.6391832287200642,0.21382501015564517
1000,703,corrected,psi1,0.6666603429847707,0.2209626862837951
1000,704,naive,psi0,-0.11518041622886346,0.1914249112132244
1000,704,naive,psi1,-0.033494099605823786,0.2341508961967496
1000,704,corrected,psi0,1.1633363148567073,0.2221781402992544
1000,704,corrected,psi1,0.4369595038530854,0.26728475972970656
1000,705,naive,psi0,-0.48356239212979424,0.18017785906612138
1000,705,naive,psi1,0.12524291828240394,0.1834816784394471
1000,705,corrected,psi0,0.7828295795121297,0.21001960309217663
1000,705,corrected,psi1,0.6173833863921744,0.21675350603154775
1000,706,naive,psi0,-0.30903327938765995,0.17396013973672034
1000,706,naive,psi1,-0.1316004159424608,0.21802192372937065
1000,706,corrected,psi0,0.9746196224904772,0.2027110471161138
1000,706,corrected,psi1,0.3346670954486169,0.2547164612959842
1000,707,naive,psi0,-0.34962719903227596,0.1780438267740967
1000,707,naive,psi1,0.09601462776921076,0.20186810268841165
1000,707,corrected,psi0,0.8822822991540199,0.2099357969655958
1000,707,corrected,psi1,0.5530613918783595,0.24091238243796326
1000,708,naive,psi0,-0.5253533563526164,0.18110015001473445
1000,708,naive,psi1,0.14845305561331232,0.17075209945281342
1000,708,corrected,psi0,0.6437252918142395,0.21260723224840372
1000,708,corrected,psi1,0.6869764997377801,0.19966905826401024
1000,709,naive,psi0,-0.3278048018033422,0.18710546473107162
1000,709,naive,psi1,-0.11053909307094449,0.1952363205605939
1000,709,corrected,psi0,0.9271397474364655,0.2190456669915959
1000,709,corrected,psi1,0.3816967173179317,0.2311031651525219
1000,710,naive,psi0,-0.41883167092750895,0.17906944738912603
1000,710,naive,psi1,-0.13373460742497947,0.17352562565170704
1000,710,corrected,psi0,0.8654824390044044,0.2113283286916327
1000,710,corrected,psi1,0.3906746271548858,0.20573359654525436
1000,711,naive,psi0,-0.16211263215762345,0.18514347267076667
1000,711,naive,psi1,-0.04483008410689567,0.16806219764705713
1000,711,corrected,psi0,1.1705341278760086,0.21602681163349724
1000,711,corrected,psi1,0.38472287721900633,0.19778249452998248
1000,712,naive,psi0,-0.29881251058633723,0.1807833219085178
1000,712,naive,psi1,-0.09235613128163278,0.18541951048529043
1000,712,corrected,psi0,1.025283438399292,0.21232646773876337
1000,712,corrected,psi1,0.4112437710439009,0.21431280270324074
1000,713,naive,psi0,-0.5488856834693376,0.18462250624381693
1000,713,naive,psi1,-0.3740013001230795,0.19901234794828235
1000,713,corrected,psi0,0.6771574099382143,0.21351829404462047
1000,713,corrected,psi1,0.017721760638007022,0.22727008818182054
1000,714,naive,psi0,-0.570978376108181,0.1756805890258992
1000,714,naive,psi1,-0.02556951511497745,0.19248321594198647
1000,714,corrected,psi0,0.6868633186192638,0.20414952369769293
1000,714,corrected,psi1,0.5065923395445525,0.22020422045106014
1000,715,naive,psi0,-0.40394661940568805,0.17204712011237602
1000,715,naive,psi1,0.20338785727425054,0.1537866374187533
1000,715,corrected,psi0,0.8544916412658167,0.20089507931509248
1000,715,corrected,psi1,0.8297802893526676,0.1790625219678097
1000,716,naive,psi0,-0.1434995322895137,0.17653514268887874
1000,716,naive,psi1,-0.14490769567330808,0.18448346651251848
1000,716,corrected,psi0,1.23428285186732,0.20581514290234162
1000,716,corrected,psi1,0.3255428902498593,0.21700352754779725
1000,717,naive,psi0,-0.19926555324146233,0.17715167301962312
1000,717,naive,psi1,0.004287886262736641,0.1943128724625542
1000,717,corrected,psi0,1.0226984426281023,0.2102817347623534
1000,717,corrected,psi1,0.5059095818369767,0.22732386076064928
1000,718,naive,psi0,-0.3112951428073179,0.17851721728104283
1000,718,naive,psi1,0.2265357574344188,0.1847536387378359
1000,718,corrected,psi0,0.9579437805129616,0.20572961274363144
1000,718,corrected,psi1,0.7958264521513176,0.2126841113761457
1000,719,naive,psi0,-0.5332057934726232,0.18381456056707143
1000,719,naive,psi1,0.14475278071270983,0.21630654099517638
1000,719,corrected,psi0,0.7114423899927851,0.21843852076636036
1000,719,corrected,psi1,0.7035897038366897,0.2606577726485442
1000,720,naive,psi0,0.028286358790985507,0.18345011606638623
1000,720,naive,psi1,0.06397732869599024,0.21324288372510847
1000,720,corrected,psi0,1.3817761981147065,0.21215583119349307
1000,720,corrected,psi1,0.5925960866560653,0.24907886005356675
1000,721,naive,psi0,-0.16875355976620252,0.16108585970083855
1000,721,naive,psi1,0.004935133732041736,0.1626682093381965
1000,721,corrected,psi0,1.143039512987642,0.1893016025787766
1000,721,corrected,psi1,0.5501357403805393,0.19326471797068687
1000,722,naive,psi0,-0.1593489290882181,0.18154212823049679
1000,722,naive,psi1,0.06092376014504419,0.20062916628661426
1000,722,corrected,psi0,1.14190852730243,0.21166578012640733
1000,722,corrected,psi1,0.5695235873885679,0.2407479552469337
1000,723,naive,psi0,-0.17527449937187672,0.18727908025289103
1000,723,naive,psi1,-0.16792499827915738,0.21506298984743086
1000,723,corrected,psi0,1.1934082765691587,0.22010633881850702
1000,723,corrected,psi1,0.31259209866415966,0.24889426366096196
1000,724,naive,psi0,-0.33120659764483673,0.16900109191421947
1000,724,naive,psi1,-0.004493676089973565,0.17481839794252133
1000,724,corrected,psi0,0.9694864352481659,0.1960364644133739
1000,724,corrected,psi1,0.5115388554160948,0.1995180600889117
1000,725,naive,psi0,-0.06944364379708297,0.1782266142487469
1000,725,naive,psi1,0.061357294700313175,0.1862891936653005
1000,725,corrected,psi0,1.254644086337318,0.21169156407170003
1000,725,corrected,psi1,0.5610593823747977,0.22817462163752192
1000,726,naive,psi0,-0.5326172736154988,0.17173130588676455
1000,726,naive,psi1,-0.05419275553909028,0.17507026023725222
1000,726,corrected,psi0,0.761889127157949,0.19943925606887122
1000,726,corrected,psi1,0.44736334451444515,0.20009052819469414
1000,727,naive,psi0,-0.13361371090686616,0.1792259694971061
1000,727,naive,psi1,-0.09035510771723915,0.16732703617759315
1000,727,corrected,psi0,1.1651095263481017,0.20939862232376188
1000,727,corrected,psi1,0.4245224810913895,0.19595169431269258
1000,728,naive,psi0,-0.0022211806160899765,0.20223089412348957
1000,728,naive,psi1,0.43874493208682064,0.21540355416146714
1000,728,corrected,psi0,1.3406763804272068,0.23320077015261956
1000,728,corrected,psi1,1.0157872624779893,0.2482059215154799
1000,729,naive,psi0,-0.18866667466857867,0.1766689578121214
1000,729,naive,psi1,0.14471512670586845,0.19154055226795938
1000,729,corrected,psi0,1.105007712508776,0.20627780685312574
1000,729,corrected,psi1,0.657670749363165,0.2239872888249333
1000,730,naive,psi0,-0.22213833827832158,0.1647691482015865
1000,730,naive,psi1,-0.21878892996071767,0.18518725187659443
1000,730,corrected,psi0,1.0392631543078334,0.1917590514598811
1000,730,corrected,psi1,0.2027572666156457,0.21520394298010725
1000,731,naive,psi0,-0.27410040559510923,0.18083384717217676
1000,731,naive,psi1,0.25417152364358425,0.18842348501619527
1000,731,corrected,psi0,0.9827936488278974,0.21142306133525415
1000,731,corrected,psi1,0.8568688156661487,0.2242749198605386
1000,732,naive,psi0,-0.2916990548081761,0.1826506448339542
1000,732,naive,psi1,-0.25350859811458326,0.20274074095569364
1000,732,corrected,psi0,0.883871398506646,0.20965931387171519
1000,732,corrected,psi1,0.3167754603775962,0.23567448636546753
1000,733,naive,psi0,-0.4664908325944165,0.17643148640904135
1000,733,naive,psi1,-0.17173698060769318,0.1784258557453416
1000,733,corrected,psi0,0.8385265285332569,0.2046902048440464
1000,733,corrected,psi1,0.30582567394986826,0.20594617436165905
1000,734,naive,psi0,-0.6016837197229659,0.18819244916103017
1000,734,naive,psi1,0.05889675104794906,0.20564621547657982
1000,734,corrected,psi0,0.5902542786706901,0.2196224175649166
1000,734,corrected,psi1,0.5477882634939871,0.24160465861017927
1000,735,naive,psi0,-0.14589704413880986,0.18850878659836676
1000,735,naive,psi1,-0.2743449035102179,0.2056552815316527
1000,735,corrected,psi0,1.164997246840116,0.22076523667859452
1000,735,corrected,psi1,0.18778575455455707,0.235890818174475
1000,736,naive,psi0,-0.2587593977661865,0.1982061793770282
1000,736,naive,psi1,0.08364205143046215,0.2333703207149604
1000,736,corrected,psi0,1.0508479603333445,0.22726306009123975
1000,736,corrected,psi1,0.5977166913418932,0.26421011650117115
1000,737,naive,psi0,-0.4849811047064297,0.1795229314788123
1000,737,naive,psi1,0.08220711132407636,0.21194087983333657
1000,737,corrected,psi0,0.779065626533986,0.208607032889118
1000,737,corrected,psi1,0.46900985319983124,0.2475803435706299
1000,738,naive,psi0,-0.24360628667084067,0.1750807431419637
1000,738,naive,psi1,0.02746637384642127,0.19296960069214095
1000,738,corrected,psi0,1.053837767721382,0.2031473312527689
1000,738,corrected,psi1,0.5465614551805017,0.22197221770945882
1000,739,naive,psi0,-0.4762205344838603,0.1872473140273532
1000,739,naive,psi1,-0.1611923981554367,0.19520666826323177
1000,739,corrected,psi0,0.7400902556302965,0.21724746557479446
1000,739,corrected,psi1,0.37445719448563797,0.2222412538901916
1000,740,naive,psi0,-0.43591072436384,0.1662372997413862
1000,740,naive,psi1,0.08310216201241812,0.16936005178255817
1000,740,corrected,psi0,0.768254821115339,0.1923213404733506
1000,740,corrected,psi1,0.5660785214383294,0.19717766581569196
1000,741,naive,psi0,-0.24034661235709737,0.1976145081884715
1000,741,naive,psi1,-0.3245562020968425,0.21831649671705056
1000,741,corrected,psi0,1.0333916940715762,0.2263293357619832
1000,741,corrected,psi1,0.14454642200092152,0.24533501889767026
1000,742,naive,psi0,-0.31478563897174167,0.1783817211711108
1000,742,naive,psi1,0.12109605339664604,0.19104788899477843
1000,742,corrected,psi0,0.9543990427964387,0.21027876788099417
1000,742,corrected,psi1,0.7237971338163279,0.2246035346249497
1000,743,naive,psi0,-0.020556628501956425,0.18689746079737202
1000,743,naive,psi1,-0.023253539703007964,0.20367044074374602
1000,743,corrected,psi0,1.2306636942638924,0.21340221847660176
1000,743,corrected,psi1,0.48122740001959824,0.2301244138212203
1000,744,naive,psi0,0.04786914517714515,0.17480293227005556
1000,744,naive,psi1,-0.09195806248107964,0.1753271077322899
1000,744,corrected,psi0,1.3989009346424108,0.20628862416362626
1000,744,corrected,psi1,0.4966696079825784,0.2063335893763005
1000,745,naive,psi0,-0.38322683248560613,0.1879631722495733
1000,745,naive,psi1,0.3551640825285445,0.19528180791940805
1000,745,corrected,psi0,0.8613401719141104,0.22184887295209071
1000,745,corrected,psi1,0.8671283798850392,0.2308224720545766
1000,746,naive,psi0,-0.037284720690276316,0.18326984780158842
1000,746,naive,psi1,-0.15561882532730645,0.1830634443056737
1000,746,corrected,psi0,1.2536396987540375,0.2109539680858388
1000,746,corrected,psi1,0.34712305249335274,0.20983102724472716
1000,747,naive,psi0,-0.33290138634493044,0.17320350095183468
1000,747,naive,psi1,-0.18350456262203935,0.19186604333626808
1000,747,corrected,psi0,0.9240948569487359,0.19771740961184076
1000,747,corrected,psi1,0.35224231513946314,0.21867799978367694
1000,748,naive,psi0,-0.29877493420446366,0.18927471521366332
1000,748,naive,psi1,0.035884404928701714,0.1885104965100457
1000,748,corrected,psi0,0.9410698526190102,0.22103896298828207
1000,748,corrected,psi1,0.4639506700212962,0.2150147739970273
1000,749,naive,psi0,-0.4068281115202784,0.189935935367521
1000,749,naive,psi1,0.014284738130652506,0.18578439773709962
1000,749,corrected,psi0,0.7837694761027756,0.22451043086832345
1000,749,corrected,psi1,0.5054028444343347,0.22325759802006634
1000,750,naive,psi0,-0.5077536612851482,0.18980134443807323
1000,750,naive,psi1,-0.17061431555229892,0.20966601513144353
1000,750,corrected,psi0,0.7480318897547041,0.22074304854943225
1000,750,corrected,psi1,0.31131044997415513,0.24067410061299463
1000,751,naive,psi0,-0.5951599766754505,0.18875163262465758
1000,751,naive,psi1,-0.34371871363033024,0.22917370394639058
1000,751,corrected,psi0,0.5725584957782561,0.21718055588758028
1000,751,corrected,psi1,0.14168583780986468,0.2572586497007406
1000,752,naive,psi0,-0.38288014194529685,0.1894542284078776
1000,752,naive,psi1,0.1355603051552762,0.19762702492601322
1000,752,corrected,psi0,0.8909886603906879,0.22256790910214036
1000,752,corrected,psi1,0.6331667825493585,0.24239518822420109
1000,753,naive,psi0,-0.19511092690173282,0.18207336882828526
1000,753,naive,psi1,0.03457884791554894,0.19255303699683923
1000,753,corrected,psi0,1.158296276922252,0.21347502647491665
1000,753,corrected,psi1,0.519872852306936,0.2231902641062874
1000,754,naive,psi0,-0.2756978178841294,0.1773569867164612
1000,754,naive,psi1,-0.30031646556626496,0.20371239486148068
1000,754,corrected,psi0,1.0215624226446243,0.20626670991647866
1000,754,corrected,psi1,0.15910307888703565,0.2368891581560976
1000,755,naive,psi0,-0.09336010182305629,0.18077240674855624
1000,755,naive,psi1,-0.15236492018823494,0.1818950651076497
1000,755,corrected,psi0,1.178529719317478,0.21229243147135882
1000,755,corrected,psi1,0.37413847526328264,0.21512117602659767
1000,756,naive,psi0,-0.1374416810141261,0.18386305202485886
1000,756,naive,psi1,0.2613398441859627,0.17743168406180565
1000,756,corrected,psi0,1.1599694308632305,0.21140343752800783
1000,756,corrected,psi1,0.7629579823964969,0.20056630504749778
1000,757,naive,psi0,-0.13841004661141557,0.17686877378925206
1000,757,naive,psi1,0.31725790038616175,0.19014819009849773
1000,757,corrected,psi0,1.1719244235974873,0.20581860459744808
1000,757,corrected,psi1,0.8622345199067377,0.21866700353588103
1000,758,naive,psi0,-0.007854790459126963,0.18206970371467854
1000,758,naive,psi1,-0.3382479413791953,0.19336417111516324
1000,758,corrected,psi0,1.2723817134569233,0.20862864560980798
1000,758,corrected,psi1,0.18162399286154982,0.22312802159870027
1000,759,naive,psi0,-0.46176388261670204,0.18763381209120625
1000,759,naive,psi1,-0.051546103863814974,0.18803804204626665
1000,759,corrected,psi0,0.8255124533881054,0.2151856889004751
1000,759,corrected,psi1,0.4423249073563643,0.21903358546620136
1000,760,naive,psi0,-0.2568811473643377,0.1716769918895446
1000,760,naive,psi1,-0.1432083826129114,0.18797860115073853
1000,760,corrected,psi0,0.9856174994386593,0.19932056004898216
1000,760,corrected,psi1,0.3883588039686462,0.20934625755321412
1000,761,naive,psi0,-0.1402677711429504,0.19641680170867795
1000,761,naive,psi1,0.05648567374622466,0.195983491330256
1000,761,corrected,psi0,1.1559091372050139,0.23130709458876403
1000,761,corrected,psi1,0.5732754210404107,0.23276062247537793
1000,762,naive,psi0,-0.18438613263187617,0.1671044620419475
1000,762,naive,psi1,0.05038995882323088,0.18911161631849344
1000,762,corrected,psi0,1.1257826867685607,0.1921057694467064
1000,762,corrected,psi1,0.5654101907927533,0.21721827053340564
1000,763,naive,psi0,-0.27537389990921174,0.19499085258960278
1000,763,naive,psi1,-0.5162475343226075,0.20504768429844236
1000,763,corrected,psi0,1.0315637719608384,0.22825811184583114
1000,763,corrected,psi1,-0.051347405157671035,0.24521569015991854
1000,764,naive,psi0,-0.14023173389431398,0.16868054175777006
1000,764,naive,psi1,0.07596979056932737,0.18838690258187374
1000,764,corrected,psi0,1.116103318497174,0.2015353043195237
1000,764,corrected,psi1,0.5699212425135682,0.22168450536042536
1000,765,naive,psi0,-0.4776560367891666,0.18327431387082044
1000,765,naive,psi1,0.12015265305629946,0.20671312207332623
1000,765,corrected,psi0,0.822464976998144,0.2139256363241831
1000,765,corrected,psi1,0.6778066934467436,0.24761740271535634
1000,766,naive,psi0,-0.14126896931191993,0.1757341446653928
1000,766,naive,psi1,0.044019200514157225,0.19600502131149897
1000,766,corrected,psi0,1.1629330151141413,0.20531334699028142
1000,766,corrected,psi1,0.5206084125452947,0.2309476724220036
1000,767,naive,psi0,-0.35602953087306044,0.17162644929432413
1000,767,naive,psi1,0.03237162601215233,0.18108783714210128
1000,767,corrected,psi0,0.895587063448036,0.2013606107473014
1000,767,corrected,psi1,0.47440635485518096,0.2100749821271383
1000,768,naive,psi0,-0.27026179922338045,0.1861438565795406
1000,768,naive,psi1,-0.12937103508303635,0.18876252348277925
1000,768,corrected,psi0,1.0491826968653817,0.2148805000184822
1000,768,corrected,psi1,0.3461094336507045,0.2161136381085098
1000,769,naive,psi0,-0.33110212396632205,0.18494240510175322
1000,769,naive,psi1,-0.16851241271915918,0.1916899678920427
1000,769,corrected,psi0,0.9387198468500774,0.21502280338307947
1000,769,corrected,psi1,0.34646642520940046,0.2239921261170674
1000,770,naive,psi0,-0.42593849167913433,0.18826179288995762
1000,770,naive,psi1,0.1410610544923639,0.20176905783690438
1000,770,corrected,psi0,0.7541149139198222,0.21818954443659136
1000,770,corrected,psi1,0.6527632129849553,0.2307382597820959
1000,771,naive,psi0,0.04556986327319999,0.1832406878339444
1000,771,naive,psi1,-0.1026526275544408,0.20330677574258763
1000,771,corrected,psi0,1.3995936903863926,0.20969772974539433
1000,771,corrected,psi1,0.3719160912120926,0.22942798897145322
1000,772,naive,psi0,-0.3637072885796539,0.18731780153298722
1000,772,naive,psi1,-0.15413343478686975,0.19633692479916415
1000,772,corrected,psi0,0.9554158522894618,0.2174637236462475
1000,772,corrected,psi1,0.2682894138269644,0.22602432661237515
1000,773,naive,psi0,-0.5340910796666508,0.1819327828653908
1000,773,naive,psi1,0.0732253930866301,0.19150376831258417
1000,773,corrected,psi0,0.6640007330169669,0.2100537646114196
1000,773,corrected,psi1,0.5909915853274885,0.22242372696020676
1000,774,naive,psi0,-0.459587314348361,0.17275329045634646
1000,774,naive,psi1,-0.30694161607195314,0.20961074539027197
1000,774,corrected,psi0,0.8532527753132542,0.20188055229142435
1000,774,corrected,psi1,0.15724105455047666,0.24286576933746115
1000,775,naive,psi0,-0.34185281338212653,0.17312181461274634
1000,775,naive,psi1,-0.08603904653287313,0.1971441816337749
1000,775,corrected,psi0,0.9528737717041182,0.20089361250440782
1000,775,corrected,psi1,0.34831754491438577,0.2282433775285163
1000,776,naive,psi0,-0.2828172409544128,0.178298292342209
1000,776,naive,psi1,0.005661416021889264,0.17833987101384738
1000,776,corrected,psi0,0.9917162157631428,0.20642209860861555
1000,776,corrected,psi1,0.5716654857313602,0.21220160701003793
1000,777,naive,psi0,-0.08870102740743672,0.2024441877606116
1000,777,naive,psi1,0.3157515242211372,0.2573154936425334
1000,777,corrected,psi0,1.1582612227942366,0.23118010238073564
1000,777,corrected,psi1,0.800277133899491,0.2930581701169921
1000,778,naive,psi0,-0.047473687361863616,0.1775868124003868
1000,778,naive,psi1,0.22838987231603367,0.19237798264648678
1000,778,corrected,psi0,1.320717589493643,0.2066748924373414
1000,778,corrected,psi1,0.8454069576990706,0.2287004269433318
1000,779,naive,psi0,-0.21780099209241907,0.1835954268303188
1000,779,naive,psi1,-0.024134813783712423,0.18373729100355304
1000,779,corrected,psi0,1.0380715121579902,0.2155025189325291
1000,779,corrected,psi1,0.4705698644281254,0.21665833858958797
1000,780,naive,psi0,-0.027727022475704004,0.1758126891697077
1000,780,naive,psi1,-0.14020512775226537,0.19671645428779427
1000,780,corrected,psi0,1.2330635106330985,0.2032982544734992
1000,780,corrected,psi1,0.34436528626489515,0.2299887524428728
1000,781,naive,psi0,-0.24030736277759074,0.17719043460013562
1000,781,naive,psi1,-0.10204405013632636,0.19213108504343868
1000,781,corrected,psi0,1.0533201432473493,0.20666414049598025
1000,781,corrected,psi1,0.4073940299991426,0.22335710144018145
1000,782,naive,psi0,-0.06566756106120762,0.1882312479890356
1000,782,naive,psi1,0.12709053698593953,0.18344320184034704
1000,782,corrected,psi0,1.195621344305838,0.21876453383871916
1000,782,corrected,psi1,0.6552524329249496,0.21473500783391425
1000,783,naive,psi0,-0.3782851930138006,0.18858418715461106
1000,783,naive,psi1,0.02360288596153652,0.20172364241003818
1000,783,corrected,psi0,0.9053693278496275,0.218934917930212
1000,783,corrected,psi1,0.534740970343626,0.22968398930922698
1000,784,naive,psi0,-0.08908500681977422,0.18783293463236123
1000,784,naive,psi1,0.14868728125821515,0.1828245107990604
1000,784,corrected,psi0,1.2190044638879693,0.2219680855862202
1000,784,corrected,psi1,0.6290113026839836,0.21357278876843933
1000,785,naive,psi0,-0.04242841331973438,0.17982878802451938
1000,785,naive,psi1,-0.23324854596800873,0.19027824833102372
1000,785,corrected,psi0,1.220972924193517,0.2088218350015576
1000,785,corrected,psi1,0.174095607888195,0.22459167012804632
1000,786,naive,psi0,-0.36589810769289777,0.17043366287076317
1000,786,naive,psi1,0.032596568830553556,0.18217645490427073
1000,786,corrected,psi0,0.9053779281618002,0.19525388263362886
1000,786,corrected,psi1,0.48815493954890304,0.20848012819827896
1000,787,naive,psi0,-0.5129902739268288,0.17402164425228306
1000,787,naive,psi1,0.06601955243259137,0.17524135868553536
1000,787,corrected,psi0,0.6977197724162144,0.2030365011366023
1000,787,corrected,psi1,0.5750507418541635,0.20067541332194078
1000,788,naive,psi0,-0.2922237114551421,0.16075862224762852
1000,788,naive,psi1,-0.30536360399616147,0.1681431489972675
1000,788,corrected,psi0,0.8752373298737537,0.19155942919279306
1000,788,corrected,psi1,0.26362757431912576,0.20180629050631949
1000,789,naive,psi0,-0.28493426068279765,0.17244379893873907
1000,789,naive,psi1,0.026213473053313004,0.18159319798218532
1000,789,corrected,psi0,0.9926464043782018,0.20345157697346333
1000,789,corrected,psi1,0.582037878157364,0.2168320606851281
1000,790,naive,psi0,-0.1939042552009668,0.1818277868425938
1000,790,naive,psi1,-0.18288634662512002,0.21377943940699623
1000,790,corrected,psi0,1.023808194716545,0.21010436636415514
1000,790,corrected,psi1,0.3051672201008965,0.24858300767094035
1000,791,naive,psi0,-0.4498039175034388,0.1880346131960086
1000,791,naive,psi1,-0.03302636128117495,0.19495732936927687
1000,791,corrected,psi0,0.8479279420229224,0.2187616767345964
1000,791,corrected,psi1,0.4642426735877975,0.2267638248171047
1000,792,naive,psi0,-0.011656582549598447,0.1729186622187053
1000,792,naive,psi1,-0.01527661819244425,0.18072606775411995
1000,792,corrected,psi0,1.3323626733046439,0.19757206422759865
1000,792,corrected,psi1,0.48213877141283695,0.20306265636338833
1000,793,naive,psi0,-0.38610110413909365,0.16161087612524028
1000,793,naive,psi1,0.028796397838001357,0.15586912997847358
1000,793,corrected,psi0,0.8708407325905152,0.18904600269618554
1000,793,corrected,psi1,0.4938571308746617,0.18465641704819413
1000,794,naive,psi0,-0.11915540774436531,0.18430664456073031
1000,794,naive,psi1,-0.13239200332732198,0.1983258897196912
1000,794,corrected,psi0,1.1713867784242498,0.21211681254732
1000,794,corrected,psi1,0.3206044981979787,0.2255944721672351
1000,795,naive,psi0,-0.4983627942267583,0.1806342618572422
1000,795,naive,psi1,-0.009778504124043144,0.17356289020608032
1000,795,corrected,psi0,0.7136858034857377,0.2128394002582515
1000,795,corrected,psi1,0.46811862575199803,0.20162290206231923
1000,796,naive,psi0,-0.17930569610491004,0.16203790377843796
1000,796,naive,psi1,-0.064102967017191,0.15543036938588403
1000,796,corrected,psi0,1.136893119293971,0.18993712285043615
1000,796,corrected,psi1,0.42211457108936684,0.17917236186116978
1000,797,naive,psi0,-0.31975574358949654,0.18410886283505834
1000,797,naive,psi1,0.2200627490742301,0.20366535583139708
1000,797,corrected,psi0,0.944517118201879,0.21966805152502877
1000,797,corrected,psi1,0.643989096222607,0.24072749344025807
1000,798,naive,psi0,-0.334672272956131,0.1766175826307177
1000,798,naive,psi1,-0.10157852372995237,0.18438615056429386
1000,798,corrected,psi0,0.8931000385951756,0.20636808109741428
1000,798,corrected,psi1,0.44046264544395874,0.21965244030220163
1000,799,naive,psi0,-0.10775858781508821,0.1861412655363652
1000,799,naive,psi1,-0.04147561601405159,0.20467589529187075
1000,799,corrected,psi0,1.195424696556888,0.21448348300912592
1000,799,corrected,psi1,0.41688548383457613,0.23142853294518037
1000,800,naive,psi0,-0.3909454006470137,0.179836806659219
1000,800,naive,psi1,0.33358149408814153,0.2129229425010996
1000,800,corrected,psi0,0.809465993915024,0.21190717030555223
1000,800,corrected,psi1,0.9106148684663926,0.25014943358994873
1000,801,naive,psi0,-0.4311384455270785,0.17023427735552382
1000,801,naive,psi1,-0.3457922138121207,0.17912609765944523
1000,801,corrected,psi0,0.7704730856074762,0.2004824185611267
1000,801,corrected,psi1,0.12062561232641736,0.21490637700262397
1000,802,naive,psi0,-0.0579635051786917,0.17601286556386092
1000,802,naive,psi1,-0.3290213568536883,0.18044087326859987
1000,802,corrected,psi0,1.2969367759115489,0.20684885052786148
1000,802,corrected,psi1,0.08846146811056022,0.20866714386091983
1000,803,naive,psi0,-0.23164387283105028,0.1811782853379039
1000,803,naive,psi1,-0.10949558139591219,0.17231678275075027
1000,803,corrected,psi0,1.1184620838345622,0.21098186524475096
1000,803,corrected,psi1,0.36733635253475916,0.20065135940757844
1000,804,naive,psi0,-0.029166383397967687,0.19399388710688611
1000,804,naive,psi1,0.049445162047183716,0.194329425544224
1000,804,corrected,psi0,1.31739887075914,0.22461801534450626
1000,804,corrected,psi1,0.6070489923334568,0.22208033219285273
1000,805,naive,psi0,-0.24674465781331031,0.1951706784148623
1000,805,naive,psi1,0.0013603301647568038,0.21458742010062323
1000,805,corrected,psi0,1.0095113596678469,0.22756656299116676
1000,805,corrected,psi1,0.4912890480711282,0.2458309256383564
1000,806,naive,psi0,-0.3378435924711741,0.19308726055028322
1000,806,naive,psi1,0.10551840609688937,0.22679723893344525
1000,806,corrected,psi0,0.9186929707747014,0.22408649324844743
1000,806,corrected,psi1,0.6253193658145882,0.26127156576501714
1000,807,naive,psi0,-0.5215114349434574,0.1722740789300975
1000,807,naive,psi1,0.17540935500512114,0.17908640827086206
1000,807,corrected,psi0,0.764113328632918,0.20366115386799177
1000,807,corrected,psi1,0.7336103023997852,0.223071154466806
1000,808,naive,psi0,0.06323427598503546,0.17191005184727326
1000,808,naive,psi1,0.2383487983297203,0.18519783696373202
1000,808,corrected,psi0,1.4311012923326614,0.1991471379606813
1000,808,corrected,psi1,0.7064677567837988,0.20899013809424158
1000,809,naive,psi0,-0.4788577449403108,0.17944902364014018
1000,809,naive,psi1,0.010897149938264584,0.18885309495842664
1000,809,corrected,psi0,0.6755736317171823,0.21687579768793827
1000,809,corrected,psi1,0.5868145626356654,0.23700511384575507
1000,810,naive,psi0,-0.30086658927207094,0.18236196112623357
1000,810,naive,psi1,-0.11320216295774523,0.19746789376366403
1000,810,corrected,psi0,0.937174914538589,0.21258890962475874
1000,810,corrected,psi1,0.4525955812596554,0.23479745385243386
1000,811,naive,psi0,-0.23701609520944134,0.17902274189209463
1000,811,naive,psi1,-0.026679337364195737,0.17891864233479507
1000,811,corrected,psi0,1.0486610346716156,0.20923759804020584
1000,811,corrected,psi1,0.476054111821848,0.211431068991711
1000,812,naive,psi0,-0.1495916562981272,0.1775587445911644
1000,812,naive,psi1,0.04903101453751833,0.17154620712636778
1000,812,corrected,psi0,1.1191530288191205,0.2031714804418273
1000,812,corrected,psi1,0.5597651281260921,0.19153660264005087
1000,813,naive,psi0,-0.12429300554270094,0.1755854260423973
1000,813,naive,psi1,-0.10117457702464602,0.18932570377256336
1000,813,corrected,psi0,1.1689753827936018,0.2035328288479876
1000,813,corrected,psi1,0.35341538934091243,0.22013447835838412
1000,814,naive,psi0,-0.21229106865753183,0.17805461228526653
1000,814,naive,psi1,-0.0838939009259071,0.19311569144528834
1000,814,corrected,psi0,0.993411763902459,0.2066259132987552
1000,814,corrected,psi1,0.3028914462442666,0.22115089849385186
1000,815,naive,psi0,-0.512852772280398,0.175860779292266
1000,815,naive,psi1,0.1301552267361013,0.19543683409618798
1000,815,corrected,psi0,0.6798591114305651,0.2061828976030032
1000,815,corrected,psi1,0.6687595439896583,0.22700671429708366
1000,816,naive,psi0,-0.3641996318100644,0.17154359071550238
1000,816,naive,psi1,-0.0930378264661156,0.17691232690971087
1000,816,corrected,psi0,0.9030534891588888,0.20122156666775734
1000,816,corrected,psi1,0.43798049732006294,0.20368968037575655
1000,817,naive,psi0,-0.21508506049793819,0.19476535828389618
1000,817,naive,psi1,-0.23389243629198803,0.18409165004910938
1000,817,corrected,psi0,1.058397746743401,0.22518224291829939
1000,817,corrected,psi1,0.216795658400483,0.21571678728458468
1000,818,naive,psi0,-0.3560527215460621,0.1825729670233726
1000,818,naive,psi1,0.3407770713407543,0.18733155686175984
1000,818,corrected,psi0,0.9694908126433205,0.21132844502381115
1000,818,corrected,psi1,0.8148220557092296,0.22219121593783694
1000,819,naive,psi0,0.009059250145392134,0.1791292329531929
1000,819,naive,psi1,-0.4540281069228403,0.19437531090273014
1000,819,corrected,psi0,1.3524760258893798,0.2066843361529832
1000,819,corrected,psi1,-0.09312496771465378,0.22209641660075607
1000,820,naive,psi0,-0.3677676416599176,0.17694577481674048
1000,820,naive,psi1,0.07745389102805726,0.17246306737430264
1000,820,corrected,psi0,0.8958136669583671,0.20736264912256058
1000,820,corrected,psi1,0.5790210173753723,0.20226413426252202
1000,821,naive,psi0,-0.020995998500303203,0.17615570109026357
1000,821,naive,psi1,-0.2650686192385884,0.19054933930907642
1000,821,corrected,psi0,1.3164806690188924,0.20681606603738775
1000,821,corrected,psi1,0.25902974894076,0.22094701352326718
1000,822,naive,psi0,-0.15280396797718185,0.1772845414104687
1000,822,naive,psi1,0.2816067856313608,0.1599278509760153
1000,822,corrected,psi0,1.1868500610881358,0.2059157222573626
1000,822,corrected,psi1,0.8624325794660622,0.18203906299348935
1000,823,naive,psi0,-0.3364789034811,0.18726117667290124
1000,823,naive,psi1,-0.2688473394759025,0.23121153408209114
1000,823,corrected,psi0,0.8548323430056131,0.2181112132869339
1000,823,corrected,psi1,0.234073646258447,0.2723687019567075
1000,824,naive,psi0,-0.3150431398226391,0.18296711071556662
1000,824,naive,psi1,0.03937278244760155,0.19873496654219475
1000,824,corrected,psi0,0.983710147565245,0.21269025681326317
1000,824,corrected,psi1,0.5248341242251596,0.23236099910196897
1000,825,naive,psi0,-0.5815442283286606,0.16750646579104345
1000,825,naive,psi1,-0.0515986589888962,0.1709339417686678
1000,825,corrected,psi0,0.6418267591596786,0.19478030687056655
1000,825,corrected,psi1,0.40972561659629153,0.19665060173651575
1000,826,naive,psi0,-0.35966500748222274,0.1841194018276912
1000,826,naive,psi1,0.009412569195692624,0.18051702970520134
1000,826,corrected,psi0,0.9046764845612177,0.21523677085740944
1000,826,corrected,psi1,0.532095449087284,0.20764428406800053
1000,827,naive,psi0,-0.4504297752179555,0.1831529331213313
1000,827,naive,psi1,-0.3274306562805425,0.20050310706450264
1000,827,corrected,psi0,0.8499724309091722,0.2151105965149488
1000,827,corrected,psi1,0.18259374574943224,0.23260969673186138
1000,828,naive,psi0,-0.3216924694779907,0.17025237021537135
1000,828,naive,psi1,0.42600042969283974,0.17793821742641905
1000,828,corrected,psi0,0.9655401646500833,0.20024541964144113
1000,828,corrected,psi1,1.0287325723169223,0.21346022588397026
1000,829,naive,psi0,-0.4516050618807765,0.18686752012313262
1000,829,naive,psi1,-0.2577649369998189,0.17900449433377624
1000,829,corrected,psi0,0.7811279060162626,0.21498364419561222
1000,829,corrected,psi1,0.2222260708631786,0.20419989360273302
1000,830,naive,psi0,-0.2619249026367706,0.1979747103657292
1000,830,naive,psi1,-0.2586673397580755,0.22537842596522217
1000,830,corrected,psi0,0.9838719104680936,0.23180097276835723
1000,830,corrected,psi1,0.2795987795300401,0.26659821438388737
1000,831,naive,psi0,-0.3434425901555663,0.1795856010612475
1000,831,naive,psi1,-0.08430125748225102,0.16390943965163243
1000,831,corrected,psi0,0.9566878711202237,0.21026305946204424
1000,831,corrected,psi1,0.4055493540151746,0.19444544355868967
1000,832,naive,psi0,-0.09259136997538857,0.16843308406151652
1000,832,naive,psi1,0.181006238054351,0.1717203498618827
1000,832,corrected,psi0,1.223490402109191,0.19536680697096173
1000,832,corrected,psi1,0.661059546978028,0.19587898700675233
1000,833,naive,psi0,-0.42164241375882155,0.1883587245502635
1000,833,naive,psi1,0.1371501388030525,0.22047544296930988
1000,833,corrected,psi0,0.8128678716885516,0.21574329403048237
1000,833,corrected,psi1,0.654690054944015,0.2505896500068604
1000,834,naive,psi0,-0.05634002861254552,0.1800148514279079
1000,834,naive,psi1,-0.26944004271326655,0.17031601693902967
1000,834,corrected,psi0,1.3124422757431533,0.21017501675367628
1000,834,corrected,psi1,0.22091295086590315,0.1933177504598592
1000,835,naive,psi0,-0.1291905640262358,0.1769015104626615
1000,835,naive,psi1,0.015389996412011029,0.2047279440595016
1000,835,corrected,psi0,1.216138152885404,0.20403339128223472
1000,835,corrected,psi1,0.4952079770619671,0.2285927319775263
1000,836,naive,psi0,-0.3539342292399215,0.18329163854453231
1000,836,naive,psi1,0.18000424904246357,0.1904599820893236
1000,836,corrected,psi0,0.9221169331129129,0.21290256063311364
1000,836,corrected,psi1,0.7211225219190646,0.22125837724455016
1000,837,naive,psi0,-0.4864077986071795,0.17644606916495803
1000,837,naive,psi1,-0.15578230294289538,0.18388576407675253
1000,837,corrected,psi0,0.7008653519481569,0.20934976327579125
1000,837,corrected,psi1,0.33844872525436387,0.21737889778883202
1000,838,naive,psi0,-0.28993923514773845,0.1786867812397724
1000,838,naive,psi1,-0.12110284207610757,0.20092911686690818
1000,838,corrected,psi0,1.049705575328206,0.2082598740925356
1000,838,corrected,psi1,0.24696860561298328,0.23073527403308886
1000,839,naive,psi0,-0.4297893980630115,0.17959478731231418
1000,839,naive,psi1,-0.27419933087532494,0.18624653572679248
1000,839,corrected,psi0,0.8082358216977477,0.20868934141751178
1000,839,corrected,psi1,0.12263927989219922,0.2174711924478197
1000,840,naive,psi0,-0.4017369013789345,0.17911610979946138
1000,840,naive,psi1,0.23775791345941213,0.19710544281605588
1000,840,corrected,psi0,0.8618034911067657,0.20809043548238898
1000,840,corrected,psi1,0.8050191203734333,0.22560860525102164
1000,841,naive,psi0,-0.21401723418244403,0.1847250632540285
1000,841,naive,psi1,0.00599581142801823,0.17862239468685787
1000,841,corrected,psi0,1.0266622545399706,0.2150715009183798
1000,841,corrected,psi1,0.4683801711448317,0.21299563275759303
1000,842,naive,psi0,-0.30573833115326,0.17690179832186737
1000,842,naive,psi1,-0.08642030032556122,0.21011150174951446
1000,842,corrected,psi0,1.0158538061546976,0.20899041407763297
1000,842,corrected,psi1,0.3695905433202723,0.2479463805462988
1000,843,naive,psi0,-0.4225555030711642,0.19095624407046807
1000,843,naive,psi1,0.08206198155536862,0.2019454388887758
1000,843,corrected,psi0,0.852566597541952,0.22445788095856076
1000,843,corrected,psi1,0.6315018322157078,0.24597610998016112
1000,844,naive,psi0,-0.09125240523893519,0.18242261038183624
1000,844,naive,psi1,-0.04832706323060082,0.1954180933251158
1000,844,corrected,psi0,1.167165154476782,0.21435206295748846
1000,844,corrected,psi1,0.41099707011280323,0.22733082783877426
1000,845,naive,psi0,-0.4569346624963695,0.17078152063053373
1000,845,naive,psi1,-0.09484224331554819,0.1766270732848494
1000,845,corrected,psi0,0.8611233816867147,0.20019696490074712
1000,845,corrected,psi1,0.41301894155281266,0.2021336073123607
1000,846,naive,psi0,-0.23921663280312416,0.1851899695745046
1000,846,naive,psi1,0.4021704829369524,0.20823115131590422
1000,846,corrected,psi0,1.1296878167838185,0.2152435555795171
1000,846,corrected,psi1,0.8746668564794627,0.23486433139665802
1000,847,naive,psi0,-0.15514154068946948,0.17996254933642578
1000,847,naive,psi1,-0.23644051290847415,0.18129842142402328
1000,847,corrected,psi0,1.072836828687048,0.20666798604101916
1000,847,corrected,psi1,0.27057169363044625,0.2060773597816728
1000,848,naive,psi0,-0.17761380330853951,0.1853168957180876
1000,848,naive,psi1,-0.14679747899659795,0.1817703615472749
1000,848,corrected,psi0,1.037714071076149,0.21523687607828873
1000,848,corrected,psi1,0.3204989607423974,0.21198305506634352
1000,849,naive,psi0,-0.743869368205748,0.18520379938630005
1000,849,naive,psi1,0.4575193590539758,0.19658706433753587
1000,849,corrected,psi0,0.48724017683200505,0.21107315003073754
1000,849,corrected,psi1,0.9962902685918164,0.22301699597825989
1000,850,naive,psi0,-0.5224639173986411,0.1851013215594101
1000,850,naive,psi1,0.1302512802907314,0.1849839761619517
1000,850,corrected,psi0,0.7492804756681593,0.21306573640030102
1000,850,corrected,psi1,0.7297226152206251,0.21255841179766896
1000,851,naive,psi0,0.06237694817342123,0.17064921070280187
1000,851,naive,psi1,0.10729185394021255,0.17641688720971205
1000,851,corrected,psi0,1.3721688602448174,0.20153640591059208
1000,851,corrected,psi1,0.6609121937043421,0.2114067208852541
1000,852,naive,psi0,-0.3504330664661097,0.19215396483285077
1000,852,naive,psi1,0.07708829242878551,0.2069442983979527
1000,852,corrected,psi0,1.0157782010037621,0.22374278713337334
1000,852,corrected,psi1,0.5853499475492465,0.23928424871994136
1000,853,naive,psi0,-0.18265966374773862,0.1704429341855156
1000,853,naive,psi1,-0.10929541555512351,0.18268396907063197
1000,853,corrected,psi0,1.0508403664829324,0.1984405560643983
1000,853,corrected,psi1,0.3910646845801859,0.20869369696081522
1000,854,naive,psi0,0.06273117299378238,0.19299176259389306
1000,854,naive,psi1,0.01667224800155557,0.19931175407965696
1000,854,corrected,psi0,1.35318919603502,0.22383311698643124
1000,854,corrected,psi1,0.5168768777250472,0.2317375272904539
1000,855,naive,psi0,-0.43944162474779247,0.1792846932590646
1000,855,naive,psi1,-0.18760492785560498,0.21816721705857636
1000,855,corrected,psi0,0.7790377000081103,0.20760509254860676
1000,855,corrected,psi1,0.3530064670217839,0.2504769267125654
1000,856,naive,psi0,-0.1906866423149493,0.1825135324515961
1000,856,naive,psi1,-0.07660943040389168,0.19080475468271332
1000,856,corrected,psi0,1.0340163408965666,0.2107786740980051
1000,856,corrected,psi1,0.4025229383469648,0.22220297553903462
1000,857,naive,psi0,-0.5607309803847524,0.18405401949829903
1000,857,naive,psi1,0.13048153635875012,0.1864818439544048
1000,857,corrected,psi0,0.6997028132851996,0.2149737216753876
1000,857,corrected,psi1,0.6038038566199873,0.21696715920297402
1000,858,naive,psi0,-0.4600939646244562,0.17498376845625985
1000,858,naive,psi1,0.15953996831272965,0.18098799551614347
1000,858,corrected,psi0,0.8896341862671467,0.20447386403249143
1000,858,corrected,psi1,0.7281168662667484,0.2143379025089586
1000,859,naive,psi0,-0.1789743031763108,0.17908217515281138
1000,859,naive,psi1,-0.26747762384345375,0.16346368485559867
1000,859,corrected,psi0,1.0644144118303847,0.20879939749040302
1000,859,corrected,psi1,0.22600330025967766,0.19077437626603405
1000,860,naive,psi0,-0.208470708282397,0.17786471209164825
1000,860,naive,psi1,-0.009925209281656609,0.19162929649883576
1000,860,corrected,psi0,1.1244763284830137,0.20703516715703488
1000,860,corrected,psi1,0.42787527857765395,0.22368843298118646
1000,861,naive,psi0,-0.24910487370071377,0.18899106476378555
1000,861,naive,psi1,0.13452004547609198,0.18928251912531996
1000,861,corrected,psi0,1.0643650473879571,0.21588728610531163
1000,861,corrected,psi1,0.6762594849768888,0.2128475276996344
1000,862,naive,psi0,-0.49955751686708477,0.18617876196079802
1000,862,naive,psi1,0.12170821854237211,0.2108164806388869
1000,862,corrected,psi0,0.7811538585715128,0.21562000104814125
1000,862,corrected,psi1,0.5464197045246759,0.23988954013631497
1000,863,naive,psi0,-0.27313001056710184,0.18997662083431788
1000,863,naive,psi1,-0.23382000237880793,0.1968148627649865
1000,863,corrected,psi0,0.9444094056537113,0.22258729106474462
1000,863,corrected,psi1,0.27764419944702345,0.22993508253764486
1000,864,naive,psi0,-0.10084234096780789,0.17630062826641682
1000,864,naive,psi1,-0.055049812321277834,0.19550319912638378
1000,864,corrected,psi0,1.1991828701140623,0.20661492363564574
1000,864,corrected,psi1,0.41848055250369826,0.22580642112457616
1000,865,naive,psi0,-0.04514691813241014,0.17566180954021693
1000,865,naive,psi1,0.0384553104445516,0.17511793233195055
1000,865,corrected,psi0,1.2879146931984131,0.2042369024098224
1000,865,corrected,psi1,0.47995935402005213,0.20426673039796883
1000,866,naive,psi0,-0.42719433447244626,0.17589188391077776
1000,866,naive,psi1,-0.29804232230688243,0.17639171016699012
1000,866,corrected,psi0,0.7757136840153417,0.20640883024914747
1000,866,corrected,psi1,0.2538743493953254,0.21095242457368343
1000,867,naive,psi0,0.08451592519264328,0.1866433623004051
1000,867,naive,psi1,-0.21466196616485078,0.18203016421615398
1000,867,corrected,psi0,1.360235086893214,0.21816012873415813
1000,867,corrected,psi1,0.2827534194833651,0.21698104085787914
1000,868,naive,psi0,-0.48984208558181375,0.1769663465257167
1000,868,naive,psi1,-0.2900759115307184,0.17943252898606768
1000,868,corrected,psi0,0.7792531390335284,0.20407603141752856
1000,868,corrected,psi1,0.1742850878729267,0.20370204064125244
1000,869,naive,psi0,-0.28569816334281384,0.18033814410332308
1000,869,naive,psi1,0.18497411239798825,0.18583271447295954
1000,869,corrected,psi0,1.0332041897595972,0.21074462790423726
1000,869,corrected,psi1,0.7167172354402517,0.2159118083452905
1000,870,naive,psi0,-0.14993620813969077,0.18038363496524398
1000,870,naive,psi1,0.02571461895740657,0.1894749843134611
1000,870,corrected,psi0,1.0876238465105637,0.21529170446186988
1000,870,corrected,psi1,0.5831804875300532,0.23350921034315042
1000,871,naive,psi0,-0.29958556738276293,0.18657398940692205
1000,871,naive,psi1,-0.02299316111327148,0.1907042495862275
1000,871,corrected,psi0,0.9493438680876984,0.21446021749423216
1000,871,corrected,psi1,0.49305180891884315,0.21708163867928573
1000,872,naive,psi0,-0.30237113282197386,0.18864666850680617
1000,872,naive,psi1,0.08320578089618458,0.17964120936995892
1000,872,corrected,psi0,1.0739369769560896,0.2167771854733309
1000,872,corrected,psi1,0.5733777671784948,0.2068835875747229
1000,873,naive,psi0,-0.5711209911715709,0.17890718653625048
1000,873,naive,psi1,-0.01243344138630659,0.19410298659062147
1000,873,corrected,psi0,0.728261579707224,0.20601905086346348
1000,873,corrected,psi1,0.45591896158729467,0.22358230801074933
1000,874,naive,psi0,-0.3171048078470439,0.17698182866843548
1000,874,naive,psi1,-0.11973247290315574,0.17544543676233215
1000,874,corrected,psi0,0.964726767503403,0.20612958415810675
1000,874,corrected,psi1,0.4258402437017175,0.20683610571366956
1000,875,naive,psi0,-0.5688761372226897,0.17896811742851645
1000,875,naive,psi1,-0.27729278856781586,0.19666741290178325
1000,875,corrected,psi0,0.7305804632183618,0.21222983431595693
1000,875,corrected,psi1,0.22610531286037272,0.2348704722848772
1000,876,naive,psi0,-0.24973380173646545,0.17957335397498891
1000,876,naive,psi1,-0.030313379223423413,0.1743265280624197
1000,876,corrected,psi0,1.0353802118532835,0.21100536258986863
1000,876,corrected,psi1,0.4069563656040276,0.20194551487640383
1000,877,naive,psi0,-0.541372582338309,0.1810560383994969
1000,877,naive,psi1,0.00845804534115396,0.19460323728606208
1000,877,corrected,psi0,0.7370687572758574,0.2149077549298164
1000,877,corrected,psi1,0.5225069663816093,0.23542310918817927
1000,878,naive,psi0,-0.3389452134400663,0.16806252250847717
1000,878,naive,psi1,-0.016736268236183658,0.1588311206279353
1000,878,corrected,psi0,0.9106672302636847,0.19613408149551825
1000,878,corrected,psi1,0.4431747441478207,0.18048066698233053
1000,879,naive,psi0,-0.12353171704413698,0.17635222993430233
1000,879,naive,psi1,-0.1740252748533678,0.17278715502558892
1000,879,corrected,psi0,1.1917050437839427,0.20588180116012486
1000,879,corrected,psi1,0.3070928263285776,0.19887155983879398
1000,880,naive,psi0,-0.21695814651885434,0.17566193200230412
1000,880,naive,psi1,0.14783257205348221,0.19816535499906884
1000,880,corrected,psi0,1.1216466103157074,0.20358909615181253
1000,880,corrected,psi1,0.6360842860938288,0.22957180805991495
1000,881,naive,psi0,-0.5158682600950651,0.17542815888474905
1000,881,naive,psi1,0.06474281364666709,0.18188237480639063
1000,881,corrected,psi0,0.7853498134513384,0.20183164447713264
1000,881,corrected,psi1,0.5653319123599527,0.2069592248517301
1000,882,naive,psi0,-0.2303165852279514,0.1966472159123978
1000,882,naive,psi1,0.304952789001462,0.22714587137457665
1000,882,corrected,psi0,1.0517857648283309,0.22669204451510833
1000,882,corrected,psi1,0.8867677855003538,0.2625220324143182
1000,883,naive,psi0,-0.17447129938072886,0.17944846694724598
1000,883,naive,psi1,-0.08273947091425256,0.19004155185447677
1000,883,corrected,psi0,1.0846707069912513,0.2082140864142119
1000,883,corrected,psi1,0.3996586354912876,0.22227602965044888
1000,884,naive,psi0,-0.29930722851432984,0.19538062718762897
1000,884,naive,psi1,-0.12061567278558719,0.21293843559104783
1000,884,corrected,psi0,0.9880756264737681,0.2254800648258177
1000,884,corrected,psi1,0.37418285947302293,0.24627884405798078
1000,885,naive,psi0,-0.4207891270677132,0.181827553031224
1000,885,naive,psi1,0.05217979509492432,0.19330982126208301
1000,885,corrected,psi0,0.8498625303685586,0.21255835881874158
1000,885,corrected,psi1,0.5505371161214195,0.22747531124867418
1000,886,naive,psi0,-0.3742249042544024,0.18059081068586771
1000,886,naive,psi1,-0.04569541141144372,0.20016308453592474
1000,886,corrected,psi0,0.871932025897609,0.2081054676335581
1000,886,corrected,psi1,0.4363369377392801,0.22543300496186852
1000,887,naive,psi0,-0.24792417065154496,0.18554221507809598
1000,887,naive,psi1,-0.029196074498973136,0.24189380348357267
1000,887,corrected,psi0,1.0305678723683276,0.21660426816174885
1000,887,corrected,psi1,0.5105245222678287,0.2849047354737414
1000,888,naive,psi0,-0.4505162259125799,0.17404108998322668
1000,888,naive,psi1,-0.3160088641977976,0.1780971957109155
1000,888,corrected,psi0,0.7641300597091517,0.19917544095137596
1000,888,corrected,psi1,0.19339969397044438,0.2054476079975374
1000,889,naive,psi0,-0.31922390592635197,0.17522424041108733
1000,889,naive,psi1,0.08031102416185595,0.19568811571328637
1000,889,corrected,psi0,1.0191614368734576,0.20344105011978794
1000,889,corrected,psi1,0.6060965555139155,0.22372302336182356
1000,890,naive,psi0,-0.23193924883559322,0.17493600213530627
1000,890,naive,psi1,0.15623021733292947,0.1858151165784413
1000,890,corrected,psi0,1.0922352534831594,0.2010647836627096
1000,890,corrected,psi1,0.6505034402431967,0.21856783190646603
1000,891,naive,psi0,-0.4280822796203539,0.16791567202569385
1000,891,naive,psi1,-0.043754088357772815,0.17623307004803943
1000,891,corrected,psi0,0.8480857057115879,0.19523898630985567
1000,891,corrected,psi1,0.39537937448372884,0.20723408026754553
1000,892,naive,psi0,-0.2938683556094267,0.19032972931112446
1000,892,naive,psi1,0.301837703726143,0.21139922381645698
1000,892,corrected,psi0,0.9729997857163578,0.22123104910067
1000,892,corrected,psi1,0.9048883901011873,0.24500525166123127
1000,893,naive,psi0,-0.3458327499658559,0.17999411206188978
1000,893,naive,psi1,-0.07725681150484853,0.20508558526161122
1000,893,corrected,psi0,0.8602335650967441,0.20974754111293917
1000,893,corrected,psi1,0.39993500563068346,0.24119846157949312
1000,894,naive,psi0,0.011765657367789084,0.18352812040686112
1000,894,naive,psi1,0.08793989618040905,0.20835736609300534
1000,894,corrected,psi0,1.365173516652053,0.21535160050566193
1000,894,corrected,psi1,0.6176235772584543,0.24439953695369218
1000,895,naive,psi0,0.05620897804391657,0.17705951781439402
1000,895,naive,psi1,-0.13827261544469657,0.18873724950180246
1000,895,corrected,psi0,1.3287877532683108,0.2050407694882861
1000,895,corrected,psi1,0.340611818508451,0.21686419914535618
1000,896,naive,psi0,-0.6660284072859216,0.1927839006869571
1000,896,naive,psi1,-0.05154524365310051,0.1994707003020768
1000,896,corrected,psi0,0.5906869391932366,0.2257695646317983
1000,896,corrected,psi1,0.459914866606106,0.23135716371207185
1000,897,naive,psi0,-0.0031836882992386487,0.17142352456734625
1000,897,naive,psi1,-0.07729633771831719,0.18226902528265862
1000,897,corrected,psi0,1.2690749591595771,0.19828322276802787
1000,897,corrected,psi1,0.40762405111117356,0.21118322887208474
1000,898,naive,psi0,0.047787747345587196,0.17885419829949778
1000,898,naive,psi1,0.29224325818966945,0.18920961975019066
1000,898,corrected,psi0,1.3898808666472577,0.20738937638706953
1000,898,corrected,psi1,0.782353867410357,0.22154103471181305
1000,899,naive,psi0,-0.15863766052631015,0.18960598998152842
1000,899,naive,psi1,-0.2778029137190315,0.1829578067687262
1000,899,corrected,psi0,1.0855412165446743,0.2190131509394436
1000,899,corrected,psi1,0.17598121955014415,0.21063632732166696
1000,900,naive,psi0,-0.14666493092321561,0.18260610160234336
1000,900,naive,psi1,0.4261560264998923,0.21906039282169354
1000,900,corrected,psi0,1.139644376904724,0.20912547649440216
1000,900,corrected,psi1,1.0169356825478428,0.25019296266985436
1000,901,naive,psi0,-0.2888554197248914,0.17579752000301627
1000,901,naive,psi1,0.057967425382597595,0.17422929533712522
1000,901,corrected,psi0,1.0027559407457185,0.2044793563169174
1000,901,corrected,psi1,0.5523782437277046,0.19979185595668497
1000,902,naive,psi0,-0.3962085030815277,0.17297173759444062
1000,902,naive,psi1,0.3089183927603441,0.1770863077534712
1000,902,corrected,psi0,0.8880834770169852,0.202351763817956
1000,902,corrected,psi1,0.8090906950200462,0.20934844302200992
1000,903,naive,psi0,-0.21769057508532302,0.17895197141407984
1000,903,naive,psi1,-0.121624587806923,0.18920645018503435
1000,903,corrected,psi0,1.075722543002687,0.20843950923495363
1000,903,corrected,psi1,0.3543940041748095,0.22283707204777825
1000,904,naive,psi0,-0.1842966278638082,0.1806499314654345
1000,904,naive,psi1,-0.10887031979564142,0.18092708111749378
1000,904,corrected,psi0,1.0812203931561721,0.21053273109966533
1000,904,corrected,psi1,0.31450151482504907,0.20921911293158726
1000,905,naive,psi0,-0.12874226216861145,0.18011645602141063
1000,905,naive,psi1,0.07968131751789535,0.18554469388076095
1000,905,corrected,psi0,1.1924114499421363,0.2072928219491892
1000,905,corrected,psi1,0.6247001645210013,0.21665095023368766
1000,906,naive,psi0,-0.12162040080397836,0.1814131544285026
1000,906,naive,psi1,0.008720324038386703,0.1741737968892127
1000,906,corrected,psi0,1.185628239641803,0.21134106140835218
1000,906,corrected,psi1,0.5767786933327577,0.20061068117601266
1000,907,naive,psi0,-0.24014503422343528,0.18163133857702604
1000,907,naive,psi1,0.01669496351071611,0.1875042663717826
1000,907,corrected,psi0,0.9773547150246431,0.20838078371520852
1000,907,corrected,psi1,0.5715599539608255,0.21399404700041852
1000,908,naive,psi0,-0.16322506697202632,0.16675624095639957
1000,908,naive,psi1,0.10224634418350873,0.1899999977990263
1000,908,corrected,psi0,1.1124184152621117,0.19502414407802596
1000,908,corrected,psi1,0.6173731767446655,0.22238604223038524
1000,909,naive,psi0,-0.12646184642945427,0.18400764689939916
1000,909,naive,psi1,0.1860550405473959,0.19156216733674755
1000,909,corrected,psi0,1.1834510818903827,0.21332757885449322
1000,909,corrected,psi1,0.7236518963828127,0.21799467907616546
1000,910,naive,psi0,-0.23971746875604158,0.18524201236965276
1000,910,naive,psi1,-0.085522849180929,0.19602326873113396
1000,910,corrected,psi0,1.0702415097632219,0.21793066610260944
1000,910,corrected,psi1,0.4198961008380032,0.2586905277371814
1000,911,naive,psi0,-0.16347879410150248,0.18688047468420285
1000,911,naive,psi1,0.23314436372616731,0.1828547320577545
1000,911,corrected,psi0,1.0515557539788776,0.21516520530760075
1000,911,corrected,psi1,0.7587805592546737,0.20857098993921314
1000,912,naive,psi0,-0.3617542363683408,0.17400216068762875
1000,912,naive,psi1,0.0028114522680762885,0.18031263226095093
1000,912,corrected,psi0,0.8721409866393685,0.20441845365394853
1000,912,corrected,psi1,0.4574258018770457,0.21540159920834775
1000,913,naive,psi0,-0.2965193466470638,0.18813841860177816
1000,913,naive,psi1,-0.17655802117175776,0.19076799338727374
1000,913,corrected,psi0,1.065186793342766,0.21952004007388798
1000,913,corrected,psi1,0.38273619847609786,0.22386170028801733
1000,914,naive,psi0,-0.2759917389839503,0.19544483485811648
1000,914,naive,psi1,0.051402338395188076,0.20980426101270858
1000,914,corrected,psi0,1.0148286273213187,0.2302728187145654
1000,914,corrected,psi1,0.5291540222483947,0.25199251537045575
1000,915,naive,psi0,0.02206606973523848,0.17730797627596934
1000,915,naive,psi1,0.03803983480579793,0.1944608311505378
1000,915,corrected,psi0,1.2949483567292397,0.20587001418061562
1000,915,corrected,psi1,0.6129329633068915,0.22406013412334577
1000,916,naive,psi0,-0.30575501704613584,0.18250525324665712
1000,916,naive,psi1,0.3053529819512675,0.1758916836883144
1000,916,corrected,psi0,0.8758266345454552,0.21053061171514467
1000,916,corrected,psi1,0.8672321865430686,0.20125665495869594
1000,917,naive,psi0,-0.41960141750197655,0.18110356028199318
1000,917,naive,psi1,0.04678636885405402,0.19621156168952303
1000,917,corrected,psi0,0.8802925948432786,0.20946212948167525
1000,917,corrected,psi1,0.6208077957559458,0.2346559776127727
1000,918,naive,psi0,-0.2527302524713628,0.17998217926865095
1000,918,naive,psi1,0.23891390630875015,0.19014373927573952
1000,918,corrected,psi0,1.0407136490865603,0.21116130871193275
1000,918,corrected,psi1,0.6524446038642447,0.21795198800499058
1000,919,naive,psi0,-0.019866280390108845,0.17829834481052365
1000,919,naive,psi1,-0.42310567863564236,0.1965156777751423
1000,919,corrected,psi0,1.3367059838730788,0.20962380783349271
1000,919,corrected,psi1,0.05507697247482065,0.23057016697787897
1000,920,naive,psi0,-0.30161097557087607,0.18168569840916254
1000,920,naive,psi1,-0.11222015699171405,0.19472314908565305
1000,920,corrected,psi0,1.0098292029025486,0.21108806300615124
1000,920,corrected,psi1,0.3759848089339811,0.22367933444300453
1000,921,naive,psi0,-0.46902039194070977,0.16936296365715106
1000,921,naive,psi1,0.3078901315617083,0.16403665504041684
1000,921,corrected,psi0,0.8299915280105844,0.196013898119243
1000,921,corrected,psi1,0.8014406880509387,0.1888413590218621
1000,922,naive,psi0,0.1175291819478019,0.18311403323968048
1000,922,naive,psi1,0.3058874005738396,0.18767935590137783
1000,922,corrected,psi0,1.4429442639965355,0.21214744144316663
1000,922,corrected,psi1,0.8315601024008966,0.2124866626141902
1000,923,naive,psi0,-0.3049753249503578,0.18885838108466063
1000,923,naive,psi1,0.35710911087037056,0.2006226232670294
1000,923,corrected,psi0,1.008859539554711,0.21966865305747235
1000,923,corrected,psi1,0.9507055313704986,0.23316965665664344
1000,924,naive,psi0,-0.403495745899501,0.19663688632028645
1000,924,naive,psi1,0.3369740054860557,0.21269683206252882
1000,924,corrected,psi0,0.8945016528844104,0.22905183514344676
1000,924,corrected,psi1,0.8603271780520767,0.24723358082280694
1000,925,naive,psi0,-0.146075204611808,0.1768904563071187
1000,925,naive,psi1,0.18336615815094928,0.18780828943312533
1000,925,corrected,psi0,1.0114655284206735,0.20636683597291394
1000,925,corrected,psi1,0.6598787527669411,0.22206219586012996
1000,926,naive,psi0,-0.46104028974017586,0.17729530179441377
1000,926,naive,psi1,0.03525785864205997,0.17113303867015106
1000,926,corrected,psi0,0.7370802670261904,0.2068743602412537
1000,926,corrected,psi1,0.6600493419916481,0.19293165901743783
1000,927,naive,psi0,-0.23522699565292518,0.17705428860936287
1000,927,naive,psi1,-0.20874632303346446,0.1869392438917099
1000,927,corrected,psi0,0.9613424519569272,0.20747301338009597
1000,927,corrected,psi1,0.26921728379707704,0.21806892553704235
1000,928,naive,psi0,-0.09469787477660466,0.17696679930387726
1000,928,naive,psi1,-0.004458354483815816,0.18988090746846947
1000,928,corrected,psi0,1.1522924277836446,0.20583073474606903
1000,928,corrected,psi1,0.4970753157392963,0.22026290463327286
1000,929,naive,psi0,-0.2816452176342835,0.18108420398999495
1000,929,naive,psi1,0.050497141734117644,0.19275168909976806
1000,929,corrected,psi0,1.0601180571992115,0.21046885901940496
1000,929,corrected,psi1,0.5609152312333991,0.22601940759015554
1000,930,naive,psi0,-0.5188785108680594,0.18579708052173335
1000,930,naive,psi1,-0.3902099208397073,0.19832359924444404
1000,930,corrected,psi0,0.673638752844483,0.21681752517275543
1000,930,corrected,psi1,-0.011562375568913184,0.23425580952148986
1000,931,naive,psi0,-0.34753388191405965,0.17400905476362055
1000,931,naive,psi1,-0.15412238454195945,0.19744886850107343
1000,931,corrected,psi0,0.9458212874998826,0.20433853846891115
1000,931,corrected,psi1,0.3571095081437551,0.22779107707158344
1000,932,naive,psi0,-0.15086360427737266,0.16332661902382248
1000,932,naive,psi1,-0.13853201969717943,0.1664117982179958
1000,932,corrected,psi0,1.1929209320323315,0.19182128197475162
1000,932,corrected,psi1,0.29717514779106596,0.19974516183784313
1000,933,naive,psi0,-0.46618111352760405,0.16741786892225105
1000,933,naive,psi1,-0.1835301340763902,0.1722615856446865
1000,933,corrected,psi0,0.7310539650950122,0.19774341688709662
1000,933,corrected,psi1,0.3697607469679604,0.19846530641492527
1000,934,naive,psi0,-0.1323240219362457,0.18044065799563166
1000,934,naive,psi1,0.29127522893499586,0.18772544721222317
1000,934,corrected,psi0,1.2170754560354566,0.20999177050946843
1000,934,corrected,psi1,0.8143676544324101,0.21828765124505925
1000,935,naive,psi0,-0.4887010666142568,0.172492046333865
1000,935,naive,psi1,0.08281193616064185,0.18117026190670923
1000,935,corrected,psi0,0.7294820310281034,0.20333406186711248
1000,935,corrected,psi1,0.5945490448327604,0.2130427176538082
1000,936,naive,psi0,-0.1851726273836241,0.1840296016338842
1000,936,naive,psi1,-0.2126057476631023,0.19922574384041467
1000,936,corrected,psi0,1.1019053124762774,0.21414533093846044
1000,936,corrected,psi1,0.30789391021665985,0.2354593896536827
1000,937,naive,psi0,-0.5134851277316425,0.1836611814926055
1000,937,naive,psi1,-0.28700377483150524,0.18522894366634426
1000,937,corrected,psi0,0.7504352505436954,0.214081181578495
1000,937,corrected,psi1,0.19184314114664994,0.21480185938020793
1000,938,naive,psi0,-0.27161655252317707,0.18216000760627254
1000,938,naive,psi1,0.10969566193866315,0.1728457618883761
1000,938,corrected,psi0,0.9917276307824157,0.21435981093158338
1000,938,corrected,psi1,0.6208809626374482,0.2025797690711445
1000,939,naive,psi0,-0.2512804550590725,0.18390065457067173
1000,939,naive,psi1,-0.31480981194575897,0.19949347324945274
1000,939,corrected,psi0,1.0407474502207974,0.21327993789407348
1000,939,corrected,psi1,0.08190423310239078,0.23393810977489113
1000,940,naive,psi0,-0.09812310578418888,0.18138229729095975
1000,940,naive,psi1,-0.09214147083827241,0.2054439095289906
1000,940,corrected,psi0,1.1717201610583314,0.21404729930262115
1000,940,corrected,psi1,0.35281285670228546,0.24230919058829864
1000,941,naive,psi0,-0.43607839717182767,0.18837589748078204
1000,941,naive,psi1,-0.15409108382635447,0.2144752873426563
1000,941,corrected,psi0,0.8462877496872472,0.21965852738764338
1000,941,corrected,psi1,0.38036514027593976,0.2486391287210869
1000,942,naive,psi0,-0.15971883396494665,0.18512845516307844
1000,942,naive,psi1,-0.11791170572802913,0.17757670857723643
1000,942,corrected,psi0,1.1448560703349417,0.2162331763369672
1000,942,corrected,psi1,0.3726868078099304,0.20689904501091116
1000,943,naive,psi0,-0.5922819546287837,0.18986355291155646
1000,943,naive,psi1,0.06813534136749529,0.1982458473528642
1000,943,corrected,psi0,0.6490562590301873,0.22137618860896738
1000,943,corrected,psi1,0.5926506384580421,0.231115328065058
1000,944,naive,psi0,-0.35330385585566687,0.18316170514115415
1000,944,naive,psi1,-0.013098472973867252,0.18229180648792223
1000,944,corrected,psi0,0.9321656617072784,0.21094847035631384
1000,944,corrected,psi1,0.45187410655175614,0.21406197898730775
1000,945,naive,psi0,-0.1604431142292056,0.1757745142605336
1000,945,naive,psi1,-0.07661886169525635,0.18336304856879537
1000,945,corrected,psi0,1.1025083144607013,0.20452426258992784
1000,945,corrected,psi1,0.40041324288738434,0.21116332459575743
1000,946,naive,psi0,-0.3499189707813753,0.18054145649562703
1000,946,naive,psi1,0.4921049171581895,0.19321952916089064
1000,946,corrected,psi0,0.8967707713688956,0.2105497496994196
1000,946,corrected,psi1,1.0637046258682816,0.22581645161475092
1000,947,naive,psi0,0.02009724402655556,0.17520612612462635
1000,947,naive,psi1,-0.2959602981518837,0.19249902973883753
1000,947,corrected,psi0,1.4016066069775168,0.20498525045335708
1000,947,corrected,psi1,0.12660257146519224,0.2281259241812455
1000,948,naive,psi0,-0.4099907006493546,0.18049756548149604
1000,948,naive,psi1,0.022423750001828276,0.1764885067486197
1000,948,corrected,psi0,0.8982998407956326,0.21057776090327546
1000,948,corrected,psi1,0.4853226184307068,0.20774347266033016
1000,949,naive,psi0,-0.33490028378891834,0.16437592450247368
1000,949,naive,psi1,0.20678429274755533,0.1748588325192497
1000,949,corrected,psi0,0.9546179525939871,0.1947559945948948
1000,949,corrected,psi1,0.719411200975344,0.20224219948983488
1000,950,naive,psi0,-0.23300181382196425,0.16954624236311883
1000,950,naive,psi1,0.060795294628457695,0.1631780238284138
1000,950,corrected,psi0,1.0729844339148549,0.19778917469732843
1000,950,corrected,psi1,0.47960866641749406,0.1899490842958383
1000,951,naive,psi0,-0.3997347032600893,0.17131825807599468
1000,951,naive,psi1,0.20505795986835554,0.19077012553842096
1000,951,corrected,psi0,0.8103574861949646,0.2019981733129765
1000,951,corrected,psi1,0.7436236155865593,0.22373072562978602
1000,952,naive,psi0,-0.0063559794812041315,0.19514722075561874
1000,952,naive,psi1,0.2933292486275898,0.20262579897659466
1000,952,corrected,psi0,1.3238073785000213,0.2287531989667101
1000,952,corrected,psi1,0.8681475797743212,0.24171768241533179
1000,953,naive,psi0,-0.2780063793426526,0.16878816912974198
1000,953,naive,psi1,-0.20751922003795462,0.17235964273446477
1000,953,corrected,psi0,0.9323760936239238,0.1969329519028581
1000,953,corrected,psi1,0.3302518669297165,0.1988452962823593
1000,954,naive,psi0,-0.3642371271040351,0.17664482228017994
1000,954,naive,psi1,0.0440784274136061,0.17098973153061528
1000,954,corrected,psi0,0.9086310702571597,0.20478039750106936
1000,954,corrected,psi1,0.5001858101821339,0.1995560275039581
1000,955,naive,psi0,-0.11151510034590839,0.17568156792724907
1000,955,naive,psi1,0.035840859803724645,0.17336357653338616
1000,955,corrected,psi0,1.1454296687471357,0.2050515143178737
1000,955,corrected,psi1,0.39417453062129904,0.20396754654176816
1000,956,naive,psi0,-0.3094573033043708,0.1806099364597437
1000,956,naive,psi1,-0.10947629672752457,0.1823581850145792
1000,956,corrected,psi0,0.9956949196766915,0.2087756536697104
1000,956,corrected,psi1,0.3855387117840795,0.21313159853687744
1000,957,naive,psi0,-0.16421718168646549,0.17411007652212643
1000,957,naive,psi1,0.035275936762030814,0.19020290024967731
1000,957,corrected,psi0,1.1065469615866552,0.20267873919823468
1000,957,corrected,psi1,0.5465013828443291,0.21866283718028748
1000,958,naive,psi0,-0.20570579875259723,0.1777935078746391
1000,958,naive,psi1,0.15477948715769677,0.18607448274778768
1000,958,corrected,psi0,1.0438072224339956,0.20536825371782308
1000,958,corrected,psi1,0.7240167688196046,0.21163811529655746
1000,959,naive,psi0,0.014492355663544166,0.18710753617515682
1000,959,naive,psi1,0.07450861944119135,0.19031248827791802
1000,959,corrected,psi0,1.3626819020847125,0.22003799668622687
1000,959,corrected,psi1,0.6104515730633029,0.22418935516192487
1000,960,naive,psi0,0.031741891680926476,0.17270379378564768
1000,960,naive,psi1,-0.24351120670044468,0.1808551457354164
1000,960,corrected,psi0,1.362628314772563,0.20209265939416743
1000,960,corrected,psi1,0.22811806016731065,0.20904355851785833
1000,961,naive,psi0,-0.3587133008910376,0.20147222744738727
1000,961,naive,psi1,-0.20458496551100472,0.18680986398755198
1000,961,corrected,psi0,0.876221870840248,0.2347923324534856
1000,961,corrected,psi1,0.24273495587061053,0.22575119496990523
1000,962,naive,psi0,-0.3669068867885066,0.17775671332188916
1000,962,naive,psi1,-0.4177702748185201,0.20130746580738013
1000,962,corrected,psi0,0.8537094022763538,0.20840685545927093
1000,962,corrected,psi1,0.020323794298946537,0.23698989889491281
1000,963,naive,psi0,-0.13057098229138808,0.18635966703554405
1000,963,naive,psi1,0.2358507046601389,0.1943123238382266
1000,963,corrected,psi0,1.1441303344821663,0.21568388108002873
1000,963,corrected,psi1,0.7562173103965759,0.22618179047649822
1000,964,naive,psi0,-0.45178639599631215,0.17343807736545644
1000,964,naive,psi1,0.0018372039081816203,0.18448997723173344
1000,964,corrected,psi0,0.7153694564407174,0.20130377704344923
1000,964,corrected,psi1,0.531257079234307,0.21158480046259934
1000,965,naive,psi0,-0.30863315622082105,0.16858381117452956
1000,965,naive,psi1,0.008549201670808354,0.15416225970235164
1000,965,corrected,psi0,1.0534937860186553,0.1945063310162813
1000,965,corrected,psi1,0.48926349283555265,0.17753300498986063
1000,966,naive,psi0,-0.09591790782716801,0.16712884616363452
1000,966,naive,psi1,-0.2681399328218316,0.18317056770464873
1000,966,corrected,psi0,1.0857529691119785,0.19708930969066618
1000,966,corrected,psi1,0.20264173916062458,0.21614241600645312
1000,967,naive,psi0,-0.13243752442984186,0.1775053144523567
1000,967,naive,psi1,0.00029082246549267944,0.1986496191619544
1000,967,corrected,psi0,1.1274258217984163,0.20452455535050343
1000,967,corrected,psi1,0.4841935986205185,0.2290889230930701
1000,968,naive,psi0,-0.41225641527307166,0.17432351017789438
1000,968,naive,psi1,-0.018395140773343217,0.18119008623809352
1000,968,corrected,psi0,0.8368575641780662,0.20399371663851387
1000,968,corrected,psi1,0.508639751744495,0.2129333266830911
1000,969,naive,psi0,-0.23462640780464286,0.17127863725734824
1000,969,naive,psi1,-0.22500184102921572,0.17757311619758018
1000,969,corrected,psi0,1.0633161754064675,0.20065299755422986
1000,969,corrected,psi1,0.27380692135029694,0.208904117779917
1000,970,naive,psi0,-0.5784350642134136,0.18950055168594865
1000,970,naive,psi1,0.02893518356434928,0.1932895702251788
1000,970,corrected,psi0,0.6460836493156557,0.22127662444581
1000,970,corrected,psi1,0.5015290808103657,0.22831761059344274
1000,971,naive,psi0,-0.18142950651494563,0.17606375920611556
1000,971,naive,psi1,0.21973966477843673,0.1932200996487709
1000,971,corrected,psi0,1.1197307916065007,0.20706422104118036
1000,971,corrected,psi1,0.6999518488857684,0.22858674510890736
1000,972,naive,psi0,-0.21383320321814828,0.17702099422971726
1000,972,naive,psi1,-0.12363575072203223,0.18743164207250662
1000,972,corrected,psi0,1.0436806266244771,0.20271812427386557
1000,972,corrected,psi1,0.36541864994653545,0.21126042128997202
1000,973,naive,psi0,-0.46326434270787525,0.18307449515757274
1000,973,naive,psi1,0.16275378525444492,0.19256520738896282
1000,973,corrected,psi0,0.7286668334852147,0.21467061987350003
1000,973,corrected,psi1,0.6978539937353221,0.22076572375381148
1000,974,naive,psi0,-0.25764504064491106,0.18018936096697272
1000,974,naive,psi1,-0.008861052555625241,0.19508944615825347
1000,974,corrected,psi0,1.0333987060057297,0.20958007185327912
1000,974,corrected,psi1,0.45538756428047267,0.2289398613568455
1000,975,naive,psi0,-0.27358791030490576,0.1814749430816736
1000,975,naive,psi1,-0.16851675507523964,0.190081262566651
1000,975,corrected,psi0,1.062181886188434,0.21236945870235302
1000,975,corrected,psi1,0.3489641243818554,0.21825638464457997
1000,976,naive,psi0,-0.42199897697836125,0.17667370487364392
1000,976,naive,psi1,-0.17267673916648052,0.16635320326721798
1000,976,corrected,psi0,0.8236185829239208,0.20569910205584727
1000,976,corrected,psi1,0.33143967787794537,0.19418716216904833
1000,977,naive,psi0,0.06405982685406365,0.19049139421593259
1000,977,naive,psi1,0.29539437278952246,0.1928646631274172
1000,977,corrected,psi0,1.3986919928894894,0.22192255144992667
1000,977,corrected,psi1,0.7916551631086014,0.22345734308894977
1000,978,naive,psi0,-0.20980803239880974,0.18619503304486285
1000,978,naive,psi1,0.021896464822834485,0.18614782498802762
1000,978,corrected,psi0,1.142749551757682,0.21496880802193746
1000,978,corrected,psi1,0.49455507049828856,0.21585465783689672
1000,979,naive,psi0,-0.15560930024231115,0.18736029251485423
1000,979,naive,psi1,-0.12088362798332702,0.19123837280690384
1000,979,corrected,psi0,1.0699900708140482,0.21801240484966874
1000,979,corrected,psi1,0.34206388183313335,0.2238249932342317
1000,980,naive,psi0,-0.1841894731743452,0.18034874855659713
1000,980,naive,psi1,0.2686422431821665,0.19060524898888748
1000,980,corrected,psi0,1.1338732485620453,0.2093559241652749
1000,980,corrected,psi1,0.7232706949177552,0.22455728858808685
1000,981,naive,psi0,-0.2923805840501015,0.1825873914412903
1000,981,naive,psi1,0.022591204032646917,0.17906979620954858
1000,981,corrected,psi0,0.9440891740461693,0.212267307454503
1000,981,corrected,psi1,0.5473758755198167,0.21441931934473615
1000,982,naive,psi0,-0.5695515733983079,0.192854942138319
1000,982,naive,psi1,0.17025648212640948,0.19688025719117097
1000,982,corrected,psi0,0.6190108502112937,0.22543871005328248
1000,982,corrected,psi1,0.7028516882376331,0.22807897794129728
1000,983,naive,psi0,-0.4693441143441823,0.18361274448332532
1000,983,naive,psi1,-0.09091397132994991,0.1991167513269881
1000,983,corrected,psi0,0.7460412496054784,0.2183290746997468
1000,983,corrected,psi1,0.41242003526903226,0.24631120575627644
1000,984,naive,psi0,-0.08765651577907271,0.18068220512309938
1000,984,naive,psi1,0.15802525881560303,0.20906717396023167
1000,984,corrected,psi0,1.1792889301633405,0.21213690464769466
1000,984,corrected,psi1,0.7148178490306354,0.24278551840587148
1000,985,naive,psi0,-0.23864364422656967,0.18808669970420885
1000,985,naive,psi1,-0.055688239822009274,0.2035302448637646
1000,985,corrected,psi0,1.0624931832186273,0.21681763845770102
1000,985,corrected,psi1,0.4156903585345068,0.23316271347084686
1000,986,naive,psi0,-0.5664609934420495,0.18595088669428173
1000,986,naive,psi1,-0.3495954684566447,0.1701728642913108
1000,986,corrected,psi0,0.6558222472074351,0.21439579214173562
1000,986,corrected,psi1,0.1360338142149998,0.20072924740851728
1000,987,naive,psi0,-0.10534745558855796,0.1791104425566723
1000,987,naive,psi1,0.0070106533055085,0.18364707914097037
1000,987,corrected,psi0,1.2052765329737638,0.21067379557043361
1000,987,corrected,psi1,0.44563078874924644,0.2112473701846657
1000,988,naive,psi0,-0.05719468405830917,0.1790630535152888
1000,988,naive,psi1,0.024943633333269807,0.17992806914873832
1000,988,corrected,psi0,1.2226394194996628,0.21144263784144346
1000,988,corrected,psi1,0.4873254920642403,0.21680961856163225
1000,989,naive,psi0,-0.03745675046051065,0.17580745493898925
1000,989,naive,psi1,0.0009621214261007073,0.20290609048906463
1000,989,corrected,psi0,1.2810437196874311,0.20451894385011057
1000,989,corrected,psi1,0.5400224306889773,0.2348441633124483
1000,990,naive,psi0,-0.08495871574951329,0.17877583555964438
1000,990,naive,psi1,-0.16442162783173708,0.18179982279533638
1000,990,corrected,psi0,1.2309890227267637,0.2078962612445317
1000,990,corrected,psi1,0.3616161239559733,0.21273019845705562
1000,991,naive,psi0,-0.4336815034796836,0.1836105001284092
1000,991,naive,psi1,0.034668428962144386,0.18541268881864117
1000,991,corrected,psi0,0.8978927813536253,0.21675907176454248
1000,991,corrected,psi1,0.5768804603925047,0.22024288984774518
1000,992,naive,psi0,-0.6215144023627034,0.17748668378908705
1000,992,naive,psi1,-0.07243720449598581,0.1864110213358549
1000,992,corrected,psi0,0.5641415323608856,0.20864036515001075
1000,992,corrected,psi1,0.44394128059309945,0.21894868686962327
1000,993,naive,psi0,-0.24768371399503278,0.16964052149644024
1000,993,naive,psi1,0.1834711897155241,0.18271426789926887
1000,993,corrected,psi0,1.01098215178208,0.19993577632747214
1000,993,corrected,psi1,0.7251239640342585,0.21411785648565226
1000,994,naive,psi0,-0.3861422368225756,0.17932664006823992
1000,994,naive,psi1,-0.38363646749215863,0.17225390168910557
1000,994,corrected,psi0,0.9028996320363065,0.20927356784370862
1000,994,corrected,psi1,-0.0340605604635478,0.20729054780840975
1000,995,naive,psi0,-0.49542509586458067,0.17759111435770922
1000,995,naive,psi1,0.039725225424117765,0.16670863576161807
1000,995,corrected,psi0,0.774751873443777,0.20723291098763952
1000,995,corrected,psi1,0.4202583955999259,0.1962728895232677
1000,996,naive,psi0,-0.09841009104540646,0.18034375299155028
1000,996,naive,psi1,-0.2606502001585038,0.19090733727973608
1000,996,corrected,psi0,1.2274024643979375,0.21088014991833673
1000,996,corrected,psi1,0.186588897815176,0.22359534692813654
1000,997,naive,psi0,-0.3515639870861252,0.17640885475091472
1000,997,naive,psi1,0.10671444392824297,0.19036712290658941
1000,997,corrected,psi0,0.9101531842186411,0.20487510865748754
1000,997,corrected,psi1,0.6706682247342608,0.2174608727172454
1000,998,naive,psi0,-0.3936585435082826,0.18156843401489478
1000,998,naive,psi1,-0.1320218612481844,0.18647287157908593
1000,998,corrected,psi0,0.8966882584702487,0.21256393537396137
1000,998,corrected,psi1,0.32942284730223576,0.2153063643371804
1000,999,naive,psi0,-0.12101406368887947,0.18746897855801242
1000,999,naive,psi1,-0.0904841532718324,0.21089484880655526
1000,999,corrected,psi0,1.1507293203284956,0.21946562532868805
1000,999,corrected,psi1,0.41187198966183214,0.25004955425057745
2000,0,naive,psi0,-0.2828107683687587,0.13374434503359034
2000,0,naive,psi1,0.004997745376808469,0.139168659551831
2000,0,corrected,psi0,0.9626489351246997,0.15540686827752442
2000,0,corrected,psi1,0.45661619728288333,0.16038347870293615
2000,1,naive,psi0,-0.10647967146104607,0.1292477800213385
2000,1,naive,psi1,-0.1423898071529336,0.1436585928532407
2000,1,corrected,psi0,1.2114704197681996,0.14934278324058847
2000,1,corrected,psi1,0.3105095698581034,0.16438703802611848
2000,2,naive,psi0,-0.3425331635244138,0.12689435422307158
2000,2,naive,psi1,0.2629135256335167,0.1338634285305783
2000,2,corrected,psi0,0.8850243195856692,0.14754531403779667
2000,2,corrected,psi1,0.7430920128138635,0.1549186469999911
2000,3,naive,psi0,-0.009910136482220023,0.13184176271103257
2000,3,naive,psi1,0.11279326918611432,0.13641815510962477
2000,3,corrected,psi0,1.2796366827861858,0.1518020289016039
2000,3,corrected,psi1,0.6767730741504979,0.15710097846303314
2000,4,naive,psi0,-0.1334535581815894,0.12901315100589864
2000,4,naive,psi1,-0.15001194698734413,0.13998016375180242
2000,4,corrected,psi0,1.1411604242895923,0.15265868084243756
2000,4,corrected,psi1,0.3836539446128273,0.16400359266076925
2000,5,naive,psi0,-0.3661747785362212,0.1295238934934109
2000,5,naive,psi1,-0.12220558749673611,0.1419548391650849
2000,5,corrected,psi0,0.8451891211152328,0.14957971274964446
2000,5,corrected,psi1,0.3322514584204602,0.16265402344042457
2000,6,naive,psi0,-0.21909436836436497,0.1282037064766496
2000,6,naive,psi1,-0.024153486064521414,0.13927123386019546
2000,6,corrected,psi0,0.9946713224458179,0.14819842657656787
2000,6,corrected,psi1,0.5216835038158814,0.16125520185345157
2000,7,naive,psi0,-0.17801179104926046,0.1279932035676509
2000,7,naive,psi1,0.4278110461608956,0.12524877140698515
2000,7,corrected,psi0,1.130055333956781,0.14868326998628215
2000,7,corrected,psi1,1.0283677433140714,0.14520485046567747
2000,8,naive,psi0,-0.31867095243112514,0.12413354120846938
2000,8,naive,psi1,-0.09451399395828863,0.12716877313294864
2000,8,corrected,psi0,0.925990632332897,0.14313948797038312
2000,8,corrected,psi1,0.42289423464687587,0.14686941090824665
2000,9,naive,psi0,-0.27048012245569997,0.12841632530135577
2000,9,naive,psi1,0.010703312596500026,0.14473373668738462
2000,9,corrected,psi0,1.020299103399222,0.14946646338899366
2000,9,corrected,psi1,0.41572997631863273,0.16744512929773459
2000,10,naive,psi0,-0.18435694209073475,0.12759557048888995
2000,10,naive,psi1,0.20627413624803984,0.14336776578678267
2000,10,corrected,psi0,1.1493838488079842,0.14857081866025929
2000,10,corrected,psi1,0.7512949570579135,0.16714484993376322
2000,11,naive,psi0,-0.4005832696430052,0.12983614674284571
2000,11,naive,psi1,-0.1793764121184624,0.14424389610698884
2000,11,corrected,psi0,0.9052517379378098,0.1503885903406505
2000,11,corrected,psi1,0.2589422468973939,0.16489272630311633
2000,12,naive,psi0,-0.32341218098801255,0.12633394540543627
2000,12,naive,psi1,0.008527115064419128,0.12427817092381604
2000,12,corrected,psi0,0.9406737600425179,0.14718715616269978
2000,12,corrected,psi1,0.5041967286242618,0.1441271588656791
2000,13,naive,psi0,-0.17168507694881835,0.12860788651360155
2000,13,naive,psi1,-0.19180209506459214,0.13537035221243246
2000,13,corrected,psi0,1.137647653451874,0.14970302927196838
2000,13,corrected,psi1,0.2683801178778841,0.15938100131250987
2000,14,naive,psi0,-0.4969962409391866,0.12951096493797606
2000,14,naive,psi1,0.13313531580028692,0.14269253484962854
2000,14,corrected,psi0,0.7188603456156915,0.1512392669965566
2000,14,corrected,psi1,0.6094237927315631,0.16503525107668013
2000,15,naive,psi0,-0.47886557776647065,0.1300446156886281
2000,15,naive,psi1,-0.03410583462084088,0.13353784563297358
2000,15,corrected,psi0,0.8089612592147526,0.15321822685806108
2000,15,corrected,psi1,0.421284066199297,0.16003760143959248
2000,16,naive,psi0,-0.19137538131145698,0.13159859194664153
2000,16,naive,psi1,-0.12617153720425103,0.14760630330021826
2000,16,corrected,psi0,1.0837673454979162,0.15369542103513337
2000,16,corrected,psi1,0.35594520070891716,0.17259534692038062
2000,17,naive,psi0,-0.25842371886951887,0.12763297218168526
2000,17,naive,psi1,0.1045691778477053,0.13567892289791633
2000,17,corrected,psi0,0.948221988929667,0.14883718256679912
2000,17,corrected,psi1,0.6252482559191769,0.16247051118378691
2000,18,naive,psi0,-0.4495214437502795,0.12275577470823512
2000,18,naive,psi1,0.049143428779082614,0.13240320848840764
2000,18,corrected,psi0,0.7842384816910295,0.14190235583893138
2000,18,corrected,psi1,0.5912922846109843,0.15165844924672905
2000,19,naive,psi0,-0.5069208065945557,0.129558779012556
2000,19,naive,psi1,-0.1268522994570529,0.13957135172384955
2000,19,corrected,psi0,0.7219708309423555,0.15170775353687163
2000,19,corrected,psi1,0.37720041713342345,0.16240418496107725
2000,20,naive,psi0,-0.21803735040302674,0.13034416589217668
2000,20,naive,psi1,0.39054163989153207,0.14172085625088401
2000,20,corrected,psi0,1.108474811067928,0.15091003405572642
2000,20,corrected,psi1,0.9303466479717656,0.16531528287207067
2000,21,naive,psi0,-0.36984245300840124,0.1269308420123415
2000,21,naive,psi1,-0.10601813183782471,0.12735744821614012
2000,21,corrected,psi0,0.9464416176527938,0.14792980255037588
2000,21,corrected,psi1,0.4580020664970503,0.1502048886129001
2000,22,naive,psi0,-0.4276827324962669,0.1277667820263155
2000,22,naive,psi1,-0.2663879962504023,0.12777067848575646
2000,22,corrected,psi0,0.8063648721358309,0.1490336500664329
2000,22,corrected,psi1,0.2247073776926976,0.1472774551799754
2000,23,naive,psi0,-0.21540043458356137,0.12405072110800708
2000,23,naive,psi1,-0.1935313279796198,0.13657741841904064
2000,23,corrected,psi0,1.0785697515961898,0.14502570697789327
2000,23,corrected,psi1,0.26064004390424705,0.15762527691358197
2000,24,naive,psi0,-0.11013888088691749,0.12286009840918112
2000,24,naive,psi1,-0.07274582872514748,0.12338196318404974
2000,24,corrected,psi0,1.1541686834316127,0.1414352748040107
2000,24,corrected,psi1,0.4121783270852895,0.13996196983518325
2000,25,naive,psi0,-0.14479844765820582,0.12910569469489927
2000,25,naive,psi1,-0.1674014158110554,0.13267877072356177
2000,25,corrected,psi0,1.1383665946072379,0.15051658653583636
2000,25,corrected,psi1,0.3186151535332085,0.15346646408944378
2000,26,naive,psi0,-0.430934813922198,0.13133777567184982
2000,26,naive,psi1,-0.13030283363928902,0.14263038934085662
2000,26,corrected,psi0,0.8226150381392546,0.15305937154179133
2000,26,corrected,psi1,0.286020459945152,0.16245155341724501
2000,27,naive,psi0,-0.2943347487120469,0.1206363410118546
2000,27,naive,psi1,-0.14848418600956098,0.1318706269699405
2000,27,corrected,psi0,0.9596226841406857,0.1397651107954559
2000,27,corrected,psi1,0.313787998231918,0.1541873513811979
2000,28,naive,psi0,-0.5047496910164678,0.1253318725576129
2000,28,naive,psi1,0.22245988598706418,0.1259103050218835
2000,28,corrected,psi0,0.7338488003641448,0.14588407130964035
2000,28,corrected,psi1,0.7978637932012811,0.1476981043780147
2000,29,naive,psi0,-0.3890131093469671,0.12305851963409659
2000,29,naive,psi1,-0.015342463013842822,0.12815831417688317
2000,29,corrected,psi0,0.8688491002120686,0.14389204732366592
2000,29,corrected,psi1,0.463774310520745,0.15471922912608582
2000,30,naive,psi0,-0.4599245489047895,0.12331165570506732
2000,30,naive,psi1,0.011510454814904232,0.1306841708558214
2000,30,corrected,psi0,0.7315247001069032,0.14487901758371746
2000,30,corrected,psi1,0.543810750402518,0.15253189070785186
2000,31,naive,psi0,-0.14837371082014875,0.1327719380980999
2000,31,naive,psi1,-0.05227959090354917,0.14568999579295897
2000,31,corrected,psi0,1.139004844200169,0.15539161912882177
2000,31,corrected,psi1,0.4717566715477289,0.16935155552887818
2000,32,naive,psi0,-0.13541010816680388,0.1341196119170686
2000,32,naive,psi1,0.07795264048680635,0.1332355211342247
2000,32,corrected,psi0,1.1409771831027489,0.15696448581676894
2000,32,corrected,psi1,0.606402674628668,0.15847414078572453
2000,33,naive,psi0,-0.16395099940585584,0.1320975402597382
2000,33,naive,psi1,-0.05280195140171407,0.13273461449390447
2000,33,corrected,psi0,1.14577695323684,0.15420346250550804
2000,33,corrected,psi1,0.43749215718930146,0.15835637814838993
2000,34,naive,psi0,-0.11206188600183176,0.12381972109979715
2000,34,naive,psi1,0.052808927362473265,0.13742452985870804
2000,34,corrected,psi0,1.1965727104093788,0.14487809150961262
2000,34,corrected,psi1,0.5070580019409772,0.1614422568430998
2000,35,naive,psi0,-0.17901696139490472,0.129031829020131
2000,35,naive,psi1,-0.0656237188905356,0.13715065895778292
2000,35,corrected,psi0,1.1278138311606194,0.14914315814908483
2000,35,corrected,psi1,0.349209113586887,0.16062967152551583
2000,36,naive,psi0,-0.1647439692547943,0.12329228842071857
2000,36,naive,psi1,0.025919367870114483,0.12667153885466684
2000,36,corrected,psi0,1.1119152829996566,0.1432400475384826
2000,36,corrected,psi1,0.5440665294914325,0.1466229580164327
2000,37,naive,psi0,-0.14500917990849269,0.1312620762191935
2000,37,naive,psi1,0.13111086202613859,0.1316397977455143
2000,37,corrected,psi0,1.1587811689571137,0.15254799495473356
2000,37,corrected,psi1,0.6448586189208465,0.15171785122647982
2000,38,naive,psi0,-0.33181218197864143,0.12357653855035124
2000,38,naive,psi1,0.05812570655502235,0.12840093962892732
2000,38,corrected,psi0,0.9474628596980675,0.14424318580760517
2000,38,corrected,psi1,0.576107045247892,0.1479479830746585
2000,39,naive,psi0,-0.30469037406607874,0.13000609432005733
2000,39,naive,psi1,-0.14762867169155758,0.15016528324832165
2000,39,corrected,psi0,0.9524403439355607,0.1513605818220614
2000,39,corrected,psi1,0.3219241281151607,0.17336367808423425
2000,40,naive,psi0,-0.3762114986429062,0.12084278296550162
2000,40,naive,psi1,0.09332463606708176,0.1267914209532247
2000,40,corrected,psi0,0.8480880017501181,0.1403923833124875
2000,40,corrected,psi1,0.5640903210123884,0.15003947639679036
2000,41,naive,psi0,-0.17979971079227622,0.1314866748402186
2000,41,naive,psi1,0.23325059879513718,0.1329199900345852
2000,41,corrected,psi0,1.0751484561024052,0.15344866747577615
2000,41,corrected,psi1,0.7502123718471732,0.15501315061567075
2000,42,naive,psi0,-0.241768471441208,0.12871914707690535
2000,42,naive,psi1,0.0768755286694139,0.13973445335573645
2000,42,corrected,psi0,0.9656232652110648,0.1497266458267747
2000,42,corrected,psi1,0.5972894941050471,0.1640401298578023
2000,43,naive,psi0,-0.2694284862343614,0.12530081709968421
2000,43,naive,psi1,0.11207298731759512,0.12811892194434998
2000,43,corrected,psi0,1.0487478517705668,0.14559358091514552
2000,43,corrected,psi1,0.6288669126541677,0.14944265374794388
2000,44,naive,psi0,-0.3319936747782311,0.12555801437595485
2000,44,naive,psi1,-0.12621666040464366,0.13328355241700846
2000,44,corrected,psi0,0.9324830058474193,0.1464333984280552
2000,44,corrected,psi1,0.2790946299544864,0.15506544590723478
2000,45,naive,psi0,-0.39558547135857486,0.13176646181148752
2000,45,naive,psi1,0.06668090022623042,0.15681893229264326
2000,45,corrected,psi0,0.8495017126099151,0.1536411077140404
2000,45,corrected,psi1,0.5293745663737953,0.18058348334829352
2000,46,naive,psi0,-0.15947050912486094,0.12766348332747018
2000,46,naive,psi1,0.2187130623326891,0.1381722754358575
2000,46,corrected,psi0,1.0846806144752115,0.14986475976479255
2000,46,corrected,psi1,0.7602054031376727,0.16194053277524553
2000,47,naive,psi0,-0.32928752770019015,0.12695211000419887
2000,47,naive,psi1,-0.0816117728686408,0.12879807334250268
2000,47,corrected,psi0,0.9693263375344776,0.1485702314640916
2000,47,corrected,psi1,0.36094531685786563,0.15135967739159972
2000,48,naive,psi0,-0.1453225893530773,0.13251973798730354
2000,48,naive,psi1,0.02055986561228916,0.14824921612254466
2000,48,corrected,psi0,1.1164437826638722,0.15204668798627322
2000,48,corrected,psi1,0.5573904801684086,0.17014528847358126
2000,49,naive,psi0,-0.485663875340483,0.1242199198893958
2000,49,naive,psi1,0.12854757237618925,0.12911367011732802
2000,49,corrected,psi0,0.7538030512298978,0.1452472652279976
2000,49,corrected,psi1,0.6800456644251706,0.15036976856032744
2000,50,naive,psi0,-0.2887715444976573,0.1365208906283138
2000,50,naive,psi1,0.25921919481615835,0.13608183291226214
2000,50,corrected,psi0,0.9803841731599533,0.15803713942923814
2000,50,corrected,psi1,0.7647988209010753,0.15723968424310025
2000,51,naive,psi0,-0.2996396373946332,0.1320099603684783
2000,51,naive,psi1,0.1511602799049355,0.14200527132106694
2000,51,corrected,psi0,1.004529353088164,0.15392919817529
2000,51,corrected,psi1,0.6702749609847978,0.16424082406995774
2000,52,naive,psi0,-0.32002967917723596,0.12585987857618805
2000,52,naive,psi1,-0.07709728917663954,0.12559320132536841
2000,52,corrected,psi0,0.9328639556918938,0.14512378574004609
2000,52,corrected,psi1,0.4177558744562609,0.1454462289731664
2000,53,naive,psi0,-0.17426719458854098,0.12414608700315583
2000,53,naive,psi1,-0.08818787536282423,0.1266226032259298
2000,53,corrected,psi0,1.1036059813491648,0.14472002651898686
2000,53,corrected,psi1,0.3521345637884318,0.14794525457770163
2000,54,naive,psi0,-0.1100222775758617,0.12829959570228347
2000,54,naive,psi1,-0.04220147426706563,0.127327124070053
2000,54,corrected,psi0,1.120367282721894,0.14870349229026286
2000,54,corrected,psi1,0.46156836741457696,0.14897820567675035
2000,55,naive,psi0,-0.07968183251799013,0.128034398690278
2000,55,naive,psi1,-0.13484863837499844,0.13772333806305453
2000,55,corrected,psi0,1.2471982988050676,0.15030036848778194
2000,55,corrected,psi1,0.3583593742435835,0.16177453277840434
2000,56,naive,psi0,-0.395432239617723,0.12876528855128014
2000,56,naive,psi1,-0.07970589313774383,0.13779995888266522
2000,56,corrected,psi0,0.8652862831945489,0.14957699393864946
2000,56,corrected,psi1,0.45874860557413405,0.1587390355701306
2000,57,naive,psi0,-0.24775511577244538,0.12890626365198898
2000,57,naive,psi1,0.2629277173227543,0.13066268425232738
2000,57,corrected,psi0,1.0567926775305139,0.14979790191657463
2000,57,corrected,psi1,0.8272308631131579,0.152035409064504
2000,58,naive,psi0,-0.2500285731328553,0.12730151359866798
2000,58,naive,psi1,-0.2154939689864405,0.14046625786730188
2000,58,corrected,psi0,1.0739067654525396,0.14699471538733436
2000,58,corrected,psi1,0.2298739130081547,0.16449157696818986
2000,59,naive,psi0,-0.40580271350320385,0.13134564885960082
2000,59,naive,psi1,-0.014280324299037209,0.13889476623864094
2000,59,corrected,psi0,0.8287081699464444,0.15232118185466434
2000,59,corrected,psi1,0.46032611765652176,0.16102656044050467
2000,60,naive,psi0,0.16602842094116155,0.13138827556433802
2000,60,naive,psi1,-0.034434718511502094,0.1471040619771436
2000,60,corrected,psi0,1.5181405660831155,0.15255096029873064
2000,60,corrected,psi1,0.42263918908993564,0.16711157405357982
2000,61,naive,psi0,-0.34335894158033486,0.12278478393197848
2000,61,naive,psi1,-0.236286187751082,0.13595720900491773
2000,61,corrected,psi0,0.9140111127843477,0.14304621068188064
2000,61,corrected,psi1,0.2335569263495993,0.1585720867219774
2000,62,naive,psi0,-0.490558972107271,0.12620142966296494
2000,62,naive,psi1,-0.18128638884173184,0.13780332371171466
2000,62,corrected,psi0,0.8087245919851247,0.14731247923099441
2000,62,corrected,psi1,0.21230029345080592,0.16289801808378052
2000,63,naive,psi0,-0.20254279823613558,0.12942405946629168
2000,63,naive,psi1,0.08379598729020915,0.14326602365605284
2000,63,corrected,psi0,1.0813952594392187,0.14935402452594318
2000,63,corrected,psi1,0.6441730259913037,0.16629941772559145
2000,64,naive,psi0,-0.2260302068165857,0.12899422681097106
2000,64,naive,psi1,0.008917288691022545,0.14171735758960766
2000,64,corrected,psi0,1.059828464898506,0.14827159600712583
2000,64,corrected,psi1,0.524713247869682,0.1642921885026554
2000,65,naive,psi0,-0.31064143681211476,0.1226511132160512
2000,65,naive,psi1,0.10018450250253211,0.12477262651006393
2000,65,corrected,psi0,0.9669308224388045,0.14284470649656847
2000,65,corrected,psi1,0.6436451707139765,0.14286897754228953
2000,66,naive,psi0,-0.2279388747776958,0.13303015609556296
2000,66,naive,psi1,0.26837581766032875,0.13625410438538493
2000,66,corrected,psi0,1.016775166564323,0.15660920236560963
2000,66,corrected,psi1,0.8037856492568195,0.16293230877201148
2000,67,naive,psi0,-0.5156817133536299,0.12412398879867897
2000,67,naive,psi1,0.12287605728446373,0.12625586237583683
2000,67,corrected,psi0,0.6881581094466339,0.1438379087749458
2000,67,corrected,psi1,0.5911595239719757,0.1461935752831367
2000,68,naive,psi0,-0.41703404148425244,0.1261322661507141
2000,68,naive,psi1,-0.07081327861899595,0.12476053757357881
2000,68,corrected,psi0,0.8619952890817051,0.14792089662374036
2000,68,corrected,psi1,0.38613060808952904,0.14472213333975906
2000,69,naive,psi0,-0.25867185575784907,0.12559643904515264
2000,69,naive,psi1,-0.1666604291151529,0.14107205304820097
2000,69,corrected,psi0,0.9895084874652224,0.1456573982612985
2000,69,corrected,psi1,0.29759964949659334,0.16434406080025918
2000,70,naive,psi0,-0.16802710101702784,0.12341572575173357
2000,70,naive,psi1,0.2000507146726628,0.12849266500387022
2000,70,corrected,psi0,1.1570829645162128,0.14315858418064492
2000,70,corrected,psi1,0.6545085425159598,0.15132133117040222
2000,71,naive,psi0,-0.3287968732306655,0.1286917417084654
2000,71,naive,psi1,0.06480824573498359,0.13250348345114027
2000,71,corrected,psi0,0.946721575650915,0.15034015867519268
2000,71,corrected,psi1,0.5799646120927663,0.1558932655865709
2000,72,naive,psi0,-0.21616279686013884,0.12907583581289758
2000,72,naive,psi1,0.2567401172401907,0.1567039678116799
2000,72,corrected,psi0,1.0735022304500703,0.14973126868560346
2000,72,corrected,psi1,0.7675991502842269,0.1807201746505931
2000,73,naive,psi0,-0.14705265005935192,0.12812815358802984
2000,73,naive,psi1,0.0393401934658121,0.1282802706844567
2000,73,corrected,psi0,1.1323856664531415,0.14944539287583397
2000,73,corrected,psi1,0.5698292953773999,0.14869580531317472
2000,74,naive,psi0,-0.2250626843431103,0.12929109235042363
2000,74,naive,psi1,0.33730311127582857,0.13570606213380074
2000,74,corrected,psi0,1.0209981508865282,0.1502173266776311
2000,74,corrected,psi1,0.8511750350709285,0.15717697199840544
2000,75,naive,psi0,-0.137592824465626,0.1254229623407071
2000,75,naive,psi1,0.1702425331070952,0.13454918074582023
2000,75,corrected,psi0,1.1065461095793114,0.1462706351195577
2000,75,corrected,psi1,0.6284702485689022,0.15494412676244645
2000,76,naive,psi0,-0.32073905036530403,0.12253672863643106
2000,76,naive,psi1,-0.210086668751662,0.13704417741217872
2000,76,corrected,psi0,0.9749676169922166,0.14218570783470277
2000,76,corrected,psi1,0.25296239908153206,0.15874168789652338
2000,77,naive,psi0,-0.025477335119765344,0.12572431179223112
2000,77,naive,psi1,0.12187261752375246,0.13184449796675796
2000,77,corrected,psi0,1.2688728941863439,0.14535338523987099
2000,77,corrected,psi1,0.669290045736486,0.1519059550419668
2000,78,naive,psi0,-0.2935821998637242,0.12802533533065863
2000,78,naive,psi1,0.10279335982933534,0.11959953748173499
2000,78,corrected,psi0,1.0299900507966882,0.14906628830601154
2000,78,corrected,psi1,0.6116564782003912,0.13909287198803483
2000,79,naive,psi0,-0.4019084549871193,0.12462110587038348
2000,79,naive,psi1,0.02342791709827021,0.12231687980172354
2000,79,corrected,psi0,0.8571463050119257,0.14442297498051293
2000,79,corrected,psi1,0.5162748612232112,0.14269002369152722
2000,80,naive,psi0,-0.10060757224168618,0.12447162153862967
2000,80,naive,psi1,0.09666776818574783,0.13208988901246976
2000,80,corrected,psi0,1.193757156490871,0.1443441429486045
2000,80,corrected,psi1,0.6503252088490121,0.1526055271767491
2000,81,naive,psi0,-0.3432786287631603,0.12534000783933014
2000,81,naive,psi1,-0.0612745485985305,0.13133033932623683
2000,81,corrected,psi0,0.9216806321466231,0.14542361685108937
2000,81,corrected,psi1,0.4244267534967408,0.15119790837298516
2000,82,naive,psi0,-0.0329596151152703,0.12918330210913587
2000,82,naive,psi1,-0.1125276255420917,0.1272338444561328
2000,82,corrected,psi0,1.209643356225111,0.1494893073542506
2000,82,corrected,psi1,0.37787981739909565,0.14585927714162245
2000,83,naive,psi0,-0.39195207136022553,0.12695590086807423
2000,83,naive,psi1,-0.10748996132514796,0.13473950507225296
2000,83,corrected,psi0,0.9327688541322304,0.1475498979546826
2000,83,corrected,psi1,0.3386339681862144,0.15663239561831535
2000,84,naive,psi0,-0.24209062680717233,0.12833728445217363
2000,84,naive,psi1,-0.17610997730054842,0.14116401524940167
2000,84,corrected,psi0,1.005907018717256,0.14987116001738973
2000,84,corrected,psi1,0.21672978456295336,0.16216577881028335
2000,85,naive,psi0,-0.28486120453675146,0.13632349933849727
2000,85,naive,psi1,0.29912649198571734,0.14121902126353333
2000,85,corrected,psi0,1.009896917026321,0.15966013833100218
2000,85,corrected,psi1,0.8669630388799247,0.16641367173552424
2000,86,naive,psi0,-0.4185904451913852,0.1272985261104058
2000,86,naive,psi1,-0.14015738025694902,0.1281573534837316
2000,86,corrected,psi0,0.8288167669234913,0.14794892919432912
2000,86,corrected,psi1,0.38167779028299864,0.14845560192772456
2000,87,naive,psi0,-0.28129108374494477,0.12466537135147668
2000,87,naive,psi1,0.033694830270114814,0.13010997600228566
2000,87,corrected,psi0,0.9930975764359804,0.14653267009537577
2000,87,corrected,psi1,0.49701443915612703,0.15318535136512762
2000,88,naive,psi0,-0.23021996113136933,0.12965283412958975
2000,88,naive,psi1,-0.07963491402679483,0.13772966434901132
2000,88,corrected,psi0,1.067027060118071,0.15132659288829015
2000,88,corrected,psi1,0.41618775697014115,0.16035819319629444
2000,89,naive,psi0,-0.1342027867707481,0.1294112082216564
2000,89,naive,psi1,-0.17811700302078118,0.13099062163286881
2000,89,corrected,psi0,1.2146793200996802,0.14997083478325116
2000,89,corrected,psi1,0.28423505900013507,0.15548585671408074
2000,90,naive,psi0,-0.4010452149469324,0.12876243932413672
2000,90,naive,psi1,-0.07806780586746628,0.1368030570045583
2000,90,corrected,psi0,0.8529626488060041,0.14855057989111448
2000,90,corrected,psi1,0.3778628058381905,0.15678682943096756
2000,91,naive,psi0,-0.23228987705514212,0.12673187206898223
2000,91,naive,psi1,0.13610678360014467,0.13133542006841842
2000,91,corrected,psi0,1.0474282740889238,0.1483613542085838
2000,91,corrected,psi1,0.6570568394208738,0.15540016231263082
2000,92,naive,psi0,-0.17489742090574228,0.12327160122818039
2000,92,naive,psi1,0.26946184481561536,0.13842024523105842
2000,92,corrected,psi0,1.1521368291098415,0.14554259290779728
2000,92,corrected,psi1,0.7660783689581883,0.16629194060874852
2000,93,naive,psi0,-0.3354227371466307,0.13187746623358784
2000,93,naive,psi1,-0.11618785247709222,0.1470404640501746
2000,93,corrected,psi0,0.9428324297809416,0.1530574744116769
2000,93,corrected,psi1,0.367133780150828,0.1705527252184644
2000,94,naive,psi0,-0.4083974642834812,0.12555983531083398
2000,94,naive,psi1,0.2901993256678182,0.13883520241861153
2000,94,corrected,psi0,0.8669207191362316,0.1464015089195394
2000,94,corrected,psi1,0.8427079462144276,0.16215048664792864
2000,95,naive,psi0,-0.029717215737396725,0.1321345854106861
2000,95,naive,psi1,-0.05493926685998948,0.14054751282757222
2000,95,corrected,psi0,1.2702347894094217,0.15156233891659415
2000,95,corrected,psi1,0.4544274025791493,0.15930511573351736
2000,96,naive,psi0,-0.1965434532724437,0.12701850646859184
2000,96,naive,psi1,0.06509548052098717,0.12839006887255597
2000,96,corrected,psi0,1.0865467362739103,0.15087274330537098
2000,96,corrected,psi1,0.621262233692021,0.15531707373215003
2000,97,naive,psi0,-0.4022894594304109,0.12900782207581446
2000,97,naive,psi1,-0.014699584681351109,0.1326262962776917
2000,97,corrected,psi0,0.8700163632535434,0.1507019754295261
2000,97,corrected,psi1,0.4792646192330557,0.15630270739668584
2000,98,naive,psi0,-0.26627338441804,0.1194123152916683
2000,98,naive,psi1,0.059140879032948436,0.12221596217290913
2000,98,corrected,psi0,0.9915792802734658,0.14082844483645013
2000,98,corrected,psi1,0.6422555411105363,0.14744528968856277
2000,99,naive,psi0,-0.5177030537814061,0.1336517830278218
2000,99,naive,psi1,0.015231813805352351,0.14348391608324182
2000,99,corrected,psi0,0.7611804137085936,0.15548686757079022
2000,99,corrected,psi1,0.5130137896512953,0.1677738461462261
2000,100,naive,psi0,-0.194800511762755,0.1298442844979187
2000,100,naive,psi1,-0.22025484663115133,0.1354034860193297
2000,100,corrected,psi0,1.0966297160365914,0.1517962926228939
2000,100,corrected,psi1,0.2184967541067604,0.15783812984019194
2000,101,naive,psi0,-0.2049266815908868,0.13484704538865777
2000,101,naive,psi1,0.1804854242205464,0.14610516406771887
2000,101,corrected,psi0,1.1419542679221997,0.15687755508869802
2000,101,corrected,psi1,0.6880547228029553,0.168288648996908
2000,102,naive,psi0,-0.10823652553637854,0.13123446771063205
2000,102,naive,psi1,-0.04098366634932265,0.13219585261038638
2000,102,corrected,psi0,1.2155469361813471,0.15149458835690482
2000,102,corrected,psi1,0.431798913333389,0.15298218909445774
2000,103,naive,psi0,-0.25256603350610557,0.12631819981742998
2000,103,naive,psi1,-0.16321213885550623,0.13300387998616706
2000,103,corrected,psi0,1.0123541930966355,0.14732145847562156
2000,103,corrected,psi1,0.3070716281710862,0.15562646983800124
2000,104,naive,psi0,-0.3093202666204912,0.12759797234339665
2000,104,naive,psi1,-0.019897831180934213,0.12847896382963447
2000,104,corrected,psi0,0.9446626255146199,0.1485173025540755
2000,104,corrected,psi1,0.48781140205742035,0.14909472865220544
2000,105,naive,psi0,-0.012603942490426255,0.13335354798655108
2000,105,naive,psi1,-0.1595451904702481,0.1367131588024617
2000,105,corrected,psi0,1.2871250073257032,0.154893476014172
2000,105,corrected,psi1,0.2793258669506748,0.15789147249084318
2000,106,naive,psi0,-0.23948989402314524,0.12419866673221254
2000,106,naive,psi1,0.05193930210839864,0.1267991714399641
2000,106,corrected,psi0,1.0145418175253156,0.14384957417416966
2000,106,corrected,psi1,0.533567803066148,0.14472306003343458
2000,107,naive,psi0,-0.20672064972267717,0.12200032615421287
2000,107,naive,psi1,0.11090255593815394,0.12514641724869777
2000,107,corrected,psi0,1.0423114012236327,0.14378514522308666
2000,107,corrected,psi1,0.6509520222458727,0.14854866539419187
2000,108,naive,psi0,-0.32515282314628235,0.13368701432854757
2000,108,naive,psi1,0.00656240812971116,0.14040192662422063
2000,108,corrected,psi0,0.9018092468681869,0.15587855081681612
2000,108,corrected,psi1,0.4711130278171593,0.16590166528512604
2000,109,naive,psi0,-0.4288372619908116,0.12998591572677584
2000,109,naive,psi1,0.0290318403326744,0.13342684993849166
2000,109,corrected,psi0,0.8186214133869697,0.15288116457269885
2000,109,corrected,psi1,0.5112058139799986,0.15831528368444747
2000,110,naive,psi0,-0.5437281616409667,0.12482842111878462
2000,110,naive,psi1,-0.1976993672146315,0.13697159495220057
2000,110,corrected,psi0,0.7702522305758158,0.14737090016977866
2000,110,corrected,psi1,0.284735384715195,0.16305501062533953
2000,111,naive,psi0,-0.33665507440049297,0.12981413756162086
2000,111,naive,psi1,-0.2073461051013062,0.1375104890257571
2000,111,corrected,psi0,0.8684300646921405,0.1517719582542949
2000,111,corrected,psi1,0.24756825573586347,0.16164039734170915
2000,112,naive,psi0,-0.2606685261085397,0.12668672115555915
2000,112,naive,psi1,0.13059510742342317,0.13175109406521995
2000,112,corrected,psi0,0.9402531073195185,0.14843173763002868
2000,112,corrected,psi1,0.5994600787700273,0.15541313091327574
2000,113,naive,psi0,-0.3551530178962295,0.12829451737384848
2000,113,naive,psi1,-0.01750325672843284,0.1363958063079259
2000,113,corrected,psi0,0.8484671865098847,0.14905245745316564
2000,113,corrected,psi1,0.515482133105431,0.15940456730954006
2000,114,naive,psi0,-0.28870553081683015,0.1300432024650168
2000,114,naive,psi1,-0.08612413557169558,0.1392481025137858
2000,114,corrected,psi0,1.001424195487506,0.15190678519521528
2000,114,corrected,psi1,0.4096270471765213,0.16281612429652603
2000,115,naive,psi0,-0.3695370475047833,0.1333706896909041
2000,115,naive,psi1,0.14734057007071444,0.1428859061688986
2000,115,corrected,psi0,0.9349013859571034,0.1547625508632488
2000,115,corrected,psi1,0.6180421943291797,0.16559543870450746
2000,116,naive,psi0,-0.32110552907028317,0.1316728729359921
2000,116,naive,psi1,-0.026249811125700708,0.14680197629192557
2000,116,corrected,psi0,1.0231013119668844,0.15276619888459186
2000,116,corrected,psi1,0.4536481700835845,0.17030408989624732
2000,117,naive,psi0,-0.41037543355049794,0.125761993931393
2000,117,naive,psi1,0.40176241382208594,0.13473086898992515
2000,117,corrected,psi0,0.7750135411894465,0.14475947123832852
2000,117,corrected,psi1,0.8937257088236235,0.1560213044616995
2000,118,naive,psi0,-0.23978269504181207,0.11871566186905468
2000,118,naive,psi1,0.009173215145310961,0.11818439346784737
2000,118,corrected,psi0,1.0509829486902484,0.13806229194472364
2000,118,corrected,psi1,0.5072577102528107,0.13592025897632484
2000,119,naive,psi0,-0.31901881045521896,0.12448128715110923
2000,119,naive,psi1,0.08259275735574632,0.13074807166766655
2000,119,corrected,psi0,0.9803849697385395,0.14649508021101257
2000,119,corrected,psi1,0.6061330759428882,0.1560677193278176
2000,120,naive,psi0,-0.26900655548582264,0.12810654739128147
2000,120,naive,psi1,0.01571414553317812,0.14552272728415339
2000,120,corrected,psi0,1.0399097533164394,0.1486560186820179
2000,120,corrected,psi1,0.5848398405738736,0.1714081070299747
2000,121,naive,psi0,-0.35540715138756646,0.13206634448474952
2000,121,naive,psi1,0.17204529843891403,0.14294535078076706
2000,121,corrected,psi0,0.8822073617984909,0.1540975937647155
2000,121,corrected,psi1,0.7001635424638016,0.16584500089365609
2000,122,naive,psi0,-0.16955867657603046,0.1263333516108627
2000,122,naive,psi1,0.057186961640888816,0.12660710064857175
2000,122,corrected,psi0,1.123861204786929,0.14604751710431627
2000,122,corrected,psi1,0.552690149690576,0.14898344686617537
2000,123,naive,psi0,-0.2507471053128471,0.1306979055895129
2000,123,naive,psi1,-0.09176667233239062,0.1457265197704764
2000,123,corrected,psi0,1.0423379926371006,0.1528742598579262
2000,123,corrected,psi1,0.37804923037513266,0.1685713303441039
2000,124,naive,psi0,-0.1852754259708949,0.12837501534342832
2000,124,naive,psi1,-0.1515221869145805,0.12656155662757682
2000,124,corrected,psi0,1.1163573852249358,0.1503595317313825
2000,124,corrected,psi1,0.31407305101645333,0.14945543684864926
2000,125,naive,psi0,-0.161641382678839,0.12936305700164039
2000,125,naive,psi1,0.09851489332635285,0.1414777910436744
2000,125,corrected,psi0,1.1493932296081208,0.15033150161586653
2000,125,corrected,psi1,0.5608463959562916,0.16276051334287328
2000,126,naive,psi0,-0.19999825642813307,0.1315340856180674
2000,126,naive,psi1,-0.0463080136906099,0.13670255376460666
2000,126,corrected,psi0,1.1133880562253409,0.15302096144583857
2000,126,corrected,psi1,0.46492365059136825,0.1587656347143314
2000,127,naive,psi0,-0.17803970088998433,0.1310272581871708
2000,127,naive,psi1,0.04381215790773853,0.145709305110293
2000,127,corrected,psi0,1.1532506812767367,0.15251909250640364
2000,127,corrected,psi1,0.47808449553790344,0.16792359685570285
2000,128,naive,psi0,-0.10360924087452103,0.12724307411180555
2000,128,naive,psi1,0.10174853685629513,0.13717101048247124
2000,128,corrected,psi0,1.1864048741052236,0.14857682753028345
2000,128,corrected,psi1,0.6235125073383266,0.15780314049820168
2000,129,naive,psi0,-0.1615419556800311,0.12535364166218707
2000,129,naive,psi1,0.18084456288126077,0.13633249154596
2000,129,corrected,psi0,1.2235001387115272,0.14612112961236912
2000,129,corrected,psi1,0.697251670344366,0.15717572552807085
2000,130,naive,psi0,-0.20267809857184824,0.12284817573904704
2000,130,naive,psi1,-0.14947749427367038,0.12858151454321254
2000,130,corrected,psi0,1.040940321054358,0.14029647513704424
2000,130,corrected,psi1,0.3803117708849612,0.14499773598927856
2000,131,naive,psi0,-0.2266648298143571,0.12243604467778332
2000,131,naive,psi1,0.13381876617096766,0.11663159365763982
2000,131,corrected,psi0,1.0550278275700602,0.14328887171733545
2000,131,corrected,psi1,0.6426170913536912,0.1361268595475729
2000,132,naive,psi0,-0.20897587975828544,0.13081746683628812
2000,132,naive,psi1,-0.041080169109707056,0.14075127572550838
2000,132,corrected,psi0,0.9996222668111158,0.15234472891725376
2000,132,corrected,psi1,0.44891810884052347,0.16457902026398533
2000,133,naive,psi0,-0.3542508506411993,0.12802410568788627
2000,133,naive,psi1,-0.2390863320961928,0.1453005373297302
2000,133,corrected,psi0,0.879674598406798,0.14916536302220193
2000,133,corrected,psi1,0.22752307337985597,0.16902607734275987
2000,134,naive,psi0,-0.1579592808285215,0.11672723539242862
2000,134,naive,psi1,-0.041831737168008636,0.11763032912587647
2000,134,corrected,psi0,1.0930996064573129,0.13522684603602525
2000,134,corrected,psi1,0.4375380457351885,0.13531471968644446
2000,135,naive,psi0,-0.26847682132476847,0.1292018889784475
2000,135,naive,psi1,0.0720076628148356,0.13343732762674437
2000,135,corrected,psi0,1.0003393503591897,0.15081719816939967
2000,135,corrected,psi1,0.5541371298278569,0.15695996141218496
2000,136,naive,psi0,-0.4095750643975525,0.12485478612004271
2000,136,naive,psi1,0.07725580157615591,0.12352464245886094
2000,136,corrected,psi0,0.8846906888309102,0.14564808463964568
2000,136,corrected,psi1,0.5563073980875688,0.1465323615211736
2000,137,naive,psi0,-0.20179384389209096,0.13042532719889502
2000,137,naive,psi1,-0.05471193889908187,0.13342727708064925
2000,137,corrected,psi0,1.0969864663458087,0.15239909091577794
2000,137,corrected,psi1,0.48703632053884055,0.15672893144678188
2000,138,naive,psi0,-0.42519177109478873,0.12633813074228747
2000,138,naive,psi1,0.01005467108150255,0.13489819792501528
2000,138,corrected,psi0,0.8186065228077658,0.147377115353067
2000,138,corrected,psi1,0.5109088212428031,0.1572576673048557
2000,139,naive,psi0,-0.09830140220616854,0.12682243628366235
2000,139,naive,psi1,-0.016231018701100906,0.13627766985919573
2000,139,corrected,psi0,1.2096442639950111,0.14711758340191508
2000,139,corrected,psi1,0.46779772517005214,0.15877867175511132
2000,140,naive,psi0,-0.457505502139038,0.12456034865598893
2000,140,naive,psi1,0.023335405975763748,0.13414651252140034
2000,140,corrected,psi0,0.7512514048816873,0.1449294099464505
2000,140,corrected,psi1,0.5389237624199785,0.1550122522036136
2000,141,naive,psi0,-0.19258688446178523,0.12812264741621687
2000,141,naive,psi1,0.028048146674432253,0.13584429219124994
2000,141,corrected,psi0,1.1137810302115527,0.1481982220254686
2000,141,corrected,psi1,0.4879903196267546,0.15877648845762826
2000,142,naive,psi0,-0.11193299247094007,0.1288182985137415
2000,142,naive,psi1,-0.11362510084930101,0.14168686387055268
2000,142,corrected,psi0,1.1950419556321277,0.1506242648372734
2000,142,corrected,psi1,0.3522707216609952,0.16816033129262734
2000,143,naive,psi0,-0.3727086309182835,0.12412972173382734
2000,143,naive,psi1,-0.045128050959866085,0.13490596617256387
2000,143,corrected,psi0,0.9223900140051667,0.14578598432784834
2000,143,corrected,psi1,0.46027756513581314,0.16120190797462408
2000,144,naive,psi0,-0.3503361565531946,0.1277353701858804
2000,144,naive,psi1,0.10175401840901177,0.1454059279074343
2000,144,corrected,psi0,0.9058487430577932,0.14896270136834328
2000,144,corrected,psi1,0.7565845413074627,0.1800568887447472
2000,145,naive,psi0,-0.3747041988162217,0.1341629237881311
2000,145,naive,psi1,-0.05421421040570911,0.13938469908361859
2000,145,corrected,psi0,0.8793421481947263,0.1563203895316405
2000,145,corrected,psi1,0.4529496623547259,0.16067460785087354
2000,146,naive,psi0,-0.14971199110463798,0.12352785346396428
2000,146,naive,psi1,0.10832254051549875,0.12635819210316596
2000,146,corrected,psi0,1.1870127400594468,0.14487175622763188
2000,146,corrected,psi1,0.6174670422160731,0.1481806221370378
2000,147,naive,psi0,-0.39010224983104025,0.13351465116529126
2000,147,naive,psi1,-0.04613663726871035,0.1466933054539629
2000,147,corrected,psi0,0.8174677292990039,0.15572507999070576
2000,147,corrected,psi1,0.40509188307738864,0.1688868219278434
2000,148,naive,psi0,-0.16647241460069306,0.13386928970590548
2000,148,naive,psi1,0.10901209911620922,0.14556614075939514
2000,148,corrected,psi0,1.1467149540788892,0.15601959734131293
2000,148,corrected,psi1,0.5987851861598388,0.17086966103217904
2000,149,naive,psi0,-0.48158972640609277,0.12934610910129196
2000,149,naive,psi1,-0.1139157986017588,0.1399916092700036
2000,149,corrected,psi0,0.7529456835052107,0.1507671460105113
2000,149,corrected,psi1,0.3688104154455072,0.16718468984886956
2000,150,naive,psi0,-0.14117144468940515,0.12353087632704912
2000,150,naive,psi1,0.23892335535986808,0.1453158534111567
2000,150,corrected,psi0,1.1380343438143745,0.14441770013581517
2000,150,corrected,psi1,0.781714703075605,0.1687824658030434
2000,151,naive,psi0,-0.3389256932609726,0.1261186267325039
2000,151,naive,psi1,0.25992358201123805,0.12918047835460078
2000,151,corrected,psi0,0.9368468069601685,0.1477024302374976
2000,151,corrected,psi1,0.8482998258675063,0.14939527439588896
2000,152,naive,psi0,-0.2886491139211708,0.12882899070820386
2000,152,naive,psi1,-0.00489866351600387,0.1520554380448694
2000,152,corrected,psi0,0.9250118854076361,0.14955143047106462
2000,152,corrected,psi1,0.47011837988067373,0.17494739683196478
2000,153,naive,psi0,-0.39062718830541915,0.1273258860082589
2000,153,naive,psi1,-0.16469150222122253,0.13346937640895568
2000,153,corrected,psi0,0.8575595187930093,0.14760830217840626
2000,153,corrected,psi1,0.3561051941664114,0.15426395381957808
2000,154,naive,psi0,-0.4194572288959524,0.12092273297215717
2000,154,naive,psi1,0.3813393715762789,0.12870330075138864
2000,154,corrected,psi0,0.8618383421641688,0.1402040757805541
2000,154,corrected,psi1,0.9069390580751581,0.14987318518324658
2000,155,naive,psi0,-0.3442852481562365,0.1321314978793338
2000,155,naive,psi1,-0.01015306450480506,0.1455281104976387
2000,155,corrected,psi0,0.9209499152758622,0.15377960635778268
2000,155,corrected,psi1,0.4656560323595745,0.17159252665134928
2000,156,naive,psi0,-0.21421808262406083,0.12628674336585408
2000,156,naive,psi1,-0.1396602109970778,0.13359394232502864
2000,156,corrected,psi0,1.0533722343443828,0.14757445698707983
2000,156,corrected,psi1,0.36597571341269797,0.15653789468954948
2000,157,naive,psi0,-0.15525077526754208,0.1289731282904019
2000,157,naive,psi1,-0.1456275772542198,0.140087848990615
2000,157,corrected,psi0,1.1584214136024282,0.15011740987407637
2000,157,corrected,psi1,0.32155432859488886,0.16628613487595892
2000,158,naive,psi0,-0.5343254969299255,0.12367003930248249
2000,158,naive,psi1,-0.07353322374874165,0.13351464120869025
2000,158,corrected,psi0,0.6993555916838669,0.14308449726267092
2000,158,corrected,psi1,0.3912426509193338,0.15473242997824724
2000,159,naive,psi0,-0.31195425249993086,0.12835022990380057
2000,159,naive,psi1,0.04136963805601245,0.1403822733999017
2000,159,corrected,psi0,0.9247767281257647,0.15007181208623044
2000,159,corrected,psi1,0.5367489477114764,0.1609485108274046
2000,160,naive,psi0,-0.5587702252292837,0.1250998282086069
2000,160,naive,psi1,-0.05423455550478856,0.13835701821674942
2000,160,corrected,psi0,0.676902955271966,0.14532765642679824
2000,160,corrected,psi1,0.3686779430365797,0.1599383549441726
2000,161,naive,psi0,-0.2651060781584016,0.12953438636029108
2000,161,naive,psi1,0.01796992777901269,0.1389735570561383
2000,161,corrected,psi0,1.0466252478107618,0.1493674728163652
2000,161,corrected,psi1,0.4311675310854176,0.15873361773608685
2000,162,naive,psi0,-0.006229943970108245,0.12791621178812615
2000,162,naive,psi1,0.11712548749900535,0.13417970874234034
2000,162,corrected,psi0,1.3298689233535597,0.14773826903145898
2000,162,corrected,psi1,0.6842159393433269,0.1527702167790362
2000,163,naive,psi0,-0.28599033536899937,0.12444837817351313
2000,163,naive,psi1,-0.008592170890734116,0.132097412183828
2000,163,corrected,psi0,0.9597603208283959,0.14406514957621763
2000,163,corrected,psi1,0.5190730993284225,0.15372702325324053
2000,164,naive,psi0,-0.21034301886208046,0.127077930712072
2000,164,naive,psi1,-0.36226513732209953,0.12481245058505788
2000,164,corrected,psi0,1.0528082512920716,0.1480248134077018
2000,164,corrected,psi1,0.07971221079421387,0.14384898165210036
2000,165,naive,psi0,-0.4608123328102331,0.12656830415131498
2000,165,naive,psi1,-0.016459199737279707,0.13658012740076714
2000,165,corrected,psi0,0.817354001817916,0.1471458137340174
2000,165,corrected,psi1,0.5050159818137575,0.15676903243547696
2000,166,naive,psi0,-0.026759026698623307,0.12450190645153648
2000,166,naive,psi1,0.10702658571070513,0.13359197882835142
2000,166,corrected,psi0,1.2594783641877887,0.1446107293914472
2000,166,corrected,psi1,0.6286789221846791,0.15703763321897868
2000,167,naive,psi0,-0.35528763288266885,0.12704835243895565
2000,167,naive,psi1,0.14407940131111002,0.1193703916062192
2000,167,corrected,psi0,0.834400026150602,0.1479604261597058
2000,167,corrected,psi1,0.6514124871890796,0.1425773037052071
2000,168,naive,psi0,-0.3539129779511529,0.1276166676861836
2000,168,naive,psi1,0.1477319678980318,0.1364899913184189
2000,168,corrected,psi0,0.918072584127067,0.14766878608937975
2000,168,corrected,psi1,0.5691081710320003,0.15724002425788144
2000,169,naive,psi0,-0.29369769707620663,0.13328039873566921
2000,169,naive,psi1,-0.09469753571836435,0.14931996330482522
2000,169,corrected,psi0,0.9670937267383732,0.154383758342159
2000,169,corrected,psi1,0.3810704281434734,0.17148243195492427
2000,170,naive,psi0,-0.36718501150393756,0.12843020638998343
2000,170,naive,psi1,0.20779772029328678,0.12743443044294006
2000,170,corrected,psi0,0.8645913296408753,0.14958578346869836
2000,170,corrected,psi1,0.7358561006370528,0.14802096797678282
2000,171,naive,psi0,-0.38626274500733965,0.12999248571846597
2000,171,naive,psi1,0.15160027407544427,0.13684633824427422
2000,171,corrected,psi0,0.9092190373894654,0.15016579852730239
2000,171,corrected,psi1,0.6453710643667275,0.16108059732426372
2000,172,naive,psi0,-0.33845107172076133,0.12726707732514206
2000,172,naive,psi1,-0.009276379863449615,0.14244227560462835
2000,172,corrected,psi0,0.9047576487311413,0.1483896338950629
2000,172,corrected,psi1,0.5150434915557175,0.16447946064543362
2000,173,naive,psi0,-0.07250292949522517,0.1342181845786305
2000,173,naive,psi1,0.06918389641664059,0.14407277973847887
2000,173,corrected,psi0,1.2734327630807163,0.15823738028092454
2000,173,corrected,psi1,0.5574321188964054,0.17350784197237268
2000,174,naive,psi0,-0.2680179095897707,0.1284452498192314
2000,174,naive,psi1,-0.07066525908918687,0.1389771496804253
2000,174,corrected,psi0,1.0197537333587836,0.14998853271833618
2000,174,corrected,psi1,0.36984776396242336,0.16108715882017083
2000,175,naive,psi0,-0.23690031111595639,0.1197125000373155
2000,175,naive,psi1,-0.15840681379097765,0.12551203187552457
2000,175,corrected,psi0,1.0412275571370884,0.13974214710593738
2000,175,corrected,psi1,0.3415530069923889,0.14714989436390893
2000,176,naive,psi0,-0.4037737736623954,0.13014963282416667
2000,176,naive,psi1,0.008736619384602887,0.13127711638818604
2000,176,corrected,psi0,0.8939715391093581,0.1515093270414548
2000,176,corrected,psi1,0.4740806533830091,0.15486587221441547
2000,177,naive,psi0,-0.22867406176030255,0.1287095364499649
2000,177,naive,psi1,0.023049199544082678,0.1367828441631769
2000,177,corrected,psi0,1.0702132818857701,0.1505892686766932
2000,177,corrected,psi1,0.5239890335957439,0.16355464811910347
2000,178,naive,psi0,-0.04122890355751991,0.12269608343070947
2000,178,naive,psi1,0.01823729419696831,0.12862229816860407
2000,178,corrected,psi0,1.2304611931906604,0.14254112859945395
2000,178,corrected,psi1,0.5567040072434519,0.14822025063872168
2000,179,naive,psi0,-0.1403596494432952,0.1251644802188292
2000,179,naive,psi1,-0.07393107949585376,0.13839292880972381
2000,179,corrected,psi0,1.1564725087534617,0.14571090849211898
2000,179,corrected,psi1,0.42512912205320236,0.15527250939112278
2000,180,naive,psi0,-0.38118724732562753,0.12862737116476783
2000,180,naive,psi1,-0.20350305179321956,0.13224703074428396
2000,180,corrected,psi0,0.8023576691263783,0.15031721584052993
2000,180,corrected,psi1,0.24065422892978255,0.15610948478010106
2000,181,naive,psi0,-0.5492658544063967,0.12684039554197524
2000,181,naive,psi1,0.250397094371454,0.14313603254075796
2000,181,corrected,psi0,0.6447284585238446,0.14751293579396796
2000,181,corrected,psi1,0.7460267703096214,0.16663852662812695
2000,182,naive,psi0,-0.2245473971389227,0.12985627746741799
2000,182,naive,psi1,-0.13874959944430407,0.13237850488407357
2000,182,corrected,psi0,1.0126658521688316,0.15169926479356083
2000,182,corrected,psi1,0.3525137912736552,0.1556899606736692
2000,183,naive,psi0,-0.4134445129896558,0.12989304541171542
2000,183,naive,psi1,0.01310506483792358,0.12930962026858192
2000,183,corrected,psi0,0.8186894342356821,0.1511676554160811
2000,183,corrected,psi1,0.5569603746111556,0.15284221536339368
2000,184,naive,psi0,-0.4704087793190161,0.13033284324283909
2000,184,naive,psi1,-0.019017987163011934,0.14679402093844274
2000,184,corrected,psi0,0.747604526641765,0.1546186794578141
2000,184,corrected,psi1,0.4902688927906874,0.1740033618782329
2000,185,naive,psi0,-0.4678007661190847,0.13042638145650184
2000,185,naive,psi1,0.10922980732493245,0.1384698974588455
2000,185,corrected,psi0,0.7509411241266887,0.15347240011167373
2000,185,corrected,psi1,0.6672239114005277,0.16361015121755224
2000,186,naive,psi0,0.028746182067369144,0.1340192411128629
2000,186,naive,psi1,-0.26006292864790903,0.14611728674621688
2000,186,corrected,psi0,1.326974645749419,0.1544686162265459
2000,186,corrected,psi1,0.1961069396532445,0.16933253341568305
2000,187,naive,psi0,-0.3786929017153704,0.12933604904957943
2000,187,naive,psi1,0.10962561440249513,0.14312000767911628
2000,187,corrected,psi0,0.8592467810506746,0.15013300951481917
2000,187,corrected,psi1,0.5668461296780167,0.16453112188027968
2000,188,naive,psi0,-0.1007969495916983,0.12749262502046227
2000,188,naive,psi1,0.1632077250797327,0.13562586304373261
2000,188,corrected,psi0,1.1978858018712737,0.14803198908726004
2000,188,corrected,psi1,0.7105030964411522,0.15922952305558752
2000,189,naive,psi0,-0.25463689531459877,0.12805535478944488
2000,189,naive,psi1,-0.18128008548866167,0.13054978593439356
2000,189,corrected,psi0,1.0306936571945189,0.14816385286716563
2000,189,corrected,psi1,0.32884556046041336,0.15013433755634606
2000,190,naive,psi0,-0.46138498942721945,0.1255604703514305
2000,190,naive,psi1,-0.18671343602367302,0.13208503871932534
2000,190,corrected,psi0,0.8162744566224771,0.14807822132645143
2000,190,corrected,psi1,0.3702435131754764,0.15991309910580614
2000,191,naive,psi0,-0.09403968625115376,0.13202581632181246
2000,191,naive,psi1,0.09805165095499437,0.13637428341144822
2000,191,corrected,psi0,1.2422290418543787,0.1538799931451565
2000,191,corrected,psi1,0.6592845602363377,0.15974030040672696
2000,192,naive,psi0,-0.278521016338385,0.12808401411870532
2000,192,naive,psi1,-0.2782646559522049,0.1290843052151698
2000,192,corrected,psi0,1.051535213784941,0.15041104459249624
2000,192,corrected,psi1,0.16223292382163879,0.1519262680572573
2000,193,naive,psi0,-0.028024822183504553,0.12980928952219822
2000,193,naive,psi1,0.005198059906246879,0.14101279805794298
2000,193,corrected,psi0,1.2645269490280178,0.15084082738272564
2000,193,corrected,psi1,0.5322951493990136,0.16522306960362282
2000,194,naive,psi0,-0.14376153507246464,0.1304663649897205
2000,194,naive,psi1,0.058740566862497456,0.15412748633307352
2000,194,corrected,psi0,1.1219615658839157,0.15236921015790522
2000,194,corrected,psi1,0.5859982216895077,0.17645154908246857
2000,195,naive,psi0,-0.2137974510713184,0.12360795079164746
2000,195,naive,psi1,0.0062470497617622,0.1270439778085698
2000,195,corrected,psi0,1.0615362239696775,0.14436412044296737
2000,195,corrected,psi1,0.5534697262908214,0.14835474476201688
2000,196,naive,psi0,-0.24681697053737592,0.1333136220927976
2000,196,naive,psi1,-0.00989886110642352,0.1397695533861851
2000,196,corrected,psi0,1.0209624575909222,0.1546123046188855
2000,196,corrected,psi1,0.45637217907507044,0.15969428247254677
2000,197,naive,psi0,-0.2704606310639331,0.12972172850040192
2000,197,naive,psi1,-0.2187090179248637,0.12558556833416334
2000,197,corrected,psi0,0.9632206513831725,0.1510729878365217
2000,197,corrected,psi1,0.2870492099293678,0.14658839384411212
2000,198,naive,psi0,-0.1745020818288249,0.12935581019565645
2000,198,naive,psi1,-0.1434249358121239,0.13252957740566074
2000,198,corrected,psi0,1.1330362331554578,0.15243581824774752
2000,198,corrected,psi1,0.3633232257382797,0.15510965405883345
2000,199,naive,psi0,-0.32455242685675906,0.12766594670156767
2000,199,naive,psi1,0.05356995025510581,0.13572580775958995
2000,199,corrected,psi0,0.9563911433354731,0.14787087647642694
2000,199,corrected,psi1,0.6220610708000741,0.15728807459418542
2000,200,naive,psi0,-0.24319287927673114,0.12770921547701874
2000,200,naive,psi1,0.11428733498797843,0.13664069062436643
2000,200,corrected,psi0,1.0883969590884666,0.14761977210234675
2000,200,corrected,psi1,0.6143012435320526,0.1560926243634889
2000,201,naive,psi0,-0.1483857249895705,0.12270279518817467
2000,201,naive,psi1,0.0038301836435461595,0.12456565104051749
2000,201,corrected,psi0,1.1471642623545302,0.1429787429665547
2000,201,corrected,psi1,0.45569117185577135,0.14600205810250985
2000,202,naive,psi0,-0.34395738762978795,0.1264210506729963
2000,202,naive,psi1,-0.06704191262307536,0.13119647080696
2000,202,corrected,psi0,0.9176196681001061,0.14671795211203287
2000,202,corrected,psi1,0.4016767242749828,0.15362903352462912
2000,203,naive,psi0,-0.4775888447597148,0.13230641197197981
2000,203,naive,psi1,-0.08324879866754803,0.15112922277468366
2000,203,corrected,psi0,0.7545981512317624,0.15388158875167857
2000,203,corrected,psi1,0.41031955206012105,0.17080843046311278
2000,204,naive,psi0,-0.18196195838996837,0.13110175892208406
2000,204,naive,psi1,0.035541878315433255,0.13506321775154254
2000,204,corrected,psi0,1.1028203784260033,0.15078408534534915
2000,204,corrected,psi1,0.5332732137575901,0.15670882297268524
2000,205,naive,psi0,-0.23054681854529846,0.12189904678025616
2000,205,naive,psi1,0.010979349382930194,0.1223353950013967
2000,205,corrected,psi0,1.041248217876262,0.14165273070139106
2000,205,corrected,psi1,0.5040347741926,0.14266406775465
2000,206,naive,psi0,-0.27192317096681423,0.12439868899864119
2000,206,naive,psi1,0.19554760585348424,0.139650128217651
2000,206,corrected,psi0,0.9976103492260755,0.14456184694566623
2000,206,corrected,psi1,0.7239326512428983,0.16116011339983582
2000,207,naive,psi0,-0.09438660729739584,0.12339834987792216
2000,207,naive,psi1,0.29500505913178676,0.13257003588635913
2000,207,corrected,psi0,1.2798642391663808,0.14276502439060318
2000,207,corrected,psi1,0.8255750326333066,0.15330025036003156
2000,208,naive,psi0,-0.3043975967530077,0.1316020552397094
2000,208,naive,psi1,0.18040928253339142,0.14182523486569046
2000,208,corrected,psi0,0.9689262378896955,0.1547056860382569
2000,208,corrected,psi1,0.7082753446853385,0.16779037972867183
2000,209,naive,psi0,-0.09360855947189095,0.12476275846711139
2000,209,naive,psi1,-0.18204524266710626,0.12793104674697114
2000,209,corrected,psi0,1.142345351632678,0.14720703085369083
2000,209,corrected,psi1,0.30831246556989395,0.14857258322719158
2000,210,naive,psi0,-0.2995401628996309,0.1247443473252656
2000,210,naive,psi1,-0.0013712784734822836,0.12590985748720532
2000,210,corrected,psi0,0.9773675628233744,0.14465709013230388
2000,210,corrected,psi1,0.4906396025313136,0.1466745211234406
2000,211,naive,psi0,-0.018558585831522353,0.1314879162055517
2000,211,naive,psi1,-0.13233353716222498,0.1407890409330193
2000,211,corrected,psi0,1.328395637488153,0.154510911235299
2000,211,corrected,psi1,0.30269926589976454,0.16205014746232357
2000,212,naive,psi0,-0.3727614932964773,0.12366237097653905
2000,212,naive,psi1,-0.19527875963399985,0.126229285387724
2000,212,corrected,psi0,0.9112994574125964,0.14383975037503063
2000,212,corrected,psi1,0.26136996059005424,0.14664282165339088
2000,213,naive,psi0,-0.2791990841199985,0.12645228564791797
2000,213,naive,psi1,0.09804664886502101,0.12575602955840767
2000,213,corrected,psi0,0.9561659565091711,0.14744706655088258
2000,213,corrected,psi1,0.6225236358463782,0.14460035398623403
2000,214,naive,psi0,-0.25364084862795505,0.12996561515786254
2000,214,naive,psi1,0.20850605281343249,0.1366173927731412
2000,214,corrected,psi0,0.9865340090071529,0.1504552086311443
2000,214,corrected,psi1,0.7363460274021941,0.15545994359711776
2000,215,naive,psi0,-0.4091993779722332,0.13107707332123467
2000,215,naive,psi1,-0.2100349930945556,0.13907074094875782
2000,215,corrected,psi0,0.8560759954921944,0.1520905482489955
2000,215,corrected,psi1,0.24459323051925852,0.16113478140334644
2000,216,naive,psi0,-0.08013840651695849,0.1275761604967575
2000,216,naive,psi1,-0.03097141222475839,0.13035639038369232
2000,216,corrected,psi0,1.172122597739412,0.14849181134439454
2000,216,corrected,psi1,0.4661884081335799,0.15014093952794486
2000,217,naive,psi0,-0.19536560412301363,0.12675809725810663
2000,217,naive,psi1,0.06838953714482174,0.13535515154211764
2000,217,corrected,psi0,1.118997681738584,0.14791762690857777
2000,217,corrected,psi1,0.5805516532484052,0.15842422513557253
2000,218,naive,psi0,-0.28161340764963644,0.12667621172059598
2000,218,naive,psi1,0.13020576165575967,0.14671564740890478
2000,218,corrected,psi0,0.9505205815392591,0.149708664776069
2000,218,corrected,psi1,0.6370628472206914,0.17330356143697614
2000,219,naive,psi0,-0.3922016490128789,0.13200075078881868
2000,219,naive,psi1,0.0949797061706945,0.13167557415070108
2000,219,corrected,psi0,0.9075390370231772,0.1528768424118673
2000,219,corrected,psi1,0.5872210997819487,0.15001202848768436
2000,220,naive,psi0,-0.4652715803325853,0.12149241398116381
2000,220,naive,psi1,0.2428808485756332,0.1356498955125959
2000,220,corrected,psi0,0.7634914910650599,0.14275442491929263
2000,220,corrected,psi1,0.8198716057611861,0.15972345716267092
2000,221,naive,psi0,-0.35794654599938436,0.12413246580652623
2000,221,naive,psi1,0.06007830853956561,0.1288258121513553
2000,221,corrected,psi0,0.8803374976627384,0.14337902840333636
2000,221,corrected,psi1,0.5829287317416264,0.1491424227444374
2000,222,naive,psi0,-0.23812258687891275,0.13370957198844055
2000,222,naive,psi1,0.20825963562703276,0.14512130711689986
2000,222,corrected,psi0,1.0881423554565632,0.15486678286130362
2000,222,corrected,psi1,0.6785236767362706,0.16728551501789932
2000,223,naive,psi0,-0.1516853355480971,0.13182812110423234
2000,223,naive,psi1,-0.08876065937520511,0.1383521179692851
2000,223,corrected,psi0,1.1451657408587954,0.15130721095553176
2000,223,corrected,psi1,0.3363072655068133,0.15882162141379783
2000,224,naive,psi0,-0.3507347843694713,0.12167236964256507
2000,224,naive,psi1,0.3487482167342884,0.13579247676116346
2000,224,corrected,psi0,0.9619454546615629,0.1429435601667549
2000,224,corrected,psi1,0.8430890884143624,0.16187997114252375
2000,225,naive,psi0,-0.24763365959686956,0.12932893673111573
2000,225,naive,psi1,-0.12704304357520416,0.1354658995945403
2000,225,corrected,psi0,1.0769163261022876,0.15065403833488697
2000,225,corrected,psi1,0.29966217406413526,0.15901647558139953
2000,226,naive,psi0,-0.3234593918546599,0.12537475556750943
2000,226,naive,psi1,0.017584124449719272,0.1338287344885394
2000,226,corrected,psi0,0.9134155444518923,0.14665654069755107
2000,226,corrected,psi1,0.5585103625509501,0.15679141887176504
2000,227,naive,psi0,-0.3621426367042393,0.12715768709465952
2000,227,naive,psi1,0.058785158584407,0.1298978758065112
2000,227,corrected,psi0,0.9059218628851406,0.14845325737442047
2000,227,corrected,psi1,0.5104536306775064,0.15172767458785497
2000,228,naive,psi0,-0.3380534714986468,0.1290921089610076
2000,228,naive,psi1,0.04498701698965136,0.13031638325356765
2000,228,corrected,psi0,0.9184035260452439,0.15040029196345223
2000,228,corrected,psi1,0.5790361090369848,0.15202914889953817
2000,229,naive,psi0,-0.3279292926747687,0.12051412164307355
2000,229,naive,psi1,0.2566413514495323,0.1146658520155712
2000,229,corrected,psi0,0.9170658386668856,0.13998752954370242
2000,229,corrected,psi1,0.7763555001904764,0.13460773915265248
2000,230,naive,psi0,-0.18819129743264668,0.12569295436263392
2000,230,naive,psi1,-0.01886607664836217,0.13070740535777117
2000,230,corrected,psi0,1.087010803630896,0.1467337339585927
2000,230,corrected,psi1,0.4765601238991578,0.15396436609682704
2000,231,naive,psi0,-0.2643616966106179,0.12128845141134602
2000,231,naive,psi1,-0.21879151255452073,0.1359562042895308
2000,231,corrected,psi0,1.0119364883013222,0.14075694972236585
2000,231,corrected,psi1,0.2531031410438322,0.16087491828673717
2000,232,naive,psi0,-0.27216248846091057,0.12765407156251607
2000,232,naive,psi1,-0.18830136229924627,0.13111746897433108
2000,232,corrected,psi0,0.9829225500408827,0.14733493894825506
2000,232,corrected,psi1,0.3171842443709003,0.15146712627583125
2000,233,naive,psi0,-0.21698779828924042,0.1231308322344176
2000,233,naive,psi1,-0.01921860723664862,0.1250023622177404
2000,233,corrected,psi0,1.0110862756487862,0.14273823146774506
2000,233,corrected,psi1,0.5372765179584379,0.14472445769044137
2000,234,naive,psi0,-0.15816712224193621,0.1297493692600569
2000,234,naive,psi1,-0.16169171783233952,0.14118915982145092
2000,234,corrected,psi0,1.1776187737606894,0.15163007503991724
2000,234,corrected,psi1,0.338508734936655,0.16874981240589404
2000,235,naive,psi0,-0.3585726477290353,0.1272835302030632
2000,235,naive,psi1,-0.01669609947042982,0.13277116204670739
2000,235,corrected,psi0,0.8592744809492425,0.14861492690975883
2000,235,corrected,psi1,0.45673023157110954,0.15461313800880044
2000,236,naive,psi0,-0.41841415037894963,0.12836456392531567
2000,236,naive,psi1,0.07989542650511255,0.12811759949358603
2000,236,corrected,psi0,0.8092961205946485,0.15032142612068372
2000,236,corrected,psi1,0.6137562259266923,0.15144121020656018
2000,237,naive,psi0,-0.14821938350805083,0.12276598341037649
2000,237,naive,psi1,0.18188219170853842,0.12301849298349378
2000,237,corrected,psi0,1.1189352234256458,0.14226861396265097
2000,237,corrected,psi1,0.6716102181455873,0.14342771923694211
2000,238,naive,psi0,-0.2850977960439182,0.12799168184790166
2000,238,naive,psi1,0.03892067718899933,0.13301418560560715
2000,238,corrected,psi0,1.0653558769380083,0.1481285981187362
2000,238,corrected,psi1,0.4807941866435644,0.15416739381423902
2000,239,naive,psi0,-0.3073486601445712,0.1337277166115925
2000,239,naive,psi1,0.0238434753111474,0.1440741114603981
2000,239,corrected,psi0,0.9499468902635333,0.15530372159124342
2000,239,corrected,psi1,0.5148988938610163,0.16817111386668926
2000,240,naive,psi0,-0.15870990347951308,0.12686440931913912
2000,240,naive,psi1,-0.3122146588942702,0.13003141285661507
2000,240,corrected,psi0,1.147229072900508,0.147772204020696
2000,240,corrected,psi1,0.09812064517802299,0.15446444235393056
2000,241,naive,psi0,-0.11550618591163046,0.12604183962131538
2000,241,naive,psi1,-0.12583446588294855,0.1335821321437659
2000,241,corrected,psi0,1.185198813695171,0.14873092940967492
2000,241,corrected,psi1,0.34235518500947343,0.15958839857748836
2000,242,naive,psi0,-0.04584612419248613,0.12599526198278838
2000,242,naive,psi1,0.13768378293716674,0.14415067987779753
2000,242,corrected,psi0,1.2665493692837044,0.14489069205808233
2000,242,corrected,psi1,0.611287172261651,0.1630428292054418
2000,243,naive,psi0,-0.12698090150661087,0.132646172342802
2000,243,naive,psi1,0.13857618138686587,0.14379487492213866
2000,243,corrected,psi0,1.1632004317926627,0.15428618881763953
2000,243,corrected,psi1,0.7026938216944809,0.1703943360993139
2000,244,naive,psi0,-0.09401212032241518,0.12998358958572226
2000,244,naive,psi1,-0.013421671422226902,0.13824351731168652
2000,244,corrected,psi0,1.1852370868646858,0.1512612910374163
2000,244,corrected,psi1,0.5398710513843848,0.16113304954951665
2000,245,naive,psi0,-0.12811685366029796,0.13129560957272032
2000,245,naive,psi1,0.0034958092975485777,0.15341692248133276
2000,245,corrected,psi0,1.2310505780268155,0.15214897048529075
2000,245,corrected,psi1,0.4932144381800906,0.1769350026400054
2000,246,naive,psi0,-0.24095623980953845,0.12168865010429489
2000,246,naive,psi1,-0.08264112775178435,0.12569751860578887
2000,246,corrected,psi0,1.027342203564372,0.14281908488598888
2000,246,corrected,psi1,0.46798559747218826,0.14909550174379133
2000,247,naive,psi0,-0.21323757126818296,0.1281507790346496
2000,247,naive,psi1,-0.2153667275157109,0.14087373353890528
2000,247,corrected,psi0,1.0741448350473035,0.14956500314761176
2000,247,corrected,psi1,0.24680036678999234,0.1631085473191323
2000,248,naive,psi0,-0.2484217189386917,0.13138494031493048
2000,248,naive,psi1,-0.12252009424072548,0.1340279537224896
2000,248,corrected,psi0,1.0226912653670273,0.1511665444508621
2000,248,corrected,psi1,0.37309480013516255,0.1549077363171347
2000,249,naive,psi0,-0.27462420095066353,0.13361415930487006
2000,249,naive,psi1,0.0020092124608452827,0.1537982768950173
2000,249,corrected,psi0,1.0186673639979218,0.15529690017430367
2000,249,corrected,psi1,0.48759904568528506,0.17651118672469243
2000,250,naive,psi0,-0.2353919034258526,0.12347340538072757
2000,250,naive,psi1,0.09857357632426451,0.1283290839548145
2000,250,corrected,psi0,1.076649320620623,0.14385145023694196
2000,250,corrected,psi1,0.5804149321829275,0.14897033372025315
2000,251,naive,psi0,-0.1659497293768786,0.1298220521869373
2000,251,naive,psi1,-0.028241173936685317,0.13258514372529173
2000,251,corrected,psi0,1.1080275376712638,0.15061723760590182
2000,251,corrected,psi1,0.479960556734148,0.15409905398262436
2000,252,naive,psi0,-0.11429138506458543,0.12426486249475187
2000,252,naive,psi1,-0.014425325387629556,0.13229406772208438
2000,252,corrected,psi0,1.2364940634944763,0.1460019308236755
2000,252,corrected,psi1,0.4753793082027997,0.15867325748082303
2000,253,naive,psi0,-0.32590849301558905,0.1241220876966055
2000,253,naive,psi1,0.1123696883732455,0.13421424847450428
2000,253,corrected,psi0,0.9355581836793527,0.14592904796338144
2000,253,corrected,psi1,0.6348638490593753,0.15814431705796064
2000,254,naive,psi0,-0.46820551611291455,0.1268381968082953
2000,254,naive,psi1,0.023970774901386254,0.1267354239770187
2000,254,corrected,psi0,0.7994869346244337,0.1476012026651901
2000,254,corrected,psi1,0.528685760741571,0.14830386988865382
2000,255,naive,psi0,-0.4777831540582998,0.12173131377910647
2000,255,naive,psi1,0.01489000631104791,0.12931532642725185
2000,255,corrected,psi0,0.7740172082717898,0.14100648745937505
2000,255,corrected,psi1,0.526083946992812,0.148033234829176
2000,256,naive,psi0,-0.37832544340590096,0.13480000234823247
2000,256,naive,psi1,-0.10119631432932678,0.14444722405543764
2000,256,corrected,psi0,0.9035589895001072,0.15573821558508558
2000,256,corrected,psi1,0.4674916290648805,0.1676413343458343
2000,257,naive,psi0,-0.2291091218339769,0.1254787601086562
2000,257,naive,psi1,-0.3330786398773303,0.14454886610543155
2000,257,corrected,psi0,1.0859092330079503,0.14774805991374093
2000,257,corrected,psi1,0.15236516461776622,0.17366435235932293
2000,258,naive,psi0,-0.21746677215419288,0.12669374037964717
2000,258,naive,psi1,-0.34907630844987575,0.13688462572142018
2000,258,corrected,psi0,1.0577255283351998,0.1491253410865745
2000,258,corrected,psi1,0.06265900050192277,0.16245326755425551
2000,259,naive,psi0,-0.23282298187862627,0.12922858926614925
2000,259,naive,psi1,0.02020794020983638,0.13709438506673471
2000,259,corrected,psi0,1.0198728176355136,0.1502448005586733
2000,259,corrected,psi1,0.6043248778028519,0.16066551110278246
2000,260,naive,psi0,-0.5495381147293372,0.1307052443573147
2000,260,naive,psi1,-0.11674229372605895,0.1402027899025771
2000,260,corrected,psi0,0.695453366681216,0.15390952530817725
2000,260,corrected,psi1,0.3817397534578902,0.16227527929530683
2000,261,naive,psi0,-0.20027417195375058,0.12360045337057171
2000,261,naive,psi1,-0.20812450367024016,0.13171711321053822
2000,261,corrected,psi0,1.0728925811588983,0.1432570146619576
2000,261,corrected,psi1,0.32295343806585675,0.15009676462828386
2000,262,naive,psi0,-0.33477963229767194,0.12230651454937608
2000,262,naive,psi1,0.009088471111061563,0.13235664787175186
2000,262,corrected,psi0,0.9327516364324119,0.14278951483762253
2000,262,corrected,psi1,0.5107416711996244,0.1564228340748253
2000,263,naive,psi0,-0.39804718884542084,0.1288841044106115
2000,263,naive,psi1,-0.07558567707142712,0.13595707842443677
2000,263,corrected,psi0,0.8537198851651209,0.14884531868954487
2000,263,corrected,psi1,0.43456865389762594,0.15694798251023234
2000,264,naive,psi0,-0.42530331369928304,0.12494226335621465
2000,264,naive,psi1,0.016507093652309967,0.1356851852568371
2000,264,corrected,psi0,0.8573198274449193,0.1451144382528322
2000,264,corrected,psi1,0.5420052139839726,0.15648971779161483
2000,265,naive,psi0,-0.27899477331448475,0.12418629211924459
2000,265,naive,psi1,-0.2288081852284654,0.12478079410336457
2000,265,corrected,psi0,0.9564593540310383,0.14442578362333958
2000,265,corrected,psi1,0.2744447493920338,0.14683605251861734
2000,266,naive,psi0,-0.21006341848091561,0.12442228670524748
2000,266,naive,psi1,0.37156419440005733,0.1536126832914359
2000,266,corrected,psi0,1.0480493819331078,0.14538591793046846
2000,266,corrected,psi1,0.916086289053892,0.1781768789599111
2000,267,naive,psi0,-0.3039551144246903,0.13041238218807027
2000,267,naive,psi1,-0.18513564543073038,0.13558180986338408
2000,267,corrected,psi0,0.9356632487114499,0.15189518485806686
2000,267,corrected,psi1,0.3126505118243118,0.1584950167284597
2000,268,naive,psi0,-0.4078494178820873,0.125420062456482
2000,268,naive,psi1,-0.03572869498692144,0.13142292951542975
2000,268,corrected,psi0,0.8359086195085488,0.14647039827512393
2000,268,corrected,psi1,0.43190599060353285,0.15236757404103232
2000,269,naive,psi0,-0.40624287884997384,0.12942173208652497
2000,269,naive,psi1,0.022585695762839732,0.13759260656930508
2000,269,corrected,psi0,0.8444385785038581,0.15238581773006601
2000,269,corrected,psi1,0.5052470383763836,0.15945233986805166
2000,270,naive,psi0,-0.42460544361295177,0.12748213183018867
2000,270,naive,psi1,-0.06793182645514123,0.13557310486472404
2000,270,corrected,psi0,0.8409005949462257,0.14771854990575625
2000,270,corrected,psi1,0.3884641267956484,0.15764009846154944
2000,271,naive,psi0,-0.5076455622831647,0.12955095646986256
2000,271,naive,psi1,-0.11986695783698825,0.14029136058627684
2000,271,corrected,psi0,0.7425089061649928,0.15124726387587406
2000,271,corrected,psi1,0.38854466554995676,0.16556022225952893
2000,272,naive,psi0,-0.25436167006463256,0.12993562616229637
2000,272,naive,psi1,-0.2036845778844647,0.13758104261708265
2000,272,corrected,psi0,1.0257510598511461,0.15105291746642036
2000,272,corrected,psi1,0.27653410132290335,0.1587444787443779
2000,273,naive,psi0,-0.43513692449047603,0.12030342578307804
2000,273,naive,psi1,0.10229888154145908,0.12000973272294095
2000,273,corrected,psi0,0.8188211566574939,0.14083616966400694
2000,273,corrected,psi1,0.6225806981993353,0.14264736493909755
2000,274,naive,psi0,-0.23821831665242693,0.13236610568020804
2000,274,naive,psi1,0.01410914428720908,0.13550569123592435
2000,274,corrected,psi0,1.0699094953879082,0.15283739546245242
2000,274,corrected,psi1,0.4946023374222366,0.1553523679505623
2000,275,naive,psi0,-0.31698831100173736,0.13784389521042612
2000,275,naive,psi1,-0.016957497530851226,0.14795248042825754
2000,275,corrected,psi0,0.936892670866349,0.16088763046314478
2000,275,corrected,psi1,0.46229557157777507,0.1698070813019023
2000,276,naive,psi0,-0.45962935559541673,0.12784846051894633
2000,276,naive,psi1,-0.11569103592438494,0.1400414755000109
2000,276,corrected,psi0,0.8713777045948803,0.1489670668686449
2000,276,corrected,psi1,0.2832963681728503,0.162250709941922
2000,277,naive,psi0,-0.18338430597333732,0.12384493348024685
2000,277,naive,psi1,-0.011386916066184674,0.13014158012472926
2000,277,corrected,psi0,1.1000231720186862,0.1438922056022221
2000,277,corrected,psi1,0.42595121786124884,0.1514561784166826
2000,278,naive,psi0,-0.3097912148436072,0.12596869576953326
2000,278,naive,psi1,0.09268693425243482,0.1301333888760677
2000,278,corrected,psi0,0.8960335753758845,0.14695423409140787
2000,278,corrected,psi1,0.6007713923824212,0.1512837816159393
2000,279,naive,psi0,-0.3572806761807724,0.12888508723065212
2000,279,naive,psi1,-0.04591517945233691,0.12123648098316704
2000,279,corrected,psi0,0.9547256105517895,0.1514927305880742
2000,279,corrected,psi1,0.44392643432506806,0.14494055708046594
2000,280,naive,psi0,-0.13250343019144215,0.12778283444291752
2000,280,naive,psi1,0.09523683978816704,0.1435977514943039
2000,280,corrected,psi0,1.1665235749023317,0.14912872291173482
2000,280,corrected,psi1,0.5897866127278999,0.16486391766984215
2000,281,naive,psi0,-0.32131134792650584,0.1296498343206968
2000,281,naive,psi1,-0.11347848581225216,0.14498833053920024
2000,281,corrected,psi0,0.9430728165897929,0.14884989271140603
2000,281,corrected,psi1,0.43914796376378235,0.1661593106832902
2000,282,naive,psi0,-0.24204693531180324,0.12871521195771524
2000,282,naive,psi1,0.09894726955505957,0.1400370769389662
2000,282,corrected,psi0,1.035035698498323,0.1492820985325302
2000,282,corrected,psi1,0.6294965666467593,0.16119394327089095
2000,283,naive,psi0,-0.16085682034189155,0.12473938790445802
2000,283,naive,psi1,-0.06242422803223645,0.12154544846388399
2000,283,corrected,psi0,1.1329775065017518,0.14711633259833617
2000,283,corrected,psi1,0.4202848882425337,0.14513243748947194
2000,284,naive,psi0,-0.16182515526127614,0.12407002235582845
2000,284,naive,psi1,0.02653436972755719,0.13353261832078767
2000,284,corrected,psi0,1.140810407815719,0.1432774190520455
2000,284,corrected,psi1,0.5209250355755135,0.1536650046562134
2000,285,naive,psi0,-0.47973987443684485,0.12926902540596003
2000,285,naive,psi1,-0.03490009777602994,0.13977517981653756
2000,285,corrected,psi0,0.7561915356837028,0.1513349647490734
2000,285,corrected,psi1,0.4523893671185336,0.16514158861145434
2000,286,naive,psi0,-0.5210852199924478,0.13321178212038112
2000,286,naive,psi1,0.007331088937827327,0.13763305541615492
2000,286,corrected,psi0,0.6949572424747366,0.15463877765050446
2000,286,corrected,psi1,0.533053216643028,0.15986958660678174
2000,287,naive,psi0,-0.49770829164381036,0.1309040490095079
2000,287,naive,psi1,-0.13040353264562698,0.14237889736000037
2000,287,corrected,psi0,0.6856987630634056,0.15326858580119002
2000,287,corrected,psi1,0.37855545257975737,0.16898771559201922
2000,288,naive,psi0,-0.30899627439028843,0.13312431548647247
2000,288,naive,psi1,0.11575821291762832,0.14550110548719414
2000,288,corrected,psi0,1.0551002630805681,0.15416643653193748
2000,288,corrected,psi1,0.632791514707115,0.16901548960874757
2000,289,naive,psi0,-0.014696567155727132,0.12323496125137175
2000,289,naive,psi1,0.03702191533805702,0.12957802263028673
2000,289,corrected,psi0,1.2978371897208494,0.14213562586545686
2000,289,corrected,psi1,0.5144830780612034,0.14896120238463498
2000,290,naive,psi0,-0.1755771751991703,0.12305506434226524
2000,290,naive,psi1,-0.25800296931267463,0.1299218418390008
2000,290,corrected,psi0,1.1159237260701704,0.14437793826276296
2000,290,corrected,psi1,0.23586451119183702,0.15152305924156173
2000,291,naive,psi0,-0.22915207456691966,0.12798497221517754
2000,291,naive,psi1,0.2131687270483647,0.12496068795704579
2000,291,corrected,psi0,1.0430963827671473,0.1484683978865314
2000,291,corrected,psi1,0.7952235401020771,0.1455707030764245
2000,292,naive,psi0,-0.17619476444841725,0.1199385271717162
2000,292,naive,psi1,0.1008353728492525,0.12537461386265286
2000,292,corrected,psi0,1.063162224538753,0.13935350267427538
2000,292,corrected,psi1,0.6026692462904287,0.14467756049156455
2000,293,naive,psi0,-0.3106820286265274,0.1316784993308211
2000,293,naive,psi1,0.0516583536707699,0.13592718322701772
2000,293,corrected,psi0,0.9566115318982297,0.15176082805195387
2000,293,corrected,psi1,0.5008536038463504,0.15630996434747388
2000,294,naive,psi0,-0.19708443867479264,0.12695909424762836
2000,294,naive,psi1,0.06953119947697073,0.12332208182078981
2000,294,corrected,psi0,1.0818619799526934,0.14891302081879526
2000,294,corrected,psi1,0.5951637471511579,0.14612950306185377
2000,295,naive,psi0,-0.3811775587148494,0.13322278047501518
2000,295,naive,psi1,-0.039425378199476564,0.13995498051645294
2000,295,corrected,psi0,0.8626774763472723,0.15600761123580636
2000,295,corrected,psi1,0.499312405224685,0.1645604839356776
2000,296,naive,psi0,-0.25721859601373726,0.12346295920797812
2000,296,naive,psi1,-0.009592473008028872,0.13074165231411486
2000,296,corrected,psi0,1.0310578425494454,0.14516998286237726
2000,296,corrected,psi1,0.4738215378689428,0.15092034779488636
2000,297,naive,psi0,-0.14543057826026948,0.12885616310971543
2000,297,naive,psi1,0.10912878039062578,0.12615701767552573
2000,297,corrected,psi0,1.1041125354916244,0.1515420298460031
2000,297,corrected,psi1,0.5847429131457098,0.1510258181091438
2000,298,naive,psi0,-0.3228439619308636,0.1315542154844611
2000,298,naive,psi1,-0.08602256496512671,0.1342432858230752
2000,298,corrected,psi0,0.8867407464381528,0.15519527809659298
2000,298,corrected,psi1,0.47672042415509047,0.16158974162578393
2000,299,naive,psi0,-0.11462177684644241,0.12918493504519235
2000,299,naive,psi1,-0.308748883849321,0.131593145158332
2000,299,corrected,psi0,1.1354159491483442,0.1514866267137686
2000,299,corrected,psi1,0.16705038139618525,0.15288041563051213
2000,300,naive,psi0,-0.10661832133576819,0.12535887673469218
2000,300,naive,psi1,0.17454145118460734,0.12545544585657215
2000,300,corrected,psi0,1.1722670773402315,0.14511834278686653
2000,300,corrected,psi1,0.6724085539239321,0.1406259363740935
2000,301,naive,psi0,-0.3656169115422957,0.12741351617053806
2000,301,naive,psi1,0.21327263329451157,0.1358713674304342
2000,301,corrected,psi0,0.9140993987158046,0.1474021545902371
2000,301,corrected,psi1,0.6715829335179075,0.15732601430872242
2000,302,naive,psi0,-0.1852853215672275,0.12458805065696021
2000,302,naive,psi1,-0.00591020260919459,0.11213849233750685
2000,302,corrected,psi0,1.094808740432344,0.14339880829648688
2000,302,corrected,psi1,0.4664971450832133,0.1293713661275888
2000,303,naive,psi0,-0.40241958276610224,0.12966054613295733
2000,303,naive,psi1,0.06378801473442677,0.13213627052368807
2000,303,corrected,psi0,0.8022548641187318,0.150330591726812
2000,303,corrected,psi1,0.5776419511775428,0.15261045689963015
2000,304,naive,psi0,-0.44190592090587694,0.12628938377193077
2000,304,naive,psi1,-0.06027608104932146,0.134321538039111
2000,304,corrected,psi0,0.7268082754391583,0.14657008702840515
2000,304,corrected,psi1,0.40278943875749895,0.1600999350007179
2000,305,naive,psi0,-0.18882502052156647,0.12595027867063752
2000,305,naive,psi1,-0.07228921105003586,0.1323449967471497
2000,305,corrected,psi0,1.1032766742206306,0.1458065252748174
2000,305,corrected,psi1,0.3562893108139784,0.1560984832519153
2000,306,naive,psi0,-0.28567717748582583,0.13262184298953214
2000,306,naive,psi1,0.03390974031736478,0.14443666615183465
2000,306,corrected,psi0,0.9951870744056003,0.15436468482684865
2000,306,corrected,psi1,0.46525772625484846,0.16313516870287767
2000,307,naive,psi0,-0.20549261089227794,0.13504356673355214
2000,307,naive,psi1,0.15362090796179576,0.14615932505623613
2000,307,corrected,psi0,1.0752249764016715,0.1568718654254115
2000,307,corrected,psi1,0.6876291737226586,0.17107974070329562
2000,308,naive,psi0,-0.24479938014941033,0.12434876502358938
2000,308,naive,psi1,-0.14222618748578278,0.1215902661704498
2000,308,corrected,psi0,1.0390851239797771,0.14295136448336482
2000,308,corrected,psi1,0.28450252461256037,0.1394859092022732
2000,309,naive,psi0,-0.1887943572424164,0.12369035023285851
2000,309,naive,psi1,-0.1720211511278617,0.13198374490834175
2000,309,corrected,psi0,1.0982678051513166,0.14435949864955966
2000,309,corrected,psi1,0.3566572789359955,0.15292514152799583
2000,310,naive,psi0,-0.31407386168513657,0.1280346491504409
2000,310,naive,psi1,-0.00014766307401992924,0.13320427169118312
2000,310,corrected,psi0,1.0043624162403746,0.14905171397194536
2000,310,corrected,psi1,0.49971474756336387,0.1562089832413071
2000,311,naive,psi0,-0.2881867884068708,0.12346376128919567
2000,311,naive,psi1,0.04619680923793706,0.13446925768707146
2000,311,corrected,psi0,1.034888575963695,0.14283108259629312
2000,311,corrected,psi1,0.5448882573928179,0.15413327827421508
2000,312,naive,psi0,-0.2170109039286332,0.13163502754290815
2000,312,naive,psi1,0.36651110734214437,0.14885443495937511
2000,312,corrected,psi0,1.0882361715610105,0.15250681485023174
2000,312,corrected,psi1,0.8744286177251078,0.16923903600783313
2000,313,naive,psi0,-0.20886534187947445,0.126957274365402
2000,313,naive,psi1,0.12914383216658118,0.1286393354408552
2000,313,corrected,psi0,1.049664876842872,0.14993621038222926
2000,313,corrected,psi1,0.6774473521842107,0.15067149243992475
2000,314,naive,psi0,-0.4863790065695589,0.12970208721465215
2000,314,naive,psi1,-0.047470055891465884,0.13448346433562997
2000,314,corrected,psi0,0.7256982058671053,0.15107460436309036
2000,314,corrected,psi1,0.403344523887934,0.15677701560998522
2000,315,naive,psi0,-0.21619107921743352,0.12634691935090148
2000,315,naive,psi1,-0.17103425466201408,0.12977520337490508
2000,315,corrected,psi0,1.0627453551024126,0.14766541467938638
2000,315,corrected,psi1,0.3243559605763081,0.1507547861465742
2000,316,naive,psi0,-0.22363046107505102,0.12587780847114036
2000,316,naive,psi1,-0.09808972805966266,0.1285112930423875
2000,316,corrected,psi0,1.0704145560752814,0.14535271715773057
2000,316,corrected,psi1,0.3685068192064288,0.1498989509022696
2000,317,naive,psi0,-0.10394423921700298,0.13004496599992485
2000,317,naive,psi1,-0.3031780085229049,0.13398112385028255
2000,317,corrected,psi0,1.190059010826797,0.15046640992247867
2000,317,corrected,psi1,0.20076999428729517,0.15687268499046084
2000,318,naive,psi0,-0.20426526750724622,0.12594479481287132
2000,318,naive,psi1,0.21692740701362334,0.12797254348180262
2000,318,corrected,psi0,1.1052023084127334,0.14633157413935433
2000,318,corrected,psi1,0.7322113226169771,0.14983395741898883
2000,319,naive,psi0,-0.5976522930548743,0.1309674595868643
2000,319,naive,psi1,-0.007709759742986244,0.14335656426219145
2000,319,corrected,psi0,0.6496892549691275,0.15269748403096428
2000,319,corrected,psi1,0.48404690308887244,0.16742136776654662
2000,320,naive,psi0,-0.1548268230430332,0.12916557150270444
2000,320,naive,psi1,-0.1038977980289195,0.14606002647589802
2000,320,corrected,psi0,1.0908776400846474,0.15160723139920412
2000,320,corrected,psi1,0.4527985328164247,0.17617351251454824
2000,321,naive,psi0,-0.4051028752779882,0.1278949413086467
2000,321,naive,psi1,0.090014198070512,0.1379001834467665
2000,321,corrected,psi0,0.7863022752453559,0.15001489011509347
2000,321,corrected,psi1,0.6347292790488294,0.16248225816428283
2000,322,naive,psi0,-0.19119466576555386,0.13217495979399288
2000,322,naive,psi1,0.039954864188347976,0.14288543665238573
2000,322,corrected,psi0,1.1520151457981087,0.15413936993329394
2000,322,corrected,psi1,0.5636852614095477,0.1659408526997318
2000,323,naive,psi0,-0.5569975011644792,0.12897925880418595
2000,323,naive,psi1,-0.03613688647105309,0.13964831764325303
2000,323,corrected,psi0,0.6418766138259083,0.15105529317024508
2000,323,corrected,psi1,0.5089507598055246,0.16695163385244682
2000,324,naive,psi0,-0.1302966676454908,0.1264304044736459
2000,324,naive,psi1,-0.1376894917781595,0.13912379842182257
2000,324,corrected,psi0,1.174038718259387,0.1481902540254933
2000,324,corrected,psi1,0.4136743217702316,0.16606147088123996
2000,325,naive,psi0,-0.08487745645042143,0.12391122091673192
2000,325,naive,psi1,-0.04932353561688261,0.13075394334956958
2000,325,corrected,psi0,1.2471036808454619,0.1455058322760194
2000,325,corrected,psi1,0.467785342237251,0.15751335121335852
2000,326,naive,psi0,-0.27606282296736656,0.1240048119531726
2000,326,naive,psi1,-0.07770157428488773,0.1445340473090575
2000,326,corrected,psi0,1.0532806501067227,0.14564352970493966
2000,326,corrected,psi1,0.4315141322343195,0.17054832923658556
2000,327,naive,psi0,0.07102940322963903,0.13723072194188832
2000,327,naive,psi1,0.0035358194794278684,0.14919642582180842
2000,327,corrected,psi0,1.399215784699178,0.15862203206293304
2000,327,corrected,psi1,0.4530208602172376,0.1718437195402696
2000,328,naive,psi0,-0.37177319140082055,0.12823096142656928
2000,328,naive,psi1,0.003530964213053003,0.12189798074558189
2000,328,corrected,psi0,0.8841971131622549,0.14832808208326792
2000,328,corrected,psi1,0.5558375824483649,0.14075015379926148
2000,329,naive,psi0,-0.5203472560541387,0.13283449396635144
2000,329,naive,psi1,-0.017581447651378014,0.125998405420728
2000,329,corrected,psi0,0.756750584379217,0.15479541065427413
2000,329,corrected,psi1,0.46569259165828575,0.14794033879963003
2000,330,naive,psi0,-0.23043980204059175,0.12284963465128708
2000,330,naive,psi1,-0.10133128322072658,0.13086540378610173
2000,330,corrected,psi0,1.0456418667327478,0.14512401429229702
2000,330,corrected,psi1,0.3754673132616635,0.15313263903615565
2000,331,naive,psi0,-0.12698108986610965,0.1307310264142803
2000,331,naive,psi1,-0.18260848271868316,0.13851438862129178
2000,331,corrected,psi0,1.159463168037034,0.15154234773463263
2000,331,corrected,psi1,0.2637037588213244,0.16038730914972532
2000,332,naive,psi0,-0.18692774543906146,0.12621958784833787
2000,332,naive,psi1,-0.16919153066362558,0.13312824816069477
2000,332,corrected,psi0,1.0633349902942413,0.1468270893148687
2000,332,corrected,psi1,0.30876576459624466,0.1553289436239122
2000,333,naive,psi0,-0.38078720201450544,0.13261549916056453
2000,333,naive,psi1,0.053056893985335724,0.1462995451984738
2000,333,corrected,psi0,0.9548097697312455,0.15710469284639508
2000,333,corrected,psi1,0.5107303535795497,0.17330591466297232
2000,334,naive,psi0,-0.37919844106938205,0.12807534883918295
2000,334,naive,psi1,-0.183760702259661,0.1333992373877793
2000,334,corrected,psi0,0.8768926049251728,0.15028745612867256
2000,334,corrected,psi1,0.2391636165606399,0.15788041329328414
2000,335,naive,psi0,-0.10336944684248736,0.13254522987180675
2000,335,naive,psi1,0.07475478265909334,0.14375217308643778
2000,335,corrected,psi0,1.165632201967389,0.15208122681409625
2000,335,corrected,psi1,0.543226893177296,0.16393189607909933
2000,336,naive,psi0,-0.44418079862582766,0.12649188997485203
2000,336,naive,psi1,0.14713326171369606,0.12644519731896728
2000,336,corrected,psi0,0.8193431004532795,0.14905192451473182
2000,336,corrected,psi1,0.6461518708400001,0.15113823047747257
2000,337,naive,psi0,-0.3469748558370018,0.12691439517842146
2000,337,naive,psi1,-0.29795870713701755,0.12397442380840844
2000,337,corrected,psi0,0.9558738740956033,0.14814865366427213
2000,337,corrected,psi1,0.20208304806490757,0.1456643363531265
2000,338,naive,psi0,-0.4834486031153232,0.1303377733488628
2000,338,naive,psi1,0.18589095757250124,0.13559170091590136
2000,338,corrected,psi0,0.7960831656736003,0.1514261589435356
2000,338,corrected,psi1,0.6984339438031001,0.15496837276535172
2000,339,naive,psi0,-0.3553732038635398,0.1277249790166396
2000,339,naive,psi1,0.09651479121408396,0.13987367560729103
2000,339,corrected,psi0,0.8982405847781972,0.14794445633619105
2000,339,corrected,psi1,0.620597323236124,0.16225541726138765
2000,340,naive,psi0,-0.036949778119061145,0.1359898215770651
2000,340,naive,psi1,-0.10470456934778932,0.13949479546389154
2000,340,corrected,psi0,1.2659972714406067,0.1588232507495109
2000,340,corrected,psi1,0.3775757447580474,0.1651988084641791
2000,341,naive,psi0,-0.4628493233707846,0.12252573153719885
2000,341,naive,psi1,0.17029023640573882,0.1219332417341388
2000,341,corrected,psi0,0.817017594247481,0.14338736627622922
2000,341,corrected,psi1,0.6860813365788965,0.14470276816434
2000,342,naive,psi0,-0.08657806474736078,0.1281099391196325
2000,342,naive,psi1,-0.22189925076747813,0.15101997707531745
2000,342,corrected,psi0,1.1661543709487414,0.1485631344290348
2000,342,corrected,psi1,0.17642711209630704,0.17300246197425453
2000,343,naive,psi0,-0.015605353497008062,0.12884564709671387
2000,343,naive,psi1,-0.10102073090697153,0.13200530006745437
2000,343,corrected,psi0,1.356256757236536,0.1511687485866481
2000,343,corrected,psi1,0.3824226344703011,0.15663481247916802
2000,344,naive,psi0,-0.44335459795372967,0.13064921691121273
2000,344,naive,psi1,-0.11162432316535363,0.1373803381347173
2000,344,corrected,psi0,0.8885913874781537,0.15070827884641488
2000,344,corrected,psi1,0.3119941109780481,0.1567617125845846
2000,345,naive,psi0,-0.02341827438767234,0.12504275100739917
2000,345,naive,psi1,-0.23909265428320445,0.12641601441734876
2000,345,corrected,psi0,1.258185797004897,0.14586993847814342
2000,345,corrected,psi1,0.2716517308678373,0.1476033583559732
2000,346,naive,psi0,-0.1462151246940291,0.13308269844465373
2000,346,naive,psi1,-0.05632930963194256,0.1401659172442066
2000,346,corrected,psi0,1.1183571100823753,0.15614051093013234
2000,346,corrected,psi1,0.403412488834913,0.16370943488034553
2000,347,naive,psi0,-0.2612473927637584,0.1254130145201641
2000,347,naive,psi1,-0.09144384843084435,0.14319024055588336
2000,347,corrected,psi0,1.0255818759848798,0.14682106752093338
2000,347,corrected,psi1,0.38245608447778306,0.17081668035457173
2000,348,naive,psi0,-0.21411096886560566,0.1301518705248141
2000,348,naive,psi1,-0.09339863523100278,0.1480057371451552
2000,348,corrected,psi0,1.0531339735513479,0.15249988952594307
2000,348,corrected,psi1,0.3630052034735757,0.176417684678454
2000,349,naive,psi0,-0.28865141436424063,0.12492944457820235
2000,349,naive,psi1,0.1553270407067614,0.129841100533668
2000,349,corrected,psi0,0.954832242703371,0.1458567895866301
2000,349,corrected,psi1,0.7114042592047946,0.152461218856148
2000,350,naive,psi0,-0.1269426775919494,0.13379061394283356
2000,350,naive,psi1,-0.004962279658352507,0.14548122630479465
2000,350,corrected,psi0,1.165859634135599,0.1554753084944103
2000,350,corrected,psi1,0.4731825895007714,0.1699694484119688
2000,351,naive,psi0,-0.21772776208677813,0.13105299104427517
2000,351,naive,psi1,-0.02792270240914787,0.13190894612116327
2000,351,corrected,psi0,1.0355791565204244,0.15402433968153303
2000,351,corrected,psi1,0.4509898148653137,0.15577216725792203
2000,352,naive,psi0,-0.46849074923834855,0.13011477180449765
2000,352,naive,psi1,-0.06987768123627838,0.13318634094683424
2000,352,corrected,psi0,0.7701356964480686,0.15062997053793808
2000,352,corrected,psi1,0.38445255357770913,0.15455374471710465
2000,353,naive,psi0,-0.3637251789251794,0.1351372172300876
2000,353,naive,psi1,-0.03565267872885418,0.14267492549753052
2000,353,corrected,psi0,0.8297066118819625,0.1560312285495385
2000,353,corrected,psi1,0.5102183832379297,0.16520452792392262
2000,354,naive,psi0,-0.12270319384801251,0.1226860859624918
2000,354,naive,psi1,0.03237731920048826,0.13327028239432687
2000,354,corrected,psi0,1.1972379606095664,0.1433553521449808
2000,354,corrected,psi1,0.5317362623685282,0.15720511156796466
2000,355,naive,psi0,0.2004136535368334,0.12696022245262142
2000,355,naive,psi1,0.06043356447553599,0.12238921641115894
2000,355,corrected,psi0,1.548351968180191,0.1478975086556982
2000,355,corrected,psi1,0.5067710544440427,0.14092957759751004
2000,356,naive,psi0,-0.31109236127629153,0.12522876880211983
2000,356,naive,psi1,0.05418591716298353,0.14213807619581073
2000,356,corrected,psi0,0.9479286666588517,0.14440063859464627
2000,356,corrected,psi1,0.5483839516659513,0.16453492113308815
2000,357,naive,psi0,-0.217909810923236,0.13151603665130018
2000,357,naive,psi1,-0.3251696936540024,0.14714388432433742
2000,357,corrected,psi0,1.0760563407168615,0.15325387337109667
2000,357,corrected,psi1,0.1667249145157648,0.172534898448153
2000,358,naive,psi0,-0.14392976498626875,0.13211290876336035
2000,358,naive,psi1,0.2013701618814472,0.14298578263365114
2000,358,corrected,psi0,1.129806578368688,0.15327756880370186
2000,358,corrected,psi1,0.7523105923532766,0.16697710493473436
2000,359,naive,psi0,-0.19246772335884532,0.1268086613599442
2000,359,naive,psi1,-0.010695561053639287,0.12063540389051328
2000,359,corrected,psi0,1.0895837568010232,0.14899799999637464
2000,359,corrected,psi1,0.5010053772170716,0.14060603929468046
2000,360,naive,psi0,-0.20199053608221904,0.13126326727937057
2000,360,naive,psi1,0.04771389679729115,0.12964757745760985
2000,360,corrected,psi0,1.0890373136105131,0.1534897649316083
2000,360,corrected,psi1,0.5422762947378377,0.1502714610815779
2000,361,naive,psi0,-0.25285768490942084,0.1253798398115064
2000,361,naive,psi1,-0.0717854223045562,0.12491250468677993
2000,361,corrected,psi0,1.026660724453369,0.14551272217181774
2000,361,corrected,psi1,0.4635707150309668,0.14652759215022212
2000,362,naive,psi0,-0.24118617539323803,0.12840841714604992
2000,362,naive,psi1,0.3267337137430219,0.12584390129743356
2000,362,corrected,psi0,1.0683395159638178,0.14893003434751914
2000,362,corrected,psi1,0.8973701146220978,0.14620540122582484
2000,363,naive,psi0,-0.3089928330060374,0.13099392801799678
2000,363,naive,psi1,-0.11568718480037114,0.13473093266866346
2000,363,corrected,psi0,0.942455121201306,0.15319620418227678
2000,363,corrected,psi1,0.35106449305242815,0.1577653636416938
2000,364,naive,psi0,-0.3055246478904229,0.12779576179990848
2000,364,naive,psi1,-0.10618784000797926,0.13956935365044998
2000,364,corrected,psi0,1.0280831704626285,0.14794719151061655
2000,364,corrected,psi1,0.46638814207328405,0.16343862433215278
2000,365,naive,psi0,-0.18342342972931996,0.1257179333682273
2000,365,naive,psi1,0.08752863000763186,0.1313461868447915
2000,365,corrected,psi0,1.0954078225742778,0.1464726930385959
2000,365,corrected,psi1,0.5812377263821218,0.15543113906792233
2000,366,naive,psi0,-0.22877287527886495,0.13317926643059982
2000,366,naive,psi1,0.13940600293498612,0.1335016705848904
2000,366,corrected,psi0,1.0627708776197424,0.15624204373981132
2000,366,corrected,psi1,0.6792718108555127,0.15693582812795154
2000,367,naive,psi0,-0.13597857879733316,0.12969086906198915
2000,367,naive,psi1,0.17226522616172668,0.14128529550641347
2000,367,corrected,psi0,1.1947016258597265,0.15044334000474363
2000,367,corrected,psi1,0.6989305428718848,0.16609515917932569
2000,368,naive,psi0,-0.37954523074143337,0.12716787026320323
2000,368,naive,psi1,-0.040496641917851454,0.13747536619839965
2000,368,corrected,psi0,0.8492059816572319,0.14799839700744918
2000,368,corrected,psi1,0.4470459179470227,0.16014231535794649
2000,369,naive,psi0,-0.2721135330577442,0.12771459370788682
2000,369,naive,psi1,0.01835099888246673,0.13889707641098878
2000,369,corrected,psi0,1.0327503706560612,0.14884313521637252
2000,369,corrected,psi1,0.5013113275806007,0.15979483389417726
2000,370,naive,psi0,-0.2754042180066848,0.12695088756355188
2000,370,naive,psi1,0.05930040791552763,0.1292986580573005
2000,370,corrected,psi0,0.9964624108959744,0.14937733113073373
2000,370,corrected,psi1,0.5170137915516111,0.1524232679959727
2000,371,naive,psi0,-0.32092304900963897,0.12587361539768052
2000,371,naive,psi1,0.15110436133296842,0.12205760624337084
2000,371,corrected,psi0,0.8965173445381578,0.1471193105025313
2000,371,corrected,psi1,0.6423470367322135,0.14531279674577144
2000,372,naive,psi0,-0.3600260304017117,0.1325899102605134
2000,372,naive,psi1,0.10006470977035808,0.1390098254523017
2000,372,corrected,psi0,0.9425081256153233,0.15549676523840134
2000,372,corrected,psi1,0.6311945120804231,0.1626148711608348
2000,373,naive,psi0,-0.42488538714802143,0.12676882800907988
2000,373,naive,psi1,-0.007256722201133906,0.1283140921533769
2000,373,corrected,psi0,0.7845405832842315,0.1478246913474085
2000,373,corrected,psi1,0.49516658765011395,0.15276491125004754
2000,374,naive,psi0,-0.25639096410773216,0.13277865941724828
2000,374,naive,psi1,0.044589442894723434,0.13108098722820588
2000,374,corrected,psi0,0.99514311598188,0.15467781176186676
2000,374,corrected,psi1,0.6014816255703506,0.15111208076770552
2000,375,naive,psi0,-0.4408104516168259,0.1314980973828138
2000,375,naive,psi1,0.0675949231784073,0.1326821209384044
2000,375,corrected,psi0,0.817551847665132,0.15269335970410428
2000,375,corrected,psi1,0.5027902731660746,0.15489621748437243
2000,376,naive,psi0,-0.44439954765763856,0.12453271505840616
2000,376,naive,psi1,0.05271906664671337,0.12975790490515357
2000,376,corrected,psi0,0.7650091649354153,0.14590945142060982
2000,376,corrected,psi1,0.5894752516507119,0.15298917646797885
2000,377,naive,psi0,-0.0009239288113634635,0.13260717472773867
2000,377,naive,psi1,0.04873654974217973,0.13013050356488337
2000,377,corrected,psi0,1.2752680453184222,0.15297428277209166
2000,377,corrected,psi1,0.5258269162733402,0.149806414124422
2000,378,naive,psi0,-0.06381146110148234,0.13180119383368752
2000,378,naive,psi1,0.09758790353355493,0.13822595752605443
2000,378,corrected,psi0,1.2214279204922844,0.15173177092549536
2000,378,corrected,psi1,0.5801774102832433,0.15963846975587337
2000,379,naive,psi0,-0.29067219243338366,0.12497371005889672
2000,379,naive,psi1,-0.05984854441633058,0.12863124249509977
2000,379,corrected,psi0,0.9557051674049583,0.14428912249933137
2000,379,corrected,psi1,0.4187993329092997,0.1484145832099062
2000,380,naive,psi0,-0.027467024902354552,0.12309202812392335
2000,380,naive,psi1,0.029478797809683262,0.14036695502815782
2000,380,corrected,psi0,1.2871132580557618,0.14283997646472218
2000,380,corrected,psi1,0.5232648052046266,0.160469189895869
2000,381,naive,psi0,-0.07485740686311491,0.12824185342965125
2000,381,naive,psi1,-0.11931236996574919,0.13044923762150257
2000,381,corrected,psi0,1.2490375815987453,0.1492047147953584
2000,381,corrected,psi1,0.3651092382957954,0.15053979848922164
2000,382,naive,psi0,-0.33400240818213056,0.12311873868907469
2000,382,naive,psi1,-0.003222904255605096,0.1336802209017308
2000,382,corrected,psi0,0.9424649773835626,0.14410190525847985
2000,382,corrected,psi1,0.5178216677251575,0.15942335684241762
2000,383,naive,psi0,-0.5493535652106319,0.12701352012862924
2000,383,naive,psi1,0.3131997550951462,0.13526683276266843
2000,383,corrected,psi0,0.6563867642203259,0.14762929238518366
2000,383,corrected,psi1,0.8555270987726472,0.15738223321645242
2000,384,naive,psi0,-0.27250891992721404,0.1217194330408116
2000,384,naive,psi1,0.22593021937106128,0.12619191631717586
2000,384,corrected,psi0,1.0110514596747397,0.14182776983548076
2000,384,corrected,psi1,0.758953285246559,0.14807518877983833
2000,385,naive,psi0,-0.09977950123643288,0.13266114551992722
2000,385,naive,psi1,0.01818740223140216,0.13373211057479845
2000,385,corrected,psi0,1.2089311069131377,0.15357026145569014
2000,385,corrected,psi1,0.543091104175628,0.1548274844380237
2000,386,naive,psi0,-0.4025398926851943,0.1288098843764853
2000,386,naive,psi1,-0.021241303318456885,0.128901459918139
2000,386,corrected,psi0,0.8530482551411758,0.15132219758018378
2000,386,corrected,psi1,0.5343583403871377,0.1507524307681826
2000,387,naive,psi0,-0.274516325309458,0.13013233538793392
2000,387,naive,psi1,0.06868452952013485,0.13739134738275893
2000,387,corrected,psi0,0.9405096758006358,0.15032058280071978
2000,387,corrected,psi1,0.5539113938154279,0.16003775819003363
2000,388,naive,psi0,-0.40048481320627494,0.13299142821138044
2000,388,naive,psi1,-0.10041794251903939,0.14454859353420432
2000,388,corrected,psi0,0.8375156967044933,0.15426145310977582
2000,388,corrected,psi1,0.4223847959878927,0.1638341326207623
2000,389,naive,psi0,-0.11829460765861724,0.12497698632231105
2000,389,naive,psi1,0.0935909693618491,0.1373876039188999
2000,389,corrected,psi0,1.2315587430890964,0.14594539110173557
2000,389,corrected,psi1,0.5873175535869746,0.16113015180462323
2000,390,naive,psi0,-0.362375318259159,0.12542854973703876
2000,390,naive,psi1,0.14621891509351959,0.1347548273464917
2000,390,corrected,psi0,0.8949917535906217,0.14494168897750243
2000,390,corrected,psi1,0.6485901695416317,0.1532687113885507
2000,391,naive,psi0,-0.420605068166081,0.12645961840961398
2000,391,naive,psi1,-0.0007935239272215512,0.13195965579379224
2000,391,corrected,psi0,0.8303094126022994,0.14597412487067832
2000,391,corrected,psi1,0.521742400927213,0.15511625868119408
2000,392,naive,psi0,-0.0518254367287484,0.12794461720765313
2000,392,naive,psi1,0.09170545008389779,0.14727440741922812
2000,392,corrected,psi0,1.2106705637182849,0.15104145709004696
2000,392,corrected,psi1,0.5930706479353787,0.1745615754954635
2000,393,naive,psi0,-0.19027187845193475,0.1283258229053014
2000,393,naive,psi1,-0.26769588063762373,0.12684798618518375
2000,393,corrected,psi0,1.1063356008320748,0.14940277819632905
2000,393,corrected,psi1,0.1404850037548385,0.14715876347813783
2000,394,naive,psi0,-0.4055410869557136,0.12929968610054585
2000,394,naive,psi1,-0.12527937240895495,0.15620716920885314
2000,394,corrected,psi0,0.8638004246966361,0.15052519516129365
2000,394,corrected,psi1,0.3721367188194461,0.1815552653717265
2000,395,naive,psi0,-0.4184735362787055,0.12524961837473908
2000,395,naive,psi1,0.02096840052951968,0.13487641154567867
2000,395,corrected,psi0,0.8367133075683107,0.14810566791303273
2000,395,corrected,psi1,0.5504002166873535,0.16656706138467647
2000,396,naive,psi0,-0.3377622471999232,0.12930782748117212
2000,396,naive,psi1,0.019009130429553992,0.13042140367402258
2000,396,corrected,psi0,0.9577640568552298,0.1516687116945379
2000,396,corrected,psi1,0.5345595852971379,0.15252767845106796
2000,397,naive,psi0,-0.38144379882110097,0.12478154626321115
2000,397,naive,psi1,0.1745427882984343,0.1340660294217578
2000,397,corrected,psi0,0.857076432876398,0.14400765809283503
2000,397,corrected,psi1,0.7006582766194784,0.1540530387246153
2000,398,naive,psi0,-0.23013167857265612,0.12381452690883082
2000,398,naive,psi1,0.011182031977249728,0.12774556283480987
2000,398,corrected,psi0,1.0703511847021734,0.1449256536619492
2000,398,corrected,psi1,0.4919519524547199,0.15177369587288725
2000,399,naive,psi0,-0.2586945123209127,0.12545056338806257
2000,399,naive,psi1,-0.19149902316228057,0.14133549728413752
2000,399,corrected,psi0,0.9903427803335539,0.14700105740475797
2000,399,corrected,psi1,0.28116235976050613,0.1634798543244423
2000,400,naive,psi0,-0.07993332650281688,0.1285940596733659
2000,400,naive,psi1,0.03463968279365958,0.13120587403912726
2000,400,corrected,psi0,1.203363981081657,0.14985567291356539
2000,400,corrected,psi1,0.5715388014566412,0.1538744768863106
2000,401,naive,psi0,-0.12421592218850662,0.13073751804715075
2000,401,naive,psi1,-0.17141532082822084,0.14227449295953803
2000,401,corrected,psi0,1.1432999943074578,0.15136645154366013
2000,401,corrected,psi1,0.19532226777328687,0.16528690609554952
2000,402,naive,psi0,-0.22969636494491372,0.13354627408321523
2000,402,naive,psi1,0.1169082577046002,0.14228709420278016
2000,402,corrected,psi0,1.017956148249167,0.15446148591455724
2000,402,corrected,psi1,0.6540959303237457,0.1618824134565916
2000,403,naive,psi0,-0.18430251966418235,0.1263439614371362
2000,403,naive,psi1,-0.20980294365834473,0.13226715965228625
2000,403,corrected,psi0,1.1220943384461315,0.1477398294252559
2000,403,corrected,psi1,0.26193954487800486,0.15517886212675921
2000,404,naive,psi0,-0.23553471809093962,0.13097456486353606
2000,404,naive,psi1,0.009441379434834037,0.12938839295039065
2000,404,corrected,psi0,0.9969223945899699,0.1516733455152855
2000,404,corrected,psi1,0.5433354389898958,0.15012005118306224
2000,405,naive,psi0,-0.2640808588448779,0.12987029133292816
2000,405,naive,psi1,0.0224891301645204,0.13140799320204824
2000,405,corrected,psi0,0.9988619252935097,0.1517245275709148
2000,405,corrected,psi1,0.5051423136388027,0.1550841490719398
2000,406,naive,psi0,-0.3682818940929822,0.12581141944268837
2000,406,naive,psi1,-0.015237330656264474,0.12170864648085356
2000,406,corrected,psi0,0.8824425198291872,0.14646881485444935
2000,406,corrected,psi1,0.4919942081276735,0.14242573857318697
2000,407,naive,psi0,-0.010578871219304153,0.1331548875305566
2000,407,naive,psi1,0.1310299947260359,0.14278536247386994
2000,407,corrected,psi0,1.304781443019396,0.15675626840850762
2000,407,corrected,psi1,0.6454947072967256,0.16675311587506642
2000,408,naive,psi0,-0.3187714624446243,0.126367518056909
2000,408,naive,psi1,-0.033097801804582355,0.13133050641145036
2000,408,corrected,psi0,0.9703331934039642,0.1465183445526395
2000,408,corrected,psi1,0.4109187792827025,0.15127936653205393
2000,409,naive,psi0,-0.3643999291314684,0.12476942501082201
2000,409,naive,psi1,0.07912855270306357,0.13889685279891875
2000,409,corrected,psi0,0.9395640611352456,0.145730465432356
2000,409,corrected,psi1,0.5323662769178018,0.16390505831304605
2000,410,naive,psi0,-0.26105747220438535,0.12720652269197819
2000,410,naive,psi1,0.07468556364654462,0.13957131316494065
2000,410,corrected,psi0,0.9957311952364085,0.14866950423162517
2000,410,corrected,psi1,0.5722005294670361,0.16404567538851286
2000,411,naive,psi0,-0.37864312040809023,0.12782838275147068
2000,411,naive,psi1,0.029780823249655777,0.14236471029342074
2000,411,corrected,psi0,0.9156655269058158,0.1473842949736477
2000,411,corrected,psi1,0.5005000270736124,0.16275102482985682
2000,412,naive,psi0,-0.22517203721957507,0.13261000751485597
2000,412,naive,psi1,0.0439365802141512,0.1454839622697277
2000,412,corrected,psi0,1.0531770624221497,0.15312506910938856
2000,412,corrected,psi1,0.6456274028909914,0.16881054819634503
2000,413,naive,psi0,-0.1680386543689034,0.12265272091921336
2000,413,naive,psi1,0.00415182537139697,0.125875112621047
2000,413,corrected,psi0,1.1599114241876396,0.14319306215769242
2000,413,corrected,psi1,0.5173532366942063,0.14644328988597863
2000,414,naive,psi0,-0.04846870580789107,0.1271987125948631
2000,414,naive,psi1,-0.20889893969106785,0.1316652628921002
2000,414,corrected,psi0,1.2544635576616059,0.14823072981262167
2000,414,corrected,psi1,0.31050209573237586,0.15358837686304935
2000,415,naive,psi0,-0.15149298006883,0.12447045845790179
2000,415,naive,psi1,0.206310434977363,0.12806479028190004
2000,415,corrected,psi0,1.1272296508082005,0.14465731344681426
2000,415,corrected,psi1,0.7093496094978805,0.14723611337795178
2000,416,naive,psi0,-0.38291068216379476,0.12401288030061776
2000,416,naive,psi1,-0.11132041796966778,0.13105009474667997
2000,416,corrected,psi0,0.8881824306046554,0.14486056430533875
2000,416,corrected,psi1,0.3305296862231286,0.15105710177698015
2000,417,naive,psi0,-0.599187874101133,0.13754859923920357
2000,417,naive,psi1,-0.20790329103498403,0.14766225175881356
2000,417,corrected,psi0,0.6497486141414229,0.16007401111255634
2000,417,corrected,psi1,0.33050690569385405,0.17263519283767584
2000,418,naive,psi0,-0.3691508124594655,0.13079746695978617
2000,418,naive,psi1,0.05129216205510681,0.1350818821265027
2000,418,corrected,psi0,0.9617149194387975,0.15252366788713426
2000,418,corrected,psi1,0.4808826528501055,0.1552344918296112
2000,419,naive,psi0,-0.34494059616364664,0.12415726569989989
2000,419,naive,psi1,-0.14689612499786986,0.1334456878331419
2000,419,corrected,psi0,0.9390015864481351,0.14533594669744068
2000,419,corrected,psi1,0.31111363248268903,0.15788037339628674
2000,420,naive,psi0,-0.41640889929351016,0.13106667365755176
2000,420,naive,psi1,-0.18394047430947105,0.13497356766830773
2000,420,corrected,psi0,0.8479018454451318,0.15341415676541742
2000,420,corrected,psi1,0.27552845203451815,0.15761296738660474
2000,421,naive,psi0,-0.5851980883826452,0.12727371178327088
2000,421,naive,psi1,0.12322694104436134,0.1307851795960387
2000,421,corrected,psi0,0.5980787604640155,0.14657611322721975
2000,421,corrected,psi1,0.6197464319359046,0.1497829933840009
2000,422,naive,psi0,-0.1871852592986278,0.1230414550363603
2000,422,naive,psi1,-0.03943466604942084,0.1366910891525555
2000,422,corrected,psi0,1.0873761980843093,0.14373688646197888
2000,422,corrected,psi1,0.3791561745332997,0.15661397218882198
2000,423,naive,psi0,-0.18151324967372917,0.12581546352144357
2000,423,naive,psi1,0.04834117449945823,0.1245269914126182
2000,423,corrected,psi0,1.1319246437203294,0.1459745248676338
2000,423,corrected,psi1,0.5585657963255451,0.14553324503120355
2000,424,naive,psi0,-0.30484164585030754,0.13214649532670622
2000,424,naive,psi1,-0.029915670421114045,0.13372962600580265
2000,424,corrected,psi0,0.967849933591461,0.154502268245737
2000,424,corrected,psi1,0.5542369993441304,0.15873193733149504
2000,425,naive,psi0,-0.11779600029150618,0.12701591264588868
2000,425,naive,psi1,0.009323585283943746,0.13139555191820332
2000,425,corrected,psi0,1.2029842990179018,0.14910418780218537
2000,425,corrected,psi1,0.5234533412469403,0.15494940850317274
2000,426,naive,psi0,-0.18308638743268787,0.12349220066061332
2000,426,naive,psi1,0.13447179995382544,0.14177679537296678
2000,426,corrected,psi0,1.0733653995831054,0.1433083129889636
2000,426,corrected,psi1,0.6077233885521387,0.1641381615814578
2000,427,naive,psi0,-0.10919540145431117,0.1298115196005563
2000,427,naive,psi1,-0.06851426655712768,0.14432104807370782
2000,427,corrected,psi0,1.210356775464309,0.15208092481211016
2000,427,corrected,psi1,0.4263731168612163,0.16992440537855158
2000,428,naive,psi0,-0.2710282126368218,0.12763439874074736
2000,428,naive,psi1,0.031857546138532616,0.12799354649633451
2000,428,corrected,psi0,1.0352381193029734,0.14808714206110568
2000,428,corrected,psi1,0.4818765957421211,0.14902102010841556
2000,429,naive,psi0,-0.26612779561623734,0.12654167839346322
2000,429,naive,psi1,0.0732561855157204,0.1348758107461936
2000,429,corrected,psi0,0.9974188604889503,0.1483820908163323
2000,429,corrected,psi1,0.524541092022074,0.16075833881649151
2000,430,naive,psi0,-0.3353632464394809,0.12409758080248517
2000,430,naive,psi1,-0.20873730252090905,0.1346191909980197
2000,430,corrected,psi0,0.9291632392252898,0.14550181474319246
2000,430,corrected,psi1,0.2940309175737735,0.15880945501828356
2000,431,naive,psi0,-0.449290310832193,0.13346272633990652
2000,431,naive,psi1,0.03122842688401753,0.1342332264151797
2000,431,corrected,psi0,0.8073535056664956,0.15405233814979993
2000,431,corrected,psi1,0.4827525301989778,0.15285014673618538
2000,432,naive,psi0,-0.3990064697245209,0.12977019338510187
2000,432,naive,psi1,-0.030202786432454793,0.14248511068927155
2000,432,corrected,psi0,0.8902123360800509,0.15249979657007406
2000,432,corrected,psi1,0.4734250574072162,0.16645259255153028
2000,433,naive,psi0,-0.3948113736873493,0.12439945143456856
2000,433,naive,psi1,-0.17998629066149557,0.13514223522873559
2000,433,corrected,psi0,0.8149991615276734,0.14436823266424645
2000,433,corrected,psi1,0.30193461840547403,0.15728235505143331
2000,434,naive,psi0,-0.38900713629246325,0.12851647800816818
2000,434,naive,psi1,0.012273975842443639,0.1434209693230072
2000,434,corrected,psi0,0.8900151135398736,0.14975904200057724
2000,434,corrected,psi1,0.5178863717383271,0.16515982572472374
2000,435,naive,psi0,-0.15937029674041261,0.12389045993462318
2000,435,naive,psi1,0.14927585018980263,0.11880021902356656
2000,435,corrected,psi0,1.1065959810363706,0.14459350829673914
2000,435,corrected,psi1,0.6892345288503892,0.1382399064097373
2000,436,naive,psi0,-0.4983100657257407,0.1248303263274403
2000,436,naive,psi1,-0.032941923879014956,0.13211926738059496
2000,436,corrected,psi0,0.7331357442833824,0.145223489699769
2000,436,corrected,psi1,0.46992717543868984,0.15230355827514008
2000,437,naive,psi0,-0.332346240906211,0.12230155145690239
2000,437,naive,psi1,0.16132027771626695,0.13298120616646322
2000,437,corrected,psi0,0.9656037181132994,0.14230392041472437
2000,437,corrected,psi1,0.6917610363040635,0.15258488778460552
2000,438,naive,psi0,-0.37229699798259036,0.12693963885717188
2000,438,naive,psi1,-0.06551338063372558,0.12896449539791105
2000,438,corrected,psi0,0.9079949135330285,0.14827184812420416
2000,438,corrected,psi1,0.4470403721004911,0.14954169276531012
2000,439,naive,psi0,-0.2905614771226751,0.13193951785965105
2000,439,naive,psi1,-0.05102740803527596,0.1336947036393439
2000,439,corrected,psi0,0.9662086194801514,0.1541631963483256
2000,439,corrected,psi1,0.4960620344211193,0.15727299603138734
2000,440,naive,psi0,-0.4530111354640868,0.1322715230837717
2000,440,naive,psi1,-0.15264923676767342,0.14335174480864538
2000,440,corrected,psi0,0.7861535761826557,0.15243084446232333
2000,440,corrected,psi1,0.3129072419625552,0.1658194146537683
2000,441,naive,psi0,-0.1395730474335016,0.13561666989407536
2000,441,naive,psi1,-0.010216502195807,0.14750951013545194
2000,441,corrected,psi0,1.1357710996120547,0.1561525749698091
2000,441,corrected,psi1,0.48970443916712053,0.16950325348699966
2000,442,naive,psi0,-0.43523143738856185,0.12663780324149398
2000,442,naive,psi1,-0.03587988890239269,0.1325095563012432
2000,442,corrected,psi0,0.8216471992202551,0.14719750728680042
2000,442,corrected,psi1,0.4143142247664207,0.15460224036629186
2000,443,naive,psi0,-0.3323135035906161,0.1277318817616882
2000,443,naive,psi1,-0.07493629660619942,0.12513467498878392
2000,443,corrected,psi0,0.939344001281214,0.1492494055757426
2000,443,corrected,psi1,0.3909764671084124,0.14655809974629094
2000,444,naive,psi0,-0.25344285960086216,0.1250418115393535
2000,444,naive,psi1,-0.047633545045415476,0.12363434853615189
2000,444,corrected,psi0,1.0297678466055518,0.14530565669263254
2000,444,corrected,psi1,0.4692600084839001,0.14336323432010661
2000,445,naive,psi0,-0.2816202676668492,0.13021285161572313
2000,445,naive,psi1,-0.21317744117790582,0.13826224902897055
2000,445,corrected,psi0,1.0058170940622029,0.15129190920618857
2000,445,corrected,psi1,0.21652176947724197,0.1621099456004914
2000,446,naive,psi0,-0.45696361675215885,0.12679451621592236
2000,446,naive,psi1,0.15799124482374907,0.1434302487087394
2000,446,corrected,psi0,0.7971252166745061,0.14675279492522
2000,446,corrected,psi1,0.6736299000005951,0.16598620485417473
2000,447,naive,psi0,-0.193342058861157,0.12824013401493303
2000,447,naive,psi1,0.0008709843978190265,0.14416732459824277
2000,447,corrected,psi0,1.0459572902327128,0.14888579673490956
2000,447,corrected,psi1,0.5300939946013216,0.16696540696141804
2000,448,naive,psi0,-0.3690576629294297,0.13256089612561014
2000,448,naive,psi1,-0.3074365070904637,0.12662420951540473
2000,448,corrected,psi0,0.8941944636526955,0.15282062588863543
2000,448,corrected,psi1,0.18820300434518536,0.14554785780304114
2000,449,naive,psi0,-0.17379847753701344,0.12149423387288977
2000,449,naive,psi1,-0.1903164703276221,0.12524036473976607
2000,449,corrected,psi0,1.0397393477734582,0.14131343220976914
2000,449,corrected,psi1,0.24481778402128376,0.14527218941149808
2000,450,naive,psi0,-0.23905050133337621,0.1266312913862984
2000,450,naive,psi1,0.14136905483368298,0.1371206973678518
2000,450,corrected,psi0,1.0242088015003528,0.1463414164974958
2000,450,corrected,psi1,0.6155710558757855,0.16139522243962237
2000,451,naive,psi0,-0.46509125481150304,0.1265151467679025
2000,451,naive,psi1,0.09802056304500316,0.1303293720241376
2000,451,corrected,psi0,0.7721085868875842,0.1477114391018811
2000,451,corrected,psi1,0.5509566675712981,0.15185995636481286
2000,452,naive,psi0,-0.23997234303687637,0.12998148257806644
2000,452,naive,psi1,-0.19231949050862038,0.13971213677872013
2000,452,corrected,psi0,1.0257492647703306,0.15109503548983505
2000,452,corrected,psi1,0.29205305399482756,0.1627283363649318
2000,453,naive,psi0,0.052744092456619734,0.12957312290740677
2000,453,naive,psi1,-0.35162011700055773,0.13484772568627368
2000,453,corrected,psi0,1.4077977015858316,0.1502569431040185
2000,453,corrected,psi1,0.08710422158210879,0.15935203379664326
2000,454,naive,psi0,-0.37322889415540955,0.1323160260943437
2000,454,naive,psi1,-0.10124822612105733,0.13644377641088842
2000,454,corrected,psi0,0.8989720193507619,0.15375704452982572
2000,454,corrected,psi1,0.42668809878418934,0.15874371184478614
2000,455,naive,psi0,-0.41802693012141273,0.1336000905632135
2000,455,naive,psi1,0.03941166212872619,0.14069574799961893
2000,455,corrected,psi0,0.7998405707168014,0.15446698208189916
2000,455,corrected,psi1,0.6156230445447459,0.1603957703495055
2000,456,naive,psi0,-0.30850196471392904,0.12997842495226522
2000,456,naive,psi1,0.10988669291952512,0.13623140000785675
2000,456,corrected,psi0,0.9610223522255419,0.15200928882254194
2000,456,corrected,psi1,0.6006777031041671,0.15866307182557204
2000,457,naive,psi0,-0.030971472172408678,0.12956224775380767
2000,457,naive,psi1,-0.09223272846725744,0.13335699155355635
2000,457,corrected,psi0,1.2439255632251236,0.1526275528338151
2000,457,corrected,psi1,0.3848683733818258,0.15703956313637613
2000,458,naive,psi0,-0.24644214494915778,0.13491134887747147
2000,458,naive,psi1,0.20456737643528294,0.16004081997048075
2000,458,corrected,psi0,1.0458386252946912,0.155245771988057
2000,458,corrected,psi1,0.7913640202761253,0.18231417526882226
2000,459,naive,psi0,-0.11787001954761418,0.12336848392477003
2000,459,naive,psi1,-0.06464916159083028,0.1363472267891221
2000,459,corrected,psi0,1.2207828034119785,0.14253433737318716
2000,459,corrected,psi1,0.3560765567997626,0.15856871427958547
2000,460,naive,psi0,-0.002316043622697108,0.12886658607001372
2000,460,naive,psi1,-0.23225052787021858,0.12844895731855593
2000,460,corrected,psi0,1.3083058264294185,0.14935744833623027
2000,460,corrected,psi1,0.24405427048495154,0.1481706005089521
2000,461,naive,psi0,-0.3196458482554578,0.1320324223911889
2000,461,naive,psi1,0.08540526182484554,0.1357598910952484
2000,461,corrected,psi0,0.9854770237431641,0.15248119882187933
2000,461,corrected,psi1,0.6035703522304693,0.1584721462138327
2000,462,naive,psi0,-0.18314989031932832,0.12604720835104494
2000,462,naive,psi1,0.01742761097469337,0.12804302949805804
2000,462,corrected,psi0,1.0424615803655344,0.14635924294888908
2000,462,corrected,psi1,0.5550058881871909,0.14915410811633242
2000,463,naive,psi0,-0.16074041158463728,0.12327953436843819
2000,463,naive,psi1,0.06847604819010343,0.12700357713827337
2000,463,corrected,psi0,1.1494041352125959,0.14528883008989907
2000,463,corrected,psi1,0.6050160258037448,0.15037073550485786
2000,464,naive,psi0,-0.020377884074059917,0.13085461562135192
2000,464,naive,psi1,0.19034755011230345,0.13292895256668535
2000,464,corrected,psi0,1.2817208803005802,0.1514602004190192
2000,464,corrected,psi1,0.7697674626799982,0.1503265837220515
2000,465,naive,psi0,-0.21630777052612402,0.12461136672957641
2000,465,naive,psi1,0.07990678688044484,0.13004956318447117
2000,465,corrected,psi0,1.0310944442515684,0.14616180805672532
2000,465,corrected,psi1,0.5953907780154297,0.15383892053558854
2000,466,naive,psi0,-0.21657129265234418,0.12761925335729363
2000,466,naive,psi1,0.14558395628029835,0.1299381768618299
2000,466,corrected,psi0,1.0116352275369187,0.15073514975772193
2000,466,corrected,psi1,0.6550404604397008,0.15410836140950282
2000,467,naive,psi0,-0.2738508050308285,0.1253631055823194
2000,467,naive,psi1,-0.10409799557650422,0.1357734872150487
2000,467,corrected,psi0,1.006356195192446,0.14698689752649055
2000,467,corrected,psi1,0.3713705468531794,0.1624142710997242
2000,468,naive,psi0,-0.34446980233218977,0.12568114832756155
2000,468,naive,psi1,0.04109201536409822,0.14437092083205788
2000,468,corrected,psi0,0.9396110500476239,0.14558839981235663
2000,468,corrected,psi1,0.5549126543850029,0.16872462873872493
2000,469,naive,psi0,-0.3005495823458044,0.13063729812924096
2000,469,naive,psi1,-0.15402620175463339,0.14074800919370017
2000,469,corrected,psi0,0.9749486664036646,0.1511341300049293
2000,469,corrected,psi1,0.3021744825108446,0.1643752644739279
2000,470,naive,psi0,-0.08366085794932449,0.1294057571927044
2000,470,naive,psi1,-0.0009738506887281279,0.1326927570069285
2000,470,corrected,psi0,1.1826960902812174,0.15092591448340098
2000,470,corrected,psi1,0.5039661561435903,0.1576466469976553
2000,471,naive,psi0,-0.4912759641401848,0.1263721220741998
2000,471,naive,psi1,-0.22806433244897356,0.1315941650094929
2000,471,corrected,psi0,0.7449065562799156,0.14638742465512203
2000,471,corrected,psi1,0.21338430882582424,0.15181600430719533
2000,472,naive,psi0,-0.201376489097287,0.12001329268591773
2000,472,naive,psi1,0.12681823551645957,0.1245781082594968
2000,472,corrected,psi0,1.064668865074141,0.13916195107247875
2000,472,corrected,psi1,0.6868847926476662,0.14552716739657554
2000,473,naive,psi0,-0.31181287469629,0.1273938333510043
2000,473,naive,psi1,0.21574417875885712,0.13462863800413924
2000,473,corrected,psi0,0.9239216127448646,0.14746946426247
2000,473,corrected,psi1,0.7374293237291897,0.15679022849113214
2000,474,naive,psi0,-0.40075583353912775,0.12307630751670853
2000,474,naive,psi1,0.052309795983537244,0.13116987161504934
2000,474,corrected,psi0,0.8553164341629844,0.14394116558282616
2000,474,corrected,psi1,0.5183250821414228,0.15305292198957904
2000,475,naive,psi0,-0.05483670694651414,0.12291497386972347
2000,475,naive,psi1,-0.07898945504914975,0.1355375069785017
2000,475,corrected,psi0,1.2938665032790293,0.1429377633997327
2000,475,corrected,psi1,0.42383566007525597,0.15727648289455887
2000,476,naive,psi0,-0.20855711489801623,0.12924563585472185
2000,476,naive,psi1,-0.0979372323176386,0.13592668051913293
2000,476,corrected,psi0,1.0373294443857832,0.151343866648001
2000,476,corrected,psi1,0.3872974308031756,0.16066196162413382
2000,477,naive,psi0,-0.34917728453224384,0.12771239685206187
2000,477,naive,psi1,0.041610209878208966,0.12637651492663957
2000,477,corrected,psi0,0.9616237632638389,0.14721775522112546
2000,477,corrected,psi1,0.54801159666513,0.14507467115304182
2000,478,naive,psi0,-0.49287766486340845,0.12472530739999392
2000,478,naive,psi1,0.16049900700044978,0.13040477431824393
2000,478,corrected,psi0,0.8069687700945015,0.14607087370564037
2000,478,corrected,psi1,0.6439283043597728,0.15114299749634813
2000,479,naive,psi0,-0.13157771742851967,0.12557141907326722
2000,479,naive,psi1,-0.0021614722885064798,0.13751387586566044
2000,479,corrected,psi0,1.2002542903038655,0.14621608231549882
2000,479,corrected,psi1,0.5236422607423243,0.16035811139983006
2000,480,naive,psi0,-0.3025170548006102,0.130251960932845
2000,480,naive,psi1,0.07662484772884881,0.1404591692438276
2000,480,corrected,psi0,1.0332890474824654,0.15144172193444744
2000,480,corrected,psi1,0.5458639404457514,0.16360363361996388
2000,481,naive,psi0,-0.24187580635294417,0.12952419834036435
2000,481,naive,psi1,0.4462111823234236,0.14028410330945942
2000,481,corrected,psi0,1.0470852756800655,0.15022861054782763
2000,481,corrected,psi1,0.9545884067500617,0.1614930554665264
2000,482,naive,psi0,-0.2012638897077679,0.13060078341173895
2000,482,naive,psi1,-0.006151783880811753,0.14328617614240294
2000,482,corrected,psi0,1.0287458977929298,0.15117059514357817
2000,482,corrected,psi1,0.5465986566496821,0.16654144244694224
2000,483,naive,psi0,-0.2641608286690558,0.13076513865398134
2000,483,naive,psi1,-0.17365676251410508,0.13068295437470048
2000,483,corrected,psi0,1.0102887241111147,0.151320615431565
2000,483,corrected,psi1,0.3042327346378415,0.15083183600287411
2000,484,naive,psi0,-0.23260300627882474,0.13089341517594916
2000,484,naive,psi1,-0.0861446074253606,0.13273968638439182
2000,484,corrected,psi0,1.0459082025375062,0.152196006252681
2000,484,corrected,psi1,0.39732189395166445,0.1536200043056842
2000,485,naive,psi0,-0.21173014695187675,0.13206423233364215
2000,485,naive,psi1,-0.12109005217279872,0.13676553166568448
2000,485,corrected,psi0,1.078376507923597,0.1530127621217782
2000,485,corrected,psi1,0.31401691547890764,0.1597487157798541
2000,486,naive,psi0,-0.40360878604694633,0.125314620273667
2000,486,naive,psi1,0.007265817147062123,0.1360072907675796
2000,486,corrected,psi0,0.7839989652977364,0.1451544307764855
2000,486,corrected,psi1,0.47729835096782075,0.15595346511534894
2000,487,naive,psi0,-0.01563506493832818,0.13073707314121524
2000,487,naive,psi1,-0.2486020049519227,0.14389295667201368
2000,487,corrected,psi0,1.2939250671109335,0.15108044309766655
2000,487,corrected,psi1,0.22693017654547112,0.17028270189849232
2000,488,naive,psi0,-0.25109622504132395,0.12303906921677955
2000,488,naive,psi1,-0.07248400134764992,0.12105234497704727
2000,488,corrected,psi0,1.0511700919454423,0.1437869313202236
2000,488,corrected,psi1,0.37873961057765987,0.14091614236545144
2000,489,naive,psi0,-0.22242263744112178,0.12059177792582083
2000,489,naive,psi1,0.003125526839738743,0.11963877351987204
2000,489,corrected,psi0,1.0266727357119496,0.14222122074812382
2000,489,corrected,psi1,0.5347580802679285,0.14297010367766172
2000,490,naive,psi0,-0.05146355972281691,0.1277714971179292
2000,490,naive,psi1,0.0981758785073436,0.13509636546862905
2000,490,corrected,psi0,1.2039774065162447,0.14793211689891492
2000,490,corrected,psi1,0.6353293868001629,0.1539737513323825
2000,491,naive,psi0,-0.24295189024061584,0.13126240837253345
2000,491,naive,psi1,-0.10582711464823279,0.1316827265959649
2000,491,corrected,psi0,1.0454730770993954,0.15265821445463354
2000,491,corrected,psi1,0.4115308650691481,0.1539055000333169
2000,492,naive,psi0,-0.10095714844235186,0.126846815189428
2000,492,naive,psi1,0.10843979070360532,0.1325238913430832
2000,492,corrected,psi0,1.129273048876898,0.1492595532662766
2000,492,corrected,psi1,0.6450104967649175,0.1543423658048549
2000,493,naive,psi0,-0.3453823993418009,0.13155733700101646
2000,493,naive,psi1,0.09445126149754951,0.14350393003964726
2000,493,corrected,psi0,0.9723048413713985,0.15339378409892557
2000,493,corrected,psi1,0.6207835132202031,0.1690366737133271
2000,494,naive,psi0,-0.17903450256588863,0.1303096573459322
2000,494,naive,psi1,0.02351334018117923,0.13180914076565073
2000,494,corrected,psi0,1.1728911074911201,0.15120567777640576
2000,494,corrected,psi1,0.5132082742758481,0.15430223317900893
2000,495,naive,psi0,-0.36869445815238555,0.126673847656567
2000,495,naive,psi1,0.04936876692704443,0.12372318217950867
2000,495,corrected,psi0,0.950823117593907,0.14736473105675155
2000,495,corrected,psi1,0.5939519102090564,0.1437445599088535
2000,496,naive,psi0,-0.22759244185906724,0.12607881237685856
2000,496,naive,psi1,0.21364302400104176,0.14124344240656642
2000,496,corrected,psi0,1.0290599197816395,0.14715438723240712
2000,496,corrected,psi1,0.7607307787606865,0.16292051917124917
2000,497,naive,psi0,-0.2777563859843423,0.1262155385425571
2000,497,naive,psi1,0.07683590397045577,0.13327149077568864
2000,497,corrected,psi0,0.9657332463535442,0.14963459778251928
2000,497,corrected,psi1,0.5273633111392416,0.15527166745831716
2000,498,naive,psi0,-0.17699568937854665,0.1256939144115768
2000,498,naive,psi1,0.08232759767251834,0.12919910112610253
2000,498,corrected,psi0,1.0488933672161982,0.1465578195460272
2000,498,corrected,psi1,0.6238101066087463,0.1499340604012025
2000,499,naive,psi0,-0.15263852191857752,0.12917844873202758
2000,499,naive,psi1,0.0427640534724067,0.1430921368192014
2000,499,corrected,psi0,1.0898633297964095,0.15098046035069243
2000,499,corrected,psi1,0.4947528685826306,0.1674096424314989
2000,500,naive,psi0,-0.24293287429736024,0.129807422180967
2000,500,naive,psi1,-0.06186346905728268,0.12788597584824418
2000,500,corrected,psi0,1.0645187254014974,0.15029426809665766
2000,500,corrected,psi1,0.4665710915654121,0.14853934146340028
2000,501,naive,psi0,-0.3311966500051685,0.12156986129364415
2000,501,naive,psi1,0.0022477892068494907,0.1309923662570392
2000,501,corrected,psi0,0.9476836469232863,0.14275589547748455
2000,501,corrected,psi1,0.46088290635584533,0.15651686960991668
2000,502,naive,psi0,-0.4524098618801611,0.13567068671805466
2000,502,naive,psi1,0.14741265818304192,0.14952201812672838
2000,502,corrected,psi0,0.7254540059313365,0.15787300031997697
2000,502,corrected,psi1,0.6531758100411662,0.1747690969821345
2000,503,naive,psi0,-0.2293383496252425,0.12518337401822405
2000,503,naive,psi1,0.12084867529790153,0.13913199656672062
2000,503,corrected,psi0,1.0840803831715349,0.14593066055112275
2000,503,corrected,psi1,0.5984237802570266,0.1595026395971005
2000,504,naive,psi0,-0.2977538224542034,0.12774393463105446
2000,504,naive,psi1,0.17258226498729548,0.1408827300612247
2000,504,corrected,psi0,0.9851040186491568,0.1482840048612713
2000,504,corrected,psi1,0.676116212391895,0.16271800480190218
2000,505,naive,psi0,-0.21607300021357617,0.1255351563151187
2000,505,naive,psi1,0.33145887842000454,0.13958408270859018
2000,505,corrected,psi0,1.0514896452279985,0.14678815976866913
2000,505,corrected,psi1,0.8649877117302548,0.16405753681626173
2000,506,naive,psi0,-0.21588358135267516,0.1303547506479225
2000,506,naive,psi1,-0.11165131191260626,0.13483752981658662
2000,506,corrected,psi0,1.084100978150288,0.15190590965918277
2000,506,corrected,psi1,0.3242507356937976,0.15748034122736454
2000,507,naive,psi0,-0.14630518129218403,0.13132969060614297
2000,507,naive,psi1,0.1815982972610671,0.12869498917794703
2000,507,corrected,psi0,1.1970834118685354,0.1527893981302249
2000,507,corrected,psi1,0.6344031115625615,0.1492564658666842
2000,508,naive,psi0,-0.08584800894395024,0.13107144268541257
2000,508,naive,psi1,-0.055421058447789114,0.13572055823731752
2000,508,corrected,psi0,1.2007457385422131,0.15187008528999957
2000,508,corrected,psi1,0.41970555638695245,0.15800138695623675
2000,509,naive,psi0,-0.2982987831854385,0.1312965157657877
2000,509,naive,psi1,0.21670631813187546,0.1379504285256593
2000,509,corrected,psi0,0.9566838161826683,0.15304849430894438
2000,509,corrected,psi1,0.7278318584481562,0.16010846157819786
2000,510,naive,psi0,-0.4557076265323836,0.13027147057222782
2000,510,naive,psi1,0.2551922524862197,0.14574096083488317
2000,510,corrected,psi0,0.7582210812676704,0.15144003962652242
2000,510,corrected,psi1,0.7357140155217674,0.16802066499272963
2000,511,naive,psi0,-0.42524826568249713,0.13128852157759907
2000,511,naive,psi1,0.046724614412714416,0.13105340891818937
2000,511,corrected,psi0,0.8434490845077522,0.15274594889935467
2000,511,corrected,psi1,0.569263310144048,0.150559346522251
2000,512,naive,psi0,-0.05157488223122843,0.13212408693209357
2000,512,naive,psi1,-0.09489001272791732,0.1344874617535665
2000,512,corrected,psi0,1.2856411345266707,0.1541050135303395
2000,512,corrected,psi1,0.3660574490754383,0.1553554868279665
2000,513,naive,psi0,-0.6011548073805828,0.13295231825621692
2000,513,naive,psi1,0.26453760769054463,0.15959429732663372
2000,513,corrected,psi0,0.6523807927096007,0.15585381926808756
2000,513,corrected,psi1,0.8079376125244065,0.188684204662592
2000,514,naive,psi0,-0.32075240434634045,0.12924934941411992
2000,514,naive,psi1,0.0007185357553404736,0.13247837166987067
2000,514,corrected,psi0,0.9438111021154189,0.1505583800250645
2000,514,corrected,psi1,0.5066543752352397,0.15371966532470366
2000,515,naive,psi0,-0.07412691279434505,0.1251279377350118
2000,515,naive,psi1,-0.13777937773154297,0.1361416979370333
2000,515,corrected,psi0,1.2296631857541653,0.14458960486819347
2000,515,corrected,psi1,0.37574865552783393,0.1582287956677828
2000,516,naive,psi0,-0.3570323948001048,0.12432968079407873
2000,516,naive,psi1,-0.07852302067182632,0.13181869098599025
2000,516,corrected,psi0,0.8859818859323931,0.1451582109706025
2000,516,corrected,psi1,0.426749156816998,0.15542891618365884
2000,517,naive,psi0,-0.44663431989643465,0.12785338102312657
2000,517,naive,psi1,0.09343383518992007,0.13207908133466717
2000,517,corrected,psi0,0.806745015587076,0.14811231322417068
2000,517,corrected,psi1,0.5829229255708406,0.15456637199716097
2000,518,naive,psi0,-0.31344074317526566,0.12817701413686394
2000,518,naive,psi1,0.15346931098150177,0.14206666876003549
2000,518,corrected,psi0,0.9301513218332158,0.14930194385309278
2000,518,corrected,psi1,0.6706646495354889,0.16426387208189347
2000,519,naive,psi0,-0.3442071419982588,0.12436102603639174
2000,519,naive,psi1,0.2274865671842631,0.1418903935054166
2000,519,corrected,psi0,0.9106499292285026,0.14482221747908589
2000,519,corrected,psi1,0.7195360110166032,0.1631244284936169
2000,520,naive,psi0,-0.3187953215045445,0.12497979410916216
2000,520,naive,psi1,-0.18411488941320517,0.1253274173884971
2000,520,corrected,psi0,0.9864389993553475,0.14529179856365598
2000,520,corrected,psi1,0.3061394451311044,0.14540390345164075
2000,521,naive,psi0,-0.2737199618521494,0.1284085450529664
2000,521,naive,psi1,-0.16655857229202328,0.15303599841506502
2000,521,corrected,psi0,1.0316723087376938,0.15014200637093864
2000,521,corrected,psi1,0.3113548937599466,0.17967277799351447
2000,522,naive,psi0,-0.2715453172731014,0.12345630282232144
2000,522,naive,psi1,-0.06630785042534806,0.13284249611917376
2000,522,corrected,psi0,1.0300363149977922,0.1428941009918996
2000,522,corrected,psi1,0.4322960517628242,0.15434968063911692
2000,523,naive,psi0,-0.2707401976179725,0.12776281166049036
2000,523,naive,psi1,0.06089094697338789,0.13732445004218202
2000,523,corrected,psi0,0.9950182212952269,0.1489921522719388
2000,523,corrected,psi1,0.6042811297944289,0.161265582838575
2000,524,naive,psi0,0.12178184472278301,0.1262364800209444
2000,524,naive,psi1,-0.01001507777531524,0.13222163680466115
2000,524,corrected,psi0,1.4534733160813031,0.14669017660446063
2000,524,corrected,psi1,0.4412330430588417,0.1555098002941836
2000,525,naive,psi0,-0.16669629757402313,0.12923106245711602
2000,525,naive,psi1,0.07731598222241706,0.13568780901019173
2000,525,corrected,psi0,1.1143268104875224,0.1502396696897636
2000,525,corrected,psi1,0.5190551162466944,0.15633417760403032
2000,526,naive,psi0,-0.5261563525122247,0.13041850098626867
2000,526,naive,psi1,-0.01923371900558589,0.14407735081095877
2000,526,corrected,psi0,0.7308258342799997,0.15283575022397447
2000,526,corrected,psi1,0.45615167814491164,0.16786838750700397
2000,527,naive,psi0,-0.4762292975593052,0.12248249560542368
2000,527,naive,psi1,-0.004730113006617289,0.13047667321971848
2000,527,corrected,psi0,0.7806290160798915,0.1410685663674719
2000,527,corrected,psi1,0.47718128433866114,0.15074895558268764
2000,528,naive,psi0,-0.28829761808568094,0.12561230800892467
2000,528,naive,psi1,-0.12193931687708104,0.12955783400560184
2000,528,corrected,psi0,0.996190711157574,0.14684311309601702
2000,528,corrected,psi1,0.33556539537642893,0.15184308227297938
2000,529,naive,psi0,-0.16947868696998566,0.1237006050125037
2000,529,naive,psi1,0.08037004892495701,0.13285043219070422
2000,529,corrected,psi0,1.1366833592085928,0.1448369323639152
2000,529,corrected,psi1,0.6816280545287063,0.15929650581037338
2000,530,naive,psi0,-0.37813779194304226,0.12227183979003203
2000,530,naive,psi1,-0.04506999652825488,0.12471975008627031
2000,530,corrected,psi0,0.87802745598542,0.14123202782722832
2000,530,corrected,psi1,0.44386938376483104,0.14441102124617572
2000,531,naive,psi0,-0.37166818842741944,0.12907667554043242
2000,531,naive,psi1,-0.16485251116980484,0.13705273669825419
2000,531,corrected,psi0,0.9086013549621984,0.14838196086565006
2000,531,corrected,psi1,0.3327410652740978,0.15825709337135271
2000,532,naive,psi0,-0.4532129632980257,0.13044438570501446
2000,532,naive,psi1,0.10362822410474587,0.14129875992887436
2000,532,corrected,psi0,0.8086115907244169,0.1525846970850761
2000,532,corrected,psi1,0.5756814496826721,0.16504782630622591
2000,533,naive,psi0,-0.3048394851041296,0.12730799174089283
2000,533,naive,psi1,-0.27646373887463427,0.13591262666965326
2000,533,corrected,psi0,0.9367032953949511,0.14750323733066653
2000,533,corrected,psi1,0.21433961226374298,0.15694872156067738
2000,534,naive,psi0,-0.24910433815302455,0.12414818098412776
2000,534,naive,psi1,-0.09654652939751802,0.12527156133085174
2000,534,corrected,psi0,1.047770315671268,0.14529235296393392
2000,534,corrected,psi1,0.3298575341989542,0.14430773263956168
2000,535,naive,psi0,-0.36064359223534403,0.12379250508207204
2000,535,naive,psi1,0.030287556118158036,0.12488308892968196
2000,535,corrected,psi0,0.9252651394076687,0.1447696858225977
2000,535,corrected,psi1,0.5281888154378495,0.14530393810584447
2000,536,naive,psi0,-0.20060218661420978,0.12903632601358483
2000,536,naive,psi1,-0.21342416772753106,0.1382624913550883
2000,536,corrected,psi0,1.091484004398556,0.14939863685909627
2000,536,corrected,psi1,0.23343082177487962,0.1618541394758871
2000,537,naive,psi0,-0.2327373693070987,0.1311404560512146
2000,537,naive,psi1,-0.29660246967522025,0.13282032450095616
2000,537,corrected,psi0,1.070912165214711,0.15204276518363066
2000,537,corrected,psi1,0.20018131809728895,0.15616429034533288
2000,538,naive,psi0,-0.340897226472767,0.12393837999221155
2000,538,naive,psi1,0.12001156130845889,0.1284080033301444
2000,538,corrected,psi0,0.8870198995428248,0.1457620249989139
2000,538,corrected,psi1,0.6745225467025658,0.15114730361501075
2000,539,naive,psi0,-0.5964573460481127,0.12695383257751203
2000,539,naive,psi1,-0.0699631924575654,0.1334010884741224
2000,539,corrected,psi0,0.6971693522735783,0.14654734993391286
2000,539,corrected,psi1,0.4739619492597328,0.15344778944296644
2000,540,naive,psi0,-0.5186404650218226,0.12963902196141963
2000,540,naive,psi1,0.13515917685455006,0.1396513493954187
2000,540,corrected,psi0,0.716118515444125,0.15048932610880403
2000,540,corrected,psi1,0.6361386983135975,0.16331669262294954
2000,541,naive,psi0,-0.18244320009157547,0.12723389127282458
2000,541,naive,psi1,0.0550337764799018,0.12466504683526199
2000,541,corrected,psi0,1.1169996409068264,0.149744861171536
2000,541,corrected,psi1,0.5621459802007107,0.14466978363717672
2000,542,naive,psi0,-0.25878314318085427,0.12646688222427782
2000,542,naive,psi1,0.07402429511386438,0.13935282041883057
2000,542,corrected,psi0,0.9949921565265705,0.14699289952257166
2000,542,corrected,psi1,0.5812746387307753,0.16329011612087918
2000,543,naive,psi0,-0.5483997822538562,0.13174212086050732
2000,543,naive,psi1,-0.13101417034312773,0.13805599752266995
2000,543,corrected,psi0,0.7065912548385311,0.15387114861164072
2000,543,corrected,psi1,0.33240369182741303,0.16125636537676408
2000,544,naive,psi0,-0.04123103544694124,0.12420678201235374
2000,544,naive,psi1,-0.12454237089829803,0.13629393480152802
2000,544,corrected,psi0,1.2714865825701858,0.14436471896784442
2000,544,corrected,psi1,0.431992032876398,0.15939446774962746
2000,545,naive,psi0,-0.01820314124351078,0.1280873787017769
2000,545,naive,psi1,-0.054426691610830136,0.13468967841895627
2000,545,corrected,psi0,1.2511336207513883,0.1494695362018612
2000,545,corrected,psi1,0.42513189067352275,0.15747052228064476
2000,546,naive,psi0,-0.47907340964131845,0.1236537705959629
2000,546,naive,psi1,-0.07353595534676287,0.12922973064685966
2000,546,corrected,psi0,0.8041005748783906,0.14296684705480656
2000,546,corrected,psi1,0.40707983131694137,0.14951492697560015
2000,547,naive,psi0,-0.03590726489591565,0.12478239603417532
2000,547,naive,psi1,0.1819977785975964,0.12498753576533517
2000,547,corrected,psi0,1.3035342316815728,0.14576919895829393
2000,547,corrected,psi1,0.718058860024297,0.1476621124232728
2000,548,naive,psi0,-0.4058509359361433,0.12803519281188905
2000,548,naive,psi1,0.11640144083923161,0.1380048385930325
2000,548,corrected,psi0,0.8352480912685313,0.14858683286208443
2000,548,corrected,psi1,0.6244767273275353,0.15869353875285455
2000,549,naive,psi0,-0.20428364973310467,0.1353067609231715
2000,549,naive,psi1,0.12712754064116455,0.13793227310892098
2000,549,corrected,psi0,1.0786798472094956,0.15703106110686565
2000,549,corrected,psi1,0.6715165443053389,0.16513164332882455
2000,550,naive,psi0,-0.22833846216674086,0.12619432071807848
2000,550,naive,psi1,0.004237078797928655,0.12882620994655772
2000,550,corrected,psi0,1.0137381507737209,0.1472379992167911
2000,550,corrected,psi1,0.5051266171375198,0.1499450724499614
2000,551,naive,psi0,-0.3336317594783584,0.12389493048976254
2000,551,naive,psi1,-0.15200285082377654,0.12170954402869326
2000,551,corrected,psi0,0.9702058827484542,0.1437501738518824
2000,551,corrected,psi1,0.35563042008474666,0.14010467434818313
2000,552,naive,psi0,-0.2978230154134938,0.12548082504629438
2000,552,naive,psi1,0.15975966287135493,0.13719531347924244
2000,552,corrected,psi0,0.8904229507861988,0.1479156340303513
2000,552,corrected,psi1,0.6474672858677752,0.16326512134441468
2000,553,naive,psi0,-0.23358183483329997,0.12920770451998978
2000,553,naive,psi1,0.13317728321715516,0.12872653688011929
2000,553,corrected,psi0,1.0683808276539077,0.14970972608743716
2000,553,corrected,psi1,0.6672186837872833,0.1490983862498414
2000,554,naive,psi0,-0.3955264358603072,0.1334712808190848
2000,554,naive,psi1,-0.21905825610105317,0.14375222490591502
2000,554,corrected,psi0,0.8317797146715064,0.1576299084426197
2000,554,corrected,psi1,0.1899393983214308,0.16498923347092073
2000,555,naive,psi0,-0.16464749856396582,0.12917835035636735
2000,555,naive,psi1,0.07114373377743485,0.13953505840113573
2000,555,corrected,psi0,1.162461711665503,0.14984499265589435
2000,555,corrected,psi1,0.645950534330186,0.1631746797511929
2000,556,naive,psi0,-0.26803092162830644,0.12741837412655474
2000,556,naive,psi1,-0.00038006747610123184,0.12342145835596306
2000,556,corrected,psi0,0.9605102905243451,0.14979759286842034
2000,556,corrected,psi1,0.5356157908871036,0.1476729559769036
2000,557,naive,psi0,-0.3324691072400718,0.1323351948724663
2000,557,naive,psi1,-0.15545835023350502,0.14370585030469288
2000,557,corrected,psi0,0.961770540019044,0.1547256658657676
2000,557,corrected,psi1,0.3441945772534485,0.1673140353592371
2000,558,naive,psi0,-0.11521931220515916,0.13065390929710083
2000,558,naive,psi1,-0.1689548782489575,0.13920743429672064
2000,558,corrected,psi0,1.1875000503255724,0.1519517443258904
2000,558,corrected,psi1,0.2529413747794381,0.1621477988516382
2000,559,naive,psi0,-0.05522089528853829,0.1311682815110014
2000,559,naive,psi1,-0.29222177887929157,0.15009036769623718
2000,559,corrected,psi0,1.2887584340812912,0.1526108781178291
2000,559,corrected,psi1,0.18228623811824657,0.17397131245952643
2000,560,naive,psi0,-0.3815688686210127,0.1300914443061052
2000,560,naive,psi1,0.21167940430499743,0.13975793211487275
2000,560,corrected,psi0,0.889614391535163,0.15057061750335687
2000,560,corrected,psi1,0.7575264350655591,0.16105969954272903
2000,561,naive,psi0,-0.379776534674688,0.12894424682153585
2000,561,naive,psi1,-0.2845153503750951,0.13448727392666376
2000,561,corrected,psi0,0.9026163606242732,0.1504975603576667
2000,561,corrected,psi1,0.16013461587913752,0.15693195978675512
2000,562,naive,psi0,-0.09479575445840714,0.1292094824654285
2000,562,naive,psi1,-0.06346075175624558,0.13214259300738204
2000,562,corrected,psi0,1.2190999691602584,0.15246594253908238
2000,562,corrected,psi1,0.42338983396161595,0.15876363054403694
2000,563,naive,psi0,-0.295728139929036,0.1232712610963064
2000,563,naive,psi1,-0.012019730835021673,0.12741665314155248
2000,563,corrected,psi0,1.0347045498600105,0.14461894117435442
2000,563,corrected,psi1,0.46832848641240604,0.15022446277996038
2000,564,naive,psi0,-0.3643751939616133,0.1278257676129992
2000,564,naive,psi1,-0.046857902108150905,0.13177896269375758
2000,564,corrected,psi0,0.9285263772077035,0.14975227368490732
2000,564,corrected,psi1,0.39015158156998153,0.15377819016268113
2000,565,naive,psi0,-0.19746893441464672,0.12085043845788353
2000,565,naive,psi1,0.24611829433832413,0.11938522642659624
2000,565,corrected,psi0,1.097124252329795,0.14174728612497195
2000,565,corrected,psi1,0.7827959646379972,0.1405167307072768
2000,566,naive,psi0,-0.26850739819110214,0.1273123298141958
2000,566,naive,psi1,0.01663450372175904,0.14635621674068947
2000,566,corrected,psi0,0.9773802934995354,0.14797093278141016
2000,566,corrected,psi1,0.5298284169225785,0.16968403722231787
2000,567,naive,psi0,-0.21878570994379903,0.13131203034672362
2000,567,naive,psi1,0.11037792170146198,0.1321533889790265
2000,567,corrected,psi0,1.079944605550436,0.1542875223813474
2000,567,corrected,psi1,0.6527842839435533,0.15565401905954812
2000,568,naive,psi0,-0.3690315599952976,0.12806977396509345
2000,568,naive,psi1,0.017825106008903358,0.1324901797675414
2000,568,corrected,psi0,0.9393918449561325,0.1496057557109423
2000,568,corrected,psi1,0.5196921634972586,0.15492556112195077
2000,569,naive,psi0,-0.22339785672809775,0.12622194440199191
2000,569,naive,psi1,-0.24893406075923916,0.13832595440327822
2000,569,corrected,psi0,1.1061058958160699,0.14616484914986966
2000,569,corrected,psi1,0.12710271695866635,0.161087666868346
2000,570,naive,psi0,-0.2847298888088229,0.126721485484773
2000,570,naive,psi1,0.1176903570254302,0.1383011541102003
2000,570,corrected,psi0,0.8993263370329747,0.14985527389775175
2000,570,corrected,psi1,0.6842679216375185,0.17054468530518238
2000,571,naive,psi0,-0.24819053102211583,0.1352426702370086
2000,571,naive,psi1,0.02016852007368241,0.1404433694099764
2000,571,corrected,psi0,1.07064285973778,0.15812363393404313
2000,571,corrected,psi1,0.4784377301115904,0.1635225415883456
2000,572,naive,psi0,-0.17552460979876416,0.13113298642370994
2000,572,naive,psi1,-0.030064264929504012,0.13374393636052684
2000,572,corrected,psi0,1.1030416477347498,0.15085862735009997
2000,572,corrected,psi1,0.4398654165526202,0.1533451671089722
2000,573,naive,psi0,-0.35866209759153406,0.1294272475009412
2000,573,naive,psi1,-0.1406288462867402,0.13239480688244581
2000,573,corrected,psi0,0.8990545676803258,0.15114742062961437
2000,573,corrected,psi1,0.32354297802856435,0.1571385113469619
2000,574,naive,psi0,-0.4438646014626666,0.12589047453203953
2000,574,naive,psi1,-0.014176359008219796,0.13109798807797307
2000,574,corrected,psi0,0.846935952644512,0.1462701124241503
2000,574,corrected,psi1,0.5295447913428901,0.15455630220588673
2000,575,naive,psi0,-0.35715072711027207,0.12783047805910575
2000,575,naive,psi1,-0.11514456928946881,0.13363670532449556
2000,575,corrected,psi0,0.9026018915732085,0.14916440016450047
2000,575,corrected,psi1,0.3572062260535066,0.15596170471089252
2000,576,naive,psi0,-0.1709416553116793,0.12792629254359342
2000,576,naive,psi1,-0.0018461811947808604,0.1331988996562527
2000,576,corrected,psi0,1.0898593064795405,0.14885822591124767
2000,576,corrected,psi1,0.5354655216270007,0.15590110266903412
2000,577,naive,psi0,-0.3109113824986542,0.12008820527289311
2000,577,naive,psi1,-0.037581680893369565,0.12255150881240405
2000,577,corrected,psi0,0.9269786180507431,0.1404936110047434
2000,577,corrected,psi1,0.4200226090793901,0.143367662130863
2000,578,naive,psi0,-0.3912223562087997,0.1231680911625945
2000,578,naive,psi1,0.019416922969588746,0.1232462901763898
2000,578,corrected,psi0,0.8726862081026495,0.1428394782867807
2000,578,corrected,psi1,0.5311373641813729,0.14150234005911896
2000,579,naive,psi0,-0.2800515151488256,0.13351704369968048
2000,579,naive,psi1,-0.03317568292493443,0.14661148326809084
2000,579,corrected,psi0,1.01255669435579,0.15571462547472928
2000,579,corrected,psi1,0.3932914896386645,0.1735635744016654
2000,580,naive,psi0,-0.4010111364640181,0.12490681519457415
2000,580,naive,psi1,-0.02054422739747219,0.13018424616363303
2000,580,corrected,psi0,0.8624176487348347,0.14583410424286428
2000,580,corrected,psi1,0.5205345791326628,0.15195846729671844
2000,581,naive,psi0,-0.36689143434209165,0.12288507648520124
2000,581,naive,psi1,0.057281735390501395,0.1259867316582855
2000,581,corrected,psi0,0.9491810502629697,0.1453752627830269
2000,581,corrected,psi1,0.5684732924635046,0.14876584864556727
2000,582,naive,psi0,-0.5374974986135997,0.1280834902443903
2000,582,naive,psi1,-0.05521909000294927,0.12558447045184684
2000,582,corrected,psi0,0.7254550483070769,0.14961406912451633
2000,582,corrected,psi1,0.39637408326887047,0.14554313554452145
2000,583,naive,psi0,-0.11311838416899304,0.12395600360927646
2000,583,naive,psi1,0.039478029188910434,0.12694729323645207
2000,583,corrected,psi0,1.1946656381001364,0.14304422198891345
2000,583,corrected,psi1,0.5493966587644036,0.14744104257049473
2000,584,naive,psi0,-0.3446143310392199,0.12248063506905371
2000,584,naive,psi1,0.025982272480514688,0.1352053260285888
2000,584,corrected,psi0,0.9646092055579397,0.14270434230883355
2000,584,corrected,psi1,0.5384906662358246,0.15882922684935805
2000,585,naive,psi0,-0.22171649180155506,0.1271340515284546
2000,585,naive,psi1,-0.16324133447021635,0.14092091044099597
2000,585,corrected,psi0,1.010409774913078,0.14917322964249607
2000,585,corrected,psi1,0.2547534170432873,0.16233834910362815
2000,586,naive,psi0,-0.3014748400383337,0.12610305872886332
2000,586,naive,psi1,0.05815016047128651,0.1420065240286566
2000,586,corrected,psi0,0.934359847408555,0.1484194436213657
2000,586,corrected,psi1,0.5965437130744047,0.16398834995417993
2000,587,naive,psi0,-0.39749048781400015,0.12277201216560886
2000,587,naive,psi1,-0.10596145378070031,0.1158136026387878
2000,587,corrected,psi0,0.8767383404793321,0.14236957036047074
2000,587,corrected,psi1,0.3680714309524209,0.13534857248499066
2000,588,naive,psi0,-0.2637178583322842,0.12414693258758089
2000,588,naive,psi1,0.0337627364959581,0.1266138037112976
2000,588,corrected,psi0,0.999447310638077,0.14362681491583568
2000,588,corrected,psi1,0.5695675587907791,0.14542669995928614
2000,589,naive,psi0,-0.19765032451247433,0.12738336144896747
2000,589,naive,psi1,-0.342290936046881,0.145284852060982
2000,589,corrected,psi0,1.0816552919507845,0.1476514610412192
2000,589,corrected,psi1,0.11294904276382445,0.16907043392190918
2000,590,naive,psi0,-0.21672187456630312,0.12732802465626442
2000,590,naive,psi1,-0.004805075291700406,0.13578169220004596
2000,590,corrected,psi0,1.0635643064216214,0.1474693825568498
2000,590,corrected,psi1,0.40711655508336475,0.1586525199088442
2000,591,naive,psi0,-0.24809703416014992,0.12912154751837104
2000,591,naive,psi1,-0.13117708022634694,0.1290572502791205
2000,591,corrected,psi0,1.043656773743628,0.15096087701983388
2000,591,corrected,psi1,0.3606762570350955,0.15135421193035783
2000,592,naive,psi0,-0.05034770393604309,0.12875814670029412
2000,592,naive,psi1,0.01596328151568637,0.1353355701090655
2000,592,corrected,psi0,1.2477753610051348,0.1492402256330399
2000,592,corrected,psi1,0.5565220180432959,0.15684711671178395
2000,593,naive,psi0,-0.2801847780895975,0.12916436073893867
2000,593,naive,psi1,0.015243089080671306,0.12993762296100198
2000,593,corrected,psi0,0.9693405909469472,0.14965907264829825
2000,593,corrected,psi1,0.5181843740399187,0.14850379620354678
2000,594,naive,psi0,-0.1732247971674516,0.12934900184358183
2000,594,naive,psi1,0.1587688292262853,0.15630512770821126
2000,594,corrected,psi0,1.1340362361358336,0.1507803575508199
2000,594,corrected,psi1,0.6902199213805312,0.17902799230003053
2000,595,naive,psi0,-0.47450879712342875,0.13086792083485016
2000,595,naive,psi1,-0.11385845584216067,0.14482468473207713
2000,595,corrected,psi0,0.7501137773958869,0.15215965238472956
2000,595,corrected,psi1,0.38226435359544136,0.167170556410434
2000,596,naive,psi0,-0.40949883728029707,0.12341326274577255
2000,596,naive,psi1,-0.01240066410240198,0.12685725211229898
2000,596,corrected,psi0,0.8229682488761246,0.14406941363799106
2000,596,corrected,psi1,0.5234745123966182,0.14695505735889766
2000,597,naive,psi0,-0.1319143153480341,0.12515488104236977
2000,597,naive,psi1,0.07859152821953508,0.12923218152452545
2000,597,corrected,psi0,1.1526310565800073,0.14662388651746622
2000,597,corrected,psi1,0.614058228665003,0.15163133185541347
2000,598,naive,psi0,-0.2782683988697738,0.122027870222468
2000,598,naive,psi1,0.15802181801571225,0.13398161085833724
2000,598,corrected,psi0,1.0286945632142959,0.14204521141855186
2000,598,corrected,psi1,0.6621388036801715,0.15782516639379018
2000,599,naive,psi0,-0.20369033982843107,0.12823610305586874
2000,599,naive,psi1,-0.25193171026925537,0.1302713395166464
2000,599,corrected,psi0,1.0771552079964406,0.149978779888271
2000,599,corrected,psi1,0.23055753244787608,0.15378294889537286
2000,600,naive,psi0,-0.3485399045658608,0.12241235349362904
2000,600,naive,psi1,0.27567874161997585,0.12518166259533897
2000,600,corrected,psi0,0.9098009081596234,0.14298096358197238
2000,600,corrected,psi1,0.8517470604556056,0.14830783601176675
2000,601,naive,psi0,-0.3347819717697491,0.12800883653136338
2000,601,naive,psi1,-0.22754951729639283,0.13674373921219002
2000,601,corrected,psi0,0.9415872606933661,0.14814827859638596
2000,601,corrected,psi1,0.22918957633088965,0.15766939174613642
2000,602,naive,psi0,-0.10031241752909421,0.12409993065327977
2000,602,naive,psi1,-0.1685063045781847,0.12497139873304379
2000,602,corrected,psi0,1.218068488142987,0.14359733514359888
2000,602,corrected,psi1,0.2934640915106906,0.1437404663065245
2000,603,naive,psi0,-0.052082006662179235,0.12204240473144526
2000,603,naive,psi1,0.11294660809319207,0.14046048422589122
2000,603,corrected,psi0,1.2565157406342682,0.14293942552830405
2000,603,corrected,psi1,0.6573177483294528,0.1672173708528217
2000,604,naive,psi0,-0.1578759602977349,0.12724789531459219
2000,604,naive,psi1,0.014676190210917409,0.13579699015473257
2000,604,corrected,psi0,1.11338025703612,0.15019544280444125
2000,604,corrected,psi1,0.49614806343507456,0.15988733263842536
2000,605,naive,psi0,-0.30514490456574334,0.12551534171215858
2000,605,naive,psi1,-0.03236723800249806,0.13344385367133896
2000,605,corrected,psi0,0.9277691856053385,0.14718183772283172
2000,605,corrected,psi1,0.48684978551713537,0.1590145256007254
2000,606,naive,psi0,-0.26068082473431536,0.1339577821911538
2000,606,naive,psi1,-0.09262736942237759,0.14005403494622187
2000,606,corrected,psi0,1.0835696965064519,0.1566197012724341
2000,606,corrected,psi1,0.38247003659955847,0.16557569273404368
2000,607,naive,psi0,-0.19642203342559064,0.12270033516866699
2000,607,naive,psi1,0.009625868772367489,0.12800743917649512
2000,607,corrected,psi0,1.066372158643082,0.1438687641227568
2000,607,corrected,psi1,0.5188162219937141,0.14821514004677308
2000,608,naive,psi0,-0.1560534506643232,0.13213662500834092
2000,608,naive,psi1,-0.2511795930159652,0.1380486677056502
2000,608,corrected,psi0,1.1418311094952167,0.15349919685830887
2000,608,corrected,psi1,0.1570429112064429,0.16024913602349267
2000,609,naive,psi0,-0.37850863552071734,0.13147998116457607
2000,609,naive,psi1,0.18326415426956605,0.12866516417224844
2000,609,corrected,psi0,0.8712506296356743,0.15306503197914645
2000,609,corrected,psi1,0.719989882441188,0.14843605880183453
2000,610,naive,psi0,-0.4304443695478398,0.13286545456588472
2000,610,naive,psi1,0.06860473497433009,0.1318449347473523
2000,610,corrected,psi0,0.8924339214470036,0.15329041920570197
2000,610,corrected,psi1,0.5661812653095593,0.1516151676071982
2000,611,naive,psi0,-0.024990014657537654,0.13328506401212747
2000,611,naive,psi1,0.002952928276085175,0.14865435660996876
2000,611,corrected,psi0,1.2402565496010345,0.1544738290125201
2000,611,corrected,psi1,0.5439032908706601,0.17164842947901823
2000,612,naive,psi0,-0.2602068609888542,0.13035666047126845
2000,612,naive,psi1,-0.20585402177837236,0.1436333888808818
2000,612,corrected,psi0,1.0098668675327043,0.1526334522870127
2000,612,corrected,psi1,0.2780359021295497,0.1651885322114182
2000,613,naive,psi0,-0.3800367812824186,0.12654502776198953
2000,613,naive,psi1,-0.0006089086339335868,0.1450230023996275
2000,613,corrected,psi0,0.8928468855755252,0.146572005588894
2000,613,corrected,psi1,0.5224302497711821,0.16889248649476443
2000,614,naive,psi0,-0.34861656076952086,0.1269687842944349
2000,614,naive,psi1,0.015604119077149724,0.13528914014111681
2000,614,corrected,psi0,0.8820005584403884,0.14908844020762319
2000,614,corrected,psi1,0.5647125185556705,0.15819196284350476
2000,615,naive,psi0,-0.3385744117985212,0.1289455317057862
2000,615,naive,psi1,0.11670219365705478,0.13649758729033978
2000,615,corrected,psi0,0.88075163268336,0.14820792169733235
2000,615,corrected,psi1,0.6491196612278626,0.15512572765210272
2000,616,naive,psi0,-0.480663691839373,0.11712458558425447
2000,616,naive,psi1,-0.010166799531689415,0.11748730144749382
2000,616,corrected,psi0,0.7533956582100902,0.1376709740114655
2000,616,corrected,psi1,0.46408414571425305,0.13778941544075288
2000,617,naive,psi0,-0.05166530276116649,0.1300083169700569
2000,617,naive,psi1,0.11583279379844358,0.13576460934557122
2000,617,corrected,psi0,1.2851787463489859,0.15076176977244324
2000,617,corrected,psi1,0.6410441154058231,0.16028855105804932
2000,618,naive,psi0,-0.3012277173598619,0.12899004269623932
2000,618,naive,psi1,-0.07949875158006046,0.13557150698400347
2000,618,corrected,psi0,0.9669334908742081,0.15137925185550719
2000,618,corrected,psi1,0.43134219045258115,0.1578619387925804
2000,619,naive,psi0,-0.263950492623749,0.13126000620335504
2000,619,naive,psi1,-0.03881849677737888,0.13721556571100285
2000,619,corrected,psi0,1.0278701851835605,0.15153266856120945
2000,619,corrected,psi1,0.44761649396389586,0.15585280942418772
2000,620,naive,psi0,-0.36748572310399674,0.12809216012441282
2000,620,naive,psi1,-0.136769830728182,0.1300732277883091
2000,620,corrected,psi0,0.8253054709113079,0.14929052110482718
2000,620,corrected,psi1,0.4291735283253647,0.1517544951222512
2000,621,naive,psi0,-0.06947821881397716,0.1280682595078717
2000,621,naive,psi1,0.25025052713833784,0.14241172183516726
2000,621,corrected,psi0,1.2564475021332226,0.1488254936472911
2000,621,corrected,psi1,0.82623848049502,0.1671662374258565
2000,622,naive,psi0,0.1118019422800137,0.12740890062294802
2000,622,naive,psi1,0.012961351160927214,0.12323098341566165
2000,622,corrected,psi0,1.4391412132899006,0.14916884518702858
2000,622,corrected,psi1,0.5426261059475114,0.14605354291179728
2000,623,naive,psi0,-0.4691084309149265,0.12777357526509514
2000,623,naive,psi1,0.209708468555689,0.1380712834644375
2000,623,corrected,psi0,0.7872186039174471,0.14896099103488167
2000,623,corrected,psi1,0.692537621218633,0.15972159406260392
2000,624,naive,psi0,-0.23687825941848564,0.125039476365397
2000,624,naive,psi1,0.07631168892118054,0.13817851255686095
2000,624,corrected,psi0,1.041439834196831,0.1470910570068108
2000,624,corrected,psi1,0.6516872254824683,0.16238320860446093
2000,625,naive,psi0,-0.0731008816360284,0.12498848574388044
2000,625,naive,psi1,-0.13794798081665835,0.1291423444853784
2000,625,corrected,psi0,1.2271003665878544,0.14509449426622872
2000,625,corrected,psi1,0.3940910963920062,0.14930873524943755
2000,626,naive,psi0,-0.25102460963899736,0.12784926986059525
2000,626,naive,psi1,0.22573985762931323,0.13258678634383467
2000,626,corrected,psi0,1.0179562012779766,0.14681243979846578
2000,626,corrected,psi1,0.7375035795511872,0.15338163895422818
2000,627,naive,psi0,-0.37212236770604007,0.12244232320003334
2000,627,naive,psi1,-0.0624310046131776,0.131527876848203
2000,627,corrected,psi0,0.8877908083985458,0.1413786440667559
2000,627,corrected,psi1,0.4331975600205758,0.15165155880128378
2000,628,naive,psi0,-0.19910827682442916,0.1272364278811947
2000,628,naive,psi1,-0.07861583360691488,0.1267936858058898
2000,628,corrected,psi0,1.0473064478749963,0.14914489470271106
2000,628,corrected,psi1,0.4376087142408734,0.14856202803588883
2000,629,naive,psi0,-0.1757533826297607,0.12931533502003636
2000,629,naive,psi1,-0.037151233651307444,0.14296978705853305
2000,629,corrected,psi0,1.0173714892490666,0.1506406264137553
2000,629,corrected,psi1,0.4486618252676212,0.16667154858176114
2000,630,naive,psi0,-0.4586696623759097,0.1259190604452712
2000,630,naive,psi1,0.17148886202664534,0.1394652774364861
2000,630,corrected,psi0,0.7891954505169929,0.1463980119327266
2000,630,corrected,psi1,0.7457899683174087,0.15975252976141985
2000,631,naive,psi0,-0.2192735439322786,0.12879093343637366
2000,631,naive,psi1,-0.08729491245834156,0.13933198900388
2000,631,corrected,psi0,1.099430604744215,0.1494463669190362
2000,631,corrected,psi1,0.3888622390050522,0.16031355747833467
2000,632,naive,psi0,-0.512217440593435,0.12176763316758092
2000,632,naive,psi1,-0.04027655295759882,0.13453223046698012
2000,632,corrected,psi0,0.7739871006473874,0.14118074775483935
2000,632,corrected,psi1,0.3994605515619783,0.1537205264148301
2000,633,naive,psi0,-0.42674877956033475,0.12819587947428326
2000,633,naive,psi1,-0.1857760064467213,0.13536439247651283
2000,633,corrected,psi0,0.8431399827169686,0.1505742395426303
2000,633,corrected,psi1,0.29100159939697084,0.16040349540386914
2000,634,naive,psi0,-0.49396307837941505,0.12673470527408176
2000,634,naive,psi1,0.13484595926753115,0.1329616466533289
2000,634,corrected,psi0,0.7417930583676472,0.14794666091296096
2000,634,corrected,psi1,0.6760106501799129,0.15408114199253253
2000,635,naive,psi0,-0.07879960663191493,0.13245242353569467
2000,635,naive,psi1,-0.05329374317666674,0.1500338355672297
2000,635,corrected,psi0,1.2350232619045536,0.153105419195749
2000,635,corrected,psi1,0.4153189200434544,0.1740714000865668
2000,636,naive,psi0,-0.2814108659165919,0.13533847229829968
2000,636,naive,psi1,-0.18821029900038128,0.14782275020672653
2000,636,corrected,psi0,1.0258669964733138,0.15757107985112878
2000,636,corrected,psi1,0.3190437377022751,0.173057347744627
2000,637,naive,psi0,-0.43685448284571576,0.12826229591479527
2000,637,naive,psi1,0.2328381200590939,0.1390190055511582
2000,637,corrected,psi0,0.7688913718442422,0.14878366022755712
2000,637,corrected,psi1,0.8287378917758832,0.1607075718660782
2000,638,naive,psi0,-0.3456543550104997,0.12853222556552682
2000,638,naive,psi1,-0.0185550952025586,0.1353336402190114
2000,638,corrected,psi0,0.9241754234104875,0.1477229053356026
2000,638,corrected,psi1,0.46041665687859046,0.1548114083702325
2000,639,naive,psi0,-0.3780334850619777,0.12765598990521515
2000,639,naive,psi1,-0.10024449631772397,0.14125663537450323
2000,639,corrected,psi0,0.8791743485410445,0.1483154085925042
2000,639,corrected,psi1,0.3510197061430952,0.16532678812557994
2000,640,naive,psi0,-0.3001399385622315,0.13080321254135174
2000,640,naive,psi1,0.258007932299232,0.13897911078197506
2000,640,corrected,psi0,0.9134236961778839,0.15261801784704795
2000,640,corrected,psi1,0.8178628831704005,0.16180998021316562
2000,641,naive,psi0,-0.22675479056328876,0.12432718419180232
2000,641,naive,psi1,0.1381775257096659,0.1227090492080574
2000,641,corrected,psi0,1.0046699562282406,0.14541764378955355
2000,641,corrected,psi1,0.6382724041875095,0.1427304065579973
2000,642,naive,psi0,-0.1122700774583321,0.12761351260092754
2000,642,naive,psi1,0.15665421815195443,0.13193834521983355
2000,642,corrected,psi0,1.1380362073637427,0.1497423125207933
2000,642,corrected,psi1,0.6741688243320256,0.15440948245058872
2000,643,naive,psi0,-0.30349659362816206,0.12882523118642653
2000,643,naive,psi1,0.009439802065867229,0.14342436611054274
2000,643,corrected,psi0,0.9126802263672448,0.1505996585049595
2000,643,corrected,psi1,0.48571974881144214,0.16590735255529915
2000,644,naive,psi0,-0.3230780060554165,0.12725482077137645
2000,644,naive,psi1,-0.0970247388018103,0.1295787353234715
2000,644,corrected,psi0,0.9449565202638566,0.1488395388573774
2000,644,corrected,psi1,0.37198645485118637,0.15441000011921366
2000,645,naive,psi0,-0.3465182938015338,0.12546002188084118
2000,645,naive,psi1,-0.07166050598614197,0.1304287649683079
2000,645,corrected,psi0,0.9274105080042024,0.1471415815424304
2000,645,corrected,psi1,0.4292453166323457,0.15452645082562752
2000,646,naive,psi0,-0.20170624486145883,0.12979871184740085
2000,646,naive,psi1,0.20143944962360188,0.15015207040529774
2000,646,corrected,psi0,1.0653855446796716,0.15098811794155784
2000,646,corrected,psi1,0.7262374810367298,0.17290434753746725
2000,647,naive,psi0,-0.4615951565240718,0.12328937748371441
2000,647,naive,psi1,-0.043647747000195726,0.13600281826883814
2000,647,corrected,psi0,0.8066240088453742,0.14409110758926535
2000,647,corrected,psi1,0.4639867634151582,0.16235113330040266
2000,648,naive,psi0,-0.3183554213425824,0.13039935506885406
2000,648,naive,psi1,0.07583718139283672,0.13897537153592526
2000,648,corrected,psi0,1.042657787078408,0.15252890140830622
2000,648,corrected,psi1,0.5680970108342827,0.16129150547290882
2000,649,naive,psi0,-0.2787587470782094,0.13169766284215995
2000,649,naive,psi1,-0.06654509697079618,0.13404269903370025
2000,649,corrected,psi0,1.0184536161466846,0.15135333157946648
2000,649,corrected,psi1,0.3906034635538758,0.1544224931019108
2000,650,naive,psi0,-0.18260243155157327,0.12556249748424322
2000,650,naive,psi1,0.06285449968758616,0.13010338846178343
2000,650,corrected,psi0,1.0974646003269977,0.14577762967708213
2000,650,corrected,psi1,0.5763555576843824,0.14999599139601524
2000,651,naive,psi0,-0.32536937697778867,0.12738871259538806
2000,651,naive,psi1,0.20626402992903697,0.141038757499936
2000,651,corrected,psi0,1.0234510309400031,0.14868708346898268
2000,651,corrected,psi1,0.7217947833923555,0.1641832523773106
2000,652,naive,psi0,-0.3439708018104582,0.1305706234973886
2000,652,naive,psi1,0.006833237821700598,0.1388227948540023
2000,652,corrected,psi0,0.9086678423050792,0.15108040612792825
2000,652,corrected,psi1,0.4671452862542722,0.16210227882452818
2000,653,naive,psi0,-0.39701032508796635,0.12480884328210401
2000,653,naive,psi1,-0.12184502527544715,0.12846062812698558
2000,653,corrected,psi0,0.8643104608471728,0.14426031767689018
2000,653,corrected,psi1,0.32268494806748654,0.14933978082787594
2000,654,naive,psi0,-0.19049668207286324,0.13719873854840048
2000,654,naive,psi1,0.11164908152191852,0.14474585938414353
2000,654,corrected,psi0,1.073064935848756,0.16057201352888573
2000,654,corrected,psi1,0.6488370538466582,0.16990831842571333
2000,655,naive,psi0,-0.1131825635192421,0.13077078547246496
2000,655,naive,psi1,-0.1358309896607123,0.12734136790403022
2000,655,corrected,psi0,1.1382490811967898,0.15068150710050685
2000,655,corrected,psi1,0.394227604524844,0.1481302147761671
2000,656,naive,psi0,-0.3734880637599573,0.12381409329348007
2000,656,naive,psi1,0.06957480796893778,0.13599632965475952
2000,656,corrected,psi0,0.8823143677353896,0.1446242856150298
2000,656,corrected,psi1,0.6108799815122418,0.15803592704859717
2000,657,naive,psi0,-0.3611597728282532,0.13022655780352302
2000,657,naive,psi1,0.22517615066792976,0.12658504095869963
2000,657,corrected,psi0,0.9096737670147196,0.1524748782492286
2000,657,corrected,psi1,0.7800022176985835,0.15008943145572565
2000,658,naive,psi0,-0.24853808315208392,0.12336615747892267
2000,658,naive,psi1,-0.18225205030898345,0.12411653064102861
2000,658,corrected,psi0,1.0582123251999618,0.1446228739028059
2000,658,corrected,psi1,0.3305341160761037,0.14538251765034024
2000,659,naive,psi0,-0.2671995768042196,0.12602833913129965
2000,659,naive,psi1,-0.30391450248920315,0.13786607467682357
2000,659,corrected,psi0,0.9625116367900898,0.14670655221519158
2000,659,corrected,psi1,0.13209232766102955,0.16071854375110925
2000,660,naive,psi0,-0.5636262934302527,0.12589492726173662
2000,660,naive,psi1,0.09470945910828751,0.13727416487980346
2000,660,corrected,psi0,0.6631054507869505,0.14667614360736586
2000,660,corrected,psi1,0.598096723437028,0.15947203382962888
2000,661,naive,psi0,-0.18197376987462155,0.12231588547327132
2000,661,naive,psi1,0.11375579423438859,0.1284255212311637
2000,661,corrected,psi0,1.1712305151703606,0.1430765854421483
2000,661,corrected,psi1,0.568789502084596,0.15051261526527107
2000,662,naive,psi0,-0.12475120195465877,0.12621335995393315
2000,662,naive,psi1,-0.0019806512636244555,0.13484329462866684
2000,662,corrected,psi0,1.1630606194795645,0.1459268285703859
2000,662,corrected,psi1,0.48930246265392147,0.15596165081335756
2000,663,naive,psi0,-0.18575130236935594,0.12607323385663824
2000,663,naive,psi1,-0.05855218441932161,0.12424946847835087
2000,663,corrected,psi0,1.1307499381358608,0.14743045090007903
2000,663,corrected,psi1,0.45379223642095146,0.14685302991443844
2000,664,naive,psi0,-0.28424985324653823,0.12762011648505947
2000,664,naive,psi1,0.10512167034145775,0.13853266959109112
2000,664,corrected,psi0,0.9471412835004855,0.14781881002755748
2000,664,corrected,psi1,0.6105566380013038,0.15914789200352603
2000,665,naive,psi0,-0.20480459339944784,0.1266286873705201
2000,665,naive,psi1,0.037040693052019555,0.1382030110062467
2000,665,corrected,psi0,1.061936386870676,0.14647732765476332
2000,665,corrected,psi1,0.5537365682996643,0.15774257210195347
2000,666,naive,psi0,-0.14826044242775652,0.12955228185619014
2000,666,naive,psi1,0.21196785741692029,0.13495573752986598
2000,666,corrected,psi0,1.1329907034702134,0.150009365050653
2000,666,corrected,psi1,0.7481617827502344,0.15567015268398515
2000,667,naive,psi0,-0.2162226869157852,0.12349535940965245
2000,667,naive,psi1,-0.0006689496626559542,0.1306311153872264
2000,667,corrected,psi0,1.0765201699219074,0.14420677907980167
2000,667,corrected,psi1,0.5017995994932894,0.15179001526646135
2000,668,naive,psi0,-0.30399372967870014,0.12638646961488267
2000,668,naive,psi1,-0.03724397307092055,0.1322126777094688
2000,668,corrected,psi0,0.9545218264108154,0.14853313630033554
2000,668,corrected,psi1,0.4371702639983351,0.15734078521985712
2000,669,naive,psi0,-0.3549536058259882,0.1278218188229342
2000,669,naive,psi1,0.003201130707561859,0.13249505872946268
2000,669,corrected,psi0,0.9399830722491137,0.14949162786812603
2000,669,corrected,psi1,0.45664647029725475,0.15739507948389309
2000,670,naive,psi0,-0.2960610695888843,0.12858460858522103
2000,670,naive,psi1,-0.25728948168275995,0.13124351938566153
2000,670,corrected,psi0,0.9915539136223095,0.1491722112566654
2000,670,corrected,psi1,0.2371887078033052,0.15119244476560598
2000,671,naive,psi0,-0.1914744089505591,0.12676216958543582
2000,671,naive,psi1,-0.14473743101564127,0.13309307636442944
2000,671,corrected,psi0,1.1483125566634267,0.14687992243377127
2000,671,corrected,psi1,0.32764449631405673,0.1539653219205277
2000,672,naive,psi0,-0.2960946508278992,0.12727839550641143
2000,672,naive,psi1,0.05434831675080958,0.1328242344723838
2000,672,corrected,psi0,0.9746226625896903,0.14859958468987103
2000,672,corrected,psi1,0.5134892441651414,0.15719039649706879
2000,673,naive,psi0,-0.14727768888791598,0.12644955622004492
2000,673,naive,psi1,-0.15174112291378009,0.13321165355783807
2000,673,corrected,psi0,1.1782269997490489,0.14680492435843917
2000,673,corrected,psi1,0.30421782394449914,0.1558209186500111
2000,674,naive,psi0,-0.14686455992478592,0.13171024147676846
2000,674,naive,psi1,-0.1605650264633425,0.13768571150356682
2000,674,corrected,psi0,1.1984242057031558,0.1524549569666801
2000,674,corrected,psi1,0.3370589558643448,0.15875555477297348
2000,675,naive,psi0,-0.257414256754508,0.13007133076153074
2000,675,naive,psi1,0.00046264616439280426,0.13485992148488726
2000,675,corrected,psi0,0.9919775418385528,0.15283153515499415
2000,675,corrected,psi1,0.4830411624339646,0.16039146671514973
2000,676,naive,psi0,-0.13335323246088268,0.1310624091655284
2000,676,naive,psi1,-0.03621831403103299,0.1472070157670891
2000,676,corrected,psi0,1.0946494358068335,0.15195802997882565
2000,676,corrected,psi1,0.41904250063007814,0.17127890771565474
2000,677,naive,psi0,-0.3582582011395716,0.1263093249179746
2000,677,naive,psi1,-0.0827338960299676,0.1372945194693054
2000,677,corrected,psi0,0.9341539989062001,0.14554408796166932
2000,677,corrected,psi1,0.40661249998124044,0.15663703632078213
2000,678,naive,psi0,-0.3498660092895853,0.12582930293122907
2000,678,naive,psi1,0.1563036028874226,0.13397382515198633
2000,678,corrected,psi0,0.9498597656547223,0.14490076864478166
2000,678,corrected,psi1,0.6601812772808181,0.15509423191508973
2000,679,naive,psi0,-0.43746814814962426,0.13214030664812407
2000,679,naive,psi1,-0.09977970508840128,0.13864068322504375
2000,679,corrected,psi0,0.7751706369968681,0.15407026125208395
2000,679,corrected,psi1,0.42742033153688747,0.16035002889601677
2000,680,naive,psi0,-0.15335941896848432,0.1328208760992982
2000,680,naive,psi1,-0.10073622696790338,0.12907483218198987
2000,680,corrected,psi0,1.1081784654984472,0.1543090308984252
2000,680,corrected,psi1,0.364211207502361,0.14962288648143085
2000,681,naive,psi0,-0.1311017599809557,0.13081513385319996
2000,681,naive,psi1,-0.01685548397989625,0.1258360719987597
2000,681,corrected,psi0,1.1564293212860024,0.15249271348125812
2000,681,corrected,psi1,0.469626189966137,0.1490613232779601
2000,682,naive,psi0,-0.3319541337466561,0.12797397301065508
2000,682,naive,psi1,-0.16425677419259987,0.1397758679265488
2000,682,corrected,psi0,0.9358663704086608,0.1497687528843833
2000,682,corrected,psi1,0.250973518681272,0.16188085780856795
2000,683,naive,psi0,-0.11410235507700411,0.131084535649206
2000,683,naive,psi1,0.06290098605215594,0.12875349844534004
2000,683,corrected,psi0,1.2018535150506269,0.15455114206339693
2000,683,corrected,psi1,0.5442085888355245,0.15328671336669397
2000,684,naive,psi0,-0.40930015071358145,0.13102001638680094
2000,684,naive,psi1,0.07569076402019864,0.14296247556367395
2000,684,corrected,psi0,0.9231000241395103,0.15077997079655384
2000,684,corrected,psi1,0.5400871619210873,0.16577872967556923
2000,685,naive,psi0,-0.3450652573881933,0.12743548516914202
2000,685,naive,psi1,-0.02827997693188068,0.12204317008000741
2000,685,corrected,psi0,0.8927238486786379,0.14750527221249243
2000,685,corrected,psi1,0.4693897637992048,0.14003249089629363
2000,686,naive,psi0,-0.17454678607529753,0.1255841488130573
2000,686,naive,psi1,-0.2946157918139648,0.13728365756113867
2000,686,corrected,psi0,1.167363712189201,0.14663928886959424
2000,686,corrected,psi1,0.04133873266449965,0.16272616959215258
2000,687,naive,psi0,-0.20621329939868271,0.12511718851851683
2000,687,naive,psi1,-0.030208287112633153,0.1318573937550844
2000,687,corrected,psi0,1.0931778858577514,0.14701004993308464
2000,687,corrected,psi1,0.43294083555838747,0.15445180351868754
2000,688,naive,psi0,-0.19520036558647952,0.12348924473873565
2000,688,naive,psi1,-0.1643923441215365,0.1392390183196879
2000,688,corrected,psi0,1.0729099731994725,0.1417065721850529
2000,688,corrected,psi1,0.3419822964271855,0.15918425993543237
2000,689,naive,psi0,-0.09520633928566455,0.12721331801563576
2000,689,naive,psi1,0.013274988563772459,0.12927456151070732
2000,689,corrected,psi0,1.1796041716230097,0.1485278672584366
2000,689,corrected,psi1,0.4998000686284717,0.14837893361972673
2000,690,naive,psi0,-0.45304310360598893,0.12303453887108616
2000,690,naive,psi1,0.11260512182545604,0.13636151579827954
2000,690,corrected,psi0,0.782223791040316,0.14271094919184876
2000,690,corrected,psi1,0.6147472560014196,0.16237703570202727
2000,691,naive,psi0,-0.41649565830606905,0.12431724627872746
2000,691,naive,psi1,0.0016591448458647018,0.12803458955641753
2000,691,corrected,psi0,0.806290517624957,0.14581375848910094
2000,691,corrected,psi1,0.5301143054125889,0.15358118465097592
2000,692,naive,psi0,-0.26191528024977456,0.12899051932025504
2000,692,naive,psi1,0.07284293814833491,0.13212615287857313
2000,692,corrected,psi0,1.0961075192823657,0.14852038068427398
2000,692,corrected,psi1,0.5504740738170514,0.15188118109931664
2000,693,naive,psi0,-0.27256992901049226,0.13223221729945106
2000,693,naive,psi1,0.3656705016587483,0.13997086738135248
2000,693,corrected,psi0,0.9762568215004297,0.15478628202230788
2000,693,corrected,psi1,0.8975229104489776,0.16539516526822337
2000,694,naive,psi0,-0.23347485909875315,0.12056239480005816
2000,694,naive,psi1,-0.15472652732574435,0.12739291087858656
2000,694,corrected,psi0,1.0557050336253524,0.14150481192272005
2000,694,corrected,psi1,0.3296103630221445,0.1513270001025861
2000,695,naive,psi0,-0.36157636124101705,0.13059810189080046
2000,695,naive,psi1,0.03458511708458561,0.13841514007637723
2000,695,corrected,psi0,0.9160952905728204,0.15026237450085903
2000,695,corrected,psi1,0.5800863863310273,0.15753958762805853
2000,696,naive,psi0,-0.2946862045661918,0.12514412784258025
2000,696,naive,psi1,0.010802738296760908,0.12802790846923373
2000,696,corrected,psi0,0.9916402109882948,0.14686591846377164
2000,696,corrected,psi1,0.4863422009673986,0.14866263260822246
2000,697,naive,psi0,-0.3749342229160799,0.12797186945357858
2000,697,naive,psi1,0.06089953963462591,0.12942980874387897
2000,697,corrected,psi0,0.9378487483569262,0.1490002095631112
2000,697,corrected,psi1,0.5850774091019657,0.15177318033734113
2000,698,naive,psi0,-0.40442646689694844,0.12457837488974374
2000,698,naive,psi1,0.025073445702796744,0.12953496478391893
2000,698,corrected,psi0,0.8467036639911916,0.14667307621532338
2000,698,corrected,psi1,0.59228153784134,0.1534951389960298
2000,699,naive,psi0,-0.039844222789714896,0.12423849082980214
2000,699,naive,psi1,0.07485044205194995,0.13065583767640332
2000,699,corrected,psi0,1.23459227132819,0.14463339754849408
2000,699,corrected,psi1,0.5592972437296627,0.15373036761239428
2000,700,naive,psi0,-0.2231064761375662,0.1238730694937653
2000,700,naive,psi1,0.1082311854040347,0.1284316516311725
2000,700,corrected,psi0,1.062869171275361,0.14444931026209534
2000,700,corrected,psi1,0.6583816088639398,0.1511322981386513
2000,701,naive,psi0,-0.31844732222677274,0.12901671757579503
2000,701,naive,psi1,0.013038385182421995,0.148861237144108
2000,701,corrected,psi0,0.9302273581663233,0.1494824558710891
2000,701,corrected,psi1,0.5326468475918269,0.17156154909473997
2000,702,naive,psi0,-0.24781228279856118,0.1265354235558596
2000,702,naive,psi1,0.09096275328759637,0.1321737682938517
2000,702,corrected,psi0,1.0409284302650323,0.1463569456046294
2000,702,corrected,psi1,0.5663395176633759,0.15351090174618642
2000,703,naive,psi0,-0.4424144654322168,0.1227824625475515
2000,703,naive,psi1,-0.2082464911604612,0.1305892440794454
2000,703,corrected,psi0,0.841989441910672,0.1428700320102111
2000,703,corrected,psi1,0.2888816582579967,0.15115925125643626
2000,704,naive,psi0,-0.3202624794645431,0.12728514654848172
2000,704,naive,psi1,-0.037736010776165105,0.1363556715709483
2000,704,corrected,psi0,0.949448920463039,0.1487730966212017
2000,704,corrected,psi1,0.44841845593354246,0.16266945210435815
2000,705,naive,psi0,-0.22277560658459952,0.12487133395934738
2000,705,naive,psi1,0.025660085052054984,0.13072580695114666
2000,705,corrected,psi0,1.0450318555615983,0.14607482993881837
2000,705,corrected,psi1,0.511929853336026,0.1519429557966506
2000,706,naive,psi0,-0.44588605863226,0.13413405088220237
2000,706,naive,psi1,0.05527675877547898,0.1461071161707058
2000,706,corrected,psi0,0.8214608962821052,0.1565881466426458
2000,706,corrected,psi1,0.5757440597397214,0.17033791530098724
2000,707,naive,psi0,-0.17798972648057906,0.12384920870088328
2000,707,naive,psi1,-0.06234066612053161,0.14239199085545232
2000,707,corrected,psi0,1.0853269920885953,0.14473248385849355
2000,707,corrected,psi1,0.40244658583068627,0.16413643498935787
2000,708,naive,psi0,-0.10656130966708939,0.12360145323794478
2000,708,naive,psi1,0.04473071894729316,0.12342654132439991
2000,708,corrected,psi0,1.2047024910125173,0.14166454733526115
2000,708,corrected,psi1,0.530504502429761,0.1410837363636788
2000,709,naive,psi0,-0.14644727964114862,0.13031764288932152
2000,709,naive,psi1,0.06057576707098513,0.1357379601100356
2000,709,corrected,psi0,1.0595262613307612,0.1505067045372082
2000,709,corrected,psi1,0.5835694367214228,0.15758581498371527
2000,710,naive,psi0,-0.35520414241606163,0.1288686723704926
2000,710,naive,psi1,0.09624175605765511,0.1427917136779382
2000,710,corrected,psi0,0.8975768330845725,0.15165540211808282
2000,710,corrected,psi1,0.6170699491276918,0.16941115945133872
2000,711,naive,psi0,-0.3388745521182225,0.12989807365957054
2000,711,naive,psi1,0.0365362691052878,0.12767848220967332
2000,711,corrected,psi0,0.9560685050338956,0.15037083450529154
2000,711,corrected,psi1,0.5232945930797304,0.14638616947257718
2000,712,naive,psi0,-0.26926998688176823,0.12934483565531119
2000,712,naive,psi1,-0.04769119175202978,0.14501152013751203
2000,712,corrected,psi0,1.026877908983706,0.14941329172175624
2000,712,corrected,psi1,0.4076921584569676,0.1672151002830759
2000,713,naive,psi0,-0.4131152830513855,0.12505719252276778
2000,713,naive,psi1,0.05652868240442304,0.14959295389108065
2000,713,corrected,psi0,0.8488768979873453,0.14534699943485868
2000,713,corrected,psi1,0.5007472013873803,0.17137496699057778
2000,714,naive,psi0,-0.2957606287918457,0.12962754473804017
2000,714,naive,psi1,0.131925500045964,0.13339779744192615
2000,714,corrected,psi0,0.968064452110586,0.1517224215633455
2000,714,corrected,psi1,0.6305810477254611,0.15725234102634353
2000,715,naive,psi0,-0.29283051379948016,0.12672671463897348
2000,715,naive,psi1,0.018926173307228348,0.1343846031248111
2000,715,corrected,psi0,0.9603925925847173,0.14622555148632596
2000,715,corrected,psi1,0.5196242699791045,0.15494734704462354
2000,716,naive,psi0,-0.22756679498978288,0.12491513883071537
2000,716,naive,psi1,0.15680454291338736,0.13983392922081206
2000,716,corrected,psi0,1.122266321627411,0.14551376625424003
2000,716,corrected,psi1,0.6294950671578543,0.1613349368481127
2000,717,naive,psi0,-0.28817658869484264,0.12748096134448397
2000,717,naive,psi1,-0.027325589306472026,0.1315930164326396
2000,717,corrected,psi0,0.9696807272278042,0.1482837303175125
2000,717,corrected,psi1,0.45924346972873065,0.15080638012614075
2000,718,naive,psi0,-0.32815229868529266,0.12518973441659567
2000,718,naive,psi1,-0.024823688412805762,0.13214108906399047
2000,718,corrected,psi0,0.9276189257088441,0.14528374475744701
2000,718,corrected,psi1,0.4408274375960572,0.15399513237729714
2000,719,naive,psi0,-0.17930914610423343,0.12225685624341141
2000,719,naive,psi1,0.025501097266917225,0.122508285328088
2000,719,corrected,psi0,1.0997630132313316,0.14183926075959077
2000,719,corrected,psi1,0.5332237761483154,0.14207348104498832
2000,720,naive,psi0,-0.05693724932568184,0.135280194934139
2000,720,naive,psi1,0.25134742014058514,0.14306830007535104
2000,720,corrected,psi0,1.2428133034419429,0.15778287866204863
2000,720,corrected,psi1,0.7924185718801837,0.1661641879402582
2000,721,naive,psi0,-0.30115743966276115,0.13499374991317764
2000,721,naive,psi1,0.060653994413118355,0.1491806273381893
2000,721,corrected,psi0,1.0466863772860322,0.1576663797512212
2000,721,corrected,psi1,0.6482556264155246,0.17517251113548293
2000,722,naive,psi0,-0.37958772361329235,0.12493106338885739
2000,722,naive,psi1,-0.10266409423296456,0.1309145925598976
2000,722,corrected,psi0,0.8881083532482841,0.14314555149481942
2000,722,corrected,psi1,0.4068858453111626,0.14907439808955011
2000,723,naive,psi0,-0.44735907052822466,0.1286763942794554
2000,723,naive,psi1,-0.018342244822340245,0.1344646600346226
2000,723,corrected,psi0,0.7915498949054152,0.15014898469722443
2000,723,corrected,psi1,0.4573269980179065,0.15527547952489923
2000,724,naive,psi0,-0.3382465265798502,0.12941225181032442
2000,724,naive,psi1,0.019284038841198323,0.13162172889610887
2000,724,corrected,psi0,0.958682873998823,0.15034241378613697
2000,724,corrected,psi1,0.47456705819442574,0.152939177622863
2000,725,naive,psi0,-0.20441120164434362,0.1274217685066024
2000,725,naive,psi1,0.13243102396307332,0.13541801192259542
2000,725,corrected,psi0,1.1070610458033538,0.14800887962741688
2000,725,corrected,psi1,0.5910304153915411,0.15666820785780605
2000,726,naive,psi0,-0.24157296936595338,0.13122187815602115
2000,726,naive,psi1,-0.11372540515646504,0.1346414651896315
2000,726,corrected,psi0,0.9854450482864866,0.15236295238448186
2000,726,corrected,psi1,0.42406039418811214,0.16012153651174177
2000,727,naive,psi0,-0.2808518594180541,0.12447609138369645
2000,727,naive,psi1,-0.04096093291817436,0.13287133329074804
2000,727,corrected,psi0,1.0176106055173029,0.1462348136940626
2000,727,corrected,psi1,0.4269737161521143,0.1577071214072199
2000,728,naive,psi0,-0.14984004304350046,0.12433044947703528
2000,728,naive,psi1,-0.05606802535845195,0.12905909271190436
2000,728,corrected,psi0,1.1574159805409494,0.14452412344586937
2000,728,corrected,psi1,0.4093444819195031,0.15164811002652254
2000,729,naive,psi0,-0.23931824694122705,0.13160831218817945
2000,729,naive,psi1,0.016413721551224725,0.13289880504858698
2000,729,corrected,psi0,1.0662183048066698,0.15301386426738284
2000,729,corrected,psi1,0.5712429473963927,0.15541486624626707
2000,730,naive,psi0,-0.014138378827738177,0.13070289111588657
2000,730,naive,psi1,0.05755851723027925,0.13785270243910175
2000,730,corrected,psi0,1.2935589092403477,0.15203576260515644
2000,730,corrected,psi1,0.5687331412909129,0.16195468160952142
2000,731,naive,psi0,-0.4350981984366155,0.12559670900997671
2000,731,naive,psi1,0.03328538960834573,0.12153854650140161
2000,731,corrected,psi0,0.8707223070613986,0.14672176545318674
2000,731,corrected,psi1,0.5395133455082611,0.14530203424768617
2000,732,naive,psi0,-0.32964456145279525,0.12566948165513453
2000,732,naive,psi1,0.023868697030808295,0.1285790492605118
2000,732,corrected,psi0,0.9288020530346542,0.14586349007391042
2000,732,corrected,psi1,0.5655771275228162,0.15036052985503864
2000,733,naive,psi0,-0.320034148076242,0.13198034500353042
2000,733,naive,psi1,-0.09208181881542396,0.144113321855394
2000,733,corrected,psi0,0.9335695671574266,0.15418689798463492
2000,733,corrected,psi1,0.4064915303333283,0.17837379003332154
2000,734,naive,psi0,-0.26414719567337763,0.12784214657496337
2000,734,naive,psi1,0.1530776129046326,0.13749017692287657
2000,734,corrected,psi0,1.0134245528767347,0.14760875007108504
2000,734,corrected,psi1,0.7601652752758087,0.16103184516812458
2000,735,naive,psi0,-0.27153459401279584,0.13367683307179853
2000,735,naive,psi1,-0.11081650581535508,0.13699052985935747
2000,735,corrected,psi0,0.9918034134177134,0.15460627954031592
2000,735,corrected,psi1,0.3918393242344837,0.15843929846203775
2000,736,naive,psi0,-0.5182390049680751,0.12429826967296141
2000,736,naive,psi1,0.21687000591081287,0.12628836240925506
2000,736,corrected,psi0,0.7798640642485417,0.14473918160004073
2000,736,corrected,psi1,0.6989381426863794,0.1479417523102568
2000,737,naive,psi0,-0.312946722851165,0.12528398911890823
2000,737,naive,psi1,-0.02223524185823104,0.13394644067222555
2000,737,corrected,psi0,0.95007912459975,0.14609531096442047
2000,737,corrected,psi1,0.4949408170347331,0.15903881773986236
2000,738,naive,psi0,-0.29079224136797654,0.13120150580723602
2000,738,naive,psi1,0.13538811528804934,0.1343997902896395
2000,738,corrected,psi0,0.997059069803659,0.1525564612392985
2000,738,corrected,psi1,0.6622833662637686,0.1557979302380324
2000,739,naive,psi0,-0.2196605516298592,0.12946662344540597
2000,739,naive,psi1,0.10233182676090215,0.1418708333078271
2000,739,corrected,psi0,1.035647822351345,0.15090723044765833
2000,739,corrected,psi1,0.6397575457868369,0.16093239842239385
2000,740,naive,psi0,-0.4256844944004384,0.12269382165498788
2000,740,naive,psi1,-0.04635259196518971,0.11617720056479829
2000,740,corrected,psi0,0.7957891037098653,0.1429024154122606
2000,740,corrected,psi1,0.497820166062469,0.13541963810871682
2000,741,naive,psi0,-0.084106006083459,0.13390837241986348
2000,741,naive,psi1,0.1839206333890677,0.13778096273167406
2000,741,corrected,psi0,1.173125011070513,0.155606135624914
2000,741,corrected,psi1,0.7297791783045566,0.15938110953765083
2000,742,naive,psi0,-0.2909230725850367,0.12871945744314836
2000,742,naive,psi1,-0.16042992488191948,0.1470569683183867
2000,742,corrected,psi0,0.9970811180621426,0.1489627384306484
2000,742,corrected,psi1,0.3464431527443841,0.16865404996282168
2000,743,naive,psi0,-0.3488538757472149,0.12802130081056157
2000,743,naive,psi1,0.14924890117757447,0.12161416947653639
2000,743,corrected,psi0,0.9096048047282487,0.15008510864603208
2000,743,corrected,psi1,0.6866480152786095,0.14617312006819638
2000,744,naive,psi0,-0.2436590146519595,0.12789299244658156
2000,744,naive,psi1,-0.18160537051496062,0.14445842904886982
2000,744,corrected,psi0,1.0104215442877915,0.15096095573515758
2000,744,corrected,psi1,0.34184420673323673,0.1754215089869499
2000,745,naive,psi0,-0.3075334054203002,0.12227340222792842
2000,745,naive,psi1,-0.0495706011617799,0.1336885229068801
2000,745,corrected,psi0,0.9827622901695752,0.14334402772424992
2000,745,corrected,psi1,0.4785044265101393,0.15572841237454943
2000,746,naive,psi0,-0.2407000212282723,0.13094526321449185
2000,746,naive,psi1,0.05128398887630008,0.13334632744098399
2000,746,corrected,psi0,0.998175667507846,0.15194701534384322
2000,746,corrected,psi1,0.5363857550346189,0.15713019570687167
2000,747,naive,psi0,-0.15641451857220032,0.1238332445189511
2000,747,naive,psi1,0.06337117716231763,0.132398175540274
2000,747,corrected,psi0,1.1272723817836674,0.14290421862026603
2000,747,corrected,psi1,0.5882810700437013,0.15124006290260888
2000,748,naive,psi0,-0.31758604605013746,0.12675726633989873
2000,748,naive,psi1,-0.18257083606779673,0.12744760525696142
2000,748,corrected,psi0,0.9877857408606937,0.14716866125278832
2000,748,corrected,psi1,0.29334207871790513,0.14891383788066073
2000,749,naive,psi0,-0.18401105769561552,0.12762198932687113
2000,749,naive,psi1,-0.11687270183380714,0.14188516278624777
2000,749,corrected,psi0,1.1162431952129779,0.14890662986394518
2000,749,corrected,psi1,0.3961087327441401,0.1650025479079777
2000,750,naive,psi0,-0.41219960678813355,0.12797468729678865
2000,750,naive,psi1,0.06952335111109806,0.13937616543806394
2000,750,corrected,psi0,0.8219819940438297,0.15025632175929862
2000,750,corrected,psi1,0.5913816744470485,0.16575476320166585
2000,751,naive,psi0,-0.188155136864218,0.12650962829302165
2000,751,naive,psi1,0.20783583046168017,0.1265912229761942
2000,751,corrected,psi0,1.1549202545650346,0.14656765514563425
2000,751,corrected,psi1,0.6480188142972009,0.14878844638256977
2000,752,naive,psi0,-0.4554821053804291,0.12540435169077258
2000,752,naive,psi1,0.07363515985365054,0.1299895377448029
2000,752,corrected,psi0,0.7744688515580106,0.14692806933907587
2000,752,corrected,psi1,0.5724793678486096,0.152503490461942
2000,753,naive,psi0,-0.24815231627608425,0.13160621016970403
2000,753,naive,psi1,0.38138689650986,0.14027605912514068
2000,753,corrected,psi0,1.0513503556118051,0.1546688124177625
2000,753,corrected,psi1,0.9200289047318956,0.16542257253025375
2000,754,naive,psi0,-0.1500893411645998,0.1288911118240942
2000,754,naive,psi1,-0.3540335221598136,0.13487649484165412
2000,754,corrected,psi0,1.10118219403441,0.15154605085782616
2000,754,corrected,psi1,0.0696887896757571,0.15994866648218842
2000,755,naive,psi0,-0.4077155397311245,0.1255525023383508
2000,755,naive,psi1,0.022023348466568695,0.1374224593237099
2000,755,corrected,psi0,0.81864473400605,0.1457718610207112
2000,755,corrected,psi1,0.530091252597011,0.15740479883954026
2000,756,naive,psi0,-0.18867517226000305,0.12945018372745246
2000,756,naive,psi1,-0.09596342203222989,0.13040523828476158
2000,756,corrected,psi0,1.1013726338837417,0.15169662659432062
2000,756,corrected,psi1,0.36806094820688395,0.1521492855418611
2000,757,naive,psi0,-0.1786419493260698,0.1238140949513409
2000,757,naive,psi1,-0.06334168821706605,0.14045473866659194
2000,757,corrected,psi0,1.1048192464912288,0.14451093589850383
2000,757,corrected,psi1,0.4409029169648736,0.1639433250721024
2000,758,naive,psi0,-0.22462565468685905,0.12630793658164244
2000,758,naive,psi1,0.0759664384704995,0.12563921540273257
2000,758,corrected,psi0,1.0583202395693545,0.1475377470142188
2000,758,corrected,psi1,0.6503828429854956,0.14605126556356782
2000,759,naive,psi0,-0.25884217092207634,0.1336747138608405
2000,759,naive,psi1,-0.12884995298060786,0.1414146727656397
2000,759,corrected,psi0,1.0213002588503135,0.156012532714702
2000,759,corrected,psi1,0.39769420291036445,0.1651921476034635
2000,760,naive,psi0,-0.11641439594657725,0.12703671344741463
2000,760,naive,psi1,-0.003205983200794916,0.1358106092254922
2000,760,corrected,psi0,1.1281258159302125,0.1496629217169717
2000,760,corrected,psi1,0.5406490347952625,0.15907939158774798
2000,761,naive,psi0,-0.2851070885295807,0.1259912388988441
2000,761,naive,psi1,-0.03154293817492012,0.13123419329985764
2000,761,corrected,psi0,0.9500927597596301,0.14619883995001023
2000,761,corrected,psi1,0.44368078344517553,0.15264317974160102
2000,762,naive,psi0,-0.13973733691468493,0.12166349658331256
2000,762,naive,psi1,-0.04093954693538604,0.1235803098905992
2000,762,corrected,psi0,1.164324762790477,0.1412319318606132
2000,762,corrected,psi1,0.44238583816029287,0.14264955099774138
2000,763,naive,psi0,-0.19668317234453844,0.13306494062860946
2000,763,naive,psi1,0.13491781804499436,0.14086417673643037
2000,763,corrected,psi0,1.1037786211038374,0.15476752701250632
2000,763,corrected,psi1,0.6485895389417533,0.1633519911781263
2000,764,naive,psi0,-0.18812794129317342,0.12876842720834936
2000,764,naive,psi1,-0.15495633394481365,0.13423351123262986
2000,764,corrected,psi0,1.0118989445756879,0.1497993949251825
2000,764,corrected,psi1,0.294927184727565,0.1549158926981476
2000,765,naive,psi0,-0.2951312532062298,0.1283240171350562
2000,765,naive,psi1,-0.07861029123104722,0.1306623793376612
2000,765,corrected,psi0,1.0107577990018055,0.1469861984144648
2000,765,corrected,psi1,0.34031600577242493,0.14623775835096636
2000,766,naive,psi0,-0.3649391318650928,0.12602356438891887
2000,766,naive,psi1,0.0016034352870406637,0.14225834256565476
2000,766,corrected,psi0,0.8653800541555318,0.1473549473865659
2000,766,corrected,psi1,0.4666619159760008,0.1671648450010042
2000,767,naive,psi0,-0.16621130686970653,0.12592665375325973
2000,767,naive,psi1,-0.07588952623569009,0.13269593589463455
2000,767,corrected,psi0,1.1471363385863902,0.14737030755108
2000,767,corrected,psi1,0.36036726725422125,0.15433441292152877
2000,768,naive,psi0,-0.42924954656687614,0.12477440138109952
2000,768,naive,psi1,-0.08927959167265877,0.12876799064499167
2000,768,corrected,psi0,0.8192182403586182,0.14406801499026856
2000,768,corrected,psi1,0.40454191292721653,0.14959399975646762
2000,769,naive,psi0,-0.4651009141228896,0.12931757583573253
2000,769,naive,psi1,-0.3317153258898464,0.15145728842009515
2000,769,corrected,psi0,0.7932735207220162,0.15111125920578308
2000,769,corrected,psi1,0.043531132284691486,0.17414839728440437
2000,770,naive,psi0,-0.299848888521356,0.1235938054603213
2000,770,naive,psi1,0.16947296186180485,0.1427125881398161
2000,770,corrected,psi0,0.9498132155430278,0.14422573403654956
2000,770,corrected,psi1,0.7077365545103546,0.16374002782963237
2000,771,naive,psi0,-0.3151514088521937,0.13081688495727198
2000,771,naive,psi1,-0.015165118975281335,0.13474681033247665
2000,771,corrected,psi0,0.9739063377745115,0.1507913616802851
2000,771,corrected,psi1,0.49223443100653086,0.15484468724374625
2000,772,naive,psi0,-0.36111979965035046,0.13326454620020942
2000,772,naive,psi1,-0.0679764967824003,0.15487777916445905
2000,772,corrected,psi0,0.9136957524494006,0.1556188002076382
2000,772,corrected,psi1,0.42822523045338096,0.17853695037925468
2000,773,naive,psi0,-0.18200244432944995,0.12649374417381937
2000,773,naive,psi1,0.1287488569007189,0.13093256908267473
2000,773,corrected,psi0,1.1057343253917649,0.14569630875711484
2000,773,corrected,psi1,0.6130178340176867,0.15006095062848632
2000,774,naive,psi0,-0.23741711546715222,0.12734999537337227
2000,774,naive,psi1,-0.2723288660253367,0.14654681775397885
2000,774,corrected,psi0,1.0220893478630695,0.14728436655056457
2000,774,corrected,psi1,0.2092412465788231,0.1689535801318427
2000,775,naive,psi0,-0.35808203778680014,0.1326054900945263
2000,775,naive,psi1,-0.04089944117126556,0.13308374306506446
2000,775,corrected,psi0,0.9815897040404756,0.15444375367925933
2000,775,corrected,psi1,0.3701552167011782,0.15430259376939326
2000,776,naive,psi0,-0.13822150720726792,0.12499659302537294
2000,776,naive,psi1,-0.02325924682463186,0.13770147441770159
2000,776,corrected,psi0,1.1961868488946175,0.143580567698854
2000,776,corrected,psi1,0.4210372443707684,0.15788690020131962
2000,777,naive,psi0,-0.2896991888489099,0.13040441468963196
2000,777,naive,psi1,0.1895038828634275,0.1495501848022503
2000,777,corrected,psi0,0.9670019743094558,0.15219151852487922
2000,777,corrected,psi1,0.682644168397131,0.17246212010099388
2000,778,naive,psi0,-0.18095562792868825,0.12648993530860855
2000,778,naive,psi1,0.0036307717684136323,0.14645801734413805
2000,778,corrected,psi0,1.1376381935201156,0.1476025747754948
2000,778,corrected,psi1,0.5304060900507913,0.168490279990854
2000,779,naive,psi0,-0.12345057004628607,0.12556147146002983
2000,779,naive,psi1,-0.08798205163476393,0.13158166874830238
2000,779,corrected,psi0,1.166700396861674,0.1457556908057165
2000,779,corrected,psi1,0.3404244219413138,0.15154653814669256
2000,780,naive,psi0,-0.1385855658038054,0.1290762459078795
2000,780,naive,psi1,0.3180772168159171,0.12626604574921196
2000,780,corrected,psi0,1.1124718762500934,0.14967578566998116
2000,780,corrected,psi1,0.8962930520116718,0.14502549741469845
2000,781,naive,psi0,-0.2081578846076246,0.13509703858275438
2000,781,naive,psi1,-0.12703073526509662,0.13525958059581084
2000,781,corrected,psi0,1.0312343821260097,0.15744704527639658
2000,781,corrected,psi1,0.3659737395416293,0.15922380373805456
2000,782,naive,psi0,-0.22573157814006722,0.13114001702309025
2000,782,naive,psi1,0.04990187284563761,0.13990059001605448
2000,782,corrected,psi0,1.024213314725466,0.15384137847010823
2000,782,corrected,psi1,0.5338577568725058,0.1660863852391571
2000,783,naive,psi0,-0.2113753037249859,0.1252973610108228
2000,783,naive,psi1,0.20602149288983979,0.13106674169063254
2000,783,corrected,psi0,1.0536567451511438,0.14586700916941947
2000,783,corrected,psi1,0.7401781295174349,0.1528993615696036
2000,784,naive,psi0,-0.1519201744062205,0.12291082161649156
2000,784,naive,psi1,0.2546155160677683,0.1295414895154739
2000,784,corrected,psi0,1.132414790178122,0.1416754936579875
2000,784,corrected,psi1,0.8233813716116382,0.1499731671995849
2000,785,naive,psi0,-0.14011326345459274,0.12686396297625974
2000,785,naive,psi1,0.03938398303398642,0.1332654447752924
2000,785,corrected,psi0,1.12006363625429,0.14738096207716453
2000,785,corrected,psi1,0.5640630858859118,0.15472389711234524
2000,786,naive,psi0,-0.3069848330913773,0.12555544143491826
2000,786,naive,psi1,-0.15955946151371506,0.1461464372880342
2000,786,corrected,psi0,0.9448025819995316,0.14614681236980448
2000,786,corrected,psi1,0.34606208352828977,0.17030474598728784
2000,787,naive,psi0,-0.43685117727261424,0.12132107344213394
2000,787,naive,psi1,0.00790888212459166,0.12642911805192084
2000,787,corrected,psi0,0.8420057441071838,0.14223431118028085
2000,787,corrected,psi1,0.5384453232554638,0.15091759457449433
2000,788,naive,psi0,-0.40082922981606195,0.12304639809292887
2000,788,naive,psi1,-0.056281889046100805,0.129924800163312
2000,788,corrected,psi0,0.8604149887956869,0.14258291068029985
2000,788,corrected,psi1,0.46117748707563094,0.15449153950119873
2000,789,naive,psi0,-0.0857601116928665,0.1280386838677751
2000,789,naive,psi1,0.13363846039592228,0.13546530641913357
2000,789,corrected,psi0,1.2110553005780644,0.1491751966540897
2000,789,corrected,psi1,0.6170420663431405,0.15735510501893024
2000,790,naive,psi0,-0.03148467448655737,0.12894684656823066
2000,790,naive,psi1,0.05479379196192523,0.13049241380646334
2000,790,corrected,psi0,1.2869783308104443,0.14989932548907547
2000,790,corrected,psi1,0.532781760221876,0.15219101956294265
2000,791,naive,psi0,-0.2838872677754085,0.12506481000767566
2000,791,naive,psi1,0.09251366793244425,0.13227321834847772
2000,791,corrected,psi0,0.9914393215346011,0.1444826933186186
2000,791,corrected,psi1,0.6308971534060697,0.1535635668214671
2000,792,naive,psi0,-0.22870359656892947,0.12001541915638342
2000,792,naive,psi1,-0.010841732141090733,0.12362845928301452
2000,792,corrected,psi0,1.0887343907193852,0.14128257062173394
2000,792,corrected,psi1,0.4567917561956646,0.14522970583788158
2000,793,naive,psi0,-0.2897782390628198,0.1322369259661988
2000,793,naive,psi1,-0.25418117569582477,0.13661088693656967
2000,793,corrected,psi0,0.9374117866174059,0.15499148193871895
2000,793,corrected,psi1,0.237518458123823,0.16128206580721668
2000,794,naive,psi0,-0.4067271074862639,0.12144771465434183
2000,794,naive,psi1,0.27226006416650717,0.12758444069827574
2000,794,corrected,psi0,0.8765061406520823,0.14235202117957862
2000,794,corrected,psi1,0.7842265589575905,0.15328992904213998
2000,795,naive,psi0,-0.4852401731084933,0.12553184153709934
2000,795,naive,psi1,0.031053562566628896,0.13280215533082343
2000,795,corrected,psi0,0.7686989187895014,0.1476457041641947
2000,795,corrected,psi1,0.521659590125595,0.15541537034437333
2000,796,naive,psi0,-0.23501410212798585,0.1332477270687666
2000,796,naive,psi1,-0.0967534275496825,0.1463642450928984
2000,796,corrected,psi0,1.0776767683509236,0.15407435350216855
2000,796,corrected,psi1,0.35377574454179617,0.16780524840151828
2000,797,naive,psi0,-0.14851856293784882,0.1316233384764262
2000,797,naive,psi1,-0.28471335482507876,0.12841490818078166
2000,797,corrected,psi0,1.1590732060667683,0.1556459045219968
2000,797,corrected,psi1,0.21697287552611755,0.15113666745803603
2000,798,naive,psi0,-0.2739881319061067,0.12852408563995296
2000,798,naive,psi1,-0.05297559032404752,0.1380398204368459
2000,798,corrected,psi0,0.9313221150798657,0.14853023187626485
2000,798,corrected,psi1,0.46178527201759223,0.16138225967168937
2000,799,naive,psi0,-0.25132200973550695,0.12362995416060292
2000,799,naive,psi1,-0.12411942978477059,0.12399690601681505
2000,799,corrected,psi0,1.036536355326323,0.14315474437092465
2000,799,corrected,psi1,0.3497151335258467,0.14263217555719146
2000,800,naive,psi0,-0.326288445924789,0.13045892467725134
2000,800,naive,psi1,-0.0015125387677632745,0.13073149949049276
2000,800,corrected,psi0,0.944662178212984,0.1536484891429941
2000,800,corrected,psi1,0.4231133555410943,0.15270189746048904
2000,801,naive,psi0,-0.14590167462662787,0.12653853619116592
2000,801,naive,psi1,0.08995494005015142,0.13798417394283907
2000,801,corrected,psi0,1.120661280914132,0.14861731266592215
2000,801,corrected,psi1,0.6341588029965503,0.16542125268759597
2000,802,naive,psi0,-0.2737411400164924,0.1207644157410397
2000,802,naive,psi1,-0.00285573367742158,0.1315233496576633
2000,802,corrected,psi0,0.9533599210760353,0.1418838360985317
2000,802,corrected,psi1,0.5311954995997384,0.15211941376347357
2000,803,naive,psi0,-0.4178767947911092,0.12752550565844378
2000,803,naive,psi1,-0.06695044665486481,0.13283656578599445
2000,803,corrected,psi0,0.8996520630619753,0.14935132826022485
2000,803,corrected,psi1,0.3528746775587434,0.15640896543600857
2000,804,naive,psi0,-0.25235990461957053,0.12644521815518042
2000,804,naive,psi1,-0.14852486186504685,0.12418465530820189
2000,804,corrected,psi0,1.0740885417463077,0.14699069254557529
2000,804,corrected,psi1,0.3322075191005527,0.14585416161441167
2000,805,naive,psi0,-0.48244828455167377,0.12997864546531623
2000,805,naive,psi1,-0.15809663796016715,0.13624026149674884
2000,805,corrected,psi0,0.8131171637385896,0.1519261270348409
2000,805,corrected,psi1,0.3176436734648981,0.16171759596195542
2000,806,naive,psi0,-0.25510131814568693,0.12852422090932628
2000,806,naive,psi1,-0.012477494938827778,0.13165252475228972
2000,806,corrected,psi0,1.0320638458812925,0.1482414380730022
2000,806,corrected,psi1,0.4582225576925915,0.15117579797821826
2000,807,naive,psi0,-0.4171675701537887,0.13419639987245283
2000,807,naive,psi1,-0.1593197931392132,0.14295386801509433
2000,807,corrected,psi0,0.8218037207299681,0.15654784997130677
2000,807,corrected,psi1,0.35004467293128994,0.16655105191068637
2000,808,naive,psi0,-0.35042962968750796,0.12905268014046328
2000,808,naive,psi1,0.048262675229051574,0.12965044352748323
2000,808,corrected,psi0,0.9495854367443437,0.14983294775456393
2000,808,corrected,psi1,0.6287466434484276,0.15128868874238818
2000,809,naive,psi0,-0.11203558383148857,0.12902333524608714
2000,809,naive,psi1,-0.19754085662976814,0.13928095510684843
2000,809,corrected,psi0,1.2206947738176168,0.14874551326625632
2000,809,corrected,psi1,0.25409399877084254,0.1604269623259951
2000,810,naive,psi0,-0.42742046136304185,0.13377753556597022
2000,810,naive,psi1,0.22975088978008687,0.13588914743362154
2000,810,corrected,psi0,0.8352383792701583,0.1538308553164713
2000,810,corrected,psi1,0.8136918860280105,0.1576043148129654
2000,811,naive,psi0,-0.40274060330113026,0.1294410636404929
2000,811,naive,psi1,-0.01023505638252233,0.14738642442804145
2000,811,corrected,psi0,0.8493539717594764,0.15280827281753742
2000,811,corrected,psi1,0.4707593142350243,0.17576404035692741
2000,812,naive,psi0,-0.23446550309739297,0.13413371799176516
2000,812,naive,psi1,-0.1289449143020393,0.12953863380056863
2000,812,corrected,psi0,1.1634918326133887,0.15584176146800705
2000,812,corrected,psi1,0.31484999134942765,0.15155657521539723
2000,813,naive,psi0,-0.3086274324662869,0.13234742357552898
2000,813,naive,psi1,0.09649868815387241,0.15113263290881795
2000,813,corrected,psi0,0.9484262691974431,0.15322495278600823
2000,813,corrected,psi1,0.6415071073705926,0.1764867486343019
2000,814,naive,psi0,-0.5296513243033849,0.1324425482338461
2000,814,naive,psi1,0.035515857830888155,0.13147680398283054
2000,814,corrected,psi0,0.7281800645785745,0.15453615338721777
2000,814,corrected,psi1,0.5743925592416214,0.15326120862511003
2000,815,naive,psi0,-0.12125621119774734,0.12836044012537703
2000,815,naive,psi1,-0.028753534093202374,0.13303246039207522
2000,815,corrected,psi0,1.1472417217959385,0.14791540808720588
2000,815,corrected,psi1,0.45719399647654335,0.15389466260505408
2000,816,naive,psi0,-0.18610884059978916,0.12205008368730887
2000,816,naive,psi1,-0.08773643857360361,0.12832099320320645
2000,816,corrected,psi0,1.1087751896596374,0.14194806780737193
2000,816,corrected,psi1,0.3869155944179916,0.14985282818111859
2000,817,naive,psi0,-0.2928068879569301,0.12903958821737965
2000,817,naive,psi1,0.21509033211413367,0.13681775040615343
2000,817,corrected,psi0,0.9699337493299431,0.14913456262676242
2000,817,corrected,psi1,0.7508333330980729,0.16039590696466194
2000,818,naive,psi0,-0.26921819936025415,0.12668940473925303
2000,818,naive,psi1,0.012875294480338023,0.12806819401179687
2000,818,corrected,psi0,1.0362941574613227,0.1473100050127649
2000,818,corrected,psi1,0.5229104719539983,0.14859264674011838
2000,819,naive,psi0,-0.252004500784001,0.13219739195518873
2000,819,naive,psi1,-0.054203893162852596,0.13651337826464535
2000,819,corrected,psi0,1.0131790415074118,0.15592649854916263
2000,819,corrected,psi1,0.4453150814325747,0.16456259570363102
2000,820,naive,psi0,-0.3257027523199808,0.1259899397997933
2000,820,naive,psi1,-0.006117242556615171,0.13567386612816326
2000,820,corrected,psi0,0.9474357353679747,0.14581939151244294
2000,820,corrected,psi1,0.5199948152719778,0.15657752138439215
2000,821,naive,psi0,-0.11940746447046577,0.12862195035499288
2000,821,naive,psi1,0.042140477065111336,0.13345759006513633
2000,821,corrected,psi0,1.1971785619967932,0.1490562074850039
2000,821,corrected,psi1,0.5021709820569861,0.1533764562724438
2000,822,naive,psi0,-0.4479932279061965,0.1288912511959493
2000,822,naive,psi1,-0.17440475548886097,0.13622002552051418
2000,822,corrected,psi0,0.8422150669240654,0.15036336566165437
2000,822,corrected,psi1,0.27816151420989715,0.1575282228997391
2000,823,naive,psi0,-0.2928083114415258,0.12699999482119212
2000,823,naive,psi1,0.009927149950278016,0.1374607819518383
2000,823,corrected,psi0,1.028459323672847,0.1479258803804356
2000,823,corrected,psi1,0.49524985736463434,0.1576071692680586
2000,824,naive,psi0,-0.20814868704772338,0.12868873160392294
2000,824,naive,psi1,0.012541372608804753,0.14122274784422628
2000,824,corrected,psi0,1.0541081692103074,0.15005984240985837
2000,824,corrected,psi1,0.5447782898836043,0.16837410694799418
2000,825,naive,psi0,-0.2669425480010548,0.12153538538088965
2000,825,naive,psi1,-0.10964351914631222,0.13167523086147184
2000,825,corrected,psi0,1.0174234949653327,0.1419110133282283
2000,825,corrected,psi1,0.38710719870001786,0.1526359434755139
2000,826,naive,psi0,-0.2637059965000477,0.13205547956120406
2000,826,naive,psi1,0.05520654344173683,0.15296304027786548
2000,826,corrected,psi0,1.010523546297556,0.1549350384545712
2000,826,corrected,psi1,0.5535317832142204,0.17808280446682015
2000,827,naive,psi0,-0.47077011528748075,0.1212523826351364
2000,827,naive,psi1,-0.004462533067639138,0.12419733439389058
2000,827,corrected,psi0,0.8005279376985664,0.14042672292536457
2000,827,corrected,psi1,0.46208859226466203,0.14334360529769596
2000,828,naive,psi0,-0.33485783141128284,0.12103474701907734
2000,828,naive,psi1,-0.041742302940322745,0.12669474031274766
2000,828,corrected,psi0,0.9212276780001668,0.14080394213888117
2000,828,corrected,psi1,0.45167775558970374,0.14580474063378593
2000,829,naive,psi0,-0.15289168844190806,0.12508928844185987
2000,829,naive,psi1,0.02108232584062951,0.13585391290051843
2000,829,corrected,psi0,1.1727882684531428,0.14706193450368701
2000,829,corrected,psi1,0.4783313778807797,0.15877246470294212
2000,830,naive,psi0,-0.19894452322882653,0.122877121722251
2000,830,naive,psi1,-0.17314479790995266,0.12420446541678853
2000,830,corrected,psi0,1.0824932713223139,0.1432474305686579
2000,830,corrected,psi1,0.27130434265403214,0.14570264486904982
2000,831,naive,psi0,-0.379547384836606,0.13003913229614256
2000,831,naive,psi1,-0.10994011393235649,0.1438579182918048
2000,831,corrected,psi0,0.8904902062082242,0.15292457462780035
2000,831,corrected,psi1,0.38214629380186727,0.16874652497503378
2000,832,naive,psi0,-0.11629616582302042,0.12705976597347549
2000,832,naive,psi1,-0.09563240860819669,0.15627164278520866
2000,832,corrected,psi0,1.172158289222347,0.14864106611458344
2000,832,corrected,psi1,0.3864212503022973,0.1836334633286933
2000,833,naive,psi0,-0.3712726186794093,0.1260153763401202
2000,833,naive,psi1,0.17030404755723685,0.13174560020267254
2000,833,corrected,psi0,0.8786422955969639,0.1464000457147955
2000,833,corrected,psi1,0.7331423627596318,0.1557823498492603
2000,834,naive,psi0,-0.1517718095304024,0.12604290380910618
2000,834,naive,psi1,0.06466501662650903,0.1345948251548834
2000,834,corrected,psi0,1.13407392755883,0.14681405345032084
2000,834,corrected,psi1,0.5935798341578793,0.15548705206116212
2000,835,naive,psi0,-0.08223494829084592,0.12588406822721296
2000,835,naive,psi1,0.2589433838907448,0.137830080921035
2000,835,corrected,psi0,1.2236687836576474,0.14767369067715955
2000,835,corrected,psi1,0.8146474118043073,0.16186177686195044
2000,836,naive,psi0,-0.42037305173597406,0.1313450494168076
2000,836,naive,psi1,-0.2288197530692473,0.15206221944051457
2000,836,corrected,psi0,0.8057916948549929,0.15357383167193903
2000,836,corrected,psi1,0.1923268254066969,0.17939848298998795
2000,837,naive,psi0,-0.6562898940767871,0.13250337100107243
2000,837,naive,psi1,0.09221597703382306,0.12393779845342104
2000,837,corrected,psi0,0.5387284532298121,0.15352760849299565
2000,837,corrected,psi1,0.6050201925870935,0.144626161774655
2000,838,naive,psi0,-0.25838209279700675,0.12893078209489278
2000,838,naive,psi1,-0.1726321518150742,0.14427971709024248
2000,838,corrected,psi0,0.9765289325308945,0.15009361769910015
2000,838,corrected,psi1,0.322134548589316,0.16730716393359016
2000,839,naive,psi0,-0.585690543020832,0.13226361469246742
2000,839,naive,psi1,0.07542310898870638,0.14628796195299593
2000,839,corrected,psi0,0.6330157863882423,0.15278066414734617
2000,839,corrected,psi1,0.5370667065312239,0.16720207354223776
2000,840,naive,psi0,-0.410839616094244,0.1290009505420029
2000,840,naive,psi1,0.23687755589471962,0.13052051591286168
2000,840,corrected,psi0,0.8451379092114479,0.14782733771524834
2000,840,corrected,psi1,0.7480272726216686,0.14814800188244112
2000,841,naive,psi0,-0.39252252446669045,0.12238195086842116
2000,841,naive,psi1,-0.19888199168004358,0.1247063695180038
2000,841,corrected,psi0,0.8354654908576364,0.1431261988608013
2000,841,corrected,psi1,0.28535996816852155,0.1493207395964899
2000,842,naive,psi0,-0.09411391343991918,0.13048708282923002
2000,842,naive,psi1,-0.05785128345265483,0.1361507864367725
2000,842,corrected,psi0,1.2044370670691162,0.15328627459300487
2000,842,corrected,psi1,0.43925182321093764,0.16375757937065571
2000,843,naive,psi0,-0.3018423740741177,0.13165901156016144
2000,843,naive,psi1,0.19936779677598937,0.13887836939553108
2000,843,corrected,psi0,0.9546431769564768,0.15330984551171212
2000,843,corrected,psi1,0.8110173572886741,0.1621685191148747
2000,844,naive,psi0,-0.2830799999709588,0.12656821803017593
2000,844,naive,psi1,-0.020341484526218145,0.12510988181301888
2000,844,corrected,psi0,1.0161075324157043,0.14683858745279066
2000,844,corrected,psi1,0.4267846937591068,0.1452491390321282
2000,845,naive,psi0,-0.20042855317513356,0.12162617569642413
2000,845,naive,psi1,-0.00026666134994452856,0.1252880678689711
2000,845,corrected,psi0,1.083068735200052,0.14182548523779606
2000,845,corrected,psi1,0.5182905907480285,0.1457011823768337
2000,846,naive,psi0,-0.387988824383683,0.12512980813869787
2000,846,naive,psi1,0.0337515688525335,0.1255310281669257
2000,846,corrected,psi0,0.9063085392546055,0.1463451517435539
2000,846,corrected,psi1,0.5731728893634099,0.14685437903481074
2000,847,naive,psi0,-0.12949185250807807,0.13252087935627963
2000,847,naive,psi1,-0.03570317970939952,0.1410274366940815
2000,847,corrected,psi0,1.1676135342179688,0.15420989802546656
2000,847,corrected,psi1,0.5138316942396561,0.1629532547185695
2000,848,naive,psi0,-0.2789093550113955,0.1341538973411368
2000,848,naive,psi1,0.10925508114572599,0.14646960033421846
2000,848,corrected,psi0,0.9743633003951522,0.15693310986713158
2000,848,corrected,psi1,0.6712873030801623,0.1718562883431301
2000,849,naive,psi0,-0.13609048794822673,0.12092629942077016
2000,849,naive,psi1,-0.0061009684141711635,0.1381391917294656
2000,849,corrected,psi0,1.214644267832642,0.14178962894879002
2000,849,corrected,psi1,0.4794615675049563,0.15980810056939138
2000,850,naive,psi0,-0.37694345342537916,0.12608928827403357
2000,850,naive,psi1,-0.15672818548315437,0.123569992856624
2000,850,corrected,psi0,0.8940092680810298,0.14583618365565443
2000,850,corrected,psi1,0.29296639722539947,0.14238485849669477
2000,851,naive,psi0,-0.24787284675766266,0.122797793556186
2000,851,naive,psi1,-0.09528536274111189,0.12491617164192449
2000,851,corrected,psi0,1.076660136744054,0.14358755182626584
2000,851,corrected,psi1,0.4602656619725164,0.14479606993913346
2000,852,naive,psi0,-0.47809592150697183,0.12017062689625202
2000,852,naive,psi1,-0.10343924803586957,0.12014364477295102
2000,852,corrected,psi0,0.8145714411998196,0.14052771185285237
2000,852,corrected,psi1,0.4293970594856306,0.14367830517804062
2000,853,naive,psi0,-0.5246410772062028,0.12181651375682605
2000,853,naive,psi1,-0.10392276752943112,0.12929061219154284
2000,853,corrected,psi0,0.7075652481505579,0.14213078697584125
2000,853,corrected,psi1,0.4028930782733063,0.14989801899561525
2000,854,naive,psi0,-0.24025622338263675,0.12455486973295458
2000,854,naive,psi1,0.21466652205961406,0.13238517141500025
2000,854,corrected,psi0,1.0235222649657205,0.14511785038223454
2000,854,corrected,psi1,0.7835846911260194,0.15284268083359293
2000,855,naive,psi0,-0.20466507188321884,0.1258281622972301
2000,855,naive,psi1,-0.11155863927587964,0.13640917680824619
2000,855,corrected,psi0,1.118898589271943,0.14585623671793976
2000,855,corrected,psi1,0.37706166559795296,0.15647082729098427
2000,856,naive,psi0,-0.4619464772009789,0.13266078451892377
2000,856,naive,psi1,0.09508567244384271,0.14402810446797748
2000,856,corrected,psi0,0.7428713140491742,0.15553832814435348
2000,856,corrected,psi1,0.6821108062125789,0.16751251100205536
2000,857,naive,psi0,-0.12923411315242456,0.13619661792803797
2000,857,naive,psi1,0.04313275385918416,0.1459538375373148
2000,857,corrected,psi0,1.1787671875574193,0.1581563949537799
2000,857,corrected,psi1,0.5639986857216704,0.17043325214349034
2000,858,naive,psi0,-0.3140210838795065,0.13289122556120933
2000,858,naive,psi1,-0.3704671620756649,0.14117163574144276
2000,858,corrected,psi0,0.9720955011412946,0.15521212305180465
2000,858,corrected,psi1,0.11918903230654346,0.16602834548418235
2000,859,naive,psi0,-0.39826037750996107,0.12378261720229002
2000,859,naive,psi1,-0.05287049283236951,0.12038609192215137
2000,859,corrected,psi0,0.853853694543354,0.14453988578415702
2000,859,corrected,psi1,0.46076768953961195,0.13947729092226752
2000,860,naive,psi0,-0.4773163345315781,0.12317098726689397
2000,860,naive,psi1,0.004354594189986338,0.13764650702901504
2000,860,corrected,psi0,0.7833077147735442,0.1440054830362967
2000,860,corrected,psi1,0.44523386054229824,0.16034617070537438
2000,861,naive,psi0,-0.3502038557305663,0.12235982345524313
2000,861,naive,psi1,0.010325535743915808,0.12517806628181377
2000,861,corrected,psi0,0.8878871202095797,0.14329098665109882
2000,861,corrected,psi1,0.4884778211245975,0.14818630103915684
2000,862,naive,psi0,-0.2530141246919045,0.13247975710563523
2000,862,naive,psi1,0.03860524064261645,0.140102175595175
2000,862,corrected,psi0,1.0452333489247305,0.1541707173185735
2000,862,corrected,psi1,0.5135418926879828,0.16648947010717138
2000,863,naive,psi0,-0.24736188910885462,0.1285406383794907
2000,863,naive,psi1,-0.0830956883161933,0.13422353638375453
2000,863,corrected,psi0,1.0350348770902533,0.1515471468152252
2000,863,corrected,psi1,0.4614561580217793,0.16150982927901097
2000,864,naive,psi0,-0.35858963932490784,0.12755748498498207
2000,864,naive,psi1,-0.10756430735983488,0.12953199200205712
2000,864,corrected,psi0,0.8656170662078198,0.14977734381567745
2000,864,corrected,psi1,0.3781407996281109,0.1533021209177949
2000,865,naive,psi0,-0.2515913359833988,0.13175973400510652
2000,865,naive,psi1,0.1643597857617424,0.13855236815105842
2000,865,corrected,psi0,1.0072353549803836,0.15318376217802196
2000,865,corrected,psi1,0.6937103562332599,0.16023204334860786
2000,866,naive,psi0,-0.07933133103411734,0.12222051570937577
2000,866,naive,psi1,0.20154846625237735,0.13339920896469573
2000,866,corrected,psi0,1.152488515455703,0.1428147628725345
2000,866,corrected,psi1,0.7357374464412063,0.1550200284074756
2000,867,naive,psi0,-0.11797030308911464,0.12432644449510909
2000,867,naive,psi1,0.3201113913632377,0.1260024314827993
2000,867,corrected,psi0,1.165987844360326,0.14644279961718917
2000,867,corrected,psi1,0.8325764027020197,0.14770586944583133
2000,868,naive,psi0,-0.3226652648326784,0.12646075187097
2000,868,naive,psi1,-0.06450925510625385,0.12620057562880788
2000,868,corrected,psi0,0.9466955616393448,0.14492484283178306
2000,868,corrected,psi1,0.41058796991794916,0.14683007677109114
2000,869,naive,psi0,-0.40999818154311896,0.12139294978719596
2000,869,naive,psi1,-0.0993169096163738,0.1208961661412507
2000,869,corrected,psi0,0.8664834478280412,0.1412733071909594
2000,869,corrected,psi1,0.41719693206757313,0.1413485002754774
2000,870,naive,psi0,-0.17389542890582185,0.12496410427948791
2000,870,naive,psi1,0.07741713341188518,0.1368230759047224
2000,870,corrected,psi0,1.1112366774885272,0.14719529969226547
2000,870,corrected,psi1,0.5423681660794883,0.15941740652229602
2000,871,naive,psi0,-0.091201396442033,0.12471208615517448
2000,871,naive,psi1,0.06937573530839349,0.12988443222636653
2000,871,corrected,psi0,1.2013385870549076,0.1460293438826648
2000,871,corrected,psi1,0.579073767478566,0.15050202152012054
2000,872,naive,psi0,-0.23890538486912413,0.12620765107528722
2000,872,naive,psi1,0.09935406398694757,0.12812256975671132
2000,872,corrected,psi0,1.0838330675324785,0.1466554812909677
2000,872,corrected,psi1,0.6194549807351787,0.14968356862947127
2000,873,naive,psi0,0.06600003499352318,0.13279339352470335
2000,873,naive,psi1,-0.05124206659566343,0.14513778987450138
2000,873,corrected,psi0,1.356073236171105,0.15424817649605627
2000,873,corrected,psi1,0.49053534467883503,0.17127621396923792
2000,874,naive,psi0,-0.41678408307232545,0.13186815904099963
2000,874,naive,psi1,-0.30524517598732454,0.1453675818441441
2000,874,corrected,psi0,0.8869570423284063,0.1537534714531362
2000,874,corrected,psi1,0.13751970369794203,0.17023868043127516
2000,875,naive,psi0,-0.1958723046710624,0.12511422155285207
2000,875,naive,psi1,-0.1086640448543297,0.1325553594795613
2000,875,corrected,psi0,1.1009804145527038,0.1465241459594904
2000,875,corrected,psi1,0.37621445551231675,0.1574962881616012
2000,876,naive,psi0,-0.3073470678170066,0.12545793909782732
2000,876,naive,psi1,0.03734642178516674,0.12026164336531957
2000,876,corrected,psi0,0.9754859168178134,0.1455344657408821
2000,876,corrected,psi1,0.5062886541302904,0.14040018421220968
2000,877,naive,psi0,-0.18136325287410782,0.12016284527383432
2000,877,naive,psi1,0.0935580020819346,0.12320974919226473
2000,877,corrected,psi0,1.1179607924047668,0.13879218403061994
2000,877,corrected,psi1,0.6261028373932986,0.14162631034203538
2000,878,naive,psi0,-0.5251190125721572,0.13400266613872594
2000,878,naive,psi1,-0.19657305510177134,0.14164829899576803
2000,878,corrected,psi0,0.7861434187096591,0.15419970117619872
2000,878,corrected,psi1,0.24653393247116542,0.16227900481051782
2000,879,naive,psi0,-0.30756056935176396,0.13277758985429544
2000,879,naive,psi1,0.005780783725561089,0.1410378250577858
2000,879,corrected,psi0,0.9737359508183452,0.15347560971178278
2000,879,corrected,psi1,0.514965604413082,0.16294534755683543
2000,880,naive,psi0,-0.3654143699238047,0.11988947899311292
2000,880,naive,psi1,-0.048937333446956444,0.1220661408586655
2000,880,corrected,psi0,0.9385306393493248,0.14004410308353127
2000,880,corrected,psi1,0.42823659499205274,0.1435980241817025
2000,881,naive,psi0,-0.14134526617961368,0.1234711806933392
2000,881,naive,psi1,0.10003346631615449,0.13096494363117128
2000,881,corrected,psi0,1.197386955880958,0.14441760590543923
2000,881,corrected,psi1,0.5575931972618757,0.15302030246890846
2000,882,naive,psi0,-0.1387001610879981,0.12432738030008998
2000,882,naive,psi1,-0.05849659352460647,0.134265892672684
2000,882,corrected,psi0,1.1557838659799728,0.14485356971244628
2000,882,corrected,psi1,0.4484640115300015,0.15553540408547872
2000,883,naive,psi0,-0.19864830808301648,0.12939335274193273
2000,883,naive,psi1,-0.0013598586534917998,0.1307969991867118
2000,883,corrected,psi0,1.0886166630426464,0.15066760503420606
2000,883,corrected,psi1,0.5045354903811168,0.1532397795464317
2000,884,naive,psi0,-0.19343622441932148,0.1282589499131894
2000,884,naive,psi1,0.011992489996999603,0.1424735600561036
2000,884,corrected,psi0,1.1144139328364167,0.14823554050081103
2000,884,corrected,psi1,0.511715712687549,0.16298599642882527
2000,885,naive,psi0,-0.09846026304887782,0.12407321183862202
2000,885,naive,psi1,0.06711584932591096,0.12614003859759101
2000,885,corrected,psi0,1.1871363486924023,0.14362630238698904
2000,885,corrected,psi1,0.5324892042392364,0.14497931560101668
2000,886,naive,psi0,-0.0877108314674346,0.12151255472226058
2000,886,naive,psi1,0.34644401953464243,0.13317487765510552
2000,886,corrected,psi0,1.1964234498057722,0.14345270504204877
2000,886,corrected,psi1,0.9418055018952103,0.16167289280300995
2000,887,naive,psi0,-0.1801473024771175,0.12718703420162897
2000,887,naive,psi1,-0.012146581686880315,0.13434268985107628
2000,887,corrected,psi0,1.1074274084731428,0.14879608564471114
2000,887,corrected,psi1,0.5016969411361699,0.15684160572254638
2000,888,naive,psi0,-0.2599896991707146,0.12753176411323205
2000,888,naive,psi1,0.1929484769702002,0.1480908415887561
2000,888,corrected,psi0,1.0310681130889252,0.14830265427103095
2000,888,corrected,psi1,0.7080811200560174,0.1714491152756856
2000,889,naive,psi0,-0.519508201384215,0.12654278962521726
2000,889,naive,psi1,0.1325175876369777,0.14302270455388463
2000,889,corrected,psi0,0.72913092463303,0.14726149197686428
2000,889,corrected,psi1,0.6617661031052241,0.1637957712723299
2000,890,naive,psi0,-0.02704215690884927,0.12826660310729077
2000,890,naive,psi1,0.20065240019930222,0.13957602520170956
2000,890,corrected,psi0,1.2937022990394647,0.1488878933104213
2000,890,corrected,psi1,0.6972209977960894,0.16148059667380313
2000,891,naive,psi0,-0.33886606984532425,0.12135640313959471
2000,891,naive,psi1,-0.14087094685383528,0.12842402873489814
2000,891,corrected,psi0,0.9240117364090483,0.14184559173041614
2000,891,corrected,psi1,0.3467836349048294,0.15188614462460734
2000,892,naive,psi0,-0.295221903826107,0.1267598590140961
2000,892,naive,psi1,-0.0520717029347342,0.14014742264626845
2000,892,corrected,psi0,0.9800169305450709,0.14844385677968608
2000,892,corrected,psi1,0.40982235257959165,0.16262128075474647
2000,893,naive,psi0,-0.059808184052879736,0.12695870757585612
2000,893,naive,psi1,0.021277953769020787,0.13758099240281
2000,893,corrected,psi0,1.228136564988835,0.14754516286832772
2000,893,corrected,psi1,0.5337008970006248,0.15935669626360285
2000,894,naive,psi0,-0.29886699106476267,0.12704441178771483
2000,894,naive,psi1,-0.06251899607372616,0.13285290288637375
2000,894,corrected,psi0,0.9677956944436614,0.1499042312347331
2000,894,corrected,psi1,0.4182689465805822,0.15671965868107623
2000,895,naive,psi0,-0.3780340218788696,0.13298509341340742
2000,895,naive,psi1,-0.149853766860613,0.13632400555961555
2000,895,corrected,psi0,0.9318320426189443,0.1542356384147998
2000,895,corrected,psi1,0.3724666687390719,0.15600313753625455
2000,896,naive,psi0,-0.11148393760673432,0.1238108069444007
2000,896,naive,psi1,0.047176615144414825,0.12317394099388297
2000,896,corrected,psi0,1.1971366362001503,0.14353025079446483
2000,896,corrected,psi1,0.5371508747206907,0.14297812220219291
2000,897,naive,psi0,-0.341476695557215,0.12736034047418607
2000,897,naive,psi1,-0.1521329977152397,0.1524215913760729
2000,897,corrected,psi0,0.9154612085995557,0.14692119901931186
2000,897,corrected,psi1,0.2719734015653404,0.17238758503156726
2000,898,naive,psi0,-0.1546439618177298,0.1285298843899868
2000,898,naive,psi1,-0.0043683248814424674,0.13773939919921863
2000,898,corrected,psi0,1.1007550550657648,0.14921108261037755
2000,898,corrected,psi1,0.48995927833924763,0.15957351126778668
2000,899,naive,psi0,-0.15538506991258866,0.12829578982516332
2000,899,naive,psi1,-0.024249059987206622,0.13415718677944324
2000,899,corrected,psi0,1.1469553123231908,0.1489421177690095
2000,899,corrected,psi1,0.47666388852470126,0.153673958032476
2000,900,naive,psi0,-0.39273820438342144,0.13000361421512402
2000,900,naive,psi1,0.046006872831802006,0.12998108866649974
2000,900,corrected,psi0,0.8682627229576032,0.15100438730346202
2000,900,corrected,psi1,0.5990059195632929,0.15142178821514263
2000,901,naive,psi0,-0.1821360309851404,0.13111332284426758
2000,901,naive,psi1,-0.12170590697824843,0.1399039311280829
2000,901,corrected,psi0,1.0635283994463365,0.15382349310736512
2000,901,corrected,psi1,0.36711899939951165,0.16592022434428272
2000,902,naive,psi0,-0.056922468257098055,0.12873571538601547
2000,902,naive,psi1,0.04786704671704332,0.13169607570513703
2000,902,corrected,psi0,1.2871211576360786,0.14862852899923457
2000,902,corrected,psi1,0.5512318092681121,0.15062670923378435
2000,903,naive,psi0,-0.3035405280162857,0.13012904631950956
2000,903,naive,psi1,-0.14696859793112155,0.14551103181599892
2000,903,corrected,psi0,0.9440068885777173,0.1520666475422528
2000,903,corrected,psi1,0.3029529560323043,0.17225162146247228
2000,904,naive,psi0,-0.31354345054538996,0.13283178017023298
2000,904,naive,psi1,0.06885428384210189,0.1443538161826101
2000,904,corrected,psi0,1.0336508944294656,0.15426111692932432
2000,904,corrected,psi1,0.5871110604883352,0.16736372135022493
2000,905,naive,psi0,-0.16266221369542797,0.12638432049874815
2000,905,naive,psi1,0.02863119046592177,0.13438197751378975
2000,905,corrected,psi0,1.1511728914063664,0.1470195603388535
2000,905,corrected,psi1,0.46240894786837144,0.15582342318875014
2000,906,naive,psi0,-0.11804422625989389,0.12924016286854423
2000,906,naive,psi1,-0.07688282866508708,0.13228957606235725
2000,906,corrected,psi0,1.2140819147714825,0.15106258844724516
2000,906,corrected,psi1,0.3663923801091794,0.15417270316880713
2000,907,naive,psi0,-0.12783645348192085,0.12018055165455045
2000,907,naive,psi1,0.1532555512510302,0.12113349271085022
2000,907,corrected,psi0,1.1841930237771723,0.14016160253478174
2000,907,corrected,psi1,0.6601243001473694,0.14443955502611558
2000,908,naive,psi0,-0.3556588090948999,0.12662254199544581
2000,908,naive,psi1,-0.02648350353687299,0.12731948330545212
2000,908,corrected,psi0,0.890948547458644,0.14790103527784648
2000,908,corrected,psi1,0.4476051854708106,0.1496805236982573
2000,909,naive,psi0,-0.3855761263313286,0.1287870311095791
2000,909,naive,psi1,0.012410536467394796,0.12503876545474152
2000,909,corrected,psi0,0.8935898251597203,0.14831414368698542
2000,909,corrected,psi1,0.5123721534170712,0.14374019032199245
2000,910,naive,psi0,-0.3573509870866121,0.12932504089621005
2000,910,naive,psi1,0.004251536201917597,0.12949371673629106
2000,910,corrected,psi0,0.901634170657027,0.150497245547538
2000,910,corrected,psi1,0.48471004056159656,0.1499350750195841
2000,911,naive,psi0,-0.22344172180202546,0.12855147924261426
2000,911,naive,psi1,-0.08938041773017519,0.13644558961683848
2000,911,corrected,psi0,1.0446168784565018,0.1507859366044058
2000,911,corrected,psi1,0.3647017458736001,0.16048949484113084
2000,912,naive,psi0,-0.3342622084190966,0.12859324316962234
2000,912,naive,psi1,0.10305356031891613,0.13590035636098163
2000,912,corrected,psi0,0.9391109798387518,0.15119507963868922
2000,912,corrected,psi1,0.5963498111801016,0.15829768425096344
2000,913,naive,psi0,-0.24646180421743338,0.13447154559857416
2000,913,naive,psi1,0.0652998029746673,0.14488813673007228
2000,913,corrected,psi0,1.063358938294559,0.15565494670499974
2000,913,corrected,psi1,0.5271520764545405,0.16985683301246707
2000,914,naive,psi0,-0.35706970999899895,0.12319999278999615
2000,914,naive,psi1,0.10267103318517706,0.13451182777091372
2000,914,corrected,psi0,0.8623166171442859,0.14223990993848873
2000,914,corrected,psi1,0.632038755130174,0.15663377888356436
2000,915,naive,psi0,-0.19935412957459553,0.12925454994223734
2000,915,naive,psi1,-0.10677365262999736,0.12895700758530643
2000,915,corrected,psi0,1.0526631530999944,0.14975177308243695
2000,915,corrected,psi1,0.4666546744988637,0.1494557599682086
2000,916,naive,psi0,-0.3089952626145557,0.12861759620314478
2000,916,naive,psi1,-0.1146395650418523,0.13934009986502569
2000,916,corrected,psi0,1.026121383187508,0.15091440976201118
2000,916,corrected,psi1,0.3371384416082275,0.1627388441383583
2000,917,naive,psi0,-0.3606851588415296,0.12512493562954008
2000,917,naive,psi1,0.1092629110885787,0.1271154353558698
2000,917,corrected,psi0,0.9353193804568345,0.14679774207966292
2000,917,corrected,psi1,0.6483256993098114,0.1481897244818458
2000,918,naive,psi0,-0.2692378075800161,0.12395717313930503
2000,918,naive,psi1,-0.06456465569182364,0.1302402119350151
2000,918,corrected,psi0,1.047063543270175,0.14502343518943048
2000,918,corrected,psi1,0.4317719729241305,0.1515305478231012
2000,919,naive,psi0,-0.3331351029973658,0.12304224897278185
2000,919,naive,psi1,0.0675233281907492,0.11923662901384996
2000,919,corrected,psi0,0.9255970826594937,0.14356524308159274
2000,919,corrected,psi1,0.5639565533327252,0.13714871441875712
2000,920,naive,psi0,-0.5906285851003521,0.13538077965589204
2000,920,naive,psi1,0.001472672982670674,0.14604117610493653
2000,920,corrected,psi0,0.6803227427324076,0.15780333779642744
2000,920,corrected,psi1,0.5147354590235129,0.1717668722837842
2000,921,naive,psi0,-0.005380228003044381,0.12854330390019064
2000,921,naive,psi1,-0.18462338863733171,0.13454242776730163
2000,921,corrected,psi0,1.2688368869737168,0.15014297354090592
2000,921,corrected,psi1,0.31019094479187176,0.1575979593173317
2000,922,naive,psi0,-0.2137319756909894,0.12750386669118582
2000,922,naive,psi1,-0.0387080889371773,0.12974661295151793
2000,922,corrected,psi0,1.055797640338004,0.14904182183685713
2000,922,corrected,psi1,0.48283682544197815,0.151374679753705
2000,923,naive,psi0,-0.1874777199066231,0.12674066977549775
2000,923,naive,psi1,-0.15873895900525845,0.12919305408752887
2000,923,corrected,psi0,1.076545835559273,0.14822382328106673
2000,923,corrected,psi1,0.33126107804176047,0.15133141382773305
2000,924,naive,psi0,-0.15983377685552885,0.13039110398242015
2000,924,naive,psi1,-0.11522423943097534,0.1331206052222183
2000,924,corrected,psi0,1.118348073594767,0.1506133821970672
2000,924,corrected,psi1,0.3253249890391913,0.15473763732098542
2000,925,naive,psi0,-0.2985832753570855,0.12548115806560506
2000,925,naive,psi1,0.13521573562044276,0.13152010499098016
2000,925,corrected,psi0,0.9985234394866311,0.1457275725654846
2000,925,corrected,psi1,0.6537193443444715,0.15227506699102172
2000,926,naive,psi0,0.007509664995110333,0.13371259069685767
2000,926,naive,psi1,0.008999579878922866,0.148931412269429
2000,926,corrected,psi0,1.3450229429189426,0.15431956404908198
2000,926,corrected,psi1,0.49878079961895133,0.17023989843611717
2000,927,naive,psi0,-0.4064193285227896,0.12487563178792199
2000,927,naive,psi1,-0.0966075496463495,0.1275418470260868
2000,927,corrected,psi0,0.8524432845793274,0.14525243311633584
2000,927,corrected,psi1,0.3348229512494345,0.14697275520493996
2000,928,naive,psi0,-0.10256264396397502,0.13507515650925267
2000,928,naive,psi1,-0.11761351685684454,0.1517740129029834
2000,928,corrected,psi0,1.1808144916137817,0.1555734518689471
2000,928,corrected,psi1,0.35329353949239106,0.17266884822620512
2000,929,naive,psi0,-0.16705754468331951,0.13437724029308576
2000,929,naive,psi1,0.18760536060585686,0.13607129412101068
2000,929,corrected,psi0,1.1433875718478315,0.15539242301201686
2000,929,corrected,psi1,0.6793292736212434,0.15439401961332103
2000,930,naive,psi0,-0.3248989149860624,0.126547207018599
2000,930,naive,psi1,-0.14065205747187945,0.13462444440443558
2000,930,corrected,psi0,0.8751395702258513,0.14788284936781232
2000,930,corrected,psi1,0.3621454876659354,0.1575088836151978
2000,931,naive,psi0,-0.2151018448081583,0.12349862706757027
2000,931,naive,psi1,-0.1367959540649248,0.1406321613777834
2000,931,corrected,psi0,1.1070380534498634,0.14446818911474518
2000,931,corrected,psi1,0.3641211740448368,0.16274862927830772
2000,932,naive,psi0,-0.2628700376793588,0.13057524422119116
2000,932,naive,psi1,0.06757542097993374,0.1340418875546518
2000,932,corrected,psi0,0.9880071098583981,0.15229408829658095
2000,932,corrected,psi1,0.6465981708682982,0.1572540325760402
2000,933,naive,psi0,-0.030116951747734256,0.13010938880476636
2000,933,naive,psi1,0.2910231812639258,0.14795270558016982
2000,933,corrected,psi0,1.3065195191592178,0.15234195513871895
2000,933,corrected,psi1,0.8503188009594357,0.17337156919480576
2000,934,naive,psi0,-0.36868231510185684,0.12864861630272298
2000,934,naive,psi1,-0.2172756006330017,0.13168069331497126
2000,934,corrected,psi0,0.8923506320048762,0.14977731422489152
2000,934,corrected,psi1,0.2965060729356332,0.1528962481064965
2000,935,naive,psi0,-0.027057266123673974,0.12494658753325127
2000,935,naive,psi1,0.007455959093086528,0.12485957666809938
2000,935,corrected,psi0,1.2444772423343768,0.14495446189644023
2000,935,corrected,psi1,0.5294734209156831,0.14422806478534855
2000,936,naive,psi0,-0.2909216254061514,0.12662273949542105
2000,936,naive,psi1,-0.01954340317898565,0.13118454280636155
2000,936,corrected,psi0,0.9712691326292592,0.14845565064499186
2000,936,corrected,psi1,0.4578885009551677,0.1557715788454933
2000,937,naive,psi0,-0.27720123148787684,0.12465085826799145
2000,937,naive,psi1,0.011335111469200285,0.1252863440431054
2000,937,corrected,psi0,0.987712360823309,0.14570759900868976
2000,937,corrected,psi1,0.5152308409071362,0.14439574534264996
2000,938,naive,psi0,0.09250561242292377,0.1230994843972761
2000,938,naive,psi1,0.09715160054611,0.13694707341893478
2000,938,corrected,psi0,1.4268367962033945,0.1432058202865241
2000,938,corrected,psi1,0.6432538224666916,0.15930074887551962
2000,939,naive,psi0,-0.3364306063970537,0.12751731459903365
2000,939,naive,psi1,-0.07216316394153854,0.12289701168566969
2000,939,corrected,psi0,0.8943106531815923,0.14856735931236642
2000,939,corrected,psi1,0.42252597096218336,0.14289327153630538
2000,940,naive,psi0,-0.31814529062657615,0.12918027962506642
2000,940,naive,psi1,0.08284092489350631,0.14018360972076016
2000,940,corrected,psi0,0.9319163957379537,0.15025377158185538
2000,940,corrected,psi1,0.6042983113361879,0.16547302425177177
2000,941,naive,psi0,-0.25580539753786585,0.12532805510465247
2000,941,naive,psi1,-0.025927900102080088,0.1340127531756211
2000,941,corrected,psi0,1.028102083556975,0.1469485718758488
2000,941,corrected,psi1,0.46403986114768697,0.15680035162208558
2000,942,naive,psi0,-0.21349865293229925,0.13120189046000155
2000,942,naive,psi1,-0.14248816401928974,0.13123182894086183
2000,942,corrected,psi0,1.0709030259350654,0.15180958780451795
2000,942,corrected,psi1,0.30284814016172534,0.15217988904344792
2000,943,naive,psi0,-0.42551957097570514,0.12278509842754882
2000,943,naive,psi1,0.1044200758026646,0.1294638934352866
2000,943,corrected,psi0,0.8403756586809648,0.14354548844456627
2000,943,corrected,psi1,0.5916138101767935,0.15519819245109243
2000,944,naive,psi0,-0.27256535433993173,0.1283585406539153
2000,944,naive,psi1,0.25594846408166727,0.12719593608753707
2000,944,corrected,psi0,1.0153933982352135,0.14942128856341816
2000,944,corrected,psi1,0.7771034086812767,0.14611776799735218
2000,945,naive,psi0,-0.16596573609930468,0.1279182598848874
2000,945,naive,psi1,-0.14680780215451542,0.12754164525720946
2000,945,corrected,psi0,1.1368793825189114,0.14560159556616545
2000,945,corrected,psi1,0.3290552673540252,0.14377024235912222
2000,946,naive,psi0,-0.13899582779260639,0.12612988806433179
2000,946,naive,psi1,0.264018395486198,0.13967398882669899
2000,946,corrected,psi0,1.1156582373150772,0.1443574282717652
2000,946,corrected,psi1,0.8346593439392559,0.15942727400844645
2000,947,naive,psi0,-0.48646902122262786,0.12948768547729592
2000,947,naive,psi1,-0.09002215252342635,0.13507331197147482
2000,947,corrected,psi0,0.754314451883037,0.1507130565727326
2000,947,corrected,psi1,0.3972336528886015,0.15547376911830335
2000,948,naive,psi0,-0.13337389139502925,0.12658569929771207
2000,948,naive,psi1,0.0876771235221232,0.13051676400008
2000,948,corrected,psi0,1.2324190258668402,0.14827010841134947
2000,948,corrected,psi1,0.5810969828250958,0.15117441436744888
2000,949,naive,psi0,0.06360683170632042,0.13048803686081964
2000,949,naive,psi1,0.05732069644704983,0.13962696466399752
2000,949,corrected,psi0,1.353800381360459,0.1529862124707899
2000,949,corrected,psi1,0.6019007283697513,0.16233170362205537
2000,950,naive,psi0,-0.19214971161911748,0.13056419351254134
2000,950,naive,psi1,0.1569208298491553,0.13912188487253715
2000,950,corrected,psi0,1.1228537447528517,0.15130361066455128
2000,950,corrected,psi1,0.6741173625335388,0.1599459216604576
2000,951,naive,psi0,-0.18344784731888567,0.13102540213471478
2000,951,naive,psi1,-0.016700798673722806,0.1316769502265799
2000,951,corrected,psi0,1.0434982941411242,0.15116814369457335
2000,951,corrected,psi1,0.5019416463656533,0.15223161141423572
2000,952,naive,psi0,-0.25082918802893994,0.1254412168126867
2000,952,naive,psi1,-0.049517983268122304,0.12259969755981565
2000,952,corrected,psi0,1.045220092810064,0.14503016672341856
2000,952,corrected,psi1,0.4311230009516975,0.14340915074398752
2000,953,naive,psi0,-0.2583678379662364,0.127810735070702
2000,953,naive,psi1,-0.03140011942809029,0.1293053752475539
2000,953,corrected,psi0,1.031156909311426,0.14792542427098349
2000,953,corrected,psi1,0.41940400023232133,0.1473762710162179
2000,954,naive,psi0,-0.39639192567623277,0.12171250104650846
2000,954,naive,psi1,0.051610957882722165,0.1185609333595224
2000,954,corrected,psi0,0.8609328644631636,0.14198940362615622
2000,954,corrected,psi1,0.5516235904495357,0.13934283149580928
2000,955,naive,psi0,-0.1279556821366776,0.1276077548797505
2000,955,naive,psi1,0.014010518741176998,0.13611425262697902
2000,955,corrected,psi0,1.1290082951842546,0.1498744456351191
2000,955,corrected,psi1,0.5745923322064372,0.16619027354974097
2000,956,naive,psi0,-0.024664440775196684,0.13078544833460728
2000,956,naive,psi1,-0.396630367610138,0.1559618693211309
2000,956,corrected,psi0,1.2605360214355854,0.15105176615189947
2000,956,corrected,psi1,0.06890716465751599,0.18079197076599834
2000,957,naive,psi0,-0.06491012014998807,0.12444620172202202
2000,957,naive,psi1,-0.16233963358855966,0.1306931134162933
2000,957,corrected,psi0,1.2583853143604335,0.1461947780520955
2000,957,corrected,psi1,0.34320868561279744,0.1585085533704961
2000,958,naive,psi0,-0.5151352359843501,0.12721867273075388
2000,958,naive,psi1,0.07615864124402089,0.1365412479336213
2000,958,corrected,psi0,0.7327890251114376,0.14930527603405278
2000,958,corrected,psi1,0.6031433088684209,0.160194562983887
2000,959,naive,psi0,-0.3785966661118111,0.13439104187971065
2000,959,naive,psi1,-0.06436960005611453,0.14845724615838163
2000,959,corrected,psi0,0.8847018700886156,0.15741702470885735
2000,959,corrected,psi1,0.4026054900698114,0.17714364042316208
2000,960,naive,psi0,-0.3509882254340563,0.12640535530142066
2000,960,naive,psi1,0.017318362517629565,0.12128861280570523
2000,960,corrected,psi0,0.9849399528333022,0.14508731046235523
2000,960,corrected,psi1,0.48277694022591766,0.1389418436113643
2000,961,naive,psi0,-0.3581664472627868,0.1282166434115658
2000,961,naive,psi1,0.21796425791159954,0.1253002599371404
2000,961,corrected,psi0,0.9380185328518114,0.1501568192685859
2000,961,corrected,psi1,0.7084758076549744,0.14647538175935668
2000,962,naive,psi0,-0.3023979014386866,0.12257845973545334
2000,962,naive,psi1,-0.06137730528015256,0.13056227517548175
2000,962,corrected,psi0,0.9317518213926389,0.14225923060808982
2000,962,corrected,psi1,0.42431213931712647,0.15320694413421695
2000,963,naive,psi0,-0.3939667107662457,0.12142974608871221
2000,963,naive,psi1,0.11184556535767345,0.13466665597709984
2000,963,corrected,psi0,0.8820084308081974,0.1423695147996194
2000,963,corrected,psi1,0.6012287279125611,0.15798362597123458
2000,964,naive,psi0,-0.2999175748432863,0.13369556971346114
2000,964,naive,psi1,0.09285064421636618,0.13901515364183578
2000,964,corrected,psi0,0.9911227626934458,0.15625800716901367
2000,964,corrected,psi1,0.5741596669448212,0.1636889154169796
2000,965,naive,psi0,-0.12777482332366266,0.13449102902675028
2000,965,naive,psi1,-0.23005831795901469,0.1380134994793448
2000,965,corrected,psi0,1.183265319467731,0.1554474184948572
2000,965,corrected,psi1,0.2594952006213027,0.1585253936198338
2000,966,naive,psi0,-0.3263820416519973,0.1276282217241981
2000,966,naive,psi1,0.1287340440274427,0.12435788977738306
2000,966,corrected,psi0,0.9399389701287705,0.1490435450075257
2000,966,corrected,psi1,0.6550084985490898,0.14496692713038475
2000,967,naive,psi0,-0.006138499523943773,0.12501054210566653
2000,967,naive,psi1,0.135725867824204,0.13041377318271802
2000,967,corrected,psi0,1.2626663820352872,0.14472584513916945
2000,967,corrected,psi1,0.7082960066826413,0.15340422851547567
2000,968,naive,psi0,-0.4319703656226259,0.13085352436817552
2000,968,naive,psi1,0.013778467030253838,0.13599649896269608
2000,968,corrected,psi0,0.8398615792950459,0.15100899170102006
2000,968,corrected,psi1,0.5049806158737725,0.1554108015248824
2000,969,naive,psi0,-0.36790306143106416,0.1251174268222755
2000,969,naive,psi1,-0.14611779851051213,0.1320045790205642
2000,969,corrected,psi0,0.8730471602498663,0.14601339018193224
2000,969,corrected,psi1,0.3266903890472221,0.15577077002961282
2000,970,naive,psi0,-0.41162354011086155,0.13269320311415053
2000,970,naive,psi1,-0.09975935178427206,0.1407051175801312
2000,970,corrected,psi0,0.8754737161207767,0.154659660166426
2000,970,corrected,psi1,0.44607519928204364,0.16310454402922983
2000,971,naive,psi0,-0.4031165584784758,0.1293455944293585
2000,971,naive,psi1,-0.2529593586357267,0.1575930985527166
2000,971,corrected,psi0,0.8572287122657593,0.15002695402157454
2000,971,corrected,psi1,0.15470916114616554,0.18120657279505328
2000,972,naive,psi0,-0.18363162516085269,0.12913665353018536
2000,972,naive,psi1,-0.001805241614144634,0.12584238471881057
2000,972,corrected,psi0,1.0810514656319634,0.15256871738988426
2000,972,corrected,psi1,0.49947931365792936,0.1487697362823747
2000,973,naive,psi0,-0.521317031853722,0.12935706744121056
2000,973,naive,psi1,-0.1494374011463706,0.13579849573695432
2000,973,corrected,psi0,0.7032866634440307,0.1499823587993724
2000,973,corrected,psi1,0.3688231851678316,0.1563297256012853
2000,974,naive,psi0,-0.25832003795839814,0.12481509746487265
2000,974,naive,psi1,0.13163489205361595,0.12085116504229355
2000,974,corrected,psi0,1.042075719405301,0.14636869880192643
2000,974,corrected,psi1,0.6854010292647296,0.14377034107556927
2000,975,naive,psi0,-0.32248234468093795,0.13241621641928703
2000,975,naive,psi1,0.07389205258814018,0.13179425591041233
2000,975,corrected,psi0,0.9646585886222183,0.15523355209913123
2000,975,corrected,psi1,0.57966978235116,0.15777837113313795
2000,976,naive,psi0,-0.2761426918436318,0.12587867825397933
2000,976,naive,psi1,-0.1255854540992751,0.1341123560384596
2000,976,corrected,psi0,1.0252165490156762,0.14502594360050283
2000,976,corrected,psi1,0.32582891581202306,0.15264833797565627
2000,977,naive,psi0,-0.32656302170169266,0.12558182940665877
2000,977,naive,psi1,-0.29631626021878954,0.12257112611758889
2000,977,corrected,psi0,0.8970581030879681,0.14734323826045387
2000,977,corrected,psi1,0.1334440264600312,0.1472112842572327
2000,978,naive,psi0,-0.29349663499280126,0.13111326967438527
2000,978,naive,psi1,0.2828624411192281,0.11790306158507885
2000,978,corrected,psi0,0.9821607920066875,0.15233368002179004
2000,978,corrected,psi1,0.8502811092684012,0.1381943369457644
2000,979,naive,psi0,-0.25647676544768566,0.133787709100694
2000,979,naive,psi1,0.09219810434303445,0.1417429104502638
2000,979,corrected,psi0,1.0075881342072224,0.15632503003845705
2000,979,corrected,psi1,0.6131853152586366,0.16533305835525483
2000,980,naive,psi0,-0.28193691577733626,0.1279153523814804
2000,980,naive,psi1,0.1143623450569502,0.1319353875857244
2000,980,corrected,psi0,0.9550827437734876,0.14815935289395546
2000,980,corrected,psi1,0.6004085315398087,0.15394083166347228
2000,981,naive,psi0,-0.3220156775798369,0.12752466186574773
2000,981,naive,psi1,-0.023822733686480788,0.13449081529958437
2000,981,corrected,psi0,0.9359232677601622,0.14882538770991877
2000,981,corrected,psi1,0.5040609080698757,0.15458256002552892
2000,982,naive,psi0,-0.2627628903243836,0.12026629002556
2000,982,naive,psi1,-0.20710065536249697,0.13136494676008229
2000,982,corrected,psi0,1.0371196095656143,0.14008104116670952
2000,982,corrected,psi1,0.24677034777353188,0.15422664011496137
2000,983,naive,psi0,-0.17553670213122632,0.12414722493948571
2000,983,naive,psi1,-0.08148352433565174,0.13475962017390267
2000,983,corrected,psi0,1.0827068217456584,0.14550662729433908
2000,983,corrected,psi1,0.4223880479926044,0.15738063432256155
2000,984,naive,psi0,-0.24235786492824368,0.1329282979571545
2000,984,naive,psi1,0.017952285249649102,0.13895592971983722
2000,984,corrected,psi0,1.0150247028088732,0.15261627156031096
2000,984,corrected,psi1,0.5047689502866122,0.1587344554931205
2000,985,naive,psi0,-0.24871342667739602,0.12643412794790465
2000,985,naive,psi1,0.08782272967056849,0.13721353135763886
2000,985,corrected,psi0,1.0824342473717712,0.14879466987577825
2000,985,corrected,psi1,0.6697452130643491,0.15936568318408556
2000,986,naive,psi0,-0.23089585983046004,0.13204935293957692
2000,986,naive,psi1,0.1857034237428297,0.14172560851733926
2000,986,corrected,psi0,1.058341160692014,0.15468723552575195
2000,986,corrected,psi1,0.6774133154018841,0.16576926467929992
2000,987,naive,psi0,-0.37563418249536334,0.12832797939031299
2000,987,naive,psi1,-0.032629360460754084,0.12683417794517507
2000,987,corrected,psi0,0.8980485399833166,0.15068764494281317
2000,987,corrected,psi1,0.4545541794645835,0.15797466143425398
2000,988,naive,psi0,-0.31571143901342447,0.1239695931298355
2000,988,naive,psi1,-0.08065002268303631,0.12772448242078252
2000,988,corrected,psi0,0.9525570894470066,0.1450258009564738
2000,988,corrected,psi1,0.3462938068539988,0.15092321413609833
2000,989,naive,psi0,-0.3774228577502509,0.11996037334258638
2000,989,naive,psi1,-0.11491732670269718,0.1387517713880713
2000,989,corrected,psi0,0.8363090705449967,0.14085975788791583
2000,989,corrected,psi1,0.364935757515821,0.16357878809440382
2000,990,naive,psi0,-0.12671000159326568,0.12542968358174428
2000,990,naive,psi1,-0.059027367292211634,0.13344489218811598
2000,990,corrected,psi0,1.1048948198014121,0.1440893882363945
2000,990,corrected,psi1,0.43099924349433794,0.15442216466234743
2000,991,naive,psi0,-0.5679501306154633,0.12872633941365183
2000,991,naive,psi1,-0.0781748148359466,0.13184863917351258
2000,991,corrected,psi0,0.6812588952938339,0.1498765029783574
2000,991,corrected,psi1,0.3812654770354239,0.1551452233392741
2000,992,naive,psi0,-0.12233067517932866,0.12899414668779743
2000,992,naive,psi1,-0.08252290642154794,0.13662834702610477
2000,992,corrected,psi0,1.1936396161011877,0.15065405789094688
2000,992,corrected,psi1,0.43354305873639865,0.16127253825277202
2000,993,naive,psi0,-0.3505235369479448,0.13565211221026646
2000,993,naive,psi1,0.2589984405588191,0.14495112649210345
2000,993,corrected,psi0,0.9214189991075789,0.15869151499866935
2000,993,corrected,psi1,0.8029414734050597,0.17111912474600383
2000,994,naive,psi0,-0.2289938699852893,0.129863855312959
2000,994,naive,psi1,0.0141075757263446,0.1363418156570912
2000,994,corrected,psi0,1.0324009146965427,0.1524382932470964
2000,994,corrected,psi1,0.5216917043833794,0.1643671226303196
2000,995,naive,psi0,-0.18543179591520045,0.12517774848966326
2000,995,naive,psi1,-0.0461770144027678,0.12531205223332356
2000,995,corrected,psi0,1.0766414466374907,0.14567818044914146
2000,995,corrected,psi1,0.44529958165796907,0.15123783193076834
2000,996,naive,psi0,-0.32252470275622636,0.12107999684719398
2000,996,naive,psi1,-0.1304140564734117,0.14105290436870008
2000,996,corrected,psi0,0.9901271656994948,0.13980092472711952
2000,996,corrected,psi1,0.34652763297448014,0.16099063041772915
2000,997,naive,psi0,-0.29659876058847534,0.1302064433073782
2000,997,naive,psi1,-0.01578663806534918,0.14097428079461902
2000,997,corrected,psi0,0.9091041443036973,0.1515843419512784
2000,997,corrected,psi1,0.48559156423388994,0.1627658523534458
2000,998,naive,psi0,-0.330650013941302,0.1339827195061686
2000,998,naive,psi1,0.0724934423223019,0.13539780036232213
2000,998,corrected,psi0,0.9286990763560639,0.15591917132661018
2000,998,corrected,psi1,0.5471511639978519,0.15608203353265612
2000,999,naive,psi0,-0.16314301207992984,0.12355424984866742
2000,999,naive,psi1,0.06765820219909831,0.12308395945903543
2000,999,corrected,psi0,1.1218907809301684,0.1429533047917788
2000,999,corrected,psi1,0.6286225525100895,0.14172697577772128
5000,0,naive,psi0,-0.1981620547633405,0.08122452731958885
5000,0,naive,psi1,0.10588119529844917,0.08580598271457412
5000,0,corrected,psi0,1.0999387439564074,0.09431964538521945
5000,0,corrected,psi1,0.611459747543191,0.10008787017075206
5000,1,naive,psi0,-0.2294070078338876,0.07920314071031048
5000,1,naive,psi1,-0.05027047234913174,0.08485311200935985
5000,1,corrected,psi0,1.0509910719207909,0.09242152035163086
5000,1,corrected,psi1,0.4420065435782299,0.09928376824362543
5000,2,naive,psi0,-0.2226810007901281,0.08236179587452502
5000,2,naive,psi1,0.03146481631153969,0.08936062891263892
5000,2,corrected,psi0,1.0506278363310078,0.09547455235972443
5000,2,corrected,psi1,0.5167278226940438,0.10374668711167485
5000,3,naive,psi0,-0.3729177229889445,0.07960908060225624
5000,3,naive,psi1,-0.13510859438384226,0.0802667018334913
5000,3,corrected,psi0,0.8771714621975543,0.09257267613903586
5000,3,corrected,psi1,0.3409245730386312,0.09358434426548196
5000,4,naive,psi0,-0.2284891769732949,0.08292499614594483
5000,4,naive,psi1,0.03321891201130217,0.08898391784625469
5000,4,corrected,psi0,1.058278117088576,0.09660026111819833
5000,4,corrected,psi1,0.558318390806157,0.10362369270961393
5000,5,naive,psi0,-0.4050110389216307,0.07985030697056199
5000,5,naive,psi1,-0.11736445249973283,0.08810821917119652
5000,5,corrected,psi0,0.8617745406719856,0.09250973922655639
5000,5,corrected,psi1,0.3648420388144876,0.10197020601112664
5000,6,naive,psi0,-0.2553766619790505,0.08138165609189311
5000,6,naive,psi1,-0.23239603100497777,0.08493326041988734
5000,6,corrected,psi0,1.054800180333091,0.09465542032229247
5000,6,corrected,psi1,0.26799388053794654,0.09941352173756798
5000,7,naive,psi0,-0.2181611393060245,0.08262389952538243
5000,7,naive,psi1,0.06273544474704143,0.08779529959042992
5000,7,corrected,psi0,1.0515333132501912,0.09548898171008868
5000,7,corrected,psi1,0.6038845797466481,0.10150420947286797
5000,8,naive,psi0,-0.10258011035069102,0.08615556148639862
5000,8,naive,psi1,-0.22545697140648516,0.08857088300111617
5000,8,corrected,psi0,1.18800596721951,0.09939065777304558
5000,8,corrected,psi1,0.22306080030197828,0.102549382257951
5000,9,naive,psi0,-0.2857565260904455,0.07854198024812058
5000,9,naive,psi1,0.0012061703665277315,0.08715431265894995
5000,9,corrected,psi0,0.9876444983860607,0.09103523495003338
5000,9,corrected,psi1,0.47588735448875463,0.10088174754814243
5000,10,naive,psi0,-0.3714020159683188,0.07971824226251156
5000,10,naive,psi1,0.043597886537968505,0.08260920389072529
5000,10,corrected,psi0,0.8939053277777448,0.0929191256593604
5000,10,corrected,psi1,0.5583940675767134,0.09748016831200321
5000,11,naive,psi0,-0.2057740208428354,0.08011227789993379
5000,11,naive,psi1,0.052630781437490226,0.07900774333464447
5000,11,corrected,psi0,1.0545012133682028,0.09338686667472966
5000,11,corrected,psi1,0.5370435641579543,0.09214692572117245
5000,12,naive,psi0,-0.264632027896785,0.07765445728849008
5000,12,naive,psi1,-0.025065162665067735,0.08003370898721378
5000,12,corrected,psi0,0.9779671140979351,0.0908887938515287
5000,12,corrected,psi1,0.5234286706987031,0.09278397635964991
5000,13,naive,psi0,-0.3252834834640811,0.07888977728280104
5000,13,naive,psi1,-0.04198391514077009,0.08475814715207323
5000,13,corrected,psi0,0.9665460569679626,0.09178004374156465
5000,13,corrected,psi1,0.4469780346324226,0.09768432063629756
5000,14,naive,psi0,-0.19083434606528543,0.08346086068951858
5000,14,naive,psi1,0.10119512819042606,0.08905011707577845
5000,14,corrected,psi0,1.061906943325411,0.0967750216642962
5000,14,corrected,psi1,0.6399621732212424,0.10455129674438879
5000,15,naive,psi0,-0.26187024565282213,0.07999071761250698
5000,15,naive,psi1,0.032023187853448994,0.08428812162023123
5000,15,corrected,psi0,0.9974501792633734,0.09328974960389985
5000,15,corrected,psi1,0.6116616083411671,0.09856795754730714
5000,16,naive,psi0,-0.3270997984161777,0.08142687863499082
5000,16,naive,psi1,0.062477507224538056,0.08398320158337028
5000,16,corrected,psi0,0.921449882016411,0.09481040197312696
5000,16,corrected,psi1,0.5951636696215701,0.09818261266543564
5000,17,naive,psi0,-0.22551196351941338,0.08126996136256798
5000,17,naive,psi1,0.07596127528932728,0.09059069697790478
5000,17,corrected,psi0,1.0210097507009581,0.09528005086984546
5000,17,corrected,psi1,0.5664705695146076,0.10678231369789203
5000,18,naive,psi0,-0.13979460298363533,0.08037565341134922
5000,18,naive,psi1,0.018917545653886675,0.08683116307297484
5000,18,corrected,psi0,1.1530789256999725,0.09366208643040719
5000,18,corrected,psi1,0.4936173290803628,0.10176067538158887
5000,19,naive,psi0,-0.1426022623097859,0.07983783412206019
5000,19,naive,psi1,0.0971612655976182,0.08429222267576121
5000,19,corrected,psi0,1.151213616481887,0.09254589090763676
5000,19,corrected,psi1,0.6147354878905729,0.09773447194226029
5000,20,naive,psi0,-0.28288837713194037,0.07938594616487038
5000,20,naive,psi1,-0.08919294675924046,0.08135555098767489
5000,20,corrected,psi0,0.9714931350761707,0.09272018417614772
5000,20,corrected,psi1,0.39593775099865763,0.09519261352297753
5000,21,naive,psi0,-0.3042998676438076,0.07974921796655288
5000,21,naive,psi1,-0.06367509599232231,0.08153102800371644
5000,21,corrected,psi0,0.9755517979660911,0.0923624408710168
5000,21,corrected,psi1,0.4291821110538577,0.09501406665022641
5000,22,naive,psi0,-0.20909148765545216,0.08134686246212573
5000,22,naive,psi1,0.019947952951242926,0.08810613862355986
5000,22,corrected,psi0,1.0836004807269544,0.09353229408611415
5000,22,corrected,psi1,0.5130241856086315,0.09990648533639025
5000,23,naive,psi0,-0.4053509247621649,0.07943181928163247
5000,23,naive,psi1,0.19673402901133186,0.08131494667767869
5000,23,corrected,psi0,0.8558089761567929,0.09318289475751364
5000,23,corrected,psi1,0.7555383862339701,0.09531532475369416
5000,24,naive,psi0,-0.3015426443713981,0.0816596045942673
5000,24,naive,psi1,0.11302768559390333,0.08290160269581498
5000,24,corrected,psi0,0.9585043863028989,0.09492433707717178
5000,24,corrected,psi1,0.6043367704645464,0.09629473674666135
5000,25,naive,psi0,-0.25839580277215857,0.0794986168125102
5000,25,naive,psi1,0.0030140699519445612,0.081070797177258
5000,25,corrected,psi0,0.9741274622720181,0.09274058797580706
5000,25,corrected,psi1,0.5125476353947358,0.09482028792486508
5000,26,naive,psi0,-0.3270432676508758,0.08247078080880263
5000,26,naive,psi1,-0.011868899014837354,0.08356169187352538
5000,26,corrected,psi0,0.9368307318224555,0.09646088935727151
5000,26,corrected,psi1,0.48458305126146534,0.09795924576246887
5000,27,naive,psi0,-0.20432287252778544,0.07888957600589885
5000,27,naive,psi1,-0.050798452515833335,0.0833051915067396
5000,27,corrected,psi0,1.0872240125548054,0.09217339407276348
5000,27,corrected,psi1,0.44799155554459374,0.09666198169144657
5000,28,naive,psi0,-0.2188211793657415,0.08272274549227625
5000,28,naive,psi1,-0.036118771841981805,0.08957301686568242
5000,28,corrected,psi0,1.048746739378828,0.09618662551597701
5000,28,corrected,psi1,0.46602653831564844,0.10384777880664119
5000,29,naive,psi0,-0.43468880963493106,0.08094196349139329
5000,29,naive,psi1,-0.09960965249593082,0.0845590187246051
5000,29,corrected,psi0,0.845563839439015,0.09383246778831289
5000,29,corrected,psi1,0.35583841729157606,0.09887024108991135
5000,30,naive,psi0,-0.4245304106495307,0.08140298125068655
5000,30,naive,psi1,-0.03593289068246676,0.08317212621502369
5000,30,corrected,psi0,0.8221212131840047,0.0948586913377192
5000,30,corrected,psi1,0.48399300028165315,0.09650151927984467
5000,31,naive,psi0,-0.28078605593267003,0.07986731298165158
5000,31,naive,psi1,-0.007759423340174583,0.08287816519445063
5000,31,corrected,psi0,0.9975622455778449,0.0932565171537432
5000,31,corrected,psi1,0.46441864456654025,0.09730949361823477
5000,32,naive,psi0,-0.39020162302848477,0.07847853079180826
5000,32,naive,psi1,0.02568012617966923,0.08141793355393918
5000,32,corrected,psi0,0.8920537481159789,0.09178007743881138
5000,32,corrected,psi1,0.5143205226833073,0.09547835176322975
5000,33,naive,psi0,-0.23784530423491862,0.07984131278975574
5000,33,naive,psi1,0.07581968782484043,0.0882536588662312
5000,33,corrected,psi0,1.0404428434166424,0.09323877278305931
5000,33,corrected,psi1,0.5996469919093396,0.10387359551121732
5000,34,naive,psi0,-0.28827438983097087,0.0792467968165295
5000,34,naive,psi1,0.0249568753958852,0.08774588758419843
5000,34,corrected,psi0,0.9987122763918104,0.09195381229745449
5000,34,corrected,psi1,0.4919928945979747,0.10158413788718076
5000,35,naive,psi0,-0.32016379089814767,0.08152869348092283
5000,35,naive,psi1,-0.023703760110249283,0.08557866398394412
5000,35,corrected,psi0,0.9321912180057266,0.09473205916034325
5000,35,corrected,psi1,0.516949610616024,0.09921254912437634
5000,36,naive,psi0,-0.2537577822143387,0.08199126932355287
5000,36,naive,psi1,0.05199578674695336,0.0857069552557222
5000,36,corrected,psi0,1.0164221584507012,0.09500216569540361
5000,36,corrected,psi1,0.5354790863136448,0.09932461015553941
5000,37,naive,psi0,-0.2080204924040963,0.0820266285592537
5000,37,naive,psi1,0.1822252807445391,0.09165680019396687
5000,37,corrected,psi0,1.0749440904404761,0.09505573150053845
5000,37,corrected,psi1,0.6974643538330602,0.10455704636225943
5000,38,naive,psi0,-0.30909413278168135,0.07925802582554357
5000,38,naive,psi1,0.06973709413784665,0.08233359805454232
5000,38,corrected,psi0,0.9625920344489454,0.09179921308206153
5000,38,corrected,psi1,0.5681899206201417,0.09446366201456088
5000,39,naive,psi0,-0.3232039006555279,0.07815898427208784
5000,39,naive,psi1,-0.0015402180041112453,0.08258050443479875
5000,39,corrected,psi0,0.9458880717110342,0.09096808376620631
5000,39,corrected,psi1,0.4752576203082268,0.09544279888953676
5000,40,naive,psi0,-0.28550263840280304,0.08005250353459155
5000,40,naive,psi1,0.031020717675134705,0.08204254024372414
5000,40,corrected,psi0,1.0162408949021373,0.09348487475803904
5000,40,corrected,psi1,0.5262255188293745,0.09578450738673593
5000,41,naive,psi0,-0.2447255180749005,0.08077225702949199
5000,41,naive,psi1,0.022233815781830882,0.08146942480209113
5000,41,corrected,psi0,1.0345458162173566,0.09364600430392318
5000,41,corrected,psi1,0.5319639967567058,0.0951129112946938
5000,42,naive,psi0,-0.2438383798336093,0.08151367261301617
5000,42,naive,psi1,0.026415172544284868,0.08271812944363009
5000,42,corrected,psi0,0.9942835237874355,0.09454960864266046
5000,42,corrected,psi1,0.5533947623793526,0.09603636570344538
5000,43,naive,psi0,-0.33024640756357815,0.08047475869199205
5000,43,naive,psi1,0.06320126065826176,0.08377430359065623
5000,43,corrected,psi0,0.976309069550775,0.09437452391550155
5000,43,corrected,psi1,0.5985772934441836,0.09941991440446621
5000,44,naive,psi0,-0.3008884108129002,0.0816929494423068
5000,44,naive,psi1,-0.1297626980908028,0.08489258277768676
5000,44,corrected,psi0,0.9600877687534226,0.09515900702947039
5000,44,corrected,psi1,0.3397785298569352,0.09910700389857816
5000,45,naive,psi0,-0.1800793335806974,0.08207423995224067
5000,45,naive,psi1,-0.005644501632792649,0.08618206747109107
5000,45,corrected,psi0,1.1006425750947844,0.09542608022242124
5000,45,corrected,psi1,0.5100620228370618,0.09967682121954063
5000,46,naive,psi0,-0.2878450563201768,0.08122867672312356
5000,46,naive,psi1,0.02472245525736331,0.08437938185185184
5000,46,corrected,psi0,0.9907164256812288,0.09445747557675882
5000,46,corrected,psi1,0.4850311945101051,0.0985438085254103
5000,47,naive,psi0,-0.33654463696477804,0.08042131263209167
5000,47,naive,psi1,-0.06478815666544374,0.0892694795328177
5000,47,corrected,psi0,0.9531012603918115,0.09348517857883436
5000,47,corrected,psi1,0.43427553288832543,0.10375733826761734
5000,48,naive,psi0,-0.30954873566231106,0.08098170364762897
5000,48,naive,psi1,0.03888685553122868,0.08198282825839787
5000,48,corrected,psi0,0.9451371218628871,0.09425543880766203
5000,48,corrected,psi1,0.5325035791412821,0.09594395044291246
5000,49,naive,psi0,-0.24255210330854735,0.08264738237539947
5000,49,naive,psi1,-0.023872660414999827,0.08797527628937006
5000,49,corrected,psi0,1.0106340051239942,0.09623836583680455
5000,49,corrected,psi1,0.49572297081573147,0.10220144044905323
5000,50,naive,psi0,-0.2615318279567054,0.0806022898034935
5000,50,naive,psi1,0.03192408131854343,0.08555723476034478
5000,50,corrected,psi0,1.0133146036309286,0.0936054435798973
5000,50,corrected,psi1,0.5448085507017459,0.09933948129043685
5000,51,naive,psi0,-0.29052582267891397,0.08069332784063019
5000,51,naive,psi1,-0.022302484367578566,0.08323754154119303
5000,51,corrected,psi0,0.9858994114089521,0.09428261114789464
5000,51,corrected,psi1,0.4900796782864095,0.09682300407128444
5000,52,naive,psi0,-0.17633549371889531,0.08264169236095249
5000,52,naive,psi1,0.034070167175837204,0.08246466730076286
5000,52,corrected,psi0,1.0847161634620173,0.09590893997737113
5000,52,corrected,psi1,0.5203323367538312,0.09602736673917596
5000,53,naive,psi0,-0.3865931546126709,0.07832140649292824
5000,53,naive,psi1,-0.050970960068245884,0.08101806326597748
5000,53,corrected,psi0,0.8825602635743073,0.09116934750206777
5000,53,corrected,psi1,0.43653492501038355,0.09451221430527959
5000,54,naive,psi0,-0.21881497944858266,0.08136135553243151
5000,54,naive,psi1,0.026011408207908555,0.08812835789334954
5000,54,corrected,psi0,1.0885533401398153,0.09450598454717053
5000,54,corrected,psi1,0.5309420549809732,0.10254252232554374
5000,55,naive,psi0,-0.36196314432145926,0.08029715851100018
5000,55,naive,psi1,0.1294315483149924,0.08259201085512545
5000,55,corrected,psi0,0.8646196471888374,0.09446295461400338
5000,55,corrected,psi1,0.6246365449094715,0.0970326300468539
5000,56,naive,psi0,-0.3269951446294784,0.07897099945708695
5000,56,naive,psi1,-0.01904549484085324,0.08624979038069394
5000,56,corrected,psi0,0.9462916147124671,0.092074536166545
5000,56,corrected,psi1,0.4531871485184587,0.09936952540660729
5000,57,naive,psi0,-0.2468315825712167,0.08080002288220513
5000,57,naive,psi1,0.02421322591939714,0.08638205921824332
5000,57,corrected,psi0,1.0437372296716716,0.09388837592683097
5000,57,corrected,psi1,0.5055342608543251,0.09943147764965746
5000,58,naive,psi0,-0.3051730758753945,0.08110057131901867
5000,58,naive,psi1,0.12136733691686584,0.08618569395648812
5000,58,corrected,psi0,0.9703985137289892,0.09519642122202819
5000,58,corrected,psi1,0.6291472837360569,0.10168822642581733
5000,59,naive,psi0,-0.41398955603955573,0.08073078198001081
5000,59,naive,psi1,-0.009521140340129552,0.08684363994695042
5000,59,corrected,psi0,0.8294357334236226,0.09448393442674335
5000,59,corrected,psi1,0.4561339269901799,0.10262049065277978
5000,60,naive,psi0,-0.3641087503303945,0.08206510550450391
5000,60,naive,psi1,-0.128444053776878,0.08374483718991496
5000,60,corrected,psi0,0.8906089854845733,0.0951257148047191
5000,60,corrected,psi1,0.36299204633018395,0.09656780654219681
5000,61,naive,psi0,-0.5220684055049454,0.07934679735709414
5000,61,naive,psi1,-0.07135117558968627,0.08339823499790236
5000,61,corrected,psi0,0.7306141335525463,0.09244500799596349
5000,61,corrected,psi1,0.4019486423637274,0.09790503905557411
5000,62,naive,psi0,-0.3084973680013536,0.08180121294899154
5000,62,naive,psi1,-0.054572752691218765,0.08615689680576928
5000,62,corrected,psi0,0.952894316366306,0.09501812743901725
5000,62,corrected,psi1,0.42523548881541545,0.09972907078088503
5000,63,naive,psi0,-0.3321502694778194,0.08264466781950586
5000,63,naive,psi1,0.09428203737039074,0.08458957850249761
5000,63,corrected,psi0,0.9626865911907849,0.09582184902687273
5000,63,corrected,psi1,0.6151076150716375,0.0975550630762133
5000,64,naive,psi0,-0.3103963437871826,0.08140327418272109
5000,64,naive,psi1,0.02644619940541699,0.09126926117163352
5000,64,corrected,psi0,0.9309641482500928,0.09494042965802332
5000,64,corrected,psi1,0.5590714775530803,0.10662044080664354
5000,65,naive,psi0,-0.3163917051834304,0.0807493482450282
5000,65,naive,psi1,-0.07623942409761827,0.08358219436218585
5000,65,corrected,psi0,0.9632600306075849,0.0935274027281803
5000,65,corrected,psi1,0.4531488090129784,0.09688397020697002
5000,66,naive,psi0,-0.24679754462806527,0.07981867605329579
5000,66,naive,psi1,0.019503117986006333,0.08465993141892009
5000,66,corrected,psi0,1.0229678249054166,0.09336601820469373
5000,66,corrected,psi1,0.5144969121584542,0.0986031151418599
5000,67,naive,psi0,-0.463110600037709,0.08172010409301189
5000,67,naive,psi1,-0.018898011944651245,0.09092604749481922
5000,67,corrected,psi0,0.8345291095528005,0.0952716066972799
5000,67,corrected,psi1,0.4847936641892665,0.10536127954637887
5000,68,naive,psi0,-0.08673418893846259,0.08430753135674432
5000,68,naive,psi1,0.10516482103640629,0.09133884341678544
5000,68,corrected,psi0,1.1991501873865857,0.09814128773753016
5000,68,corrected,psi1,0.5964104019290106,0.1057144366974956
5000,69,naive,psi0,-0.28839106035914,0.08126115503957275
5000,69,naive,psi1,-0.06167242054204662,0.08842930667216402
5000,69,corrected,psi0,0.9829316943481617,0.09417327136963523
5000,69,corrected,psi1,0.44373275965108855,0.10258715239295194
5000,70,naive,psi0,-0.28075266197575033,0.07906987338546974
5000,70,naive,psi1,0.11063388584180335,0.0843735545702338
5000,70,corrected,psi0,0.9792060888134981,0.09179389123997461
5000,70,corrected,psi1,0.5979835464708696,0.09723143513630952
5000,71,naive,psi0,-0.34385243593894493,0.08052649600387542
5000,71,naive,psi1,0.1049193104058231,0.08686729301349008
5000,71,corrected,psi0,0.9555451411084886,0.09400240258875292
5000,71,corrected,psi1,0.580142432653448,0.10244951416886568
5000,72,naive,psi0,-0.41416864422604316,0.08353484892350922
5000,72,naive,psi1,0.10976787754874759,0.08668200299397343
5000,72,corrected,psi0,0.8876306992272534,0.09715919173227458
5000,72,corrected,psi1,0.6789607445268155,0.10030079456937933
5000,73,naive,psi0,-0.27188199421813597,0.08118748739076741
5000,73,naive,psi1,0.08741657568434329,0.08764511330008508
5000,73,corrected,psi0,1.0005394891578197,0.09529337544997103
5000,73,corrected,psi1,0.5969733355411684,0.10437516994637899
5000,74,naive,psi0,-0.329209673103191,0.08088708660107101
5000,74,naive,psi1,0.09473035130115835,0.08271253575094548
5000,74,corrected,psi0,0.9434500194638006,0.0946951192884897
5000,74,corrected,psi1,0.599625999392267,0.09583408934240427
5000,75,naive,psi0,-0.45308548031574836,0.08242743146279394
5000,75,naive,psi1,0.034979837271283065,0.09060945707963036
5000,75,corrected,psi0,0.7817692271873921,0.09645078870469757
5000,75,corrected,psi1,0.4991010147569638,0.106308537404187
5000,76,naive,psi0,-0.172332915945976,0.08197306020597565
5000,76,naive,psi1,0.11863066129171011,0.08356281020789239
5000,76,corrected,psi0,1.1376377630869756,0.09539979649362852
5000,76,corrected,psi1,0.6195330597030162,0.0962007714273301
5000,77,naive,psi0,-0.29939573017039234,0.08346909641089428
5000,77,naive,psi1,0.09442847834177859,0.08728377736552274
5000,77,corrected,psi0,0.9644132365800776,0.09703795264394217
5000,77,corrected,psi1,0.624090399715067,0.10154658064493938
5000,78,naive,psi0,-0.11686197812298918,0.08022108715777584
5000,78,naive,psi1,-0.08957830848832053,0.08537411948840573
5000,78,corrected,psi0,1.20439137403933,0.09341502263537904
5000,78,corrected,psi1,0.41565158086699167,0.09923012225967962
5000,79,naive,psi0,-0.09746529528666056,0.07923321151328896
5000,79,naive,psi1,-0.10286825966126728,0.07907921923021288
5000,79,corrected,psi0,1.226984299520568,0.09185093467363131
5000,79,corrected,psi1,0.36458226306433433,0.09113847747413704
5000,80,naive,psi0,-0.30688347622792916,0.08164834813918836
5000,80,naive,psi1,0.047791937917554275,0.08441649181101854
5000,80,corrected,psi0,0.9465009182665746,0.09525010681950061
5000,80,corrected,psi1,0.586359826411005,0.10160951987559452
5000,81,naive,psi0,-0.12299681110956351,0.08030284054605272
5000,81,naive,psi1,-0.03197950826774955,0.08567742144449061
5000,81,corrected,psi0,1.1712106255209416,0.09282704119957219
5000,81,corrected,psi1,0.4482132337650815,0.09857888241543387
5000,82,naive,psi0,-0.3228011598153405,0.08108599291614511
5000,82,naive,psi1,0.01429048100901501,0.08193581862480226
5000,82,corrected,psi0,0.9243667305026594,0.09481826193385864
5000,82,corrected,psi1,0.5261729259124938,0.09617461873772085
5000,83,naive,psi0,-0.4445025020618462,0.08019134023618513
5000,83,naive,psi1,0.05111909965976272,0.08121747804765643
5000,83,corrected,psi0,0.8008651348512761,0.09276236963170198
5000,83,corrected,psi1,0.5576225338542877,0.09347072242469641
5000,84,naive,psi0,-0.27222974930717964,0.08033159274821393
5000,84,naive,psi1,-0.061062332497935724,0.07864608295320134
5000,84,corrected,psi0,0.9879146950552882,0.09338848466952475
5000,84,corrected,psi1,0.4694312500083886,0.0913441810331317
5000,85,naive,psi0,-0.3914162783139645,0.08041325330143251
5000,85,naive,psi1,-0.12242474974321503,0.0837261280290856
5000,85,corrected,psi0,0.9091569040018412,0.09385171676639918
5000,85,corrected,psi1,0.35873063434875524,0.09724754156979164
5000,86,naive,psi0,-0.37351908081291374,0.08042951453390296
5000,86,naive,psi1,0.03004070851721847,0.08840423938163525
5000,86,corrected,psi0,0.9079707177155769,0.09397898030147003
5000,86,corrected,psi1,0.5355156941629386,0.1025242345146519
5000,87,naive,psi0,-0.2714666807409715,0.08064768509051336
5000,87,naive,psi1,-0.07910933497690377,0.08732094551250487
5000,87,corrected,psi0,0.9866471422738654,0.09370533841376062
5000,87,corrected,psi1,0.4328613104639324,0.10170048817164683
5000,88,naive,psi0,-0.1827581450383069,0.07975798265684168
5000,88,naive,psi1,0.06336715809498124,0.08237197305844918
5000,88,corrected,psi0,1.0547608747278712,0.09287846912662338
5000,88,corrected,psi1,0.5862748624205179,0.09654431571686009
5000,89,naive,psi0,-0.2922630247892738,0.08215460355923894
5000,89,naive,psi1,-0.054770054146603395,0.08673283812206734
5000,89,corrected,psi0,0.9644891594406612,0.09598064151443263
5000,89,corrected,psi1,0.48121467181504307,0.10313923390193178
5000,90,naive,psi0,-0.26748729728849124,0.0813156981472533
5000,90,naive,psi1,0.0834250560650419,0.08798753047229643
5000,90,corrected,psi0,1.0237576431002189,0.09462274650958627
5000,90,corrected,psi1,0.6292492952638568,0.10175042903139728
5000,91,naive,psi0,-0.3459476528297481,0.08126055398573313
5000,91,naive,psi1,0.08383893722538745,0.08475984599473478
5000,91,corrected,psi0,0.8988435246592232,0.09478354328615682
5000,91,corrected,psi1,0.5818618234093966,0.098799296027469
5000,92,naive,psi0,-0.25365541574108835,0.08067115513301955
5000,92,naive,psi1,-0.16136371034043426,0.08641078307890732
5000,92,corrected,psi0,1.0431512656531203,0.09377725736734588
5000,92,corrected,psi1,0.2910803699996193,0.09991815402116674
5000,93,naive,psi0,-0.28466486286659226,0.08149225306048084
5000,93,naive,psi1,-0.04321731982019842,0.08703260528707044
5000,93,corrected,psi0,0.9751752278219303,0.0949619570520341
5000,93,corrected,psi1,0.45177090384962876,0.10262892732260571
5000,94,naive,psi0,-0.23570120247012627,0.08052775845086442
5000,94,naive,psi1,-0.048691693469687644,0.0871755567486855
5000,94,corrected,psi0,1.041409267008536,0.09432598413499793
5000,94,corrected,psi1,0.4501039069683496,0.10034687254752415
5000,95,naive,psi0,-0.19391807767748198,0.07971970304567329
5000,95,naive,psi1,0.0604863414956528,0.08537503299956088
5000,95,corrected,psi0,1.0828241750679604,0.09331479723108428
5000,95,corrected,psi1,0.5953287233989608,0.09964834776492176
5000,96,naive,psi0,-0.3366236413561798,0.07826089548806944
5000,96,naive,psi1,-0.05375103807704447,0.08062069575245949
5000,96,corrected,psi0,0.9470388593681814,0.09070848115029372
5000,96,corrected,psi1,0.4049635890540036,0.09284699594722273
5000,97,naive,psi0,-0.22695783708164838,0.08147867035128871
5000,97,naive,psi1,-0.028301605759126675,0.08732883520951078
5000,97,corrected,psi0,1.0609569223819293,0.09471359874540686
5000,97,corrected,psi1,0.5170710974996094,0.10150628934547253
5000,98,naive,psi0,-0.23103268235671268,0.08316605664839763
5000,98,naive,psi1,-0.001223406140497958,0.08443989575374353
5000,98,corrected,psi0,1.024792369910184,0.0966769939896123
5000,98,corrected,psi1,0.49966485823291307,0.09771488488554804
5000,99,naive,psi0,-0.28661947609947774,0.07785205872285718
5000,99,naive,psi1,-0.04916593742575767,0.08691071379416039
5000,99,corrected,psi0,0.9843646442895703,0.09083261904865098
5000,99,corrected,psi1,0.4220249137324105,0.10116660975548178
5000,100,naive,psi0,-0.20099357919866712,0.08020564221819218
5000,100,naive,psi1,0.0495593989153429,0.0875911813598479
5000,100,corrected,psi0,1.0589564546300139,0.09353243727620693
5000,100,corrected,psi1,0.5469363873609845,0.10478368009297151
5000,101,naive,psi0,-0.21310206125483022,0.08136049391888914
5000,101,naive,psi1,-0.03538812280068061,0.08453653874580426
5000,101,corrected,psi0,1.0741155725290537,0.09463984470017665
5000,101,corrected,psi1,0.449839018374876,0.09742686571432892
5000,102,naive,psi0,-0.23126334006156368,0.08015350878270143
5000,102,naive,psi1,0.11835710051024763,0.08284515193972529
5000,102,corrected,psi0,1.0451060059103745,0.09336926029800013
5000,102,corrected,psi1,0.6393539701704216,0.09626066275985334
5000,103,naive,psi0,-0.3288890685679961,0.08183970010746676
5000,103,naive,psi1,-0.021402790672020503,0.08899772881488958
5000,103,corrected,psi0,0.9358993549753709,0.09563414135308218
5000,103,corrected,psi1,0.4964591472864078,0.10472091194475577
5000,104,naive,psi0,-0.24978216944668924,0.08102189940367577
5000,104,naive,psi1,0.05807028342744965,0.08882691755045177
5000,104,corrected,psi0,1.047993227741733,0.09407326909048895
5000,104,corrected,psi1,0.5412662719265978,0.10284811363809421
5000,105,naive,psi0,-0.22569588783106126,0.07868091180797211
5000,105,naive,psi1,0.06637919596175648,0.08324154120019875
5000,105,corrected,psi0,1.0467049380238629,0.09211107332869498
5000,105,corrected,psi1,0.5971861286096737,0.09826828649149806
5000,106,naive,psi0,-0.24576495350415087,0.08006147758889284
5000,106,naive,psi1,0.06207677284584939,0.08609275679234671
5000,106,corrected,psi0,1.0411175215875914,0.09309140230822513
5000,106,corrected,psi1,0.5702540753226225,0.09974396569791318
5000,107,naive,psi0,-0.30117367047873056,0.08097371287057156
5000,107,naive,psi1,0.10770743078129581,0.08673347724951386
5000,107,corrected,psi0,1.0158959115565438,0.09434270867515245
5000,107,corrected,psi1,0.616962973481121,0.10155576638339256
5000,108,naive,psi0,-0.3347836168415075,0.08091989411659493
5000,108,naive,psi1,0.10443442300905235,0.08661650197689369
5000,108,corrected,psi0,0.9355611336600259,0.0942260432206904
5000,108,corrected,psi1,0.5977937983119447,0.10027370371833019
5000,109,naive,psi0,-0.11817430909316363,0.08001184310707134
5000,109,naive,psi1,-0.032097031526662566,0.08724855279347254
5000,109,corrected,psi0,1.1702174334173192,0.0939042237636394
5000,109,corrected,psi1,0.45555486195358075,0.10392864610791089
5000,110,naive,psi0,-0.360554314376638,0.08063945309500908
5000,110,naive,psi1,0.02865388470382577,0.09108097636253173
5000,110,corrected,psi0,0.8736566613500028,0.09343109788915999
5000,110,corrected,psi1,0.5465426561072672,0.10461432547152186
5000,111,naive,psi0,-0.2613579195207997,0.08296398613602089
5000,111,naive,psi1,0.07988559985045404,0.08514587170846215
5000,111,corrected,psi0,1.0263543386820513,0.09577406044687942
5000,111,corrected,psi1,0.5759600971113995,0.09879711811142994
5000,112,naive,psi0,-0.25118254389772754,0.08272636757249582
5000,112,naive,psi1,-0.03770964329394011,0.08860891100825743
5000,112,corrected,psi0,1.0328249353318455,0.0965891186310219
5000,112,corrected,psi1,0.47162417861888745,0.10404684404599669
5000,113,naive,psi0,-0.2352485305577319,0.08268962414928951
5000,113,naive,psi1,-0.15306504105817265,0.08923331427103903
5000,113,corrected,psi0,1.0478841626295226,0.09590715451430684
5000,113,corrected,psi1,0.32580862555776957,0.1038899539681937
5000,114,naive,psi0,-0.2942249476300423,0.07792069411577812
5000,114,naive,psi1,-0.14605005888359526,0.08337275522126883
5000,114,corrected,psi0,1.010284714688271,0.09117292098668482
5000,114,corrected,psi1,0.3467049160427512,0.09720667638942918
5000,115,naive,psi0,-0.2783534382955449,0.08173492419459094
5000,115,naive,psi1,-0.04247453082780559,0.08820145276034172
5000,115,corrected,psi0,0.9957218855441882,0.09582554241877704
5000,115,corrected,psi1,0.4487610510905126,0.1043768827495538
5000,116,naive,psi0,-0.28523738228172435,0.08142872688755334
5000,116,naive,psi1,-0.15303889556435896,0.08549587453820809
5000,116,corrected,psi0,0.9366600200634033,0.09482169658408635
5000,116,corrected,psi1,0.32545815489529933,0.10032125088335717
5000,117,naive,psi0,-0.20274059169554004,0.07869440932100617
5000,117,naive,psi1,-0.05044391726444152,0.08389551172470687
5000,117,corrected,psi0,1.0626784471402526,0.09199558873585931
5000,117,corrected,psi1,0.4622093423428514,0.09883982528244112
5000,118,naive,psi0,-0.30400516708308595,0.07756979702581902
5000,118,naive,psi1,-0.12752127231209529,0.08280609590066565
5000,118,corrected,psi0,0.9783157864521942,0.0900551734161979
5000,118,corrected,psi1,0.3290398110381572,0.09536531686654663
5000,119,naive,psi0,-0.2656042383937348,0.08002120352300922
5000,119,naive,psi1,0.0991320755008268,0.08279544044190253
5000,119,corrected,psi0,1.0334799011823061,0.09284074369427249
5000,119,corrected,psi1,0.6068922749718844,0.0954787149896768
5000,120,naive,psi0,-0.26061896732467915,0.08081210269633728
5000,120,naive,psi1,-0.027897306684370314,0.08849768459101671
5000,120,corrected,psi0,1.035492171818759,0.09405087537314706
5000,120,corrected,psi1,0.4350792503719133,0.10287583088682745
5000,121,naive,psi0,-0.2069113213911415,0.07998903759589666
5000,121,naive,psi1,0.10129171459610235,0.08547321015588286
5000,121,corrected,psi0,1.079622852495703,0.09402021936910791
5000,121,corrected,psi1,0.5919586301968868,0.10273355422813135
5000,122,naive,psi0,-0.3704283182446183,0.08069073126735238
5000,122,naive,psi1,0.04069879560060588,0.0846095555109501
5000,122,corrected,psi0,0.8943531593809775,0.09371174002924847
5000,122,corrected,psi1,0.5764829185724085,0.09880367706139173
5000,123,naive,psi0,-0.3846511892619298,0.07907469944628318
5000,123,naive,psi1,0.10227367984823671,0.07969311474128946
5000,123,corrected,psi0,0.9176142247653369,0.09178849141692001
5000,123,corrected,psi1,0.5819442397064979,0.09310629560905126
5000,124,naive,psi0,-0.2668045252328174,0.0798006429727687
5000,124,naive,psi1,-0.17783418893205827,0.08266970193265756
5000,124,corrected,psi0,0.9881425217088304,0.09294402446365907
5000,124,corrected,psi1,0.29264202740725637,0.09598221322161302
5000,125,naive,psi0,-0.319810356483884,0.08257123896052106
5000,125,naive,psi1,-0.16947599508273017,0.09007796333958648
5000,125,corrected,psi0,0.9774278639547684,0.09636830576236363
5000,125,corrected,psi1,0.31625875516841223,0.10437078029809946
5000,126,naive,psi0,-0.38715637043488976,0.08034359453044564
5000,126,naive,psi1,-0.012665899732518903,0.0852131782442009
5000,126,corrected,psi0,0.8665483268049282,0.09314089675266354
5000,126,corrected,psi1,0.4918448034691791,0.10054001097343343
5000,127,naive,psi0,-0.2120115050068421,0.08114649922287727
5000,127,naive,psi1,-0.014092232208082464,0.08506404857645573
5000,127,corrected,psi0,1.0734211771917581,0.09476294883490273
5000,127,corrected,psi1,0.5211927536185912,0.09940616809227253
5000,128,naive,psi0,-0.37089751016436756,0.08069027571531058
5000,128,naive,psi1,-0.019556471139171614,0.08734730792466111
5000,128,corrected,psi0,0.8957301714729007,0.09368573937577049
5000,128,corrected,psi1,0.49777793313040913,0.10193679376892222
5000,129,naive,psi0,-0.33817866482762854,0.0826696685437362
5000,129,naive,psi1,-0.15801434033384265,0.08591319219930033
5000,129,corrected,psi0,0.8991480669770564,0.09627827745004387
5000,129,corrected,psi1,0.34662012502151984,0.1003929536105137
5000,130,naive,psi0,-0.23828491212599132,0.08028824207403601
5000,130,naive,psi1,0.00613784108390509,0.08438163666447039
5000,130,corrected,psi0,1.0441144199766352,0.09349240919804991
5000,130,corrected,psi1,0.5323236270325138,0.09828729104222274
5000,131,naive,psi0,-0.11958086254151039,0.07950081202118565
5000,131,naive,psi1,0.03953379571900437,0.08657048503330966
5000,131,corrected,psi0,1.1718784635863413,0.09276111378117106
5000,131,corrected,psi1,0.556696539788392,0.10203456528926992
5000,132,naive,psi0,-0.35394855070645875,0.08296976730298841
5000,132,naive,psi1,0.14489627075745776,0.08647891370491471
5000,132,corrected,psi0,0.9406048904553687,0.09635760268665984
5000,132,corrected,psi1,0.6415120695360749,0.1007182177429422
5000,133,naive,psi0,-0.20360467136036406,0.08057626075572953
5000,133,naive,psi1,0.024546305587125887,0.0854253382809749
5000,133,corrected,psi0,1.0717635077925565,0.09380398286886651
5000,133,corrected,psi1,0.5508091115020444,0.09859524379827586
5000,134,naive,psi0,-0.3148723188778699,0.08099916485974583
5000,134,naive,psi1,-0.02788062672514649,0.0882875654818998
5000,134,corrected,psi0,0.9855771635081748,0.09421564586432934
5000,134,corrected,psi1,0.4811005181604422,0.10152965269446275
5000,135,naive,psi0,-0.092017669880706,0.0803782731217179
5000,135,naive,psi1,0.08420781218927649,0.08658577930494536
5000,135,corrected,psi0,1.2223690756017267,0.093828014747126
5000,135,corrected,psi1,0.5834057974529684,0.1009539225736218
5000,136,naive,psi0,-0.23101924461911902,0.08116049242511017
5000,136,naive,psi1,0.07891076506871271,0.08490834823884802
5000,136,corrected,psi0,1.0529310199363235,0.09433731120852669
5000,136,corrected,psi1,0.5600100782679309,0.09920925471390417
5000,137,naive,psi0,-0.21047604788415236,0.08101625387850676
5000,137,naive,psi1,-0.03216037221533343,0.08621961333904166
5000,137,corrected,psi0,1.113343995571601,0.0942513194695561
5000,137,corrected,psi1,0.47432029283344884,0.10151077361041906
5000,138,naive,psi0,-0.17728200904038927,0.08010080065280104
5000,138,naive,psi1,-0.10349100150365612,0.08255869754538464
5000,138,corrected,psi0,1.1344545023171835,0.09378563117328298
5000,138,corrected,psi1,0.41810864210389587,0.09572554382081247
5000,139,naive,psi0,-0.3128008053245459,0.07892626042050131
5000,139,naive,psi1,-0.015715151962688863,0.08296515585540067
5000,139,corrected,psi0,0.9438836177074263,0.09128945024844637
5000,139,corrected,psi1,0.4941389603533666,0.09525489402637112
5000,140,naive,psi0,-0.21414629811066221,0.07873644753857419
5000,140,naive,psi1,-0.11810344467676612,0.0801555839491199
5000,140,corrected,psi0,1.0481182881802595,0.09187928681192035
5000,140,corrected,psi1,0.3913854951544493,0.09360917271419453
5000,141,naive,psi0,-0.3211861492934616,0.07943447140565756
5000,141,naive,psi1,0.007946173867374895,0.08226223335301941
5000,141,corrected,psi0,0.9565430259687184,0.0918506781695634
5000,141,corrected,psi1,0.47953955073273136,0.09499713201277436
5000,142,naive,psi0,-0.31516102960365333,0.07927707770822769
5000,142,naive,psi1,0.04925538100674569,0.08685591304590669
5000,142,corrected,psi0,0.9283177479348065,0.0919969517780034
5000,142,corrected,psi1,0.5743599893644828,0.10022131563009236
5000,143,naive,psi0,-0.21489778247716324,0.08101880909056777
5000,143,naive,psi1,-0.0576868623182862,0.08506036686407317
5000,143,corrected,psi0,1.0739132088368453,0.09419724210146901
5000,143,corrected,psi1,0.4208571233640472,0.09922649620426972
5000,144,naive,psi0,-0.2882828066424401,0.07864390363981559
5000,144,naive,psi1,-0.06074019062373127,0.07915678618281896
5000,144,corrected,psi0,0.9900734245590902,0.09154583558372646
5000,144,corrected,psi1,0.4028916209000524,0.09255881963954671
5000,145,naive,psi0,-0.14342715550937202,0.08240822243981673
5000,145,naive,psi1,-0.09467465235521626,0.08488231003560512
5000,145,corrected,psi0,1.1236312651751765,0.09589161693125882
5000,145,corrected,psi1,0.3730749089920172,0.09908990349148289
5000,146,naive,psi0,-0.34390599802957966,0.08220416278694533
5000,146,naive,psi1,0.00954915845060385,0.08240964642465672
5000,146,corrected,psi0,0.9436413650868795,0.09551289039539636
5000,146,corrected,psi1,0.4887129797291595,0.09490429332279444
5000,147,naive,psi0,-0.2985102284242129,0.08170676560193146
5000,147,naive,psi1,0.10853939808983352,0.08820122328598337
5000,147,corrected,psi0,1.0013944771926324,0.09500618468101472
5000,147,corrected,psi1,0.6312944239133038,0.10269653283382375
5000,148,naive,psi0,-0.27622936163024336,0.0818050918017025
5000,148,naive,psi1,-0.0005456604317708035,0.08331338158098268
5000,148,corrected,psi0,0.9953249066300561,0.0949297795790218
5000,148,corrected,psi1,0.5090919011819146,0.09662920273875357
5000,149,naive,psi0,-0.3469494693960364,0.08116679027650997
5000,149,naive,psi1,-0.10151309950599015,0.08910316658492579
5000,149,corrected,psi0,0.9101495953461038,0.0943671522263902
5000,149,corrected,psi1,0.4255997006200412,0.10303740543537636
5000,150,naive,psi0,-0.46557693265755973,0.07999702105493074
5000,150,naive,psi1,0.03085967603903678,0.08263368281311044
5000,150,corrected,psi0,0.7751529287633508,0.09331342562348113
5000,150,corrected,psi1,0.4970378810634519,0.09629939353839669
5000,151,naive,psi0,-0.24096394548462113,0.07965477048495734
5000,151,naive,psi1,0.044380585217408425,0.0825575923807119
5000,151,corrected,psi0,1.031683747813365,0.09220150397490146
5000,151,corrected,psi1,0.5356515936745626,0.09538356334005378
5000,152,naive,psi0,-0.1682066061277656,0.08092349760243413
5000,152,naive,psi1,0.07388228845587416,0.08675160873003386
5000,152,corrected,psi0,1.1011042537066515,0.09436432183466549
5000,152,corrected,psi1,0.5752020773307355,0.10113757840854962
5000,153,naive,psi0,-0.1953299807107306,0.08115169518700975
5000,153,naive,psi1,0.057921345467612045,0.08334286837912647
5000,153,corrected,psi0,1.104276812651175,0.09429189503922628
5000,153,corrected,psi1,0.558079407760943,0.09601236666674916
5000,154,naive,psi0,-0.30145307942853,0.07835944259503144
5000,154,naive,psi1,0.10692594254763813,0.08141474070513854
5000,154,corrected,psi0,0.9800366807773631,0.09078939901864257
5000,154,corrected,psi1,0.6300999743590194,0.09414820226704702
5000,155,naive,psi0,-0.21795505315966626,0.08462015763917127
5000,155,naive,psi1,-0.04384601930101611,0.08728240552862697
5000,155,corrected,psi0,1.0721903491815106,0.09895687804557343
5000,155,corrected,psi1,0.43431529373921,0.10311396387815223
5000,156,naive,psi0,-0.18643497414754617,0.07997132017042939
5000,156,naive,psi1,0.011779853196589736,0.08365124743551772
5000,156,corrected,psi0,1.0836270658288252,0.09288186523316083
5000,156,corrected,psi1,0.5017271577536996,0.0969130763893908
5000,157,naive,psi0,-0.23423718417733588,0.07995493183543757
5000,157,naive,psi1,-0.01518691288275865,0.08548331511081671
5000,157,corrected,psi0,1.0327458246296368,0.09320079194052694
5000,157,corrected,psi1,0.5102309595684583,0.09967499301946704
5000,158,naive,psi0,-0.25178749333052947,0.07989445290686774
5000,158,naive,psi1,-0.027427392526772353,0.08275117047121303
5000,158,corrected,psi0,0.9819342147808849,0.09286424071159284
5000,158,corrected,psi1,0.4800394269514761,0.09564049474615792
5000,159,naive,psi0,-0.2883215557693648,0.08059692448287496
5000,159,naive,psi1,0.0401170410211949,0.08373051973945085
5000,159,corrected,psi0,1.0307181460930868,0.09368902868624789
5000,159,corrected,psi1,0.5703568504081818,0.09733015137462389
5000,160,naive,psi0,-0.21194488292044483,0.08328822455938782
5000,160,naive,psi1,-0.01595301995630747,0.08843470897982053
5000,160,corrected,psi0,1.0669056343207501,0.09646580192210909
5000,160,corrected,psi1,0.4520134859274901,0.10275037281415998
5000,161,naive,psi0,-0.42555031201800325,0.08043196476944853
5000,161,naive,psi1,-0.03132614710568757,0.08625269634934143
5000,161,corrected,psi0,0.8688900669578817,0.09360198272269203
5000,161,corrected,psi1,0.4468905814881795,0.10024840484646685
5000,162,naive,psi0,-0.15167529201285698,0.08225762131132942
5000,162,naive,psi1,-0.06831900032602735,0.08654567660153847
5000,162,corrected,psi0,1.1378027120404561,0.09575112075661014
5000,162,corrected,psi1,0.4296296678517045,0.1011356435367057
5000,163,naive,psi0,-0.04683035700844326,0.07954819572243828
5000,163,naive,psi1,-0.06574257363320513,0.08433310601954389
5000,163,corrected,psi0,1.3115267458536424,0.09269603681194274
5000,163,corrected,psi1,0.41914497147802193,0.09763198550171572
5000,164,naive,psi0,-0.12746695950567716,0.08109834398634877
5000,164,naive,psi1,0.09155499144266759,0.08494132129777364
5000,164,corrected,psi0,1.165707348869146,0.09434457971637121
5000,164,corrected,psi1,0.6072904804270037,0.1006881232098539
5000,165,naive,psi0,-0.3198132126350557,0.08048013045511399
5000,165,naive,psi1,0.017153123403108397,0.08545047988004964
5000,165,corrected,psi0,0.9826487303652132,0.09312864479080035
5000,165,corrected,psi1,0.5178848428225539,0.09873467615290436
5000,166,naive,psi0,-0.17507246377164587,0.08118213988073443
5000,166,naive,psi1,-0.037438372231489644,0.09360641292270169
5000,166,corrected,psi0,1.090118702497779,0.0947486886514516
5000,166,corrected,psi1,0.46101329501571126,0.11064711901364513
5000,167,naive,psi0,-0.2675968998137019,0.08102786036528097
5000,167,naive,psi1,0.005232694211430631,0.082199379780992
5000,167,corrected,psi0,1.0118774858203068,0.09441878545852485
5000,167,corrected,psi1,0.5154091329599164,0.09558400566419112
5000,168,naive,psi0,-0.19311244592383983,0.07930515804355757
5000,168,naive,psi1,-0.06694006164002503,0.08441162564252548
5000,168,corrected,psi0,1.0361433001940294,0.09235280531663324
5000,168,corrected,psi1,0.4185489586487229,0.09884331028797316
5000,169,naive,psi0,-0.37761831693897213,0.07952690178075174
5000,169,naive,psi1,0.17502614924935272,0.08575898866758037
5000,169,corrected,psi0,0.8812085240448901,0.09300305440809449
5000,169,corrected,psi1,0.7002132495549402,0.09947265302217193
5000,170,naive,psi0,-0.31263981244397576,0.08285845024127377
5000,170,naive,psi1,-0.07393551048638905,0.08636936188768947
5000,170,corrected,psi0,0.9591236574384077,0.09665087086543381
5000,170,corrected,psi1,0.4221646067581781,0.10154286025323785
5000,171,naive,psi0,-0.09228638045014953,0.07832095564586303
5000,171,naive,psi1,0.039957928195385115,0.08433640229145589
5000,171,corrected,psi0,1.1610218786980393,0.09084201982128656
5000,171,corrected,psi1,0.5674160439039707,0.09699218198846335
5000,172,naive,psi0,-0.21000352069418257,0.08055899967609265
5000,172,naive,psi1,-0.053357161806284775,0.08109839097928843
5000,172,corrected,psi0,1.082678189887916,0.09357350951171733
5000,172,corrected,psi1,0.4747299851350948,0.09401148209037818
5000,173,naive,psi0,-0.25870250827292157,0.08146564768994366
5000,173,naive,psi1,-0.20470008780706012,0.0862984552773556
5000,173,corrected,psi0,1.0056769015917448,0.09509252232448041
5000,173,corrected,psi1,0.25501387245061996,0.10033474174374551
5000,174,naive,psi0,-0.35829557891335845,0.07965450129271749
5000,174,naive,psi1,0.10731062371003464,0.08260883749130385
5000,174,corrected,psi0,0.8821188114859915,0.09310517329038724
5000,174,corrected,psi1,0.6234598630784044,0.09705144522935788
5000,175,naive,psi0,-0.1798486746061334,0.08155097685941708
5000,175,naive,psi1,0.08314404397462839,0.08747671164995938
5000,175,corrected,psi0,1.103617418498385,0.09427082938132562
5000,175,corrected,psi1,0.5841260066264653,0.10110278848739819
5000,176,naive,psi0,-0.37223068824973526,0.07913500303485618
5000,176,naive,psi1,-0.0984704640463707,0.08382618528566518
5000,176,corrected,psi0,0.9226188641115076,0.09151417336902756
5000,176,corrected,psi1,0.3627757483028598,0.09699824980796978
5000,177,naive,psi0,-0.2711668320972723,0.08176917693857529
5000,177,naive,psi1,0.14114347345766018,0.08595422830890133
5000,177,corrected,psi0,0.9979916524068891,0.09519060429722141
5000,177,corrected,psi1,0.650996173231902,0.09930768794989744
5000,178,naive,psi0,-0.20530423683765453,0.08220136033125391
5000,178,naive,psi1,-0.028017866556536365,0.08571253990061614
5000,178,corrected,psi0,1.10281730758612,0.09527620463266781
5000,178,corrected,psi1,0.4391961409294481,0.09918065256417903
5000,179,naive,psi0,-0.1468430931009105,0.0794897271099252
5000,179,naive,psi1,-0.1048804945718644,0.08461610436061094
5000,179,corrected,psi0,1.2017713902905915,0.09252550146175084
5000,179,corrected,psi1,0.3792238776551834,0.09817794605516707
5000,180,naive,psi0,-0.30082065057385177,0.08437607361490641
5000,180,naive,psi1,-0.07707708380430471,0.08802609385914427
5000,180,corrected,psi0,0.9611240155496124,0.09845936855420817
5000,180,corrected,psi1,0.3922488459417651,0.10206676849581907
5000,181,naive,psi0,-0.24892080929526764,0.07824794456563608
5000,181,naive,psi1,-0.08357962936920592,0.08220656619073259
5000,181,corrected,psi0,1.0358773906803354,0.09123232874457608
5000,181,corrected,psi1,0.3995792538106844,0.09604107527063742
5000,182,naive,psi0,-0.15197657336147063,0.08181933700625345
5000,182,naive,psi1,0.039000884914324185,0.09027782908126455
5000,182,corrected,psi0,1.1504943323442276,0.09500563805525757
5000,182,corrected,psi1,0.5135326891531808,0.10427760067236075
5000,183,naive,psi0,-0.3885783644456623,0.0805783877821466
5000,183,naive,psi1,0.00802840793845282,0.08427995248584431
5000,183,corrected,psi0,0.9101269196000196,0.09329060042973486
5000,183,corrected,psi1,0.49491630578701756,0.09761527731286788
5000,184,naive,psi0,-0.19247387733411578,0.08066879425897285
5000,184,naive,psi1,-0.08927307426474028,0.08426477651781152
5000,184,corrected,psi0,1.1107117730492007,0.0938757058892894
5000,184,corrected,psi1,0.37910456946551224,0.09799532799460228
5000,185,naive,psi0,-0.2061325463480681,0.0806303413031641
5000,185,naive,psi1,0.11415704666321111,0.08767303136973685
5000,185,corrected,psi0,1.0971845849968995,0.09418701281657271
5000,185,corrected,psi1,0.6490310764320939,0.10150494818715088
5000,186,naive,psi0,-0.34219446843421397,0.07984029613411199
5000,186,naive,psi1,-0.07355221696901539,0.08488092148894279
5000,186,corrected,psi0,0.9333430071430601,0.09301542073125736
5000,186,corrected,psi1,0.4214111849777431,0.09786560582466078
5000,187,naive,psi0,-0.3398164551280896,0.08027646141599923
5000,187,naive,psi1,-0.1247540170407454,0.080607105029271
5000,187,corrected,psi0,0.9127593189681178,0.09361019289203298
5000,187,corrected,psi1,0.3683043882558859,0.09485766492756237
5000,188,naive,psi0,-0.2388998655019359,0.0817274103737392
5000,188,naive,psi1,-0.02667293872380928,0.08793093269962642
5000,188,corrected,psi0,1.0354302086478815,0.09406859882980072
5000,188,corrected,psi1,0.4735350808706228,0.1007475518967559
5000,189,naive,psi0,-0.08288585931582705,0.07939352171939917
5000,189,naive,psi1,0.18157230392748805,0.08894226277586643
5000,189,corrected,psi0,1.217382717209084,0.09188453670215295
5000,189,corrected,psi1,0.6688822931234617,0.10342127850318461
5000,190,naive,psi0,-0.3549475214868868,0.0785101646910405
5000,190,naive,psi1,0.11891158012459463,0.08294996488641324
5000,190,corrected,psi0,0.9007473249783144,0.09167705809949803
5000,190,corrected,psi1,0.6843766764559028,0.09639408804310969
5000,191,naive,psi0,-0.2466952814442426,0.08018800860502763
5000,191,naive,psi1,-0.01381359804271184,0.08691368643733928
5000,191,corrected,psi0,1.0363056330439344,0.09357810580094067
5000,191,corrected,psi1,0.4718573317831805,0.10326316647046083
5000,192,naive,psi0,-0.3905245307865192,0.08217763105374046
5000,192,naive,psi1,0.018555740358924003,0.09000039314507768
5000,192,corrected,psi0,0.8656049254561002,0.09602326918780767
5000,192,corrected,psi1,0.4720907466079977,0.10498986517345736
5000,193,naive,psi0,-0.30711949216081996,0.08284999273428448
5000,193,naive,psi1,0.018282798373167698,0.08882879152669651
5000,193,corrected,psi0,0.9335460164785757,0.09643982142844768
5000,193,corrected,psi1,0.5112665156345253,0.10250929232936899
5000,194,naive,psi0,-0.37456663739153606,0.0811558455584822
5000,194,naive,psi1,-0.0630430199708502,0.08185777626999519
5000,194,corrected,psi0,0.8941630439588067,0.09433237960991876
5000,194,corrected,psi1,0.4217900646235964,0.09557721600965163
5000,195,naive,psi0,-0.2770020931973128,0.08405633012682846
5000,195,naive,psi1,0.019623761313899892,0.08640222226978164
5000,195,corrected,psi0,1.0424138886581311,0.09748441092661586
5000,195,corrected,psi1,0.5020382131906548,0.10085821926927142
5000,196,naive,psi0,-0.3392317127718868,0.08196897310409755
5000,196,naive,psi1,0.06724418487557653,0.08688790493517758
5000,196,corrected,psi0,0.9081840076294864,0.09537721343009278
5000,196,corrected,psi1,0.5847025673554117,0.10076642212061064
5000,197,naive,psi0,-0.24299590836861637,0.07752478188083908
5000,197,naive,psi1,-0.09587009217648704,0.08314788389575625
5000,197,corrected,psi0,1.0088492048569617,0.09040103623506167
5000,197,corrected,psi1,0.3971465289914103,0.09655078055527631
5000,198,naive,psi0,-0.2463190431778281,0.07956276062019585
5000,198,naive,psi1,-0.10447585766516909,0.08162374902686986
5000,198,corrected,psi0,0.9805028530837299,0.09288243498167761
5000,198,corrected,psi1,0.36584967134836155,0.09572439594435259
5000,199,naive,psi0,-0.30549957717537474,0.08113588231007134
5000,199,naive,psi1,0.02647324063555017,0.08645497956588889
5000,199,corrected,psi0,0.9949707356179758,0.09452186972162138
5000,199,corrected,psi1,0.49708577692852146,0.10113457050636449
5000,200,naive,psi0,-0.3116435961934202,0.08551628927731868
5000,200,naive,psi1,0.07071592206631064,0.08815304062191882
5000,200,corrected,psi0,0.9220942176150605,0.09907178169749432
5000,200,corrected,psi1,0.5728159149888398,0.10238316495215133
5000,201,naive,psi0,-0.20090177228827497,0.07850870563764405
5000,201,naive,psi1,0.008818219863757913,0.08164212397452489
5000,201,corrected,psi0,1.0565535965698956,0.09096441444041822
5000,201,corrected,psi1,0.5017392246113263,0.09467356983683305
5000,202,naive,psi0,-0.389686107399079,0.0793806385199821
5000,202,naive,psi1,0.1197136253530734,0.08795834098253659
5000,202,corrected,psi0,0.8603573162544481,0.09165465506956022
5000,202,corrected,psi1,0.630236814188812,0.10186980321652458
5000,203,naive,psi0,-0.1450612230431885,0.08369280768087957
5000,203,naive,psi1,0.17125725869518596,0.08473896811942407
5000,203,corrected,psi0,1.1244152922823891,0.09744909554694682
5000,203,corrected,psi1,0.6854484454972045,0.09947372706884604
5000,204,naive,psi0,-0.15218449703623277,0.08298678513655483
5000,204,naive,psi1,-0.020070888400849123,0.086764600677284
5000,204,corrected,psi0,1.1288496551870333,0.09696005886499766
5000,204,corrected,psi1,0.48488014921482075,0.10184959376158488
5000,205,naive,psi0,-0.3650950199732168,0.08010804026803874
5000,205,naive,psi1,-0.0819481079860733,0.08359662902409361
5000,205,corrected,psi0,0.8572999621326075,0.09352819603688595
5000,205,corrected,psi1,0.4172390399300388,0.09729943946330841
5000,206,naive,psi0,-0.3150311232801942,0.0782871857092046
5000,206,naive,psi1,0.12813364717990053,0.08332311409682676
5000,206,corrected,psi0,0.985603173371787,0.09167582867745636
5000,206,corrected,psi1,0.6410740119237556,0.09819279969058024
5000,207,naive,psi0,-0.27655634309062177,0.08106799437313775
5000,207,naive,psi1,0.11843444955660085,0.0867864300670295
5000,207,corrected,psi0,1.023973243745989,0.09484855269801372
5000,207,corrected,psi1,0.6660235637520888,0.10042376061321956
5000,208,naive,psi0,-0.27434157103690315,0.08109183686563029
5000,208,naive,psi1,0.007822809415467206,0.08589694772710915
5000,208,corrected,psi0,1.0530629038769737,0.09501770861854002
5000,208,corrected,psi1,0.4782151659340606,0.09999952407410034
5000,209,naive,psi0,-0.3191866907844075,0.0809684670287953
5000,209,naive,psi1,0.034944715240393505,0.08506458534605832
5000,209,corrected,psi0,0.9668511079805011,0.09445126262500511
5000,209,corrected,psi1,0.5239009847497645,0.10137429166090137
5000,210,naive,psi0,-0.2983245348865153,0.08108054913857389
5000,210,naive,psi1,-0.060226299814448575,0.08564922254103377
5000,210,corrected,psi0,1.0046860658287307,0.09431718367539864
5000,210,corrected,psi1,0.44488539726592796,0.09941289089821194
5000,211,naive,psi0,-0.3001568092175969,0.08321522399927181
5000,211,naive,psi1,-0.00781305171799915,0.09129711916316147
5000,211,corrected,psi0,1.001246035787367,0.09692544112825344
5000,211,corrected,psi1,0.4821407689530266,0.10649831313828807
5000,212,naive,psi0,-0.18017051286794716,0.08109745238821828
5000,212,naive,psi1,0.011436003277906375,0.08529760145825843
5000,212,corrected,psi0,1.1250320381472467,0.09382843922777233
5000,212,corrected,psi1,0.5278782392124457,0.09916593758774495
5000,213,naive,psi0,-0.3052203455561511,0.08026930295891277
5000,213,naive,psi1,-0.24182196573988168,0.08545945224975382
5000,213,corrected,psi0,0.9517528290838516,0.09339669607370685
5000,213,corrected,psi1,0.2190686636108969,0.09900617610215323
5000,214,naive,psi0,-0.3631665141144068,0.07930177829626223
5000,214,naive,psi1,0.1026622441951954,0.08679814706757977
5000,214,corrected,psi0,0.9172852996005542,0.09220866031814044
5000,214,corrected,psi1,0.6196786431377744,0.10044366926687566
5000,215,naive,psi0,-0.2712713832271751,0.08089912376796236
5000,215,naive,psi1,0.06149288739660097,0.08477623526314168
5000,215,corrected,psi0,0.9826814782046235,0.0942573138256369
5000,215,corrected,psi1,0.5311706791563295,0.09896425564278202
5000,216,naive,psi0,-0.25169504191710174,0.08127216610709984
5000,216,naive,psi1,-0.02217102457936161,0.08329861318367379
5000,216,corrected,psi0,1.0218209039526245,0.09444679102550724
5000,216,corrected,psi1,0.5029133932069908,0.09753209842431554
5000,217,naive,psi0,-0.4038719755346836,0.08184477653666754
5000,217,naive,psi1,0.08463923582441904,0.08478501939273417
5000,217,corrected,psi0,0.8379115906490793,0.09482160354238352
5000,217,corrected,psi1,0.5806823077646103,0.09858780080470983
5000,218,naive,psi0,-0.2447721995960775,0.0798608915106304
5000,218,naive,psi1,-0.08250381831794226,0.08463932747678457
5000,218,corrected,psi0,1.0391868387791012,0.09310427910610866
5000,218,corrected,psi1,0.43337486760546756,0.09886113635596573
5000,219,naive,psi0,-0.3107897269225542,0.08123810024549608
5000,219,naive,psi1,-0.10739224437341932,0.08802599565216013
5000,219,corrected,psi0,0.9783759323550354,0.09476419925686695
5000,219,corrected,psi1,0.3501148340427843,0.10221832844891082
5000,220,naive,psi0,-0.12315417337098795,0.07956137094526365
5000,220,naive,psi1,0.0665357082349752,0.08913318575107967
5000,220,corrected,psi0,1.1894472061855972,0.09232140590840375
5000,220,corrected,psi1,0.5955888763971061,0.1030311011280941
5000,221,naive,psi0,-0.29505627924935623,0.07927672055913582
5000,221,naive,psi1,-0.19004031991193143,0.08384030485024979
5000,221,corrected,psi0,0.986832443781834,0.09250844715525586
5000,221,corrected,psi1,0.2998573650291902,0.09853954446932418
5000,222,naive,psi0,-0.21448443392506022,0.08083931588437263
5000,222,naive,psi1,0.11107553203430613,0.08407130062028689
5000,222,corrected,psi0,1.0882914332297242,0.09365523744670141
5000,222,corrected,psi1,0.6464374552625501,0.09867877308946083
5000,223,naive,psi0,-0.2911618091375031,0.08022354134204399
5000,223,naive,psi1,-0.08990672882144515,0.08309768101058156
5000,223,corrected,psi0,0.9841860133213618,0.09336529084846616
5000,223,corrected,psi1,0.3994287871520993,0.0967776236855601
5000,224,naive,psi0,-0.320902574482952,0.08284559888524272
5000,224,naive,psi1,-0.048024600592036205,0.0881749457843929
5000,224,corrected,psi0,0.9674808231544175,0.0965550904341483
5000,224,corrected,psi1,0.4313616867466913,0.10289457804690151
5000,225,naive,psi0,-0.1868172066204937,0.07975290933499839
5000,225,naive,psi1,-0.0854489487646007,0.08137144783167347
5000,225,corrected,psi0,1.0853504596368648,0.09283044725710599
5000,225,corrected,psi1,0.39162163035251835,0.09448253824312633
5000,226,naive,psi0,-0.1407483943193165,0.08067463014864447
5000,226,naive,psi1,-0.18272941316703065,0.07899162743559969
5000,226,corrected,psi0,1.1591516436439389,0.09394147727092224
5000,226,corrected,psi1,0.30091429107385503,0.0923061336228068
5000,227,naive,psi0,-0.26982921917754166,0.0825275501585788
5000,227,naive,psi1,0.10678158901196966,0.08403596655910466
5000,227,corrected,psi0,1.0304610764974738,0.09586025306600657
5000,227,corrected,psi1,0.6301921008686309,0.097851140249687
5000,228,naive,psi0,-0.33264540018573596,0.07849817323357573
5000,228,naive,psi1,0.04933510573243102,0.084447920740988
5000,228,corrected,psi0,0.9310119942043898,0.09146679262450644
5000,228,corrected,psi1,0.5246721120309183,0.09880010424146066
5000,229,naive,psi0,-0.14454167377199073,0.08135339775362199
5000,229,naive,psi1,-0.06568123552884358,0.08875298569615364
5000,229,corrected,psi0,1.178742642148325,0.09484361322345498
5000,229,corrected,psi1,0.4228812137190068,0.10277489458633075
5000,230,naive,psi0,-0.30832043899185524,0.08310643089296882
5000,230,naive,psi1,-0.06104607832190944,0.09344915050314485
5000,230,corrected,psi0,0.9467559929469175,0.09690670152498908
5000,230,corrected,psi1,0.44429877091128156,0.10835340227990033
5000,231,naive,psi0,-0.23856331832239738,0.08282032175261558
5000,231,naive,psi1,-0.015799216125694408,0.0861590553258311
5000,231,corrected,psi0,1.06761100961203,0.0959261976074119
5000,231,corrected,psi1,0.4835142519030566,0.09915517432380999
5000,232,naive,psi0,-0.1860272684202882,0.07791222505955596
5000,232,naive,psi1,-0.08595252354663292,0.08214986437544226
5000,232,corrected,psi0,1.0870395643613866,0.0912135698993112
5000,232,corrected,psi1,0.4073021177328139,0.09577473955873574
5000,233,naive,psi0,-0.31043622983049207,0.08194811932786046
5000,233,naive,psi1,0.11568800524031862,0.08355022587932105
5000,233,corrected,psi0,0.9714208477477002,0.09528926661604778
5000,233,corrected,psi1,0.6579176318897716,0.09740075761792454
5000,234,naive,psi0,-0.22764149372696763,0.08119271467282355
5000,234,naive,psi1,0.022773763595136488,0.08622842591445778
5000,234,corrected,psi0,1.034048318273832,0.09408451053661204
5000,234,corrected,psi1,0.5353557764139283,0.09970462259767433
5000,235,naive,psi0,-0.2763156495007489,0.08055491704387639
5000,235,naive,psi1,-0.0925877139529078,0.08552505260273484
5000,235,corrected,psi0,0.9865776595071208,0.09412542750153359
5000,235,corrected,psi1,0.368922239903298,0.10079350479995507
5000,236,naive,psi0,-0.3259270992102671,0.08031630915616322
5000,236,naive,psi1,0.0221356912591441,0.0861673561106861
5000,236,corrected,psi0,0.9323813514301453,0.09321265307351473
5000,236,corrected,psi1,0.5100913551930176,0.10017213013942908
5000,237,naive,psi0,-0.41068145305315795,0.08083745323050129
5000,237,naive,psi1,0.003532992707424248,0.08286595397357578
5000,237,corrected,psi0,0.8306968626180331,0.09395956278701884
5000,237,corrected,psi1,0.4854564316625931,0.09665662484653137
5000,238,naive,psi0,-0.262426770947938,0.08204498049686586
5000,238,naive,psi1,-0.11678401798643656,0.08807913184807649
5000,238,corrected,psi0,1.0111218413543075,0.09515408029602541
5000,238,corrected,psi1,0.35119680408333465,0.10238910014968701
5000,239,naive,psi0,-0.3298400127499881,0.08008691124908178
5000,239,naive,psi1,-0.02606362158809392,0.08053877194620687
5000,239,corrected,psi0,0.9205401160337363,0.09352881461407027
5000,239,corrected,psi1,0.44953714116976345,0.09369860225843381
5000,240,naive,psi0,-0.2867242486006521,0.0801388424039578
5000,240,naive,psi1,-0.03317987137984911,0.0856488660382973
5000,240,corrected,psi0,0.987265163310938,0.09378238550351883
5000,240,corrected,psi1,0.4671537973061855,0.09974511785499889
5000,241,naive,psi0,-0.17734723577643224,0.07913074439335913
5000,241,naive,psi1,-0.07849954459119243,0.08366859532238814
5000,241,corrected,psi0,1.0930154194806778,0.0919934229060199
5000,241,corrected,psi1,0.39865374090616257,0.09879509224839025
5000,242,naive,psi0,-0.15285668189814525,0.08036489955456819
5000,242,naive,psi1,0.010554127188118042,0.07939013255811161
5000,242,corrected,psi0,1.149301188965435,0.09391139197467954
5000,242,corrected,psi1,0.49835648126335025,0.09294648217549834
5000,243,naive,psi0,-0.2742988240580451,0.07992059968988617
5000,243,naive,psi1,0.044970862308940276,0.08137212997585384
5000,243,corrected,psi0,0.9770375732422307,0.09351968442904461
5000,243,corrected,psi1,0.5720114760134928,0.09468016190864495
5000,244,naive,psi0,-0.4690539450069938,0.07879038184280411
5000,244,naive,psi1,-0.04878823153415594,0.08487497161140699
5000,244,corrected,psi0,0.745940112401793,0.09197219100661971
5000,244,corrected,psi1,0.4726055389453661,0.09859331310226835
5000,245,naive,psi0,-0.27084727341602904,0.08148135087995939
5000,245,naive,psi1,-0.14085898193226443,0.08960469034163146
5000,245,corrected,psi0,1.0013875661180904,0.09504381608866729
5000,245,corrected,psi1,0.33996489232379523,0.10443646166491599
5000,246,naive,psi0,-0.34154980755608816,0.08181167264234115
5000,246,naive,psi1,0.04404788425390098,0.08784395746513186
5000,246,corrected,psi0,0.9397696556968214,0.09442873774303556
5000,246,corrected,psi1,0.5205733912402691,0.10084544195498842
5000,247,naive,psi0,-0.3336077464801022,0.07957868122693744
5000,247,naive,psi1,0.12287954927210483,0.0883366059532721
5000,247,corrected,psi0,0.9698877970296225,0.09229302267127562
5000,247,corrected,psi1,0.6486858482049531,0.10220204550845102
5000,248,naive,psi0,-0.2956558605165319,0.0803881490960903
5000,248,naive,psi1,-0.09035306673494913,0.08434915899727609
5000,248,corrected,psi0,0.9748765885782348,0.09357901375248136
5000,248,corrected,psi1,0.3798941896866161,0.09896187520511364
5000,249,naive,psi0,-0.3152397337796177,0.08071393942646445
5000,249,naive,psi1,-0.00829132404774407,0.08630864733404296
5000,249,corrected,psi0,0.9875633264077429,0.09451886306033554
5000,249,corrected,psi1,0.4827042170278651,0.10155671488171028
5000,250,naive,psi0,-0.3003522450885955,0.07869726808037102
5000,250,naive,psi1,-0.23746066273424107,0.08294045891751199
5000,250,corrected,psi0,0.9391325420948353,0.09110555432315376
5000,250,corrected,psi1,0.2496689872091298,0.09609149425169744
5000,251,naive,psi0,-0.37849036744932774,0.08096599592557788
5000,251,naive,psi1,0.0693806196428432,0.08772817985063944
5000,251,corrected,psi0,0.8910028033431567,0.09412367348992895
5000,251,corrected,psi1,0.602903316109111,0.10109510209863506
5000,252,naive,psi0,-0.1832255181423099,0.07871069078074858
5000,252,naive,psi1,-0.03699176617720787,0.07971392955035705
5000,252,corrected,psi0,1.135568695051475,0.09108409104551599
5000,252,corrected,psi1,0.45105699883119077,0.091813888965505
5000,253,naive,psi0,-0.3479647109988178,0.07809277365644787
5000,253,naive,psi1,-0.09319737009886765,0.07836041550610315
5000,253,corrected,psi0,0.9183323609509018,0.09061237565609906
5000,253,corrected,psi1,0.3558384175532576,0.09071206864925829
5000,254,naive,psi0,-0.2771657255083532,0.08284552962416532
5000,254,naive,psi1,0.07009538200448542,0.08981319448697189
5000,254,corrected,psi0,0.9939369286852295,0.0958202578706121
5000,254,corrected,psi1,0.5949721718423905,0.10490462282354276
5000,255,naive,psi0,-0.2872164523741185,0.0818675476985664
5000,255,naive,psi1,-0.0577392281491311,0.0849244034310731
5000,255,corrected,psi0,0.9552650927104599,0.09533090905903423
5000,255,corrected,psi1,0.459312525991822,0.09961944521373406
5000,256,naive,psi0,-0.14906662785026398,0.08255365123243828
5000,256,naive,psi1,-0.047118117356904625,0.0883068764708615
5000,256,corrected,psi0,1.1689063279084246,0.09652551347076418
5000,256,corrected,psi1,0.4660816317457646,0.10413309219998146
5000,257,naive,psi0,-0.26057069966074103,0.07829358484370219
5000,257,naive,psi1,0.003696463540761979,0.08428760095672899
5000,257,corrected,psi0,0.9807330943729066,0.09094737696288092
5000,257,corrected,psi1,0.5188095493842919,0.09746868184294812
5000,258,naive,psi0,-0.11571910276827434,0.08172490959954708
5000,258,naive,psi1,0.035653832455042805,0.08662051036334004
5000,258,corrected,psi0,1.1634031676888597,0.09552371036926069
5000,258,corrected,psi1,0.5478393172651628,0.10089102996814006
5000,259,naive,psi0,-0.39603803104622337,0.07933781877059029
5000,259,naive,psi1,0.015319626529837864,0.08399679793391975
5000,259,corrected,psi0,0.8605779860569687,0.0920510931268126
5000,259,corrected,psi1,0.45943575173443163,0.09739407849484437
5000,260,naive,psi0,-0.285397107970715,0.0802832215438678
5000,260,naive,psi1,0.004206817842018531,0.0864150203664782
5000,260,corrected,psi0,0.9845998364331063,0.09345857207881036
5000,260,corrected,psi1,0.4950389181904852,0.10198932889603403
5000,261,naive,psi0,-0.1254847558978677,0.08314740321944247
5000,261,naive,psi1,0.08854801251054913,0.09170299398796106
5000,261,corrected,psi0,1.1975843424862929,0.09732916215059029
5000,261,corrected,psi1,0.5880884883479697,0.10722542801869461
5000,262,naive,psi0,-0.15536765619149187,0.07977271410874694
5000,262,naive,psi1,0.06763014579846094,0.0866662382532344
5000,262,corrected,psi0,1.1212534309921727,0.09232672047894774
5000,262,corrected,psi1,0.6126005354411834,0.0998063925792654
5000,263,naive,psi0,-0.28894359337958225,0.0811990964699363
5000,263,naive,psi1,0.04168739597520366,0.0846483517131336
5000,263,corrected,psi0,0.9848311875071569,0.09446726117553614
5000,263,corrected,psi1,0.5204154501878486,0.09747611952397536
5000,264,naive,psi0,-0.09009956766634222,0.07979881483299578
5000,264,naive,psi1,0.10091083631207493,0.08445316379192369
5000,264,corrected,psi0,1.2033728477836025,0.09312226424075512
5000,264,corrected,psi1,0.5590434072456864,0.09819796085755704
5000,265,naive,psi0,-0.38431583872544256,0.0818568419925282
5000,265,naive,psi1,0.0015395179740109663,0.08740183769904739
5000,265,corrected,psi0,0.8725472576400817,0.09501731308521455
5000,265,corrected,psi1,0.49634727911146365,0.1013003210159327
5000,266,naive,psi0,-0.3207815091685161,0.08152917700538993
5000,266,naive,psi1,-0.036661891265788164,0.08936623706092674
5000,266,corrected,psi0,0.9613410729471273,0.09393116762428132
5000,266,corrected,psi1,0.4866004214663347,0.10286580600240465
5000,267,naive,psi0,-0.19925292204689807,0.08193710781446137
5000,267,naive,psi1,-0.0352369129685002,0.08975214998210078
5000,267,corrected,psi0,1.0946009663785086,0.09555306411567935
5000,267,corrected,psi1,0.4340545196995897,0.10486727844419774
5000,268,naive,psi0,-0.3228962127898428,0.08158147832735423
5000,268,naive,psi1,0.06119081735985971,0.0874548097817876
5000,268,corrected,psi0,0.9562649666030899,0.09480460723604754
5000,268,corrected,psi1,0.569904057441377,0.10084070756801976
5000,269,naive,psi0,-0.26953323638022664,0.0801488137410201
5000,269,naive,psi1,-0.09577208802448572,0.08443395490477038
5000,269,corrected,psi0,0.995241566484744,0.09264395464919888
5000,269,corrected,psi1,0.40869394271596826,0.09710113290033306
5000,270,naive,psi0,-0.26118746434246465,0.08174083165926657
5000,270,naive,psi1,-0.12901864791480622,0.09301267041500647
5000,270,corrected,psi0,1.0075679465997187,0.09513767467500907
5000,270,corrected,psi1,0.33894758652618767,0.10599261771411887
5000,271,naive,psi0,-0.3024395539106655,0.08398630493603636
5000,271,naive,psi1,-0.13061174437145698,0.08571780343965452
5000,271,corrected,psi0,0.9643695186215613,0.09701750837409974
5000,271,corrected,psi1,0.3790374964271468,0.10002307407946846
5000,272,naive,psi0,-0.29426099443092146,0.07936904023501869
5000,272,naive,psi1,-0.07128028134950673,0.08592492417306655
5000,272,corrected,psi0,0.9920122501614907,0.09269366457293349
5000,272,corrected,psi1,0.4130292176866925,0.10098920401664839
5000,273,naive,psi0,-0.2451638954157484,0.08292781467806097
5000,273,naive,psi1,0.044842185346179286,0.09074622376768551
5000,273,corrected,psi0,1.0103434455681326,0.09644820264969513
5000,273,corrected,psi1,0.5765010424228749,0.10625960373917637
5000,274,naive,psi0,-0.4031524602887999,0.08142713884265206
5000,274,naive,psi1,-0.09165915495503175,0.09025653485514216
5000,274,corrected,psi0,0.8423838050075042,0.0949937630990468
5000,274,corrected,psi1,0.4119770443362258,0.10513910644355073
5000,275,naive,psi0,-0.28340446337609326,0.07992249210044848
5000,275,naive,psi1,-0.07352572474344192,0.08664146219467687
5000,275,corrected,psi0,0.9501626456579817,0.09310050038380119
5000,275,corrected,psi1,0.445860768999334,0.09996094049732979
5000,276,naive,psi0,-0.2259632654947687,0.08210482546529184
5000,276,naive,psi1,-0.006681984441356013,0.09383240977551925
5000,276,corrected,psi0,1.0849614711787325,0.09547096969595907
5000,276,corrected,psi1,0.5160085243509792,0.10968967473316682
5000,277,naive,psi0,-0.3243024357304854,0.0806083198000015
5000,277,naive,psi1,-0.05971829144560767,0.08366216966180463
5000,277,corrected,psi0,0.9200402673923207,0.09336427226239279
5000,277,corrected,psi1,0.3973437606260328,0.09673490426702112
5000,278,naive,psi0,-0.3325552129256085,0.07967239648694252
5000,278,naive,psi1,-0.03597997755100872,0.08623715998863157
5000,278,corrected,psi0,0.962465905957087,0.09269882864653858
5000,278,corrected,psi1,0.4544732847467817,0.10028772854575647
5000,279,naive,psi0,-0.3639829501038797,0.08041513911558805
5000,279,naive,psi1,0.008699470573317932,0.08527352754726585
5000,279,corrected,psi0,0.8846978755736428,0.09404823430998825
5000,279,corrected,psi1,0.5024435944834055,0.09899594510114748
5000,280,naive,psi0,-0.2810329822887017,0.0810427754071134
5000,280,naive,psi1,0.005617335215065029,0.08684340889491388
5000,280,corrected,psi0,0.998699578106652,0.09491743701419138
5000,280,corrected,psi1,0.4974763562624703,0.10184095538456936
5000,281,naive,psi0,-0.3915787112665054,0.083070143640936
5000,281,naive,psi1,-0.015561453859106416,0.08305945235367794
5000,281,corrected,psi0,0.8540704057309236,0.09643728673907316
5000,281,corrected,psi1,0.47083195574221653,0.09597666027809719
5000,282,naive,psi0,-0.244566294934947,0.07941162700561337
5000,282,naive,psi1,0.07372328020476543,0.07859920321747044
5000,282,corrected,psi0,1.0302858726543382,0.09256049338777114
5000,282,corrected,psi1,0.602058026871245,0.0912489659773151
5000,283,naive,psi0,-0.3510823874094713,0.08008239064281743
5000,283,naive,psi1,-0.0348823358248875,0.08250615905905755
5000,283,corrected,psi0,0.9053656351493196,0.09309775603092443
5000,283,corrected,psi1,0.46365341291664336,0.09552209857750799
5000,284,naive,psi0,-0.3484485288626878,0.0793954069622417
5000,284,naive,psi1,0.04210589336624682,0.08557578979561813
5000,284,corrected,psi0,0.9016526123959764,0.09224778517822331
5000,284,corrected,psi1,0.5399955110982091,0.09864756629048524
5000,285,naive,psi0,-0.38813186072900596,0.0800452289604488
5000,285,naive,psi1,0.029115630473539107,0.08526439118063613
5000,285,corrected,psi0,0.8528587014974752,0.09369298465031785
5000,285,corrected,psi1,0.5175727312103634,0.09983682627216511
5000,286,naive,psi0,-0.20037303421858105,0.08093994576165735
5000,286,naive,psi1,0.058269576312001456,0.08449967982945278
5000,286,corrected,psi0,1.089536472153023,0.09448631790598723
5000,286,corrected,psi1,0.567550401356436,0.09778892817271587
5000,287,naive,psi0,-0.23222803515413945,0.07877951053795641
5000,287,naive,psi1,-0.034986688343290405,0.08558835158774608
5000,287,corrected,psi0,1.0757265306251047,0.09121958359842616
5000,287,corrected,psi1,0.47323416693106074,0.098304835913909
5000,288,naive,psi0,-0.21068625572054436,0.08073258397092788
5000,288,naive,psi1,0.09375117896324535,0.0853903120191358
5000,288,corrected,psi0,1.1151281959564743,0.09321657098035756
5000,288,corrected,psi1,0.5843734657109357,0.09920038025549387
5000,289,naive,psi0,-0.26027744095792565,0.08043391868447604
5000,289,naive,psi1,-0.07760681712285639,0.08562819067977015
5000,289,corrected,psi0,1.021071500014339,0.09389411068173838
5000,289,corrected,psi1,0.37183987110800515,0.09881914840425987
5000,290,naive,psi0,-0.3333648059204937,0.07935423527527438
5000,290,naive,psi1,0.022949994498751014,0.08685214481846648
5000,290,corrected,psi0,0.9107541309197118,0.09270351120312091
5000,290,corrected,psi1,0.5194087997396847,0.10169203666970283
5000,291,naive,psi0,-0.2918319523299217,0.07917076715186804
5000,291,naive,psi1,-0.07896752923871186,0.0861917323035945
5000,291,corrected,psi0,0.9690763828018393,0.0926131722269401
5000,291,corrected,psi1,0.4392256890674438,0.1005886283164821
5000,292,naive,psi0,-0.19533883067592805,0.08422808644202674
5000,292,naive,psi1,-0.12276146389135928,0.08960167965986743
5000,292,corrected,psi0,1.119113344838573,0.0985106832034972
5000,292,corrected,psi1,0.3426064547356314,0.10470662333597175
5000,293,naive,psi0,-0.13305124877991856,0.07982892712955501
5000,293,naive,psi1,0.034373341057776945,0.08934454421836246
5000,293,corrected,psi0,1.1760524667311953,0.09248105052546046
5000,293,corrected,psi1,0.5666290314886027,0.10366876613264918
5000,294,naive,psi0,-0.3921127500245086,0.08156294173190418
5000,294,naive,psi1,-0.013310186397170983,0.08997966071887348
5000,294,corrected,psi0,0.8671530346349203,0.0951346415990538
5000,294,corrected,psi1,0.5016101960980122,0.10513535943131358
5000,295,naive,psi0,-0.2937593887099009,0.07972920651779523
5000,295,naive,psi1,0.02944041203304884,0.08435671836693992
5000,295,corrected,psi0,0.9435971044570927,0.09300021376195573
5000,295,corrected,psi1,0.5012607081685801,0.09853724144788675
5000,296,naive,psi0,-0.26038445188345355,0.08139221302476353
5000,296,naive,psi1,-0.15327397514009336,0.08199794405177308
5000,296,corrected,psi0,0.9929792814453722,0.09416091570061896
5000,296,corrected,psi1,0.3452600477788807,0.09487476786573115
5000,297,naive,psi0,-0.49239176321559314,0.07886519099961127
5000,297,naive,psi1,0.023457401876803154,0.08189028032793058
5000,297,corrected,psi0,0.7551771564459759,0.09225729036113509
5000,297,corrected,psi1,0.5526827062837673,0.09562848097982567
5000,298,naive,psi0,-0.1625568551980513,0.08008550218735017
5000,298,naive,psi1,0.1456443707687781,0.08348806664391653
5000,298,corrected,psi0,1.1471290268331553,0.09348216759233521
5000,298,corrected,psi1,0.6527680941273412,0.09795077996476466
5000,299,naive,psi0,-0.323950431344787,0.08036342242982697
5000,299,naive,psi1,0.1283033114011311,0.08419341918192912
5000,299,corrected,psi0,0.9346034879122392,0.09341659469703198
5000,299,corrected,psi1,0.6700138315589883,0.09833899813816045
5000,300,naive,psi0,-0.30592607066698624,0.08130023748209392
5000,300,naive,psi1,0.021366165262510926,0.08528025881580945
5000,300,corrected,psi0,0.9434508907179743,0.09459322043757401
5000,300,corrected,psi1,0.513595244506561,0.09907392036846252
5000,301,naive,psi0,-0.3711088300260549,0.08145471831105133
5000,301,naive,psi1,-0.003081257672177482,0.08676650056218223
5000,301,corrected,psi0,0.8996928012854175,0.09520658621950438
5000,301,corrected,psi1,0.532923955560716,0.10153846802410088
5000,302,naive,psi0,-0.3310821011932272,0.08264001411565723
5000,302,naive,psi1,0.015545439904523211,0.08732473798907653
5000,302,corrected,psi0,0.9234126402918389,0.09632932419055895
5000,302,corrected,psi1,0.535147637201473,0.10295157731946461
5000,303,naive,psi0,-0.28888357948623994,0.07944892941952873
5000,303,naive,psi1,0.052125992277156814,0.08255957403519502
5000,303,corrected,psi0,0.9147345459732749,0.09243174491269271
5000,303,corrected,psi1,0.5760514776504029,0.09564867614431109
5000,304,naive,psi0,-0.3781189229103057,0.0805682629250214
5000,304,naive,psi1,-0.10496807037766649,0.08863244007174653
5000,304,corrected,psi0,0.8908547664333722,0.09395052332917181
5000,304,corrected,psi1,0.4073980271126838,0.10389212661557033
5000,305,naive,psi0,-0.35260786831377094,0.0800514915570994
5000,305,naive,psi1,-0.04554054167312949,0.08727142118766539
5000,305,corrected,psi0,0.9161173523427352,0.09361595200211212
5000,305,corrected,psi1,0.43779958080091375,0.10226633938731579
5000,306,naive,psi0,-0.26799628430004097,0.07882616653237169
5000,306,naive,psi1,0.10952039688407099,0.08884525212194148
5000,306,corrected,psi0,1.006801151665775,0.09177220722102239
5000,306,corrected,psi1,0.5749442346164589,0.10244420427202379
5000,307,naive,psi0,-0.09206249490902993,0.07997270891200929
5000,307,naive,psi1,-0.005428978829171796,0.08514883252512871
5000,307,corrected,psi0,1.1967367817249226,0.0930296083261399
5000,307,corrected,psi1,0.4954423745242222,0.09895599723679689
5000,308,naive,psi0,-0.2878152816678331,0.08084494711223081
5000,308,naive,psi1,0.04134365025407755,0.08391496381118844
5000,308,corrected,psi0,1.0040701342535918,0.09417572632520539
5000,308,corrected,psi1,0.5677673998604246,0.09773311521798288
5000,309,naive,psi0,-0.3710347559231299,0.08101171322341923
5000,309,naive,psi1,0.021656925513646178,0.08580339364246999
5000,309,corrected,psi0,0.8589362625900748,0.09443592915084442
5000,309,corrected,psi1,0.5756640329984216,0.10067763447170963
5000,310,naive,psi0,-0.2481546523302011,0.07927194043105075
5000,310,naive,psi1,0.3040135469345008,0.08625387564614763
5000,310,corrected,psi0,1.0468036622634505,0.09295709135496333
5000,310,corrected,psi1,0.8272347734935912,0.10042755188747055
5000,311,naive,psi0,-0.4231577331251128,0.08150570372681509
5000,311,naive,psi1,0.044244345945727515,0.08687648560535671
5000,311,corrected,psi0,0.8356803458600761,0.09458911352445547
5000,311,corrected,psi1,0.578063749745844,0.10241693642239895
5000,312,naive,psi0,-0.25789785026637085,0.07992991372305153
5000,312,naive,psi1,-0.01966268844748614,0.08354355493826589
5000,312,corrected,psi0,1.013566594430819,0.09290963917161
5000,312,corrected,psi1,0.4750334995883335,0.09759691910699894
5000,313,naive,psi0,-0.22032843099162625,0.08011569573924503
5000,313,naive,psi1,-0.11155846850525812,0.08734662119180163
5000,313,corrected,psi0,1.0933919708962558,0.09334314330097639
5000,313,corrected,psi1,0.3601632171600617,0.10170185347050034
5000,314,naive,psi0,-0.280831746256777,0.07842529385605788
5000,314,naive,psi1,-0.10573709527755659,0.08141036134262848
5000,314,corrected,psi0,0.9961069157858684,0.09151157704604193
5000,314,corrected,psi1,0.38399795468191955,0.09523339749651964
5000,315,naive,psi0,-0.33291413834965106,0.07996860192212311
5000,315,naive,psi1,0.0301053596150109,0.08617988410303797
5000,315,corrected,psi0,0.9209029114901557,0.09309456024839317
5000,315,corrected,psi1,0.5132728884927037,0.1005477806909011
5000,316,naive,psi0,-0.3290490101540411,0.08048284159712045
5000,316,naive,psi1,-0.03867107690714802,0.08289458711563037
5000,316,corrected,psi0,0.9259344159666615,0.09346253211131796
5000,316,corrected,psi1,0.47999110767613773,0.09715355387217578
5000,317,naive,psi0,-0.21341465407536145,0.08165467759672582
5000,317,naive,psi1,0.025727536786851357,0.08716497693879205
5000,317,corrected,psi0,1.0789743015355158,0.09493150581259494
5000,317,corrected,psi1,0.5598869861924985,0.10170015688704132
5000,318,naive,psi0,-0.258011363459056,0.08023227801625718
5000,318,naive,psi1,0.10683050589996257,0.08157165208206713
5000,318,corrected,psi0,1.0002339973089354,0.09338304039056357
5000,318,corrected,psi1,0.6490301817098697,0.09553087885922887
5000,319,naive,psi0,-0.327485556321877,0.08135029160844409
5000,319,naive,psi1,-0.12151255134886846,0.08913999274384166
5000,319,corrected,psi0,0.9463732432552903,0.09386014624538302
5000,319,corrected,psi1,0.3944353812035295,0.10213619594417328
5000,320,naive,psi0,-0.20245420515632065,0.08036924368894567
5000,320,naive,psi1,0.09272400590172065,0.08759878733200732
5000,320,corrected,psi0,1.08109962197893,0.09348790126449276
5000,320,corrected,psi1,0.616042669118726,0.10271361175699628
5000,321,naive,psi0,-0.17205120298429297,0.07821406324287622
5000,321,naive,psi1,0.003118922371676471,0.084847799374627
5000,321,corrected,psi0,1.129337995887162,0.09067644002540529
5000,321,corrected,psi1,0.47117937599812626,0.09667101047135522
5000,322,naive,psi0,-0.2816774300474916,0.0795028298869603
5000,322,naive,psi1,0.04308785390108043,0.08753772281149495
5000,322,corrected,psi0,1.0106230335575659,0.09307129764462353
5000,322,corrected,psi1,0.5241387391850603,0.1019872840374081
5000,323,naive,psi0,-0.29724282513485123,0.0792646775559365
5000,323,naive,psi1,0.050206565825235416,0.08649063533846327
5000,323,corrected,psi0,1.005759709963089,0.09232783658451031
5000,323,corrected,psi1,0.557655106124334,0.10043446587516854
5000,324,naive,psi0,-0.41336849074419146,0.08122662849367902
5000,324,naive,psi1,0.18416117367160062,0.08890793652591772
5000,324,corrected,psi0,0.8127906798193861,0.09489491365681613
5000,324,corrected,psi1,0.7037726457128716,0.10401863236152409
5000,325,naive,psi0,-0.3030100157489926,0.08185538585007965
5000,325,naive,psi1,-0.07437698385492934,0.08644315367277998
5000,325,corrected,psi0,0.9655540373136257,0.09528515748321156
5000,325,corrected,psi1,0.40067792185127027,0.1004045551271514
5000,326,naive,psi0,-0.33671103655368917,0.08138443760172079
5000,326,naive,psi1,0.05435487187995751,0.08386997336828078
5000,326,corrected,psi0,0.9119321133775623,0.0960981997043463
5000,326,corrected,psi1,0.5666759418437802,0.10023071796980536
5000,327,naive,psi0,-0.31207637955457124,0.08121344897606292
5000,327,naive,psi1,-0.0006194516079867866,0.08379987600565586
5000,327,corrected,psi0,1.008383322707161,0.0944241972526276
5000,327,corrected,psi1,0.470061770992293,0.09773053924835584
5000,328,naive,psi0,-0.3051472583570245,0.08095216461681684
5000,328,naive,psi1,0.015918608180997697,0.08715365063611238
5000,328,corrected,psi0,0.9611675265419389,0.09475916518308135
5000,328,corrected,psi1,0.5160681401502392,0.1015058212085828
5000,329,naive,psi0,-0.23871829064754807,0.0785225327594072
5000,329,naive,psi1,-0.042227813114371855,0.08145958868891
5000,329,corrected,psi0,1.032461415996885,0.09134569451864187
5000,329,corrected,psi1,0.4807858902124335,0.09534649528347669
5000,330,naive,psi0,-0.1732782988308991,0.07799666411090415
5000,330,naive,psi1,-0.01997868925740361,0.08673916748095364
5000,330,corrected,psi0,1.0784246308111978,0.0907101098719959
5000,330,corrected,psi1,0.5131667508285441,0.10112945525376896
5000,331,naive,psi0,-0.18126274805729994,0.0838286943778111
5000,331,naive,psi1,0.11012287144488388,0.08409519061904835
5000,331,corrected,psi0,1.0840254828438125,0.09800573465433143
5000,331,corrected,psi1,0.6585574428672132,0.09768082399107335
5000,332,naive,psi0,-0.2672326417349815,0.08082788504716465
5000,332,naive,psi1,-0.030227175460316107,0.08490585992350677
5000,332,corrected,psi0,1.0345420195889707,0.0939304991818411
5000,332,corrected,psi1,0.449347050352763,0.09906545671700685
5000,333,naive,psi0,-0.21488516701350402,0.08088651010054
5000,333,naive,psi1,0.0113876953930023,0.0844017000172131
5000,333,corrected,psi0,1.0841750123295104,0.09439856955971214
5000,333,corrected,psi1,0.5175826321116278,0.09826486800668711
5000,334,naive,psi0,-0.3830934176776637,0.08250945902935604
5000,334,naive,psi1,0.16959502317912867,0.08714141926903816
5000,334,corrected,psi0,0.8736880266305094,0.09630643975769813
5000,334,corrected,psi1,0.7008333769514673,0.10181949677934224
5000,335,naive,psi0,-0.21099173188052006,0.07829310555360731
5000,335,naive,psi1,0.1064576174167825,0.08503283803794578
5000,335,corrected,psi0,1.096984839461641,0.09148471335624443
5000,335,corrected,psi1,0.6690653055705462,0.09833543541058481
5000,336,naive,psi0,-0.24222433694113735,0.0824471776755062
5000,336,naive,psi1,0.011086647357047237,0.08886271723102236
5000,336,corrected,psi0,1.009629406615396,0.09576213017462484
5000,336,corrected,psi1,0.5021833980539864,0.10281832590108896
5000,337,naive,psi0,-0.06885171407912632,0.07901082615198775
5000,337,naive,psi1,-0.026126636293217056,0.0819208240546368
5000,337,corrected,psi0,1.229889692786733,0.09192331282226762
5000,337,corrected,psi1,0.4755288597521696,0.0968512267661633
5000,338,naive,psi0,-0.11259422127436544,0.08025630645575604
5000,338,naive,psi1,-0.05032434160364596,0.08300203135710953
5000,338,corrected,psi0,1.206636365460231,0.09366773364397772
5000,338,corrected,psi1,0.46919277652386093,0.09692789195184802
5000,339,naive,psi0,-0.30493974613243563,0.08081949624798779
5000,339,naive,psi1,0.009157156275155351,0.0832415872143207
5000,339,corrected,psi0,0.9853849255094588,0.09349597394173903
5000,339,corrected,psi1,0.532018616740117,0.09719761045204062
5000,340,naive,psi0,-0.299979376152985,0.07952377871818697
5000,340,naive,psi1,0.07769147434323594,0.08512454893364982
5000,340,corrected,psi0,0.9797550005747009,0.09236120671168731
5000,340,corrected,psi1,0.5835047871374461,0.0973942022854272
5000,341,naive,psi0,-0.4735873950607729,0.08400950774187893
5000,341,naive,psi1,-0.11721128537934727,0.09086660433813339
5000,341,corrected,psi0,0.816262667013247,0.09777753859586265
5000,341,corrected,psi1,0.37048467117608413,0.10523382457055572
5000,342,naive,psi0,-0.21128623288708323,0.0806614405951279
5000,342,naive,psi1,-0.06844350397084596,0.08699948310104376
5000,342,corrected,psi0,1.0606211651094093,0.09402523008404651
5000,342,corrected,psi1,0.4352468105157116,0.10072499482938325
5000,343,naive,psi0,-0.30080641116472084,0.0779570622886235
5000,343,naive,psi1,-0.07880493026661892,0.08075441757140696
5000,343,corrected,psi0,1.0081139104170718,0.09107861791436106
5000,343,corrected,psi1,0.35978300803144403,0.09473899485782758
5000,344,naive,psi0,-0.3150281368096977,0.08134725325504095
5000,344,naive,psi1,-0.17192947116425622,0.08432526553923311
5000,344,corrected,psi0,0.9599900823243384,0.095094118033382
5000,344,corrected,psi1,0.2853398583118064,0.09961075482450314
5000,345,naive,psi0,-0.3301802030177002,0.07845592308998427
5000,345,naive,psi1,-0.059842041207376066,0.08134311209354492
5000,345,corrected,psi0,0.9618698869316724,0.09076097219321291
5000,345,corrected,psi1,0.41065882088115097,0.09419268346415718
5000,346,naive,psi0,-0.16244105451214733,0.08374727104411567
5000,346,naive,psi1,0.021212274133710192,0.08742409450771664
5000,346,corrected,psi0,1.1109937051067438,0.09773514564429396
5000,346,corrected,psi1,0.5303942725342465,0.10245039087853458
5000,347,naive,psi0,-0.3472260077530995,0.08242959939964034
5000,347,naive,psi1,-0.09668731055434122,0.08805476727263709
5000,347,corrected,psi0,0.9462253816508847,0.09592303633662658
5000,347,corrected,psi1,0.36291706990605155,0.10231346671979315
5000,348,naive,psi0,-0.2803779349071348,0.08067869977058949
5000,348,naive,psi1,0.061001635332738266,0.0872700356167868
5000,348,corrected,psi0,1.0195106100909777,0.09368357497653745
5000,348,corrected,psi1,0.5484509626365832,0.10224185531962823
5000,349,naive,psi0,-0.1277809885663936,0.07957726301578086
5000,349,naive,psi1,-0.05777645235321135,0.08492976845237904
5000,349,corrected,psi0,1.158190421431567,0.09251140825048611
5000,349,corrected,psi1,0.45576386377381656,0.10100050834899385
5000,350,naive,psi0,-0.31458353659890703,0.07946719770775484
5000,350,naive,psi1,-0.1558636889141441,0.08741361484257482
5000,350,corrected,psi0,0.9909258561744692,0.09265948004018663
5000,350,corrected,psi1,0.3269229783837663,0.10135256506788791
5000,351,naive,psi0,-0.26357414218160097,0.07792747720445607
5000,351,naive,psi1,0.014191842775494,0.08095875226939186
5000,351,corrected,psi0,1.0136495710728624,0.08999064134467354
5000,351,corrected,psi1,0.47779949749854633,0.09345576160790331
5000,352,naive,psi0,-0.44442364667261547,0.079440719272045
5000,352,naive,psi1,-0.10667035751041405,0.08764969740610483
5000,352,corrected,psi0,0.8280823758647328,0.09250475385984976
5000,352,corrected,psi1,0.3895042371915452,0.10302218402652513
5000,353,naive,psi0,-0.21804035022147183,0.08147454182308966
5000,353,naive,psi1,-0.0883382831519499,0.08419887284341983
5000,353,corrected,psi0,1.0768359412411546,0.09489610903125825
5000,353,corrected,psi1,0.3910571091355842,0.09740446258011987
5000,354,naive,psi0,-0.4012492870946998,0.07773745482909211
5000,354,naive,psi1,-0.05127615155524495,0.08048674864095584
5000,354,corrected,psi0,0.8598486373265124,0.09083533623629117
5000,354,corrected,psi1,0.3926104023302378,0.09479611762535939
5000,355,naive,psi0,-0.20525867103567877,0.08219542927123377
5000,355,naive,psi1,0.05129572998069447,0.08656992226492981
5000,355,corrected,psi0,1.0873829873253373,0.09568898332891163
5000,355,corrected,psi1,0.5676273487738382,0.10216697827242781
5000,356,naive,psi0,-0.2860613108365958,0.08241633739723923
5000,356,naive,psi1,-0.04893399493040407,0.08698853662276129
5000,356,corrected,psi0,0.9752493861230354,0.09547563716569327
5000,356,corrected,psi1,0.4692343505815433,0.10133994236762994
5000,357,naive,psi0,-0.3834338602904484,0.08029566290090984
5000,357,naive,psi1,0.1520192971155417,0.0874424207452882
5000,357,corrected,psi0,0.8902463087860092,0.09395603562232537
5000,357,corrected,psi1,0.6741093525920852,0.10312401435528501
5000,358,naive,psi0,-0.2686703815035577,0.0800268556279291
5000,358,naive,psi1,0.03394279757302813,0.08163931109499793
5000,358,corrected,psi0,1.0438771163280673,0.09299441934392838
5000,358,corrected,psi1,0.5267862276223274,0.0948682104181038
5000,359,naive,psi0,-0.37980930672101293,0.07934965864873884
5000,359,naive,psi1,-0.14576909106553956,0.0858954926133769
5000,359,corrected,psi0,0.8630555512586299,0.0922598451780341
5000,359,corrected,psi1,0.35101207624445663,0.10016545025401427
5000,360,naive,psi0,-0.3264804672865355,0.07911577075449196
5000,360,naive,psi1,0.03319350401776627,0.08447348355581738
5000,360,corrected,psi0,0.9740023104665999,0.09245987291068543
5000,360,corrected,psi1,0.5510215316457819,0.09850274548622977
5000,361,naive,psi0,-0.30052048526670444,0.08398336559433878
5000,361,naive,psi1,-0.033142677267909745,0.08810225600441302
5000,361,corrected,psi0,0.9633527656964853,0.09761596410628764
5000,361,corrected,psi1,0.46109199048749133,0.10444439888258124
5000,362,naive,psi0,-0.3146601385074749,0.08046910474133767
5000,362,naive,psi1,-0.05976137094014506,0.08610731458271159
5000,362,corrected,psi0,0.951661185849977,0.0940051040359798
5000,362,corrected,psi1,0.45861810127750013,0.09996790658915343
5000,363,naive,psi0,-0.3391401486030709,0.0803445413889951
5000,363,naive,psi1,0.0846747895224194,0.08451481806933496
5000,363,corrected,psi0,0.9236177105372082,0.0937043894245483
5000,363,corrected,psi1,0.5875529288056042,0.09909090065040764
5000,364,naive,psi0,-0.27059869811503223,0.08128366850741572
5000,364,naive,psi1,-0.1447583662091877,0.08447190486513682
5000,364,corrected,psi0,0.9906418478982252,0.0944787235180048
5000,364,corrected,psi1,0.3377038489916997,0.09856946084882294
5000,365,naive,psi0,-0.32934609106051455,0.08133747333492324
5000,365,naive,psi1,-0.12341408235330607,0.08585726367158233
5000,365,corrected,psi0,0.9357435624641731,0.09392353915034864
5000,365,corrected,psi1,0.33396184037645205,0.09890858460823287
5000,366,naive,psi0,-0.2032568346914433,0.08494489586195887
5000,366,naive,psi1,-0.015558469577823747,0.09254005546314807
5000,366,corrected,psi0,1.0942551379949157,0.09860663747140828
5000,366,corrected,psi1,0.4933466057479022,0.1064996349705523
5000,367,naive,psi0,-0.22995145579396423,0.07996432049395485
5000,367,naive,psi1,-0.06279018878793254,0.08270034177077637
5000,367,corrected,psi0,1.055384627221031,0.09324489717915309
5000,367,corrected,psi1,0.43505614107555385,0.09697516401924215
5000,368,naive,psi0,-0.32920997333706614,0.07923509806054131
5000,368,naive,psi1,-0.048548378285582526,0.08495877805227692
5000,368,corrected,psi0,0.9502844183048522,0.09274994832372789
5000,368,corrected,psi1,0.44253423136301506,0.0990275492658662
5000,369,naive,psi0,-0.30578440429678366,0.0807503067688074
5000,369,naive,psi1,-0.04286793663927834,0.08707318054640083
5000,369,corrected,psi0,0.9541661897187367,0.09446725433057251
5000,369,corrected,psi1,0.4571242934109803,0.10145184801601129
5000,370,naive,psi0,-0.35323989341455564,0.08004504813635613
5000,370,naive,psi1,0.07324747614653546,0.08095307962660851
5000,370,corrected,psi0,0.9431573336969272,0.09284211720748588
5000,370,corrected,psi1,0.6124306324121248,0.09504357532667551
5000,371,naive,psi0,-0.2804254110333466,0.08101515722953381
5000,371,naive,psi1,-0.05372801834657117,0.08132929027842384
5000,371,corrected,psi0,0.9857744504610392,0.09509408929763222
5000,371,corrected,psi1,0.4315777125730071,0.0958497898378635
5000,372,naive,psi0,-0.25480372205893664,0.08359060948441735
5000,372,naive,psi1,-0.09017878248061471,0.09049910752596141
5000,372,corrected,psi0,1.0183850470597338,0.09705484156245786
5000,372,corrected,psi1,0.40505329644716115,0.1034534542654646
5000,373,naive,psi0,-0.3211829669671426,0.08000906092862507
5000,373,naive,psi1,0.08796646378431494,0.08537779694864898
5000,373,corrected,psi0,0.9746865595150328,0.0931237797823541
5000,373,corrected,psi1,0.6246952820713143,0.09869519932373409
5000,374,naive,psi0,-0.2833694325374884,0.08037704168821679
5000,374,naive,psi1,-0.015186729034058447,0.08307687625643068
5000,374,corrected,psi0,1.0239578271968914,0.09365653056814109
5000,374,corrected,psi1,0.47548909812308426,0.0964101496733009
5000,375,naive,psi0,-0.32274699710271526,0.07866989011352025
5000,375,naive,psi1,-0.01648573520936567,0.08453798950868745
5000,375,corrected,psi0,0.9190927745602961,0.09163148213853885
5000,375,corrected,psi1,0.49854351686976633,0.09893285037813156
5000,376,naive,psi0,-0.30502878740161127,0.08102750916073805
5000,376,naive,psi1,0.005436210490809759,0.08313418639697141
5000,376,corrected,psi0,0.9704617097763184,0.09446513000244715
5000,376,corrected,psi1,0.44491370119439655,0.09797587494058149
5000,377,naive,psi0,-0.2812836355100915,0.08211507515987884
5000,377,naive,psi1,-0.058783802537427036,0.08993532451707487
5000,377,corrected,psi0,1.00476347742594,0.09549880218174278
5000,377,corrected,psi1,0.48364298518745513,0.10377602800388638
5000,378,naive,psi0,-0.3032241556233876,0.07957094195537809
5000,378,naive,psi1,-0.08569469353512214,0.08089314169473374
5000,378,corrected,psi0,0.972563768039938,0.09245899099909063
5000,378,corrected,psi1,0.39040450519991743,0.09326064461712605
5000,379,naive,psi0,-0.2737777701107037,0.08080632533416254
5000,379,naive,psi1,-0.11481569976841782,0.0855450840158764
5000,379,corrected,psi0,1.0026693647793565,0.09428907331159764
5000,379,corrected,psi1,0.34647042004819445,0.10036517680284521
5000,380,naive,psi0,-0.3100471378141856,0.08049005777188283
5000,380,naive,psi1,0.1403864803038928,0.08599762632238314
5000,380,corrected,psi0,0.9522321607329475,0.09355820756859895
5000,380,corrected,psi1,0.6647217621926126,0.10005666919394514
5000,381,naive,psi0,-0.2752065422045094,0.08343300370064562
5000,381,naive,psi1,-0.08097681857433763,0.08561354519158937
5000,381,corrected,psi0,0.9777856585782307,0.09703644099065653
5000,381,corrected,psi1,0.4287798102413277,0.10132388391791335
5000,382,naive,psi0,-0.21986332345240348,0.08188601300930616
5000,382,naive,psi1,-0.10728389889097574,0.08729154764511321
5000,382,corrected,psi0,1.047847115906548,0.09535017538987535
5000,382,corrected,psi1,0.35325637724086284,0.10087879308253445
5000,383,naive,psi0,-0.21818761611460438,0.07812327281572011
5000,383,naive,psi1,-0.06137102124630956,0.08114459526199509
5000,383,corrected,psi0,1.08292197023316,0.09154952719428808
5000,383,corrected,psi1,0.46480861548906915,0.0957731061743168
5000,384,naive,psi0,-0.2820377293557647,0.08015947598206145
5000,384,naive,psi1,-0.03811644129132666,0.08436086332186708
5000,384,corrected,psi0,0.9740764000914622,0.09323756931770705
5000,384,corrected,psi1,0.4529369240133746,0.09956584714931674
5000,385,naive,psi0,-0.34186557170126564,0.08087703480343843
5000,385,naive,psi1,0.017301268447590112,0.09169228100506309
5000,385,corrected,psi0,0.9417931096146795,0.09429147904116163
5000,385,corrected,psi1,0.5260488914850526,0.10646071949536529
5000,386,naive,psi0,-0.2766133023960739,0.0826210017893695
5000,386,naive,psi1,0.07156182659550511,0.08987510517110595
5000,386,corrected,psi0,1.0055809042810122,0.09649243064893685
5000,386,corrected,psi1,0.573461854879305,0.1045651917063951
5000,387,naive,psi0,-0.3125642148488293,0.08100375719959418
5000,387,naive,psi1,-0.08474254143579277,0.08856372613224296
5000,387,corrected,psi0,0.9268547101323775,0.09489163320748767
5000,387,corrected,psi1,0.3802619866036062,0.10320689691946301
5000,388,naive,psi0,-0.19548327200882268,0.08110988403607448
5000,388,naive,psi1,-0.162410966403824,0.08856677488578794
5000,388,corrected,psi0,1.0571195393454964,0.09363218442473481
5000,388,corrected,psi1,0.3683767479827339,0.10193863588812357
5000,389,naive,psi0,-0.2777608177612606,0.08265407569717932
5000,389,naive,psi1,0.08578249044997832,0.08518797546003172
5000,389,corrected,psi0,0.97428952382789,0.09602821651273004
5000,389,corrected,psi1,0.615540117493447,0.09904644890820706
5000,390,naive,psi0,-0.2335161552895286,0.07962182915234732
5000,390,naive,psi1,0.04784146502709434,0.08811071713804888
5000,390,corrected,psi0,1.057105482045987,0.09226671605479794
5000,390,corrected,psi1,0.5564246326465413,0.10326106017411946
5000,391,naive,psi0,-0.36337886239985184,0.08266455025965357
5000,391,naive,psi1,-0.016724040005153394,0.08553871485207312
5000,391,corrected,psi0,0.8811471200430224,0.09547869092773476
5000,391,corrected,psi1,0.4800213899451236,0.09882185181596376
5000,392,naive,psi0,-0.38292953173673105,0.07967578053851869
5000,392,naive,psi1,-0.07645475166944525,0.08339313647940276
5000,392,corrected,psi0,0.8877217594204801,0.09279492209936793
5000,392,corrected,psi1,0.3991661750772315,0.09632582537423857
5000,393,naive,psi0,-0.3612689392139718,0.07874645120815808
5000,393,naive,psi1,0.06755730617183692,0.08906496334126365
5000,393,corrected,psi0,0.8814067075554748,0.09212578948883675
5000,393,corrected,psi1,0.5933366865633485,0.10363817472274062
5000,394,naive,psi0,-0.23606546649391144,0.08220215130918343
5000,394,naive,psi1,-0.011931738063884098,0.08848948126088241
5000,394,corrected,psi0,1.0562112529418084,0.09551576981426993
5000,394,corrected,psi1,0.4789041687202714,0.10233350322640378
5000,395,naive,psi0,-0.16410551429068418,0.0811789760179413
5000,395,naive,psi1,0.08390598307660035,0.08372921721030761
5000,395,corrected,psi0,1.1259108905839887,0.0948255321825932
5000,395,corrected,psi1,0.5580383821686178,0.09728711442828347
5000,396,naive,psi0,-0.4218178979119889,0.07993609493793478
5000,396,naive,psi1,0.08378721430439821,0.07795954495263607
5000,396,corrected,psi0,0.7914538112579641,0.09261510898523329
5000,396,corrected,psi1,0.5527036109685587,0.09155710508479378
5000,397,naive,psi0,-0.3196760377036759,0.08017583453696236
5000,397,naive,psi1,0.0624531992778604,0.08532814612980691
5000,397,corrected,psi0,0.9432893490042336,0.09313028841636264
5000,397,corrected,psi1,0.5469505955318265,0.09926683846941659
5000,398,naive,psi0,-0.3728353273201824,0.08228721673174016
5000,398,naive,psi1,0.040314948721721616,0.08721420023954757
5000,398,corrected,psi0,0.8864284902683134,0.0954476801349818
5000,398,corrected,psi1,0.543187005450778,0.1011358822678988
5000,399,naive,psi0,-0.3617991758194199,0.08185501186544003
5000,399,naive,psi1,-0.1179134128078885,0.0912439941376147
5000,399,corrected,psi0,0.9144038086428234,0.09546721212763641
5000,399,corrected,psi1,0.37112910562809365,0.10590414756292817
5000,400,naive,psi0,-0.24138763236064634,0.07787909135993627
5000,400,naive,psi1,0.02610028804160914,0.08300071475393096
5000,400,corrected,psi0,1.0203383868227889,0.09048634818039314
5000,400,corrected,psi1,0.5396855369590964,0.09739942422993192
5000,401,naive,psi0,-0.3072318097152911,0.0832724261667451
5000,401,naive,psi1,-0.06849229749966841,0.09157383942164136
5000,401,corrected,psi0,0.9579017239502654,0.0971721951964953
5000,401,corrected,psi1,0.4262430942048614,0.1074411787940384
5000,402,naive,psi0,-0.2490187092446674,0.08074201947983319
5000,402,naive,psi1,-0.008545458695885667,0.08755709551567585
5000,402,corrected,psi0,1.0322791147939032,0.0936087368440266
5000,402,corrected,psi1,0.4961877752216658,0.10124656331227641
5000,403,naive,psi0,-0.3024461385224546,0.08092949460031966
5000,403,naive,psi1,-0.0635822558769548,0.08281506571185612
5000,403,corrected,psi0,0.9514213764613635,0.09455335193586854
5000,403,corrected,psi1,0.4488444918581156,0.09724033091413131
5000,404,naive,psi0,-0.20201354429378612,0.0792591818483499
5000,404,naive,psi1,-0.005926265161522618,0.08210315486659397
5000,404,corrected,psi0,1.0951745477215995,0.09234438489963714
5000,404,corrected,psi1,0.48608104961904014,0.09607917530977492
5000,405,naive,psi0,-0.23190943804799374,0.07906148000999338
5000,405,naive,psi1,-0.004110676290942976,0.08645398505516191
5000,405,corrected,psi0,1.0461652588821755,0.0916817425130688
5000,405,corrected,psi1,0.49470296859127005,0.09953048197232914
5000,406,naive,psi0,-0.2651033458522664,0.0821240610667709
5000,406,naive,psi1,0.11654104453723033,0.08924389426406873
5000,406,corrected,psi0,0.990038494686364,0.0959033326326267
5000,406,corrected,psi1,0.6480564776165972,0.1045399569149066
5000,407,naive,psi0,-0.2554082986466423,0.07810585754590474
5000,407,naive,psi1,0.031690633588399575,0.08468696169968626
5000,407,corrected,psi0,1.0332705384044654,0.09115788332012989
5000,407,corrected,psi1,0.5820730516879661,0.10002481731440792
5000,408,naive,psi0,-0.25222921128860476,0.08144141348702759
5000,408,naive,psi1,0.06479052169892151,0.08664802194893637
5000,408,corrected,psi0,1.0472757390744252,0.09458480045646889
5000,408,corrected,psi1,0.5363296515725656,0.10025623704837416
5000,409,naive,psi0,-0.1804953661715549,0.08052519032265673
5000,409,naive,psi1,-0.12911063946311835,0.08602990047490706
5000,409,corrected,psi0,1.131677765773079,0.09353000698974631
5000,409,corrected,psi1,0.3177662847094659,0.10030798028963615
5000,410,naive,psi0,-0.34345967504910396,0.08214577515735737
5000,410,naive,psi1,-0.07468371706554502,0.0882337794686448
5000,410,corrected,psi0,0.91494840974452,0.09522676552433369
5000,410,corrected,psi1,0.39779328515132917,0.10236061857087449
5000,411,naive,psi0,-0.2661366951941193,0.0803371534661947
5000,411,naive,psi1,-0.09543655428932127,0.08247463935552421
5000,411,corrected,psi0,0.989364679822184,0.0935747300598229
5000,411,corrected,psi1,0.39775998954952807,0.09849855883919414
5000,412,naive,psi0,-0.22182174694214568,0.08229252450081219
5000,412,naive,psi1,0.05941207209533259,0.08783312467968943
5000,412,corrected,psi0,1.0840077154643635,0.09548060366706632
5000,412,corrected,psi1,0.5365723652303307,0.10252417569012745
5000,413,naive,psi0,-0.29305196888385493,0.07825578604723601
5000,413,naive,psi1,0.1510090558689087,0.08499478720016035
5000,413,corrected,psi0,0.9909056928610397,0.09148615782431126
5000,413,corrected,psi1,0.6511515867802911,0.09945074663891525
5000,414,naive,psi0,-0.3218803063149782,0.08192030027387423
5000,414,naive,psi1,0.12915519532097183,0.08404103892394488
5000,414,corrected,psi0,0.9311613995879267,0.09619051353092478
5000,414,corrected,psi1,0.6526455791813994,0.09874821780378137
5000,415,naive,psi0,-0.27689213913813016,0.08224845806642313
5000,415,naive,psi1,0.16106113685087498,0.08283635629132764
5000,415,corrected,psi0,0.9692744217857492,0.09604111542208078
5000,415,corrected,psi1,0.6841176597930636,0.09717253893618255
5000,416,naive,psi0,-0.2708730524329141,0.08259822359518842
5000,416,naive,psi1,-0.18807800376527029,0.08345316466073309
5000,416,corrected,psi0,0.9784643536593609,0.09615729856762398
5000,416,corrected,psi1,0.2894605318205398,0.09708783473578474
5000,417,naive,psi0,-0.35038582753035,0.07938993010755967
5000,417,naive,psi1,0.0012113106762165794,0.08418265729947677
5000,417,corrected,psi0,0.8949928797154404,0.09220610655170788
5000,417,corrected,psi1,0.49305783810839476,0.09794053521696675
5000,418,naive,psi0,-0.2540610164909117,0.0797728758987954
5000,418,naive,psi1,-0.08738373233212736,0.08415693743363366
5000,418,corrected,psi0,1.0610056757734097,0.09315547872673789
5000,418,corrected,psi1,0.37132439290811486,0.09816842294325549
5000,419,naive,psi0,-0.29544098485424747,0.0807525563597168
5000,419,naive,psi1,-0.14946793283597581,0.08573852678481071
5000,419,corrected,psi0,0.988598748242332,0.09416895693856683
5000,419,corrected,psi1,0.30783540346497057,0.10000323030556885
5000,420,naive,psi0,-0.4334671544649928,0.0812092433023888
5000,420,naive,psi1,0.018792557551370544,0.08054782507858207
5000,420,corrected,psi0,0.7932858646902239,0.0944635299223207
5000,420,corrected,psi1,0.5349868699348507,0.0945383783326
5000,421,naive,psi0,-0.33191290851180444,0.08064238321008492
5000,421,naive,psi1,-0.22493699068769119,0.08651968175220617
5000,421,corrected,psi0,0.9238717057742363,0.09424253677947142
5000,421,corrected,psi1,0.2981521267596593,0.10045906282303725
5000,422,naive,psi0,-0.25404098092245136,0.07836851717645331
5000,422,naive,psi1,-0.011997006151168279,0.08501441152040448
5000,422,corrected,psi0,0.9911209394501557,0.09203737100814942
5000,422,corrected,psi1,0.5360020589090091,0.09964000915710333
5000,423,naive,psi0,-0.31380673866414965,0.08018372356464384
5000,423,naive,psi1,-0.006038741896908942,0.08771028914121123
5000,423,corrected,psi0,0.9525352519858908,0.09378116732726156
5000,423,corrected,psi1,0.5111984653546359,0.10341016124280855
5000,424,naive,psi0,-0.31129022122707706,0.0828425500308115
5000,424,naive,psi1,0.027523284728303295,0.08804137023734862
5000,424,corrected,psi0,0.9835122279171266,0.09622682262692035
5000,424,corrected,psi1,0.5204874891892484,0.10253596977338668
5000,425,naive,psi0,-0.20024535090153328,0.07979616916588912
5000,425,naive,psi1,0.043779005332145265,0.08185735468612645
5000,425,corrected,psi0,1.0790751700561956,0.09259032902936676
5000,425,corrected,psi1,0.5280573166932414,0.09425497059192234
5000,426,naive,psi0,-0.18483074222428206,0.08204039698476734
5000,426,naive,psi1,-0.0008253371287861037,0.08629979678558168
5000,426,corrected,psi0,1.1064220949087888,0.09562945018635355
5000,426,corrected,psi1,0.5057301596024409,0.10132943645028776
5000,427,naive,psi0,-0.3190933766857278,0.08072189710381396
5000,427,naive,psi1,0.0955826285348736,0.0925771081621695
5000,427,corrected,psi0,0.9472204201926608,0.09365390418563511
5000,427,corrected,psi1,0.607796844112958,0.10715649116928602
5000,428,naive,psi0,-0.3820606854601602,0.08009806062395214
5000,428,naive,psi1,0.022219732845103025,0.08338388445710808
5000,428,corrected,psi0,0.8680922443859882,0.09330177811331943
5000,428,corrected,psi1,0.4922204838361485,0.09752210532447289
5000,429,naive,psi0,-0.2552303321880924,0.08375947873189732
5000,429,naive,psi1,-0.16106448634912943,0.09523676721562827
5000,429,corrected,psi0,1.043769710516712,0.09734699403123576
5000,429,corrected,psi1,0.34636047188999625,0.1101598106766256
5000,430,naive,psi0,-0.16849031247860768,0.0807614139181612
5000,430,naive,psi1,-0.017299410865403347,0.08633787898755058
5000,430,corrected,psi0,1.1200187970324866,0.09427654574916677
5000,430,corrected,psi1,0.48500972347272825,0.10128316326335292
5000,431,naive,psi0,-0.19206365989946045,0.08020092274733762
5000,431,naive,psi1,-0.08038516673916118,0.08471291057310634
5000,431,corrected,psi0,1.0953306506969311,0.09273902394502372
5000,431,corrected,psi1,0.41493750063108764,0.09804279701399354
5000,432,naive,psi0,-0.28100849513004256,0.08040701907393148
5000,432,naive,psi1,0.025249678209986245,0.0854190888963742
5000,432,corrected,psi0,1.005048013913542,0.09327777701686285
5000,432,corrected,psi1,0.5292863904856367,0.10002568208367212
5000,433,naive,psi0,-0.3697717925602385,0.08110924135921323
5000,433,naive,psi1,-0.09730210788511338,0.08507490988947901
5000,433,corrected,psi0,0.8966546152356448,0.09468486108344068
5000,433,corrected,psi1,0.38109639023270164,0.09885074378745422
5000,434,naive,psi0,-0.4255148903801143,0.08076238543139926
5000,434,naive,psi1,0.01753629512078951,0.08730491540594185
5000,434,corrected,psi0,0.8146774936293215,0.09385225581154615
5000,434,corrected,psi1,0.5724075044219594,0.1019611658645597
5000,435,naive,psi0,-0.19837111013602957,0.07955138403721143
5000,435,naive,psi1,0.08043120392427269,0.0847259632784713
5000,435,corrected,psi0,1.120740302600033,0.0927800313013691
5000,435,corrected,psi1,0.5716327630751833,0.09882241109450918
5000,436,naive,psi0,-0.22931027537716575,0.08104912503826849
5000,436,naive,psi1,0.05896923953721859,0.08816139351562566
5000,436,corrected,psi0,1.0759845478073582,0.09461514483503015
5000,436,corrected,psi1,0.5670238664767112,0.10367927929101983
5000,437,naive,psi0,-0.37384159958948787,0.07923855117049809
5000,437,naive,psi1,0.012029442980097758,0.0816381352431632
5000,437,corrected,psi0,0.8658661073947402,0.09305517599107921
5000,437,corrected,psi1,0.5297645545634946,0.09815400287534459
5000,438,naive,psi0,-0.2105453330157015,0.08198260802024794
5000,438,naive,psi1,0.0931946035013343,0.08795114202236023
5000,438,corrected,psi0,1.0273776747064352,0.09483577571487924
5000,438,corrected,psi1,0.6118646006387135,0.10168727227304682
5000,439,naive,psi0,-0.24755092571445889,0.07962615037663985
5000,439,naive,psi1,0.015188917186389943,0.08868162058679883
5000,439,corrected,psi0,1.0194852077752317,0.0931261247272573
5000,439,corrected,psi1,0.5111513877640174,0.10426941911543386
5000,440,naive,psi0,-0.14755549593933737,0.08056530908915845
5000,440,naive,psi1,-0.0342443797842945,0.08177254774623072
5000,440,corrected,psi0,1.1389697106360823,0.09343506937761328
5000,440,corrected,psi1,0.47320725864733604,0.09534218703330632
5000,441,naive,psi0,-0.2869031015901826,0.0815487710908193
5000,441,naive,psi1,0.025371343161654042,0.08429831925129436
5000,441,corrected,psi0,0.9925396501600581,0.09517264889421848
5000,441,corrected,psi1,0.5202129376294459,0.09798824844634699
5000,442,naive,psi0,-0.2803092045951537,0.08147783886686545
5000,442,naive,psi1,0.05202854379747776,0.08679311641552044
5000,442,corrected,psi0,0.983239859919133,0.0942870448155631
5000,442,corrected,psi1,0.5612627986883287,0.10077530382561144
5000,443,naive,psi0,-0.24274946620261106,0.08261757569702158
5000,443,naive,psi1,-0.11812734946889426,0.08504163414499669
5000,443,corrected,psi0,1.041857533986475,0.09607663641125526
5000,443,corrected,psi1,0.3441791629442259,0.09828176013682405
5000,444,naive,psi0,-0.16015756891444394,0.08003879787885133
5000,444,naive,psi1,0.1063002561917753,0.0842298441597341
5000,444,corrected,psi0,1.1253376729681672,0.09276720463271283
5000,444,corrected,psi1,0.6514195689097892,0.09796118225893101
5000,445,naive,psi0,-0.2131503658038643,0.07987588257448382
5000,445,naive,psi1,0.0593564424043369,0.08741425314019985
5000,445,corrected,psi0,1.049774180274312,0.09315048835426464
5000,445,corrected,psi1,0.5555705610731366,0.10322121975425008
5000,446,naive,psi0,-0.4245965646763557,0.08186390704498213
5000,446,naive,psi1,0.03268298766853704,0.08453383516447338
5000,446,corrected,psi0,0.8191788651329505,0.09514313649963874
5000,446,corrected,psi1,0.5516947279486318,0.09894301283382329
5000,447,naive,psi0,-0.4396586411744945,0.08065003686093504
5000,447,naive,psi1,0.026106133004908928,0.08180464665160678
5000,447,corrected,psi0,0.8347803135588376,0.09379119631953736
5000,447,corrected,psi1,0.5265702223957333,0.09477722469785167
5000,448,naive,psi0,-0.28873022152344935,0.08057664994425359
5000,448,naive,psi1,-0.14323946755964095,0.0830443216011873
5000,448,corrected,psi0,0.9931255798029563,0.09389176236440136
5000,448,corrected,psi1,0.3467638235238379,0.09681631358150367
5000,449,naive,psi0,-0.28893570594806595,0.08136053930111488
5000,449,naive,psi1,0.06336414218680136,0.0819835989259655
5000,449,corrected,psi0,0.9933863391567097,0.09477738499036918
5000,449,corrected,psi1,0.567297320396785,0.09538973436213531
5000,450,naive,psi0,-0.15342823925520968,0.08048433250856289
5000,450,naive,psi1,-0.0556761071788473,0.0844375119800721
5000,450,corrected,psi0,1.0995130168820988,0.09320868974119544
5000,450,corrected,psi1,0.4262187619821651,0.09758975071687183
5000,451,naive,psi0,-0.2514563064991581,0.08040249636209876
5000,451,naive,psi1,0.0016471481515072273,0.08437715233596602
5000,451,corrected,psi0,1.0099898739474267,0.09357305361904687
5000,451,corrected,psi1,0.5015106774561016,0.09870443456703325
5000,452,naive,psi0,-0.24073589410940718,0.08043261750159765
5000,452,naive,psi1,-0.07671478837907313,0.08509216886476842
5000,452,corrected,psi0,1.0346321874460798,0.09363342037429351
5000,452,corrected,psi1,0.41930794346265654,0.10141769172019156
5000,453,naive,psi0,-0.23891042666417456,0.08110700679157475
5000,453,naive,psi1,-0.06212742544730111,0.08618752244976115
5000,453,corrected,psi0,1.0464111821159445,0.09412421968761439
5000,453,corrected,psi1,0.42296912595757463,0.10067713212212323
5000,454,naive,psi0,-0.2850716102166813,0.08168017720801694
5000,454,naive,psi1,0.018741337275974122,0.08755786720758972
5000,454,corrected,psi0,1.0139641438033153,0.09562195280953487
5000,454,corrected,psi1,0.5291867633401637,0.10420802233445543
5000,455,naive,psi0,-0.3308921840683683,0.08269081599092766
5000,455,naive,psi1,-0.10277109574924662,0.08936366460989219
5000,455,corrected,psi0,0.9330548156251771,0.0957384399556827
5000,455,corrected,psi1,0.3803613728287077,0.10227986506307132
5000,456,naive,psi0,-0.2920378038885266,0.08195818826774304
5000,456,naive,psi1,-0.3291636950651433,0.08876778343009625
5000,456,corrected,psi0,0.9942284857445665,0.09545395508079893
5000,456,corrected,psi1,0.09476001486216998,0.10435411864688028
5000,457,naive,psi0,-0.3363572579933364,0.08094353284197756
5000,457,naive,psi1,0.05615730808961383,0.08222620719514304
5000,457,corrected,psi0,0.9410679630477397,0.09384697634878561
5000,457,corrected,psi1,0.5622927207659169,0.09616295941718356
5000,458,naive,psi0,-0.38291119553487785,0.08059818203494723
5000,458,naive,psi1,0.07747227907997675,0.08203499449756314
5000,458,corrected,psi0,0.8918609557978788,0.09371255604100943
5000,458,corrected,psi1,0.5561699356091225,0.09549714298708094
5000,459,naive,psi0,-0.17527582680327383,0.0795692609197119
5000,459,naive,psi1,-0.014531968598193865,0.0819103598999277
5000,459,corrected,psi0,1.1265040491196514,0.09265764801783297
5000,459,corrected,psi1,0.4595153586501928,0.09569166200728778
5000,460,naive,psi0,-0.25699004852031165,0.08088863251080114
5000,460,naive,psi1,-0.03740878688475557,0.08612240951445059
5000,460,corrected,psi0,0.999656979374866,0.0944664516282268
5000,460,corrected,psi1,0.4856853573028019,0.10068843747117875
5000,461,naive,psi0,-0.318842778575838,0.07904416926244234
5000,461,naive,psi1,0.00840118637554901,0.0823951191535116
5000,461,corrected,psi0,0.9618576185971017,0.0920698165245515
5000,461,corrected,psi1,0.4779742774792213,0.09683761379963166
5000,462,naive,psi0,-0.26111627988515806,0.08033122642462744
5000,462,naive,psi1,0.010910953550159141,0.08507180254674893
5000,462,corrected,psi0,1.0125907386222013,0.09355560916710125
5000,462,corrected,psi1,0.5013587681982783,0.09763929333305613
5000,463,naive,psi0,-0.4413275558459868,0.08107317809215818
5000,463,naive,psi1,-0.2397566440973285,0.09016168034379288
5000,463,corrected,psi0,0.7925935155061375,0.09365509874143542
5000,463,corrected,psi1,0.2585459004066861,0.10326856772976423
5000,464,naive,psi0,-0.10993750950452011,0.0810047684353703
5000,464,naive,psi1,-0.04225390595959866,0.08606598447094278
5000,464,corrected,psi0,1.202628998980231,0.09406142651147016
5000,464,corrected,psi1,0.4687268615861993,0.10004549991083728
5000,465,naive,psi0,-0.1293933195483081,0.08337785972515595
5000,465,naive,psi1,-0.05902013487981933,0.08738549763444012
5000,465,corrected,psi0,1.154391694987975,0.09680125120873533
5000,465,corrected,psi1,0.42203073004893804,0.10090523331977548
5000,466,naive,psi0,-0.36514036547148343,0.07963822551905521
5000,466,naive,psi1,0.12309065121584752,0.08492712469350577
5000,466,corrected,psi0,0.9119163926800963,0.09215170530413795
5000,466,corrected,psi1,0.6130887716279511,0.09881777186188309
5000,467,naive,psi0,-0.3492605145109108,0.07961369906938354
5000,467,naive,psi1,-0.051025542291872214,0.08252608088687013
5000,467,corrected,psi0,0.9435544519874709,0.09323351889501495
5000,467,corrected,psi1,0.4582395420566075,0.09619689821105468
5000,468,naive,psi0,-0.275027167112918,0.07933484174755205
5000,468,naive,psi1,0.10098368732423928,0.08067599464837537
5000,468,corrected,psi0,1.0054992607320394,0.09287788568671114
5000,468,corrected,psi1,0.6118210548674563,0.09557813411881513
5000,469,naive,psi0,-0.2369556987855094,0.08061075834142192
5000,469,naive,psi1,-0.022634625206118985,0.084960028465444
5000,469,corrected,psi0,1.0818880564241904,0.0936430413640887
5000,469,corrected,psi1,0.49462325452614203,0.09911218338002316
5000,470,naive,psi0,-0.1751362136776665,0.0819325780026465
5000,470,naive,psi1,-0.12929240035633,0.08791295985600377
5000,470,corrected,psi0,1.1112858655438038,0.09518463101839349
5000,470,corrected,psi1,0.3741456956890451,0.10375325405333177
5000,471,naive,psi0,-0.3046986366981435,0.08230548971348253
5000,471,naive,psi1,0.07759462639980011,0.08490475089095552
5000,471,corrected,psi0,0.9617900151835854,0.09541760133122054
5000,471,corrected,psi1,0.5890830503127381,0.0979132699755907
5000,472,naive,psi0,-0.18060075449985308,0.0817034278555454
5000,472,naive,psi1,0.08622883688493367,0.0837293936846594
5000,472,corrected,psi0,1.1091463428407728,0.09488059668798125
5000,472,corrected,psi1,0.6280775301392157,0.0977122984096616
5000,473,naive,psi0,-0.48318820060301815,0.0807250248478861
5000,473,naive,psi1,0.0496123316394127,0.08684478144418639
5000,473,corrected,psi0,0.7623013366388152,0.09349477507229502
5000,473,corrected,psi1,0.5403453412113686,0.10075058071256518
5000,474,naive,psi0,-0.3841750208044147,0.08082707195195978
5000,474,naive,psi1,-0.1285518281782946,0.08454516515316858
5000,474,corrected,psi0,0.8759417427512994,0.09435721319433328
5000,474,corrected,psi1,0.38981073398398575,0.09879470136164241
5000,475,naive,psi0,-0.3733140516612,0.08067404017857664
5000,475,naive,psi1,0.04368367417475007,0.0851288442753839
5000,475,corrected,psi0,0.82956402585528,0.09453151096116966
5000,475,corrected,psi1,0.5781269788066193,0.09930706354350571
5000,476,naive,psi0,-0.2204475063155016,0.07876170525773037
5000,476,naive,psi1,-0.0856670620291111,0.08499879784414535
5000,476,corrected,psi0,1.0641091504659974,0.09230649611614637
5000,476,corrected,psi1,0.4063910600668232,0.09870574547415364
5000,477,naive,psi0,-0.21624131468321475,0.08151668105093153
5000,477,naive,psi1,0.0032512951463751286,0.08640706878177992
5000,477,corrected,psi0,1.0710706192023784,0.0945469740016494
5000,477,corrected,psi1,0.4961318639012804,0.09989039054090933
5000,478,naive,psi0,-0.21909345375551598,0.0809805843050819
5000,478,naive,psi1,0.10022718600315705,0.0866825829744594
5000,478,corrected,psi0,1.0646581676236064,0.0943855116832857
5000,478,corrected,psi1,0.6395542604900397,0.10135294812524745
5000,479,naive,psi0,-0.2212054034911174,0.07924699266340302
5000,479,naive,psi1,-0.014852698218691871,0.0812304420727143
5000,479,corrected,psi0,1.047872812158197,0.09158084823768342
5000,479,corrected,psi1,0.4886681825758242,0.09345673162776566
5000,480,naive,psi0,-0.2661733220149395,0.08106601329465246
5000,480,naive,psi1,0.014597893820990275,0.08661994477550543
5000,480,corrected,psi0,1.0216559530310712,0.09456970136933598
5000,480,corrected,psi1,0.5216990787073079,0.1004158939293692
5000,481,naive,psi0,-0.11770655479533426,0.0826202491114732
5000,481,naive,psi1,0.008311856740657445,0.08785273244877566
5000,481,corrected,psi0,1.1719032574758488,0.09549091925967018
5000,481,corrected,psi1,0.5257648391846039,0.10241521970855623
5000,482,naive,psi0,-0.24279909707231634,0.08168615286540677
5000,482,naive,psi1,0.09917167479892529,0.09026406430620243
5000,482,corrected,psi0,1.010193558974293,0.09474968573263907
5000,482,corrected,psi1,0.5990541218075064,0.1053639332956258
5000,483,naive,psi0,-0.2411712538830672,0.08397187345548626
5000,483,naive,psi1,0.012398356459399504,0.09089515062717962
5000,483,corrected,psi0,1.0392012523457437,0.09845497462740722
5000,483,corrected,psi1,0.5417280618653374,0.10438426611820838
5000,484,naive,psi0,-0.0637720000906441,0.07982111946441973
5000,484,naive,psi1,0.048343614318761254,0.08591102177533612
5000,484,corrected,psi0,1.2125264062449552,0.09312348077305854
5000,484,corrected,psi1,0.5114061963940137,0.09999138032819045
5000,485,naive,psi0,-0.19713703622374484,0.07962506353618877
5000,485,naive,psi1,0.0859772098036801,0.08631620038454821
5000,485,corrected,psi0,1.100447424804143,0.09248536637507333
5000,485,corrected,psi1,0.6342244626713208,0.10007364079488835
5000,486,naive,psi0,-0.2819051693887777,0.0795819552036185
5000,486,naive,psi1,0.027358919845497716,0.0891878211396844
5000,486,corrected,psi0,0.9951217186755944,0.09263620988331489
5000,486,corrected,psi1,0.5051883047922882,0.10357605320429514
5000,487,naive,psi0,-0.09940063944651309,0.08137802832952842
5000,487,naive,psi1,0.003340090575651643,0.08826842850669496
5000,487,corrected,psi0,1.2047943889165988,0.09490307225009051
5000,487,corrected,psi1,0.5272295222568956,0.10293793699761915
5000,488,naive,psi0,-0.30717084216333185,0.08054306965031124
5000,488,naive,psi1,-0.02937379965254001,0.08693198817716347
5000,488,corrected,psi0,0.9729790238446585,0.09367922391281787
5000,488,corrected,psi1,0.4710380669063659,0.1010640550982753
5000,489,naive,psi0,-0.2504634573295481,0.08004940936240927
5000,489,naive,psi1,0.07813602149340086,0.07929005774811518
5000,489,corrected,psi0,1.033422517503852,0.09297664052717781
5000,489,corrected,psi1,0.5998644774455443,0.09151977784184576
5000,490,naive,psi0,0.06678621261160018,0.081346793238229
5000,490,naive,psi1,-0.1557868029821046,0.08552385301399122
5000,490,corrected,psi0,1.3896023266280249,0.09402369937683205
5000,490,corrected,psi1,0.3664360592653922,0.09827527712324441
5000,491,naive,psi0,-0.3391813833576081,0.08150961809872806
5000,491,naive,psi1,0.06618643338662086,0.08484008848894518
5000,491,corrected,psi0,0.9118821042691704,0.09510468406308412
5000,491,corrected,psi1,0.5905312816733614,0.09963392019143123
5000,492,naive,psi0,-0.4504634877214466,0.08096241282653514
5000,492,naive,psi1,0.020084854969909697,0.08675203672649266
5000,492,corrected,psi0,0.8147887431918968,0.09409391264537205
5000,492,corrected,psi1,0.513983523868261,0.10043579162524653
5000,493,naive,psi0,-0.20514984083629156,0.08040470034206632
5000,493,naive,psi1,-0.07204461882251052,0.08461044700589972
5000,493,corrected,psi0,1.0719745880882972,0.09306912858117573
5000,493,corrected,psi1,0.41824574055834646,0.09807323163838762
5000,494,naive,psi0,-0.22344384885310933,0.082125857659581
5000,494,naive,psi1,0.028341931179902018,0.09001791792021993
5000,494,corrected,psi0,1.0754962484238983,0.09545782646047683
5000,494,corrected,psi1,0.550724701924619,0.10609016753002883
5000,495,naive,psi0,-0.28307772822032035,0.08152272809577413
5000,495,naive,psi1,-0.11964002355727808,0.08861417537492224
5000,495,corrected,psi0,0.9707378008309845,0.09506073090353799
5000,495,corrected,psi1,0.35742649439079216,0.10391334607553233
5000,496,naive,psi0,-0.29252578962285913,0.0826099452603035
5000,496,naive,psi1,-0.08508797898274996,0.08697335266124925
5000,496,corrected,psi0,0.9865486869292314,0.0966161904110939
5000,496,corrected,psi1,0.38984311467520205,0.10178880991970021
5000,497,naive,psi0,-0.34549983276142743,0.07798453854927619
5000,497,naive,psi1,-0.03996228750223595,0.08114461710097486
5000,497,corrected,psi0,0.9001126199482253,0.09107202310081552
5000,497,corrected,psi1,0.4396141059268817,0.09477338830682012
5000,498,naive,psi0,-0.3992129751647123,0.08144830977225122
5000,498,naive,psi1,-0.09454890465712289,0.09255022050406543
5000,498,corrected,psi0,0.882708271196294,0.09444988650295282
5000,498,corrected,psi1,0.3545535574806223,0.10681117191939687
5000,499,naive,psi0,-0.3313578796094128,0.0850245673285612
5000,499,naive,psi1,-0.008846977732954661,0.09007895157054205
5000,499,corrected,psi0,0.9783057443899886,0.09937350032526604
5000,499,corrected,psi1,0.4654276173844131,0.1052829757554624
5000,500,naive,psi0,-0.28496349713811653,0.08232340117967714
5000,500,naive,psi1,0.21433431564491712,0.08912855573665363
5000,500,corrected,psi0,0.971631541197518,0.09598521080522536
5000,500,corrected,psi1,0.7782885720770094,0.10356597364888115
5000,501,naive,psi0,-0.3239678940315136,0.08043979032506511
5000,501,naive,psi1,0.08474351246498278,0.08368852568280331
5000,501,corrected,psi0,0.9432051388893207,0.0943249088924475
5000,501,corrected,psi1,0.5934216748862339,0.09883846439078917
5000,502,naive,psi0,-0.23765655113420392,0.0791070549002039
5000,502,naive,psi1,0.0065747558304214285,0.08118952451596635
5000,502,corrected,psi0,1.019304524123969,0.09186909219118654
5000,502,corrected,psi1,0.5214006135367596,0.09423365080502627
5000,503,naive,psi0,-0.36385562174025127,0.08043757776971963
5000,503,naive,psi1,-0.029527625786486395,0.09021002861108293
5000,503,corrected,psi0,0.8703598947719686,0.09338335036184146
5000,503,corrected,psi1,0.4643482223383098,0.10488358546477748
5000,504,naive,psi0,-0.26137732230377553,0.08051524707996836
5000,504,naive,psi1,0.007361338450614169,0.08693843366343044
5000,504,corrected,psi0,0.9852900413376393,0.09362600169417704
5000,504,corrected,psi1,0.4751599203793298,0.10122600166219349
5000,505,naive,psi0,-0.3413178979104937,0.0803523343458252
5000,505,naive,psi1,-0.023783200195127484,0.08309719619055568
5000,505,corrected,psi0,0.8997399075965277,0.09276345807140746
5000,505,corrected,psi1,0.4694219502697394,0.09544018323934367
5000,506,naive,psi0,-0.3915659969859814,0.08007142011239725
5000,506,naive,psi1,-0.10915920520222631,0.0859097054633923
5000,506,corrected,psi0,0.8286706758520221,0.09312218354593868
5000,506,corrected,psi1,0.35742835348472984,0.10046799980410398
5000,507,naive,psi0,-0.19780027433193675,0.08170579410935844
5000,507,naive,psi1,0.0017603900542324325,0.08565896390189724
5000,507,corrected,psi0,1.0772984507532397,0.0948210123627199
5000,507,corrected,psi1,0.49960481026893416,0.100069924174912
5000,508,naive,psi0,-0.19856372354810578,0.0805887859880628
5000,508,naive,psi1,-0.08398802916797077,0.08691509039735808
5000,508,corrected,psi0,1.0690044331727333,0.09389667860811701
5000,508,corrected,psi1,0.4060091339062571,0.10046863093898702
5000,509,naive,psi0,-0.14223287249243738,0.08147455453787897
5000,509,naive,psi1,-0.06657285499170865,0.08558794109188557
5000,509,corrected,psi0,1.1393367099841087,0.09406228484321469
5000,509,corrected,psi1,0.4252505135642826,0.09944371410098589
5000,510,naive,psi0,-0.2589224173122357,0.08238220972945569
5000,510,naive,psi1,-0.0715888776559519,0.09310271500711671
5000,510,corrected,psi0,1.0223971135257592,0.09600827772039988
5000,510,corrected,psi1,0.4558813826783063,0.10866351265549178
5000,511,naive,psi0,-0.26484738033950583,0.08152190806981074
5000,511,naive,psi1,0.13171831727471703,0.08453367869854045
5000,511,corrected,psi0,1.0108397630380639,0.09509761251114178
5000,511,corrected,psi1,0.6826090617802882,0.0988597144931528
5000,512,naive,psi0,-0.29387359800416496,0.07880687929540052
5000,512,naive,psi1,-0.012843476717016737,0.0824203352729396
5000,512,corrected,psi0,0.9481040312031207,0.09207591970390853
5000,512,corrected,psi1,0.4621809679658202,0.09546921466112478
5000,513,naive,psi0,-0.2364295773741498,0.0792922761588737
5000,513,naive,psi1,-0.004377725688374695,0.0826559464534946
5000,513,corrected,psi0,1.0229423994376112,0.09195359406237313
5000,513,corrected,psi1,0.4592030890802213,0.09531073755057816
5000,514,naive,psi0,-0.23293044796039417,0.08133645648907949
5000,514,naive,psi1,0.07459705570912185,0.0836147269513979
5000,514,corrected,psi0,1.0515026371647378,0.09524768274355291
5000,514,corrected,psi1,0.5787470141153853,0.09883999397603938
5000,515,naive,psi0,-0.3113829937169083,0.0802060772772422
5000,515,naive,psi1,-0.008206953780010868,0.0808994070268873
5000,515,corrected,psi0,0.9964647561309975,0.09306019243616757
5000,515,corrected,psi1,0.49762645973506076,0.09422674799207809
5000,516,naive,psi0,-0.3044780826324265,0.07944697998199886
5000,516,naive,psi1,-0.03360976118814242,0.08799251801622672
5000,516,corrected,psi0,0.9704636190243531,0.09210974953647194
5000,516,corrected,psi1,0.4424917651035136,0.10315355493497413
5000,517,naive,psi0,-0.3142896380710541,0.07849267259851934
5000,517,naive,psi1,-0.10624425696833552,0.08378359286983565
5000,517,corrected,psi0,0.9527714949631803,0.09117172009678534
5000,517,corrected,psi1,0.3753912764857549,0.09683996275741057
5000,518,naive,psi0,-0.19507741093418296,0.08089077417421285
5000,518,naive,psi1,0.150715340401476,0.08331965770914122
5000,518,corrected,psi0,1.1011897975668463,0.09449214989968692
5000,518,corrected,psi1,0.6457858411724978,0.09823292342357726
5000,519,naive,psi0,-0.26737141380749496,0.07877152910108579
5000,519,naive,psi1,-0.04660256707289131,0.08203667922214498
5000,519,corrected,psi0,1.0103512987082104,0.09195397736493688
5000,519,corrected,psi1,0.45439414282384527,0.09653982944415034
5000,520,naive,psi0,-0.26055962367420776,0.08108459178510463
5000,520,naive,psi1,-0.0006964032563732727,0.08678836909812243
5000,520,corrected,psi0,1.0011354725416928,0.09480142655066755
5000,520,corrected,psi1,0.4956455059357249,0.10155150364410429
5000,521,naive,psi0,-0.4119164060608,0.08240383851610428
5000,521,naive,psi1,0.006945952352777265,0.08518856852721934
5000,521,corrected,psi0,0.8531164784156412,0.09539726392750977
5000,521,corrected,psi1,0.5159759223695616,0.09977048102684562
5000,522,naive,psi0,-0.30539358109180115,0.08007702862371775
5000,522,naive,psi1,-0.09984136459145207,0.08337352797600427
5000,522,corrected,psi0,0.9501481589855042,0.09362393823035
5000,522,corrected,psi1,0.40925571555108314,0.09804663564140081
5000,523,naive,psi0,-0.26811197174659485,0.0800175860704336
5000,523,naive,psi1,0.011556283712021866,0.0843086306456132
5000,523,corrected,psi0,1.009356201367931,0.09269958422691503
5000,523,corrected,psi1,0.51103865589063,0.09748301308661646
5000,524,naive,psi0,-0.27168164600219696,0.08083644936344793
5000,524,naive,psi1,0.01921031688050007,0.08508437792742704
5000,524,corrected,psi0,1.0069368944632098,0.09349306102656718
5000,524,corrected,psi1,0.48538802324011077,0.09836839596308938
5000,525,naive,psi0,-0.3726616085224063,0.08093550195568054
5000,525,naive,psi1,-0.0418162602886701,0.08756748569314915
5000,525,corrected,psi0,0.8662446187494137,0.09467697820409345
5000,525,corrected,psi1,0.41646807964842486,0.10257035845455122
5000,526,naive,psi0,-0.23712951055599732,0.07876416876788339
5000,526,naive,psi1,-0.018047200805453308,0.08561524471621701
5000,526,corrected,psi0,1.0687464805712787,0.09187227449741597
5000,526,corrected,psi1,0.4961239831743055,0.09944440791350223
5000,527,naive,psi0,-0.3631550916073498,0.082977741766828
5000,527,naive,psi1,-0.15682550373669207,0.08876706609398588
5000,527,corrected,psi0,0.9101362373514755,0.0962382836123933
5000,527,corrected,psi1,0.307904150154155,0.10320695367542469
5000,528,naive,psi0,-0.19773352439924596,0.0786166383087701
5000,528,naive,psi1,-0.065256671611119,0.08555621733071384
5000,528,corrected,psi0,1.0961137000935068,0.09156446488890492
5000,528,corrected,psi1,0.38940351808758666,0.0996542806860228
5000,529,naive,psi0,-0.3185436898895767,0.08239330173610332
5000,529,naive,psi1,-0.004714105669207856,0.0868454728344159
5000,529,corrected,psi0,0.9435446965023542,0.09648517770643847
5000,529,corrected,psi1,0.4999543527696824,0.1027956870704245
5000,530,naive,psi0,-0.3053552680725891,0.08069467170540057
5000,530,naive,psi1,-0.05456525273521128,0.09067296078514712
5000,530,corrected,psi0,0.9886750483448289,0.0933768636072689
5000,530,corrected,psi1,0.44531922429863646,0.10414996997382998
5000,531,naive,psi0,-0.2888774625239624,0.08187395236909588
5000,531,naive,psi1,0.10638659278245452,0.08592400357029732
5000,531,corrected,psi0,0.9749978334521741,0.095170298749472
5000,531,corrected,psi1,0.624386883417929,0.10059097446183556
5000,532,naive,psi0,-0.36733828464926155,0.08313485205972732
5000,532,naive,psi1,0.1369040053317406,0.08717902299185683
5000,532,corrected,psi0,0.8873415441606977,0.09704194055455351
5000,532,corrected,psi1,0.6704160246773679,0.10133244165394666
5000,533,naive,psi0,-0.33750726000010983,0.08091995866275842
5000,533,naive,psi1,-0.0008023373199291924,0.08631255601111888
5000,533,corrected,psi0,0.9364747176089534,0.09446464946752413
5000,533,corrected,psi1,0.5286122262712071,0.10133332052126731
5000,534,naive,psi0,-0.4054188355196153,0.08047522175080492
5000,534,naive,psi1,-0.051494676720540374,0.08345982535824241
5000,534,corrected,psi0,0.8693317598466722,0.09282471017844778
5000,534,corrected,psi1,0.4250106996341932,0.09689165834727094
5000,535,naive,psi0,-0.23699237988510907,0.07971440463455107
5000,535,naive,psi1,-0.0754565055159216,0.08703354448671528
5000,535,corrected,psi0,1.0529685277098007,0.09226840126032654
5000,535,corrected,psi1,0.4010602466270097,0.10173160975042575
5000,536,naive,psi0,-0.308984171434328,0.07821779082209183
5000,536,naive,psi1,0.01533357915076434,0.08492270011217312
5000,536,corrected,psi0,0.9599578258383975,0.09146275711833234
5000,536,corrected,psi1,0.5147131153994443,0.09881287917014368
5000,537,naive,psi0,-0.27234357671162596,0.08069614562189867
5000,537,naive,psi1,0.16429766293197873,0.0841717703852167
5000,537,corrected,psi0,0.9770287876707112,0.09382622288629314
5000,537,corrected,psi1,0.7183643320787528,0.09813167663600036
5000,538,naive,psi0,-0.16658777522891735,0.08052878927485824
5000,538,naive,psi1,-0.06106130362150195,0.08742820715960466
5000,538,corrected,psi0,1.1139701249705043,0.09328183016628884
5000,538,corrected,psi1,0.44512210606103275,0.0999926283073576
5000,539,naive,psi0,-0.288911174244361,0.08332346255767828
5000,539,naive,psi1,-0.22774405092935607,0.08791547454286269
5000,539,corrected,psi0,0.9884197372041922,0.09685924844076482
5000,539,corrected,psi1,0.24151805352877345,0.10194221538489867
5000,540,naive,psi0,-0.2182669026534846,0.07922437338386981
5000,540,naive,psi1,-0.10049198780608976,0.08209607028342451
5000,540,corrected,psi0,1.0618550077522562,0.09199545571018232
5000,540,corrected,psi1,0.3705107641171834,0.09566791636133085
5000,541,naive,psi0,-0.2867182532457376,0.08074958708749605
5000,541,naive,psi1,-0.016327518717775852,0.08540156316628464
5000,541,corrected,psi0,0.996398674345167,0.09418214151731659
5000,541,corrected,psi1,0.4917469540892463,0.0998972080338001
5000,542,naive,psi0,-0.25555987282996573,0.08110368802992386
5000,542,naive,psi1,-0.06758075077380557,0.08680178179564149
5000,542,corrected,psi0,1.0599778934535615,0.09474027539640154
5000,542,corrected,psi1,0.43648632194281395,0.1019144481603434
5000,543,naive,psi0,-0.14453344307732102,0.08066624571197453
5000,543,naive,psi1,-0.09932966874498504,0.08667259788500031
5000,543,corrected,psi0,1.1722317226460206,0.09408112000925732
5000,543,corrected,psi1,0.365248724056622,0.10267639540755874
5000,544,naive,psi0,-0.179122437523967,0.08247598864884333
5000,544,naive,psi1,0.026283237152387513,0.08646268407512854
5000,544,corrected,psi0,1.1081291132079418,0.09622447614593502
5000,544,corrected,psi1,0.5077275351705204,0.10085020617248695
5000,545,naive,psi0,-0.28627101147228345,0.07861982054081455
5000,545,naive,psi1,-0.018864263079122933,0.08246404398709173
5000,545,corrected,psi0,0.9605708016489601,0.09199564690914586
5000,545,corrected,psi1,0.5020721025719307,0.09623545060069562
5000,546,naive,psi0,-0.22938795609853163,0.0825913827895562
5000,546,naive,psi1,-0.20145110528183507,0.08912509742171314
5000,546,corrected,psi0,1.0539843529973256,0.09555593283144775
5000,546,corrected,psi1,0.2792950679994937,0.10316496664935992
5000,547,naive,psi0,-0.31997060911205544,0.08053353781405664
5000,547,naive,psi1,0.05227122384545874,0.08472420773719964
5000,547,corrected,psi0,0.9145336913982991,0.09395633806007121
5000,547,corrected,psi1,0.5684682494972763,0.0988514028322151
5000,548,naive,psi0,-0.48825301997307713,0.08069676129065073
5000,548,naive,psi1,-0.11153168635316134,0.0869140244112358
5000,548,corrected,psi0,0.7430758438747308,0.09399583670054187
5000,548,corrected,psi1,0.3618840824282654,0.10070007696218329
5000,549,naive,psi0,-0.2383707132183804,0.08160922726606458
5000,549,naive,psi1,0.05075297210415775,0.08651243240886622
5000,549,corrected,psi0,1.0370260028966323,0.09464850545102756
5000,549,corrected,psi1,0.5247095872697206,0.09963025146177625
5000,550,naive,psi0,-0.1602343016019896,0.07913200253758255
5000,550,naive,psi1,0.03307147551379439,0.08129773139113236
5000,550,corrected,psi0,1.120710705017327,0.09165433643277766
5000,550,corrected,psi1,0.5286190518912489,0.09517443168527234
5000,551,naive,psi0,-0.4372536996554678,0.07904327938248988
5000,551,naive,psi1,-0.10444338366646189,0.0840392239107843
5000,551,corrected,psi0,0.7973501431639807,0.09242244733008409
5000,551,corrected,psi1,0.36473165647318534,0.09808393901802524
5000,552,naive,psi0,-0.32379404403255985,0.08322459035417362
5000,552,naive,psi1,0.04862392216765305,0.0905278781342032
5000,552,corrected,psi0,0.9302615730667151,0.09680138788586302
5000,552,corrected,psi1,0.5736879304421434,0.1042198778301599
5000,553,naive,psi0,-0.3939249358797241,0.08244417631962737
5000,553,naive,psi1,-0.0518726781846452,0.0869900400780515
5000,553,corrected,psi0,0.8747774192943316,0.09552501520136317
5000,553,corrected,psi1,0.42596393672931493,0.10000258034785124
5000,554,naive,psi0,-0.31363353194191335,0.07855175114083665
5000,554,naive,psi1,0.005023768335424667,0.08419176133763975
5000,554,corrected,psi0,0.963098854414598,0.09166547863437952
5000,554,corrected,psi1,0.492249389318433,0.0993898551106728
5000,555,naive,psi0,-0.3151063348145102,0.079695338803395
5000,555,naive,psi1,-0.03348477298566805,0.08662794246242184
5000,555,corrected,psi0,0.9499509938118843,0.09238945360209816
5000,555,corrected,psi1,0.43562137638257825,0.09877862403329003
5000,556,naive,psi0,-0.11822118500846897,0.08278230092469492
5000,556,naive,psi1,0.18726528916219654,0.08583290122184029
5000,556,corrected,psi0,1.2149979729532092,0.0963860776368178
5000,556,corrected,psi1,0.7475165925237572,0.09893746662124918
5000,557,naive,psi0,-0.3079399130636762,0.08078495355888128
5000,557,naive,psi1,-0.013793665646602083,0.0891209988321718
5000,557,corrected,psi0,0.981729065353288,0.09386637358160652
5000,557,corrected,psi1,0.4655241731163772,0.10257391194115402
5000,558,naive,psi0,-0.253441936687957,0.07988445014982973
5000,558,naive,psi1,-0.042675675219865566,0.08512147332877916
5000,558,corrected,psi0,0.9811688729132674,0.09303704445713433
5000,558,corrected,psi1,0.45550811590518603,0.09736704580423423
5000,559,naive,psi0,-0.13374032918744724,0.08185553643814056
5000,559,naive,psi1,-0.003027798929758388,0.08045667578228494
5000,559,corrected,psi0,1.1541627673439423,0.09492270103213724
5000,559,corrected,psi1,0.47452633046539144,0.09415331737566322
5000,560,naive,psi0,-0.2852842922584573,0.07926606534605168
5000,560,naive,psi1,0.021872590841199996,0.07942345782713305
5000,560,corrected,psi0,1.0294174291347926,0.09277019684395091
5000,560,corrected,psi1,0.5059430659148659,0.09257722081782344
5000,561,naive,psi0,-0.29568106062838795,0.08071211246371131
5000,561,naive,psi1,-0.13018793841032236,0.08608406226265275
5000,561,corrected,psi0,0.9797599982838633,0.09458712511761541
5000,561,corrected,psi1,0.3288032965695067,0.10144937383751523
5000,562,naive,psi0,-0.28976904088780453,0.08253011402796581
5000,562,naive,psi1,-0.009784351984063537,0.0853241055316506
5000,562,corrected,psi0,0.9595066234446904,0.09679537468292697
5000,562,corrected,psi1,0.5051608835360883,0.10038079271097376
5000,563,naive,psi0,-0.39628920324333333,0.08243729188083875
5000,563,naive,psi1,-0.14495921114181992,0.08463294075958229
5000,563,corrected,psi0,0.8687702988850664,0.09596973017703897
5000,563,corrected,psi1,0.299909707934867,0.0985163509176906
5000,564,naive,psi0,-0.3495941908812454,0.08002103612131203
5000,564,naive,psi1,0.03681437992628819,0.08139341334918808
5000,564,corrected,psi0,0.9156277679255914,0.09303449166698742
5000,564,corrected,psi1,0.5080509386280035,0.09650334877606036
5000,565,naive,psi0,-0.3388288719955421,0.08120605072248405
5000,565,naive,psi1,0.030402660453773114,0.08993619306822771
5000,565,corrected,psi0,0.8998903855856216,0.09463202176625604
5000,565,corrected,psi1,0.5276105780439339,0.1041744350836865
5000,566,naive,psi0,-0.30371102373962366,0.07648803561439776
5000,566,naive,psi1,-0.008777042486057466,0.07760372035043282
5000,566,corrected,psi0,0.9574438720718439,0.08906862741278872
5000,566,corrected,psi1,0.49376665238176104,0.08978648649259618
5000,567,naive,psi0,-0.2860283263950728,0.07952360833705907
5000,567,naive,psi1,-0.04428305401029179,0.08086191789008237
5000,567,corrected,psi0,1.013457450534971,0.09204341174459788
5000,567,corrected,psi1,0.4270944559358598,0.09345915316884061
5000,568,naive,psi0,-0.20595651318486094,0.08312996029856048
5000,568,naive,psi1,0.03050601350673034,0.08400715157285016
5000,568,corrected,psi0,1.0726375507501835,0.097188122773858
5000,568,corrected,psi1,0.5410909815666589,0.09984184364147597
5000,569,naive,psi0,-0.20421676289025997,0.07735887882946849
5000,569,naive,psi1,-0.0008375034495440448,0.08707612677359809
5000,569,corrected,psi0,1.0800325231325998,0.08971656440449537
5000,569,corrected,psi1,0.4887193926329762,0.10085128786657287
5000,570,naive,psi0,-0.23354505804048506,0.07978735031901411
5000,570,naive,psi1,0.013908035200073322,0.08656287741699031
5000,570,corrected,psi0,1.0225236912870876,0.09302140865181283
5000,570,corrected,psi1,0.4944334591082136,0.10071492052739463
5000,571,naive,psi0,-0.1918454482631584,0.08171172168734346
5000,571,naive,psi1,-0.14136227454498085,0.08379790003062845
5000,571,corrected,psi0,1.1311291358316582,0.09531219057894309
5000,571,corrected,psi1,0.32993305051840716,0.0970563215547793
5000,572,naive,psi0,-0.19093003851315868,0.07960954376623511
5000,572,naive,psi1,-0.0075196438999998,0.08598719827902311
5000,572,corrected,psi0,1.08655601316372,0.09278508327366006
5000,572,corrected,psi1,0.4966758549752971,0.09994061377454973
5000,573,naive,psi0,-0.27142793046114055,0.07915859400054216
5000,573,naive,psi1,0.0015829193409737084,0.08315227515976854
5000,573,corrected,psi0,0.979054830421711,0.09188102706438343
5000,573,corrected,psi1,0.5133222055396959,0.0980418522184636
5000,574,naive,psi0,-0.23124478907298515,0.07800051707264699
5000,574,naive,psi1,-0.09242275607496803,0.08387487128338368
5000,574,corrected,psi0,1.0666166889904636,0.0907654606097236
5000,574,corrected,psi1,0.4100656930031908,0.09792183337685222
5000,575,naive,psi0,-0.40139854927396074,0.07756206337993624
5000,575,naive,psi1,0.09223809138315431,0.08292041966165162
5000,575,corrected,psi0,0.8397614713963613,0.09072006438294541
5000,575,corrected,psi1,0.619277616723471,0.09686872589999876
5000,576,naive,psi0,-0.30361568259949445,0.08181662796423045
5000,576,naive,psi1,0.06147758159431591,0.08437967906772556
5000,576,corrected,psi0,0.9588968000793275,0.09475131173063775
5000,576,corrected,psi1,0.5343181350325463,0.0971662638716283
5000,577,naive,psi0,-0.237042263489242,0.08029018833757677
5000,577,naive,psi1,0.12586191624643348,0.0820601983948667
5000,577,corrected,psi0,1.0594029177027104,0.09290828667744898
5000,577,corrected,psi1,0.6188339174691733,0.09492237442148381
5000,578,naive,psi0,-0.3869397290717132,0.07743765876768063
5000,578,naive,psi1,-0.025345038372772865,0.08208463403773082
5000,578,corrected,psi0,0.847960653431002,0.0897126730333115
5000,578,corrected,psi1,0.45586191828310685,0.09434200787064541
5000,579,naive,psi0,-0.25419905390250436,0.08273405020528699
5000,579,naive,psi1,0.038821681829377924,0.08868021822219774
5000,579,corrected,psi0,0.9983384174628082,0.09590531181447788
5000,579,corrected,psi1,0.5402883968974894,0.10273116937971588
5000,580,naive,psi0,-0.30378934776917244,0.0783718673533732
5000,580,naive,psi1,-0.024490528676612403,0.08451436584350773
5000,580,corrected,psi0,0.959705470741205,0.09192938574176503
5000,580,corrected,psi1,0.4894617513677533,0.09939728096455429
5000,581,naive,psi0,-0.3590209156349074,0.07969395667725912
5000,581,naive,psi1,0.06926586916208353,0.0846790941841675
5000,581,corrected,psi0,0.899926270935022,0.0925594791944389
5000,581,corrected,psi1,0.6072476945845116,0.0978033729923793
5000,582,naive,psi0,-0.32454974052497276,0.08060838265421741
5000,582,naive,psi1,-0.06176273033154557,0.08536334267293838
5000,582,corrected,psi0,0.9472293125892453,0.09397421967008311
5000,582,corrected,psi1,0.43131093291006883,0.09947536142325064
5000,583,naive,psi0,-0.1625549863847651,0.07979687966163018
5000,583,naive,psi1,-0.14183377997794738,0.0867537264611218
5000,583,corrected,psi0,1.1657921108536549,0.09318592095080384
5000,583,corrected,psi1,0.32528348778156946,0.10135040251979155
5000,584,naive,psi0,-0.20553371117789707,0.08234764461142731
5000,584,naive,psi1,0.017178331395800196,0.08936596889704378
5000,584,corrected,psi0,1.0661222153904655,0.09632018553998294
5000,584,corrected,psi1,0.5578614577395425,0.10446683317468204
5000,585,naive,psi0,-0.3221847181617754,0.08215086425683651
5000,585,naive,psi1,0.01330113191007509,0.09103615918897963
5000,585,corrected,psi0,0.9201343329703581,0.09558542224446488
5000,585,corrected,psi1,0.5150578679241504,0.10537455082487444
5000,586,naive,psi0,-0.2998665062314763,0.08146063675504189
5000,586,naive,psi1,-0.19261896634364623,0.08542905310570388
5000,586,corrected,psi0,0.9878020089040425,0.09474652959628092
5000,586,corrected,psi1,0.27926063578980437,0.09892788809436436
5000,587,naive,psi0,-0.31917015631446344,0.07900644005684915
5000,587,naive,psi1,-0.19004580911736266,0.08702839138840776
5000,587,corrected,psi0,0.9684929634119493,0.09199304450263397
5000,587,corrected,psi1,0.29432304126096454,0.10115025508943418
5000,588,naive,psi0,-0.19929777610194757,0.07992508236139068
5000,588,naive,psi1,-0.0020203749390416462,0.08981217261685974
5000,588,corrected,psi0,1.096902956550431,0.09317839607392613
5000,588,corrected,psi1,0.48585170940613853,0.1038851647055996
5000,589,naive,psi0,-0.2655712183475568,0.08027268236460877
5000,589,naive,psi1,-0.1075698969877444,0.08700437350076176
5000,589,corrected,psi0,0.979629575610648,0.09386965290383223
5000,589,corrected,psi1,0.3674748549814131,0.10260070035987061
5000,590,naive,psi0,-0.26022429475550346,0.08064529852273983
5000,590,naive,psi1,-0.001884821161415554,0.08066594533585485
5000,590,corrected,psi0,1.0599028255211382,0.09425262570106582
5000,590,corrected,psi1,0.46715217471889076,0.09514118783227664
5000,591,naive,psi0,-0.4587102169806022,0.08045981321551658
5000,591,naive,psi1,0.059142803405059466,0.08938276072627142
5000,591,corrected,psi0,0.7829702593957442,0.09424539787416852
5000,591,corrected,psi1,0.5701124431242909,0.10553892670633473
5000,592,naive,psi0,-0.35564528810464124,0.07815626643142297
5000,592,naive,psi1,0.13048221815523953,0.0777172833215085
5000,592,corrected,psi0,0.9276449519999063,0.09090800581227576
5000,592,corrected,psi1,0.6315647433047126,0.08977046355232582
5000,593,naive,psi0,-0.27970343268448794,0.07950525059880875
5000,593,naive,psi1,0.10377818766203177,0.08459798581876941
5000,593,corrected,psi0,1.0286053142492155,0.09266705533576834
5000,593,corrected,psi1,0.6140267215246841,0.0982691046141743
5000,594,naive,psi0,-0.2872228703124267,0.07930636542999878
5000,594,naive,psi1,0.1017350628210327,0.08435778079080379
5000,594,corrected,psi0,1.0060212113965865,0.09266987147047369
5000,594,corrected,psi1,0.6402208058779788,0.09942774656567337
5000,595,naive,psi0,-0.14685980706846138,0.0791736826133026
5000,595,naive,psi1,-0.04397543359126919,0.08057432702807286
5000,595,corrected,psi0,1.1530319996031304,0.09268738410276882
5000,595,corrected,psi1,0.4448209630917758,0.09356508245821851
5000,596,naive,psi0,-0.22108006746270492,0.0798888638827855
5000,596,naive,psi1,0.04617235523276506,0.08795711380712279
5000,596,corrected,psi0,1.0552929646571723,0.09290908280693441
5000,596,corrected,psi1,0.5204390395173079,0.10176751556972957
5000,597,naive,psi0,-0.28370743765546963,0.07733231732224478
5000,597,naive,psi1,-0.14185513656479426,0.08095452706326949
5000,597,corrected,psi0,0.9915120928734156,0.08994647733684746
5000,597,corrected,psi1,0.35274140926505054,0.09346866532920478
5000,598,naive,psi0,-0.11933405338423272,0.08070413017460923
5000,598,naive,psi1,-0.026560250112290244,0.08195389147391721
5000,598,corrected,psi0,1.1658229853140267,0.09384804549065977
5000,598,corrected,psi1,0.4707043413236349,0.09453245104410744
5000,599,naive,psi0,-0.17037134676736584,0.08109060954279651
5000,599,naive,psi1,0.05101639957819383,0.08939584597708264
5000,599,corrected,psi0,1.1253530955204432,0.09385551530900936
5000,599,corrected,psi1,0.587453768707675,0.10308993105438455
5000,600,naive,psi0,-0.3027803783257941,0.0804282724037991
5000,600,naive,psi1,0.09815855109814614,0.08731910266446127
5000,600,corrected,psi0,0.9433066012282473,0.0938658192647043
5000,600,corrected,psi1,0.5970523275064592,0.10221372302949995
5000,601,naive,psi0,-0.29370265002682944,0.0797551978834721
5000,601,naive,psi1,0.011193351028570189,0.08574274730212893
5000,601,corrected,psi0,0.9447685247470251,0.093113396183741
5000,601,corrected,psi1,0.5082270929145974,0.09953884027806956
5000,602,naive,psi0,-0.2858527411421183,0.08038974364698193
5000,602,naive,psi1,-0.01012396424395617,0.08693814565107993
5000,602,corrected,psi0,1.0033160761386122,0.09376257630481503
5000,602,corrected,psi1,0.48752634523700583,0.10207089987813187
5000,603,naive,psi0,-0.39845536882440397,0.0798031176472048
5000,603,naive,psi1,0.19101968139667913,0.07974530957851418
5000,603,corrected,psi0,0.874977470757129,0.09320395958097065
5000,603,corrected,psi1,0.7117868399070648,0.0936536676606091
5000,604,naive,psi0,-0.28248836543804035,0.08111713017379268
5000,604,naive,psi1,0.0036141658714428293,0.0833130792966451
5000,604,corrected,psi0,1.042429063217557,0.09474265569481012
5000,604,corrected,psi1,0.49731820457784326,0.09673545671059691
5000,605,naive,psi0,-0.30578319973327794,0.08149871611792095
5000,605,naive,psi1,-0.12103234700956753,0.08235025990069109
5000,605,corrected,psi0,0.9795110657248077,0.09528460026938529
5000,605,corrected,psi1,0.3933211256179381,0.09575536374566893
5000,606,naive,psi0,-0.2198006360808941,0.07925679101231631
5000,606,naive,psi1,0.023287212370948447,0.08145012695350534
5000,606,corrected,psi0,1.0904797685579595,0.0918862799629215
5000,606,corrected,psi1,0.49083045025614214,0.09436686909770045
5000,607,naive,psi0,-0.29536461205299924,0.08036000638395674
5000,607,naive,psi1,0.07798806213887076,0.08711013010552626
5000,607,corrected,psi0,0.9981817222158608,0.09347950343443034
5000,607,corrected,psi1,0.5867947483380231,0.10074845760284726
5000,608,naive,psi0,-0.4335992368232103,0.08052310833420519
5000,608,naive,psi1,0.012022776397544952,0.08694833556664618
5000,608,corrected,psi0,0.7818270989434808,0.09356849614882996
5000,608,corrected,psi1,0.5158404650551578,0.10210648517167703
5000,609,naive,psi0,-0.379687034074144,0.07960214045597051
5000,609,naive,psi1,0.17734087248826483,0.088157444859589
5000,609,corrected,psi0,0.879868971001867,0.09298039070741239
5000,609,corrected,psi1,0.6904863310659753,0.10211162611620987
5000,610,naive,psi0,-0.18349577770699957,0.08113098552362609
5000,610,naive,psi1,-0.21659539778809764,0.08627866240846538
5000,610,corrected,psi0,1.1060629369693942,0.09462799039706915
5000,610,corrected,psi1,0.24078182560301448,0.1017550805281374
5000,611,naive,psi0,-0.3021368776675517,0.08247172995363167
5000,611,naive,psi1,0.10236264301249566,0.08583773870629803
5000,611,corrected,psi0,0.9588993113280625,0.09662534655727832
5000,611,corrected,psi1,0.6026232746724792,0.1019178461460174
5000,612,naive,psi0,-0.23527745247661955,0.07863311813050335
5000,612,naive,psi1,-0.02260222537680931,0.08171596957444188
5000,612,corrected,psi0,1.034463093705871,0.090911251382068
5000,612,corrected,psi1,0.4772257060481596,0.09429364036456768
5000,613,naive,psi0,-0.2820954796777369,0.07819121458831334
5000,613,naive,psi1,-0.1700684255533611,0.08182079676526224
5000,613,corrected,psi0,0.9756994139484783,0.0904630192540181
5000,613,corrected,psi1,0.33463173176278627,0.09525449158073498
5000,614,naive,psi0,-0.17159292666198347,0.0801557046816155
5000,614,naive,psi1,0.1796986235859069,0.08132034459469979
5000,614,corrected,psi0,1.1093685654498238,0.09351710267134841
5000,614,corrected,psi1,0.7311698349681736,0.09490395467643904
5000,615,naive,psi0,-0.2694939247554131,0.0789478117031099
5000,615,naive,psi1,-0.09832551402801659,0.08344506763000017
5000,615,corrected,psi0,1.0413226429899842,0.09144284347491982
5000,615,corrected,psi1,0.3304133785346761,0.09630906397191802
5000,616,naive,psi0,-0.2717650679790187,0.08187934442763721
5000,616,naive,psi1,-0.0959762770532489,0.08792174986001172
5000,616,corrected,psi0,0.9937948840332014,0.09477264194681115
5000,616,corrected,psi1,0.41956512884337077,0.10181141227527844
5000,617,naive,psi0,-0.3618212159521297,0.07871408157509704
5000,617,naive,psi1,0.02828103334941886,0.08659101139382369
5000,617,corrected,psi0,0.8959741167528131,0.09256296161947415
5000,617,corrected,psi1,0.5445444211648105,0.10182285575799173
5000,618,naive,psi0,-0.38732347764306285,0.07820884050367595
5000,618,naive,psi1,0.020650209409614154,0.0843912137313153
5000,618,corrected,psi0,0.8876376695311069,0.09121372531002608
5000,618,corrected,psi1,0.5236756902045552,0.09847674435585348
5000,619,naive,psi0,-0.32880143272189355,0.08152465597757744
5000,619,naive,psi1,-0.04354912935622406,0.08648281471168913
5000,619,corrected,psi0,0.9293022633418183,0.09490823834483066
5000,619,corrected,psi1,0.4547613038590136,0.09996542422150156
5000,620,naive,psi0,-0.18564559487784305,0.0787210669488279
5000,620,naive,psi1,0.13971873562505294,0.0899988059131949
5000,620,corrected,psi0,1.1080639245269492,0.0916350929800396
5000,620,corrected,psi1,0.6387401263646447,0.10332804390742993
5000,621,naive,psi0,-0.36069667418281276,0.0802158313103842
5000,621,naive,psi1,0.03652755632768051,0.08425895604667585
5000,621,corrected,psi0,0.9136779220817152,0.09337234063617401
5000,621,corrected,psi1,0.5244617841843319,0.09745899239506454
5000,622,naive,psi0,-0.4184457442102242,0.08273776606218816
5000,622,naive,psi1,0.04387087892697482,0.08808385917995619
5000,622,corrected,psi0,0.7955437226509318,0.0968949312512691
5000,622,corrected,psi1,0.5407409314367615,0.1041187893922934
5000,623,naive,psi0,-0.2450282184681243,0.08020797211732178
5000,623,naive,psi1,0.10998851423133178,0.08611942142248774
5000,623,corrected,psi0,1.037452434029634,0.09401980383290419
5000,623,corrected,psi1,0.6014527469914678,0.10082849537304071
5000,624,naive,psi0,-0.3611975007178036,0.08168085252828468
5000,624,naive,psi1,-0.04960536063370713,0.08998103331952165
5000,624,corrected,psi0,0.8823580243634134,0.09515096273980343
5000,624,corrected,psi1,0.48563318492939644,0.10295976163305573
5000,625,naive,psi0,-0.09912404573887335,0.08335963582356005
5000,625,naive,psi1,0.002343706922979038,0.08941269937281231
5000,625,corrected,psi0,1.1986234295116827,0.09810392726649761
5000,625,corrected,psi1,0.5333395317190611,0.10611742795070887
5000,626,naive,psi0,-0.3592700110599529,0.08025450010012589
5000,626,naive,psi1,-0.057758245133161884,0.0825469101291278
5000,626,corrected,psi0,0.9112885838913776,0.09298963075900961
5000,626,corrected,psi1,0.4467300152543897,0.09726480189249213
5000,627,naive,psi0,-0.3005470493728942,0.07955865203890672
5000,627,naive,psi1,-0.09625464701233598,0.0827454860850652
5000,627,corrected,psi0,0.9532655771056617,0.09178364163329297
5000,627,corrected,psi1,0.3631104179440061,0.09518342279752177
5000,628,naive,psi0,-0.24343943363694534,0.07982773680916909
5000,628,naive,psi1,0.06442123362819441,0.08174265892711413
5000,628,corrected,psi0,1.04442985238205,0.0935462037644818
5000,628,corrected,psi1,0.6213456626837712,0.09512133789103192
5000,629,naive,psi0,-0.29947114173693684,0.08285963388379892
5000,629,naive,psi1,0.005510408541411382,0.08428077859655776
5000,629,corrected,psi0,0.953916011689932,0.09701913124695745
5000,629,corrected,psi1,0.5307872546093727,0.09950591780187158
5000,630,naive,psi0,-0.22458270716859233,0.08126829318338746
5000,630,naive,psi1,0.11408961385682088,0.08247579366791466
5000,630,corrected,psi0,1.0655010641208316,0.09472333918142778
5000,630,corrected,psi1,0.6063782760136891,0.09614894266134001
5000,631,naive,psi0,-0.33743241540812485,0.08222433210980513
5000,631,naive,psi1,-0.09101754657695713,0.08527903880770464
5000,631,corrected,psi0,0.9416008125705946,0.09569243726948906
5000,631,corrected,psi1,0.3984489489239581,0.09878190835322825
5000,632,naive,psi0,-0.3087779795483776,0.08266665567139966
5000,632,naive,psi1,-0.044510231528558354,0.0860539120931975
5000,632,corrected,psi0,0.9629506532608902,0.09610705832595255
5000,632,corrected,psi1,0.42538274602323545,0.10067422965788772
5000,633,naive,psi0,-0.2923211831234431,0.07960259449025303
5000,633,naive,psi1,0.10669884352778236,0.08851338932797126
5000,633,corrected,psi0,0.979843949680135,0.09254886246653801
5000,633,corrected,psi1,0.6221581698476635,0.10260672421835705
5000,634,naive,psi0,-0.2686468850796052,0.08072609783046564
5000,634,naive,psi1,-0.07164787017822782,0.0841859763766732
5000,634,corrected,psi0,1.0126310891147505,0.09383515883793046
5000,634,corrected,psi1,0.375477639626624,0.09771848921497733
5000,635,naive,psi0,-0.17351052767925565,0.07906324617845692
5000,635,naive,psi1,-0.0698867833809188,0.0868074567953985
5000,635,corrected,psi0,1.128457411800845,0.09196489926973457
5000,635,corrected,psi1,0.43682403429376243,0.1006048127271831
5000,636,naive,psi0,-0.2123891473804892,0.07881671283232879
5000,636,naive,psi1,0.07665186376765638,0.0840444097185765
5000,636,corrected,psi0,1.0927556952409998,0.09221021256595431
5000,636,corrected,psi1,0.5901369638767328,0.09908662448466
5000,637,naive,psi0,-0.1791813757247283,0.08313254155914163
5000,637,naive,psi1,0.021825934921286254,0.0966007198085777
5000,637,corrected,psi0,1.1129579225908905,0.09649901067863396
5000,637,corrected,psi1,0.5304114219356251,0.11170969373774038
5000,638,naive,psi0,-0.28641338258830695,0.07909569826405095
5000,638,naive,psi1,-0.027833149005847758,0.08691564761270584
5000,638,corrected,psi0,0.9702552561054651,0.09236714110673637
5000,638,corrected,psi1,0.47794801952138494,0.10095109861818066
5000,639,naive,psi0,-0.11931363649873751,0.08026188948173903
5000,639,naive,psi1,-0.050143783398688024,0.08345211171729285
5000,639,corrected,psi0,1.1712394983594328,0.09343570161147056
5000,639,corrected,psi1,0.43505963794412783,0.09674017241355679
5000,640,naive,psi0,-0.3092617173456898,0.07974065828852722
5000,640,naive,psi1,0.03413531177968988,0.08523524938461553
5000,640,corrected,psi0,0.9502459760711872,0.09301789478108019
5000,640,corrected,psi1,0.5649602515275263,0.09935235509210548
5000,641,naive,psi0,-0.2970416091736168,0.07962029200138414
5000,641,naive,psi1,0.08431595453618618,0.08312821486454579
5000,641,corrected,psi0,0.9443989279218371,0.09254828603933093
5000,641,corrected,psi1,0.5739223617275256,0.09772292440333775
5000,642,naive,psi0,-0.3836944396037491,0.08118583772084505
5000,642,naive,psi1,-0.05807230282248104,0.08616092381285097
5000,642,corrected,psi0,0.8846904792949939,0.09453389397024678
5000,642,corrected,psi1,0.4590517521841291,0.1001308232910681
5000,643,naive,psi0,-0.14364701994322476,0.08021259025141385
5000,643,naive,psi1,0.19430974371576412,0.08368148626768007
5000,643,corrected,psi0,1.1689752422349737,0.09331738311414946
5000,643,corrected,psi1,0.7040203569110535,0.09730262640490327
5000,644,naive,psi0,-0.13677613575525194,0.08258732641395175
5000,644,naive,psi1,0.005787887207144586,0.0824809509015399
5000,644,corrected,psi0,1.1673885231601029,0.09605353020129628
5000,644,corrected,psi1,0.4934030964739168,0.09581876540438437
5000,645,naive,psi0,-0.2858121289932526,0.08048114546248443
5000,645,naive,psi1,0.05357619964252084,0.08633705174336412
5000,645,corrected,psi0,0.9699889612620864,0.09304486938708614
5000,645,corrected,psi1,0.543394812309386,0.10042590337361851
5000,646,naive,psi0,-0.3186814200232308,0.08220673812883847
5000,646,naive,psi1,0.03126599599266704,0.08111222028250024
5000,646,corrected,psi0,0.9971915983687492,0.09515525069699717
5000,646,corrected,psi1,0.5052535264149871,0.0946274928124106
5000,647,naive,psi0,-0.2747116463022904,0.0814029173354784
5000,647,naive,psi1,0.03284691606454972,0.085032762398502
5000,647,corrected,psi0,0.9997155012148966,0.09562029842495853
5000,647,corrected,psi1,0.5282848511350569,0.09986214183981594
5000,648,naive,psi0,-0.18706134342321207,0.08193129813574188
5000,648,naive,psi1,0.03946189918064401,0.08284745898782016
5000,648,corrected,psi0,1.076309375621591,0.09574703796046438
5000,648,corrected,psi1,0.5128551204268808,0.09817520109570085
5000,649,naive,psi0,-0.32368165784388414,0.08222769333043
5000,649,naive,psi1,0.022459220846402405,0.08681271456699653
5000,649,corrected,psi0,0.9472221377733849,0.09599749040215018
5000,649,corrected,psi1,0.5487494913048863,0.10294586943789467
5000,650,naive,psi0,-0.20636254739828802,0.07973991948277741
5000,650,naive,psi1,-0.04172533905777516,0.08558523214118102
5000,650,corrected,psi0,1.089425216415756,0.09254293947127179
5000,650,corrected,psi1,0.4710926464285242,0.09849878924210509
5000,651,naive,psi0,-0.15755942527827085,0.08167979992133093
5000,651,naive,psi1,-0.012715959879211107,0.08625199157911104
5000,651,corrected,psi0,1.1664496247377818,0.09447372527679354
5000,651,corrected,psi1,0.4528806525258667,0.098305705509176
5000,652,naive,psi0,-0.32055292041611927,0.0809773483443438
5000,652,naive,psi1,-0.02930293465815187,0.08479770318672804
5000,652,corrected,psi0,0.965422304328913,0.09424788655192605
5000,652,corrected,psi1,0.45472854256979817,0.09949151661072649
5000,653,naive,psi0,-0.2334134569376111,0.08010096902636345
5000,653,naive,psi1,-0.09370135366182283,0.08504608038235677
5000,653,corrected,psi0,1.021887373743737,0.09317391778757061
5000,653,corrected,psi1,0.35476961188132833,0.09835814498881487
5000,654,naive,psi0,-0.235718357956846,0.07960712630012143
5000,654,naive,psi1,-0.15207550241900875,0.08158177001547053
5000,654,corrected,psi0,1.0481589927325201,0.09229664369037859
5000,654,corrected,psi1,0.31029373541785593,0.09441936868216826
5000,655,naive,psi0,-0.3354627056476815,0.0818964927693435
5000,655,naive,psi1,0.07984425789304954,0.0873718477060674
5000,655,corrected,psi0,0.9194341362681432,0.09497919077542098
5000,655,corrected,psi1,0.5965966051480387,0.10097542585943267
5000,656,naive,psi0,-0.16321394550006646,0.08065635516476008
5000,656,naive,psi1,0.058228066469956936,0.08674137912473485
5000,656,corrected,psi0,1.107035328701722,0.09355507762039757
5000,656,corrected,psi1,0.5371078511148865,0.10113925116213009
5000,657,naive,psi0,-0.2937823320934639,0.0797550050217501
5000,657,naive,psi1,0.05014393207643048,0.08691271823375184
5000,657,corrected,psi0,0.9611298989659942,0.09275537516849669
5000,657,corrected,psi1,0.525414822959778,0.1008662077899433
5000,658,naive,psi0,-0.36252244671357076,0.08056067573602424
5000,658,naive,psi1,0.04543020225479094,0.0821336582253903
5000,658,corrected,psi0,0.8587884998011063,0.09306827435944699
5000,658,corrected,psi1,0.5808744706756303,0.09529144655017993
5000,659,naive,psi0,-0.28422190565653815,0.08133151631583324
5000,659,naive,psi1,0.006635751781914386,0.08710310026612321
5000,659,corrected,psi0,0.9782185920209532,0.09443588749198592
5000,659,corrected,psi1,0.5156389781046182,0.10006162428406308
5000,660,naive,psi0,-0.14498649172588468,0.08059910966656558
5000,660,naive,psi1,-0.07870458020900196,0.08426892067812503
5000,660,corrected,psi0,1.1643086445697457,0.09383282183278462
5000,660,corrected,psi1,0.4094511363534312,0.09872233942582098
5000,661,naive,psi0,-0.25624233404117436,0.0819399392661442
5000,661,naive,psi1,0.05280059115935206,0.08730815920712089
5000,661,corrected,psi0,1.0247444878166208,0.09581600074916065
5000,661,corrected,psi1,0.5620551317689039,0.1012145222177913
5000,662,naive,psi0,-0.19058818323138113,0.08203929955162237
5000,662,naive,psi1,0.09838767215489247,0.09005675014026603
5000,662,corrected,psi0,1.093653886477441,0.09617440899088459
5000,662,corrected,psi1,0.6223263099040024,0.10665559421095956
5000,663,naive,psi0,-0.33844220823213106,0.0811093660887371
5000,663,naive,psi1,0.03877795582463638,0.0851265149494881
5000,663,corrected,psi0,0.9420813466188043,0.09528845324972907
5000,663,corrected,psi1,0.543655254357988,0.10050624288308561
5000,664,naive,psi0,-0.17101644067671504,0.07880061541531674
5000,664,naive,psi1,-0.07154110943763475,0.08439281468199021
5000,664,corrected,psi0,1.1286444177650325,0.09145510363269643
5000,664,corrected,psi1,0.4324119353935804,0.09738727092714368
5000,665,naive,psi0,-0.16914151374482717,0.08126672997450557
5000,665,naive,psi1,0.02601109762372819,0.08284006125860646
5000,665,corrected,psi0,1.1483518415584975,0.09492031969930166
5000,665,corrected,psi1,0.5196304752287586,0.09704835488940376
5000,666,naive,psi0,-0.45788811896009346,0.08341207823362946
5000,666,naive,psi1,-0.005368762106536793,0.08813983066491107
5000,666,corrected,psi0,0.8114447545130644,0.09678194587783684
5000,666,corrected,psi1,0.4942208490221908,0.10237333975133371
5000,667,naive,psi0,-0.22724629533159654,0.08111469800997481
5000,667,naive,psi1,0.021923389797048897,0.0896126344453424
5000,667,corrected,psi0,1.0549604385852223,0.09465182336916515
5000,667,corrected,psi1,0.5533685219103968,0.10459513455346252
5000,668,naive,psi0,-0.3126089869225834,0.08147773312239305
5000,668,naive,psi1,-0.0041636051097269575,0.08841428372371553
5000,668,corrected,psi0,0.9504429425831004,0.094449605799791
5000,668,corrected,psi1,0.48427126565014716,0.10212389839844369
5000,669,naive,psi0,-0.3004657847627884,0.08403428821207613
5000,669,naive,psi1,-0.029865006177123312,0.08724516164054627
5000,669,corrected,psi0,0.997463706564509,0.09769612415733928
5000,669,corrected,psi1,0.41174780449275855,0.10255431580482746
5000,670,naive,psi0,-0.3033564492419462,0.0813613384754953
5000,670,naive,psi1,-0.002765679089882085,0.0811054331978958
5000,670,corrected,psi0,0.9489485461750993,0.09430341631514577
5000,670,corrected,psi1,0.5051454515375013,0.09467759592420054
5000,671,naive,psi0,-0.17946241295754903,0.07852494702848341
5000,671,naive,psi1,0.07228168905797766,0.08460992335703908
5000,671,corrected,psi0,1.1245421583093869,0.09109582787811402
5000,671,corrected,psi1,0.5800577073934581,0.09790872232424706
5000,672,naive,psi0,-0.27728571259832246,0.0792734534717845
5000,672,naive,psi1,0.05169018513591763,0.08261542436135531
5000,672,corrected,psi0,0.9919518396209039,0.09349393653313659
5000,672,corrected,psi1,0.5573278435338834,0.09818990276605111
5000,673,naive,psi0,-0.3259129574465526,0.0788081778737873
5000,673,naive,psi1,-0.05105038831464462,0.07875410845282668
5000,673,corrected,psi0,0.9429818541089962,0.0921342311474321
5000,673,corrected,psi1,0.46005149297753095,0.0922831696715182
5000,674,naive,psi0,-0.34426440089042365,0.07848527201456132
5000,674,naive,psi1,0.0213493287227674,0.08428944416624075
5000,674,corrected,psi0,0.9340769372651184,0.09155465704195388
5000,674,corrected,psi1,0.49975063918847484,0.0982699770748123
5000,675,naive,psi0,-0.32075557845218966,0.07945504324975886
5000,675,naive,psi1,0.073439022929087,0.08427372105590827
5000,675,corrected,psi0,0.9544320143578257,0.09218226619749713
5000,675,corrected,psi1,0.55166118654176,0.09699473101075945
5000,676,naive,psi0,-0.19619837146843763,0.08270401639110135
5000,676,naive,psi1,0.11466748386588863,0.08772906626153551
5000,676,corrected,psi0,1.0774224279930795,0.09703076969467038
5000,676,corrected,psi1,0.6113516808838495,0.10258058652928695
5000,677,naive,psi0,-0.33846556302360187,0.07891422544908941
5000,677,naive,psi1,-0.013550985705493653,0.08618273415522819
5000,677,corrected,psi0,0.9195395842223286,0.09156130476120916
5000,677,corrected,psi1,0.49904140097209176,0.09905223133603958
5000,678,naive,psi0,-0.39799670892126615,0.08016715656124372
5000,678,naive,psi1,-0.04957981632796935,0.08509148592331855
5000,678,corrected,psi0,0.8461415202645443,0.09341989502476436
5000,678,corrected,psi1,0.4738210230103038,0.09881028200373815
5000,679,naive,psi0,-0.32338101367937155,0.08182132652993652
5000,679,naive,psi1,-0.10416114383693563,0.08366849258332533
5000,679,corrected,psi0,0.9357474231698026,0.09615193603699497
5000,679,corrected,psi1,0.39108957479737827,0.10075249904320133
5000,680,naive,psi0,-0.27696997951569746,0.08153191318838134
5000,680,naive,psi1,-0.11282435885522518,0.08551780608876026
5000,680,corrected,psi0,0.9990552498556994,0.0947784027753625
5000,680,corrected,psi1,0.36309340399453915,0.09914179883095146
5000,681,naive,psi0,-0.36140244430621987,0.08105755846806605
5000,681,naive,psi1,-0.05559030629154669,0.08121136149684602
5000,681,corrected,psi0,0.85991718281354,0.09488168104018813
5000,681,corrected,psi1,0.4415023511820762,0.0948186304431706
5000,682,naive,psi0,-0.31122089887552645,0.0807440478062363
5000,682,naive,psi1,-0.09571344158750712,0.08550637375380014
5000,682,corrected,psi0,0.9641438132513027,0.09400754002540843
5000,682,corrected,psi1,0.3829634316041077,0.09997526224895843
5000,683,naive,psi0,-0.19564959688000633,0.07885352780124531
5000,683,naive,psi1,-0.029459922584479204,0.0795920713743442
5000,683,corrected,psi0,1.0822773742308278,0.09205724866768189
5000,683,corrected,psi1,0.47085362984349693,0.09313622620418976
5000,684,naive,psi0,-0.2182657407121815,0.07868101112224912
5000,684,naive,psi1,-0.13604997485436765,0.08504101527601239
5000,684,corrected,psi0,1.0603171902780797,0.09155003771671168
5000,684,corrected,psi1,0.3464956204530954,0.09877702460370011
5000,685,naive,psi0,-0.4294247493168338,0.08390287042507573
5000,685,naive,psi1,0.08119670978514787,0.08984642258663063
5000,685,corrected,psi0,0.8453921952781808,0.09774159962933093
5000,685,corrected,psi1,0.5969863967984887,0.10390325500401859
5000,686,naive,psi0,-0.16146327864135515,0.0811776107227953
5000,686,naive,psi1,0.13509770276293656,0.08426703038692797
5000,686,corrected,psi0,1.126488857990575,0.09454107517934612
5000,686,corrected,psi1,0.6467710627072575,0.09824952586009698
5000,687,naive,psi0,-0.47555177614735206,0.08152151084984985
5000,687,naive,psi1,-0.004881524762840095,0.08581602508138876
5000,687,corrected,psi0,0.7908670943692647,0.09492848616343766
5000,687,corrected,psi1,0.4920047610692295,0.09972175810342829
5000,688,naive,psi0,-0.3677659322207149,0.08346405272739964
5000,688,naive,psi1,0.008792636074790434,0.08922945545099976
5000,688,corrected,psi0,0.901910236006507,0.09705477704589906
5000,688,corrected,psi1,0.4801762909025207,0.1026908894258612
5000,689,naive,psi0,-0.3675822326215062,0.08090361450253221
5000,689,naive,psi1,-0.15353517580326456,0.08659582388741766
5000,689,corrected,psi0,0.8754923540624553,0.09439237683923578
5000,689,corrected,psi1,0.280189520214451,0.10066080263463764
5000,690,naive,psi0,-0.19010762623857363,0.08023346851316891
5000,690,naive,psi1,-0.09830092018894443,0.08376524263605248
5000,690,corrected,psi0,1.0891641286491867,0.09405795687775913
5000,690,corrected,psi1,0.41306587792848176,0.09834989578010092
5000,691,naive,psi0,-0.2402903840645811,0.08060166918321922
5000,691,naive,psi1,-0.16296242300539154,0.08176786502730884
5000,691,corrected,psi0,1.057718386475789,0.093871026989057
5000,691,corrected,psi1,0.3042984436889244,0.09644852045181361
5000,692,naive,psi0,-0.04712994524153586,0.08131210777916269
5000,692,naive,psi1,-0.00412726595441306,0.0882680565246538
5000,692,corrected,psi0,1.2557301539182555,0.09412398963611773
5000,692,corrected,psi1,0.5090671190224187,0.10230559719734265
5000,693,naive,psi0,-0.22111661994013776,0.08216396627889756
5000,693,naive,psi1,-0.0429607385544482,0.08573092254486545
5000,693,corrected,psi0,1.0789040709357391,0.09593197211138885
5000,693,corrected,psi1,0.41872535498616675,0.1001297476689098
5000,694,naive,psi0,-0.3333035429340829,0.08464979292375949
5000,694,naive,psi1,-0.00873721224782966,0.08803318337195482
5000,694,corrected,psi0,0.9375498274642649,0.0977935875135915
5000,694,corrected,psi1,0.456412236327784,0.10222842238811417
5000,695,naive,psi0,-0.2289148417394595,0.07966477406480056
5000,695,naive,psi1,0.1131176478982478,0.08399851304396842
5000,695,corrected,psi0,1.0677145965900912,0.09287050772152608
5000,695,corrected,psi1,0.6592170141127267,0.0972113339290889
5000,696,naive,psi0,-0.29450346512019004,0.08231506725274221
5000,696,naive,psi1,0.0159460056689383,0.0833522430289513
5000,696,corrected,psi0,1.0154114937220027,0.0957433899591137
5000,696,corrected,psi1,0.4713329998319454,0.09657461948978731
5000,697,naive,psi0,-0.2154700652654272,0.08016047119529308
5000,697,naive,psi1,0.007044049657507021,0.08559630490452468
5000,697,corrected,psi0,1.0597564023821289,0.09352425775377664
5000,697,corrected,psi1,0.5153651151488209,0.0996882370378209
5000,698,naive,psi0,-0.39116143838938416,0.08158648964046956
5000,698,naive,psi1,0.04751539691106559,0.08406322675393764
5000,698,corrected,psi0,0.8554282658025135,0.09546768587517854
5000,698,corrected,psi1,0.5427720436927088,0.09764233755578251
5000,699,naive,psi0,-0.30744765137600527,0.07904955915566095
5000,699,naive,psi1,-0.05122011067521781,0.08177057644797008
5000,699,corrected,psi0,0.9094908993645371,0.09234603635648406
5000,699,corrected,psi1,0.45679641514406677,0.09622498281104752
5000,700,naive,psi0,-0.29264836242565284,0.07957468977547444
5000,700,naive,psi1,-0.0792784514042866,0.08802310822725717
5000,700,corrected,psi0,0.9656988825741054,0.09304529517902228
5000,700,corrected,psi1,0.4556120015292645,0.10310626968596356
5000,701,naive,psi0,-0.14430689579710385,0.08294467413952587
5000,701,naive,psi1,-0.037260639735556614,0.08449712148487057
5000,701,corrected,psi0,1.1470857788195146,0.0963501533974742
5000,701,corrected,psi1,0.43635798322563935,0.09828316347129082
5000,702,naive,psi0,-0.23021551473260596,0.08007830072879424
5000,702,naive,psi1,0.04827785039334746,0.08409380253796303
5000,702,corrected,psi0,1.0626503366161473,0.09282843946589026
5000,702,corrected,psi1,0.5529502530368382,0.09724661330858864
5000,703,naive,psi0,-0.1430340932835416,0.08139193767879423
5000,703,naive,psi1,0.027905615007429548,0.07955436645782166
5000,703,corrected,psi0,1.1062831078837352,0.09459530750998597
5000,703,corrected,psi1,0.5121742872430437,0.09278756909294396
5000,704,naive,psi0,-0.2663697136428864,0.08170467563158555
5000,704,naive,psi1,0.07445682606047145,0.08286383294176078
5000,704,corrected,psi0,0.991574468418852,0.09488955407022293
5000,704,corrected,psi1,0.5728902503542356,0.0964842847586385
5000,705,naive,psi0,-0.3240821291706892,0.08210880504166478
5000,705,naive,psi1,-0.038245264487186605,0.0847773457285119
5000,705,corrected,psi0,0.9769449221025072,0.09557724140355671
5000,705,corrected,psi1,0.45482354916636053,0.09889724462411963
5000,706,naive,psi0,-0.49242426173744336,0.08251829825473789
5000,706,naive,psi1,0.17913947435806005,0.0852999051802262
5000,706,corrected,psi0,0.7614515731329852,0.09626319504134453
5000,706,corrected,psi1,0.7327605504118037,0.10064737627076249
5000,707,naive,psi0,-0.3077934701690783,0.08327427555638349
5000,707,naive,psi1,0.1686086996014239,0.09001182607583756
5000,707,corrected,psi0,0.9584551802500546,0.09699252702555823
5000,707,corrected,psi1,0.7023428042157461,0.10514979565452935
5000,708,naive,psi0,-0.342910525051196,0.07791273032466954
5000,708,naive,psi1,0.07344130984615897,0.08163247777406941
5000,708,corrected,psi0,0.9320185036513094,0.09053345818634885
5000,708,corrected,psi1,0.5781746753852876,0.0942131726767179
5000,709,naive,psi0,-0.31572304022826636,0.08084806053572835
5000,709,naive,psi1,-0.13217867525061253,0.08398816481190567
5000,709,corrected,psi0,0.9107832972860537,0.09426057875758602
5000,709,corrected,psi1,0.3662148993627686,0.09844891890177927
5000,710,naive,psi0,-0.32595976253132497,0.08264261432068924
5000,710,naive,psi1,0.04772727944517156,0.08662313382053971
5000,710,corrected,psi0,0.9569205338779316,0.09571520981480942
5000,710,corrected,psi1,0.5860913946153729,0.0993604701950719
5000,711,naive,psi0,-0.3998743253666375,0.07910343252620466
5000,711,naive,psi1,0.036984009998059335,0.08542961211897698
5000,711,corrected,psi0,0.8675769950994655,0.09183102429098469
5000,711,corrected,psi1,0.5615301248999,0.09925476096290915
5000,712,naive,psi0,-0.3432941872862325,0.0792909457265984
5000,712,naive,psi1,-0.1435728516723549,0.08635909587871089
5000,712,corrected,psi0,0.9258325742352038,0.0928810440604862
5000,712,corrected,psi1,0.34454393870886174,0.1014094617276084
5000,713,naive,psi0,-0.23728837838674802,0.08256702100512502
5000,713,naive,psi1,-0.026218494346540857,0.0884841560515017
5000,713,corrected,psi0,1.0542579920990385,0.09698397284289999
5000,713,corrected,psi1,0.45884265283873105,0.1074913292908599
5000,714,naive,psi0,-0.22968441852659235,0.08185752138658291
5000,714,naive,psi1,-0.09174527461897379,0.09013096439998801
5000,714,corrected,psi0,1.0850615073942316,0.09534705249098172
5000,714,corrected,psi1,0.3999567862624711,0.10558516385842127
5000,715,naive,psi0,-0.22727674525824276,0.08115934911918986
5000,715,naive,psi1,0.018974986826310998,0.08531419345681751
5000,715,corrected,psi0,1.075906623428792,0.09466493137783491
5000,715,corrected,psi1,0.5396977290562104,0.09969387846678295
5000,716,naive,psi0,-0.2953876462554822,0.08395694479075828
5000,716,naive,psi1,-0.012024184381066609,0.09067276853370547
5000,716,corrected,psi0,1.0021012012289243,0.098215529833593
5000,716,corrected,psi1,0.4629536877496676,0.10671728041237681
5000,717,naive,psi0,-0.3710885396244183,0.07839776874721767
5000,717,naive,psi1,-0.1185681004604906,0.08210359896455194
5000,717,corrected,psi0,0.8905171067415225,0.09142604790385962
5000,717,corrected,psi1,0.325526764465203,0.09604850264707136
5000,718,naive,psi0,-0.3567688490070536,0.08334920834103149
5000,718,naive,psi1,0.04513279394340193,0.08717585548969069
5000,718,corrected,psi0,0.9196885939219893,0.09689889701754764
5000,718,corrected,psi1,0.5436277000063664,0.10153848289855343
5000,719,naive,psi0,-0.36478274250827325,0.07951228743828663
5000,719,naive,psi1,0.02408401695380546,0.08388715769528166
5000,719,corrected,psi0,0.8821129104846986,0.09209551627390937
5000,719,corrected,psi1,0.5146978582226766,0.09691633518162665
5000,720,naive,psi0,-0.21750115483146834,0.08007619967145643
5000,720,naive,psi1,0.017059909172267348,0.08235454231169906
5000,720,corrected,psi0,1.0769370691026119,0.0931067383214961
5000,720,corrected,psi1,0.48864188594802477,0.09476651613775817
5000,721,naive,psi0,-0.3555764838319619,0.08010534938091392
5000,721,naive,psi1,0.020537349842290005,0.0817352797811102
5000,721,corrected,psi0,0.9201160070713318,0.09391152868647744
5000,721,corrected,psi1,0.5334871552236274,0.09561570909462067
5000,722,naive,psi0,-0.2972320021010752,0.08181426003352041
5000,722,naive,psi1,0.023595740999768782,0.08391821254589314
5000,722,corrected,psi0,0.9762969619236702,0.09558927447773584
5000,722,corrected,psi1,0.5225041463359974,0.09981343409316192
5000,723,naive,psi0,-0.1686719636814941,0.08233935683692689
5000,723,naive,psi1,-0.03841376753171951,0.08645322016032282
5000,723,corrected,psi0,1.1260121786706048,0.0960049696760668
5000,723,corrected,psi1,0.4619578964144835,0.10093009440857001
5000,724,naive,psi0,-0.40956118479752907,0.08349210512705632
5000,724,naive,psi1,-0.035688860946819126,0.08838662690173996
5000,724,corrected,psi0,0.8452273640099454,0.09677020864476192
5000,724,corrected,psi1,0.4345933980482687,0.1039150252902609
5000,725,naive,psi0,-0.3483823143876359,0.08219384439895898
5000,725,naive,psi1,-0.0844063513345138,0.08668775095834058
5000,725,corrected,psi0,0.9198747710148829,0.09578638338611825
5000,725,corrected,psi1,0.36714227045965037,0.10069154284100382
5000,726,naive,psi0,-0.3172276781436693,0.08157806876504253
5000,726,naive,psi1,-0.07565753530998533,0.08703639813491133
5000,726,corrected,psi0,0.9470211158471313,0.09495963733580418
5000,726,corrected,psi1,0.3813319338192097,0.10268083973025867
5000,727,naive,psi0,-0.3714965987842473,0.07983700652112363
5000,727,naive,psi1,0.07139038098115053,0.08233195743536191
5000,727,corrected,psi0,0.903241949023662,0.09257632920779717
5000,727,corrected,psi1,0.5686281731838412,0.09598176114614572
5000,728,naive,psi0,-0.1395024676005069,0.08126239447652818
5000,728,naive,psi1,0.0008297872297627666,0.08326025048544838
5000,728,corrected,psi0,1.1447250582070414,0.09446628663229141
5000,728,corrected,psi1,0.47772397126285787,0.09625050436453715
5000,729,naive,psi0,-0.3351361229718634,0.08358566942253737
5000,729,naive,psi1,0.004751383185363034,0.08965004546518898
5000,729,corrected,psi0,0.9237749919028514,0.09778515173906345
5000,729,corrected,psi1,0.5302259580293903,0.10593920884397053
5000,730,naive,psi0,-0.3318313678546335,0.08138717281846569
5000,730,naive,psi1,0.0923858222507063,0.0865299205710146
5000,730,corrected,psi0,0.9434685829716948,0.09505963167747426
5000,730,corrected,psi1,0.5970317611864502,0.10102838828996955
5000,731,naive,psi0,-0.2721478951382901,0.08249823473218992
5000,731,naive,psi1,0.07991365402992306,0.08737525860815039
5000,731,corrected,psi0,0.9963114770456708,0.09573436258205734
5000,731,corrected,psi1,0.5935735136063421,0.10185890963592358
5000,732,naive,psi0,-0.2840580419554877,0.08206264703176114
5000,732,naive,psi1,0.12440721974931213,0.08844364072822285
5000,732,corrected,psi0,0.9871953377250842,0.09537974162350861
5000,732,corrected,psi1,0.6336720770087335,0.10267120537651607
5000,733,naive,psi0,-0.12220485385860683,0.08119695198624817
5000,733,naive,psi1,0.04327276387791508,0.08435305390533042
5000,733,corrected,psi0,1.200385959788123,0.09468899156579971
5000,733,corrected,psi1,0.518948066044359,0.09882096344733443
5000,734,naive,psi0,-0.2851337398811024,0.08000578230561493
5000,734,naive,psi1,-0.07702029124028537,0.08562874459867258
5000,734,corrected,psi0,0.9784205379853859,0.09305576053095845
5000,734,corrected,psi1,0.36285235338598576,0.09985616215193018
5000,735,naive,psi0,-0.39856488336718854,0.08084890172082854
5000,735,naive,psi1,-0.020138188548954813,0.08746107723490132
5000,735,corrected,psi0,0.8524487740181674,0.09410721956452625
5000,735,corrected,psi1,0.4557806418214576,0.10113323403079676
5000,736,naive,psi0,-0.1529672461586147,0.08006042536685852
5000,736,naive,psi1,0.0007217213356339956,0.08572697926898575
5000,736,corrected,psi0,1.1569892093451906,0.09301502946154964
5000,736,corrected,psi1,0.5275347047693807,0.0998660726683433
5000,737,naive,psi0,-0.2295114954337531,0.07978638367094053
5000,737,naive,psi1,-0.07076366289443842,0.08292634521912197
5000,737,corrected,psi0,1.0423775502830246,0.09290718832969164
5000,737,corrected,psi1,0.44885726096452505,0.09766116868808564
5000,738,naive,psi0,-0.376518138396339,0.07993411273987579
5000,738,naive,psi1,0.09157762615444895,0.08413010361331583
5000,738,corrected,psi0,0.8954086790214378,0.09292998695979415
5000,738,corrected,psi1,0.5797180785239406,0.09716202008255422
5000,739,naive,psi0,-0.28998178512617945,0.07798209597218911
5000,739,naive,psi1,0.06720785981211255,0.0843516816022417
5000,739,corrected,psi0,1.0095555045702624,0.09112135789060845
5000,739,corrected,psi1,0.5651598989299327,0.09882134036941098
5000,740,naive,psi0,-0.2701011335764124,0.08154380309311361
5000,740,naive,psi1,-0.09510421580365853,0.0885278830026587
5000,740,corrected,psi0,0.9971659207822139,0.0950556621950443
5000,740,corrected,psi1,0.4187224569508809,0.10340874547676919
5000,741,naive,psi0,-0.3830267238908587,0.0837103158638527
5000,741,naive,psi1,-0.12012833872593424,0.08702627912608893
5000,741,corrected,psi0,0.8670354153515698,0.09679134296069275
5000,741,corrected,psi1,0.38308330414798997,0.09973834415689194
5000,742,naive,psi0,-0.3359997698484655,0.08249932980901666
5000,742,naive,psi1,-0.03172361462320567,0.08898913837552919
5000,742,corrected,psi0,0.9309901198099286,0.09547868198558945
5000,742,corrected,psi1,0.4457672166058387,0.10271775069952702
5000,743,naive,psi0,-0.18526125162158918,0.08027429220214652
5000,743,naive,psi1,-0.046918799265904185,0.08763868564390237
5000,743,corrected,psi0,1.0908215695915262,0.09324150735490572
5000,743,corrected,psi1,0.44235941232377657,0.10199489440201637
5000,744,naive,psi0,-0.30751155769642746,0.08039774159877659
5000,744,naive,psi1,-0.041668009545109054,0.0906349588793769
5000,744,corrected,psi0,0.9742267294776431,0.09358614446095824
5000,744,corrected,psi1,0.4134699836288668,0.10485473359591496
5000,745,naive,psi0,-0.15594658137947368,0.07988589422281019
5000,745,naive,psi1,0.11452569433413584,0.0873041872519526
5000,745,corrected,psi0,1.1491164015574185,0.09318278357891378
5000,745,corrected,psi1,0.6361180895547172,0.10313281185971541
5000,746,naive,psi0,-0.35989554617919567,0.08394758293099747
5000,746,naive,psi1,0.06884952064772587,0.08668220956526392
5000,746,corrected,psi0,0.8686707037530962,0.09715132925055903
5000,746,corrected,psi1,0.6108387079257039,0.099742821467972
5000,747,naive,psi0,-0.19652552394595107,0.08141972379266511
5000,747,naive,psi1,0.059644754765420804,0.08711052370347894
5000,747,corrected,psi0,1.0825104903030447,0.09428674603650444
5000,747,corrected,psi1,0.5566894466765373,0.10108492183799964
5000,748,naive,psi0,-0.27995891626062014,0.08009959867445479
5000,748,naive,psi1,-0.05152520306822125,0.08896422308694654
5000,748,corrected,psi0,1.0083556845713735,0.0929629493705899
5000,748,corrected,psi1,0.4470106095452897,0.10392643947929726
5000,749,naive,psi0,-0.26999114585895423,0.08034918844117193
5000,749,naive,psi1,-0.04097871111289303,0.08686215049605812
5000,749,corrected,psi0,0.9875586271449351,0.09356881406573811
5000,749,corrected,psi1,0.4327157607944481,0.10033448727279691
5000,750,naive,psi0,-0.3247938958035248,0.08123280621397763
5000,750,naive,psi1,0.10567733655891982,0.086065256354482
5000,750,corrected,psi0,0.9588843471522006,0.09473286210186009
5000,750,corrected,psi1,0.608409246043982,0.10034390848325214
5000,751,naive,psi0,-0.34006482182897235,0.0788160205953777
5000,751,naive,psi1,0.0245338852959795,0.08757467513278296
5000,751,corrected,psi0,0.9196624198397315,0.0914570596432269
5000,751,corrected,psi1,0.5333312567052749,0.10140247362316783
5000,752,naive,psi0,-0.16458458424050698,0.08237605795290169
5000,752,naive,psi1,-0.06922364911220699,0.0827085879565647
5000,752,corrected,psi0,1.1364309025700994,0.09532153694634955
5000,752,corrected,psi1,0.40491143976345856,0.09619136199070154
5000,753,naive,psi0,-0.23959056763337724,0.08139563829644288
5000,753,naive,psi1,0.042868055449459194,0.08094897230193529
5000,753,corrected,psi0,1.03501909116685,0.09477097354918423
5000,753,corrected,psi1,0.5407766201909644,0.09451075780621691
5000,754,naive,psi0,-0.3137493879328769,0.08162866273182595
5000,754,naive,psi1,0.14888452884380035,0.08300943373155695
5000,754,corrected,psi0,0.9764887788880443,0.09436300714105714
5000,754,corrected,psi1,0.6790602371497699,0.09634432536214363
5000,755,naive,psi0,-0.2696657748147812,0.08026946903803835
5000,755,naive,psi1,-0.054042453446352466,0.08695841543765764
5000,755,corrected,psi0,1.0371626540326875,0.09371037331023718
5000,755,corrected,psi1,0.45597006741710944,0.10163792450014461
5000,756,naive,psi0,-0.30331441613954824,0.08175259230984008
5000,756,naive,psi1,0.09875291923275843,0.08735590021580258
5000,756,corrected,psi0,0.9611208701357815,0.09521676760385388
5000,756,corrected,psi1,0.606689346640415,0.10264818234831956
5000,757,naive,psi0,-0.3379590394417045,0.08286329360342108
5000,757,naive,psi1,-0.0422583776005597,0.08816494838128089
5000,757,corrected,psi0,0.9371936364126234,0.09652375524871001
5000,757,corrected,psi1,0.4859524013150823,0.1033266267198556
5000,758,naive,psi0,-0.3676150338400197,0.07999990672385583
5000,758,naive,psi1,0.10284418702249641,0.0865484109709073
5000,758,corrected,psi0,0.927939802966983,0.0928059713117308
5000,758,corrected,psi1,0.6201315480144994,0.09982479330653835
5000,759,naive,psi0,-0.20675295662047546,0.08077296795884874
5000,759,naive,psi1,-0.0749906649984456,0.0841837216068453
5000,759,corrected,psi0,1.069040295781261,0.09386856266039377
5000,759,corrected,psi1,0.4097407247263352,0.09726607973724166
5000,760,naive,psi0,-0.22682714708478294,0.080885227277055
5000,760,naive,psi1,-0.043027577620793685,0.09016521390166392
5000,760,corrected,psi0,1.0460875595399326,0.09439623298640835
5000,760,corrected,psi1,0.4791548389948734,0.10433136710285576
5000,761,naive,psi0,-0.3465497827801154,0.08093108634609994
5000,761,naive,psi1,0.06420258966326092,0.08370933192290644
5000,761,corrected,psi0,0.9236862537843268,0.09383072565078121
5000,761,corrected,psi1,0.5641238882434388,0.09672005635392288
5000,762,naive,psi0,-0.37797256339034047,0.07978570199107264
5000,762,naive,psi1,0.12493224224817011,0.08278668824011005
5000,762,corrected,psi0,0.8633117023606081,0.09304505653009772
5000,762,corrected,psi1,0.6614166066087133,0.09586755458198619
5000,763,naive,psi0,-0.2517928066397859,0.08184309284647383
5000,763,naive,psi1,-0.06564269317294942,0.08489484063928036
5000,763,corrected,psi0,1.0408500127380809,0.09509495249424123
5000,763,corrected,psi1,0.4281703722267906,0.09830775125678505
5000,764,naive,psi0,-0.30099648233278153,0.08082037211264623
5000,764,naive,psi1,-0.13537542161119906,0.08502899903057838
5000,764,corrected,psi0,0.9897503148520035,0.09357303678573724
5000,764,corrected,psi1,0.3454405019915291,0.09985786695422931
5000,765,naive,psi0,-0.2222614500397152,0.07885844589708402
5000,765,naive,psi1,0.06476720423513913,0.08398887151757484
5000,765,corrected,psi0,1.0850852027745221,0.09228117848446675
5000,765,corrected,psi1,0.5477116046633906,0.09769219686697149
5000,766,naive,psi0,-0.2191088784417338,0.07931299414040713
5000,766,naive,psi1,0.04348055663805099,0.08297383010515753
5000,766,corrected,psi0,1.0761260130309236,0.09223158411814424
5000,766,corrected,psi1,0.4961382689267073,0.0955394111182643
5000,767,naive,psi0,-0.2422140896674477,0.08043765341658438
5000,767,naive,psi1,-0.044974761483232956,0.08128311770437759
5000,767,corrected,psi0,1.0378444465605343,0.09358620144322051
5000,767,corrected,psi1,0.4323771433094933,0.09443833945543774
5000,768,naive,psi0,-0.33142614014762883,0.08077149523460961
5000,768,naive,psi1,-0.11257929913476758,0.08409474045941481
5000,768,corrected,psi0,0.9262036726934837,0.09451688049421252
5000,768,corrected,psi1,0.34487964161314555,0.0978153247949169
5000,769,naive,psi0,-0.4684670422883514,0.08045682591046165
5000,769,naive,psi1,0.019192211502368117,0.08406156440059542
5000,769,corrected,psi0,0.7948083040756643,0.09358925117304046
5000,769,corrected,psi1,0.5144337895323637,0.09714031998708271
5000,770,naive,psi0,-0.2834815320385701,0.08228023630540648
5000,770,naive,psi1,-0.015508361636877454,0.08470341104934782
5000,770,corrected,psi0,0.9684000743346582,0.09537443851879868
5000,770,corrected,psi1,0.472568155513761,0.09727366983278808
5000,771,naive,psi0,-0.2913957422590354,0.08129251373525227
5000,771,naive,psi1,-0.006639808258261245,0.08563013121408238
5000,771,corrected,psi0,0.9550298407517066,0.09513521979836047
5000,771,corrected,psi1,0.48579046219955707,0.10040027028439356
5000,772,naive,psi0,-0.21337504497363416,0.080420273270275
5000,772,naive,psi1,-0.037824911962322114,0.08175737532288561
5000,772,corrected,psi0,1.0726118712038908,0.09330171027291548
5000,772,corrected,psi1,0.4590807520027284,0.09480400358781244
5000,773,naive,psi0,-0.20170890950061163,0.08293363696050447
5000,773,naive,psi1,0.06341533504587216,0.0899450099676731
5000,773,corrected,psi0,1.1062206603606752,0.09714091178780819
5000,773,corrected,psi1,0.5679302838185749,0.10621229791281857
5000,774,naive,psi0,-0.23061313886150475,0.07956556306738148
5000,774,naive,psi1,0.07304112747074298,0.08329441145751107
5000,774,corrected,psi0,1.0801996254978607,0.09295907411237771
5000,774,corrected,psi1,0.5348352025163594,0.0981605193803695
5000,775,naive,psi0,-0.23701896153911042,0.08235471220016181
5000,775,naive,psi1,0.029736471007133194,0.09113296581763901
5000,775,corrected,psi0,1.0289118459593083,0.09568073722710675
5000,775,corrected,psi1,0.5279292444523229,0.10558674288306719
5000,776,naive,psi0,-0.2525764403203774,0.08056340324803157
5000,776,naive,psi1,-0.14276426017354374,0.08117624796661461
5000,776,corrected,psi0,1.0062466021161025,0.09396790976829052
5000,776,corrected,psi1,0.3413403896329096,0.09622213871335226
5000,777,naive,psi0,-0.26357942702314496,0.07990872177162471
5000,777,naive,psi1,-0.11816105607643743,0.08241512170005488
5000,777,corrected,psi0,1.013387527069402,0.0927000387981887
5000,777,corrected,psi1,0.3700485775120564,0.09570053304916923
5000,778,naive,psi0,-0.22833796985256763,0.08037342316112095
5000,778,naive,psi1,0.005666808026190539,0.08518001684373679
5000,778,corrected,psi0,1.0656053163635937,0.09398646312815255
5000,778,corrected,psi1,0.5020118509887284,0.09999858224108503
5000,779,naive,psi0,-0.2861910775916846,0.07757486078176655
5000,779,naive,psi1,-0.06054973543246074,0.08481076313584052
5000,779,corrected,psi0,0.997249265259147,0.08981164273729235
5000,779,corrected,psi1,0.4447575693682648,0.09734080399562024
5000,780,naive,psi0,-0.2536586699045693,0.08560913842918914
5000,780,naive,psi1,0.025352476949546326,0.08794407358596233
5000,780,corrected,psi0,0.9966059036952444,0.0995910820745147
5000,780,corrected,psi1,0.511762392288107,0.10228279229999648
5000,781,naive,psi0,-0.30039338309158414,0.08014614467858318
5000,781,naive,psi1,-0.0024169272591225673,0.08663061230424099
5000,781,corrected,psi0,0.9536529965085558,0.09298463566806736
5000,781,corrected,psi1,0.5165745846207757,0.10052508725011312
5000,782,naive,psi0,-0.34275732918982194,0.08144172149046394
5000,782,naive,psi1,-0.09538725628947958,0.08584501333847255
5000,782,corrected,psi0,0.8970676010625231,0.09498377370030732
5000,782,corrected,psi1,0.3592502578333103,0.10131904875253948
5000,783,naive,psi0,-0.18314614946872376,0.08211488801523954
5000,783,naive,psi1,0.05334850220494891,0.08545616583871302
5000,783,corrected,psi0,1.1025673589888587,0.09529096219884213
5000,783,corrected,psi1,0.5392584616891245,0.10054022605123794
5000,784,naive,psi0,-0.19369194504346188,0.08277490713530705
5000,784,naive,psi1,0.09312166278830317,0.08897785216236265
5000,784,corrected,psi0,1.074760806054899,0.09689970935870008
5000,784,corrected,psi1,0.6265762773063956,0.1036744602762746
5000,785,naive,psi0,-0.33043747579613125,0.08089663237119847
5000,785,naive,psi1,-0.018294221105158985,0.08907036972615377
5000,785,corrected,psi0,0.9444944586258422,0.09361538062019022
5000,785,corrected,psi1,0.4593277505110086,0.10289641025828773
5000,786,naive,psi0,-0.3149246391329589,0.08153574451301704
5000,786,naive,psi1,0.07679684951143181,0.0884349180430559
5000,786,corrected,psi0,0.9569177314045462,0.09489995917487798
5000,786,corrected,psi1,0.5839099237844524,0.10366623856712905
5000,787,naive,psi0,-0.2793596477196884,0.08433878952106529
5000,787,naive,psi1,-0.05020203365135843,0.09173511321496167
5000,787,corrected,psi0,1.0077410203072343,0.09879693618689968
5000,787,corrected,psi1,0.4348268791257688,0.10754050483613842
5000,788,naive,psi0,-0.21282010035597404,0.08317241146595615
5000,788,naive,psi1,0.019540052327219996,0.08657948737323877
5000,788,corrected,psi0,1.0649993131587578,0.09725393343274008
5000,788,corrected,psi1,0.5104792257871678,0.10098096730241561
5000,789,naive,psi0,-0.2273909841967225,0.0784857914468161
5000,789,naive,psi1,0.0675293403972279,0.08585811049245826
5000,789,corrected,psi0,1.0309343128966346,0.09161933131028206
5000,789,corrected,psi1,0.6170976635890172,0.09936408334821478
5000,790,naive,psi0,-0.2783446961396519,0.08143082652585273
5000,790,naive,psi1,0.0025752453434986005,0.08827835286519155
5000,790,corrected,psi0,0.9730501534016932,0.09421949599812182
5000,790,corrected,psi1,0.49946757378633844,0.10205577745470315
5000,791,naive,psi0,-0.32888566232786315,0.08266906100768713
5000,791,naive,psi1,-0.20659386937159332,0.08667493184249053
5000,791,corrected,psi0,0.9300789249255351,0.09578680635199091
5000,791,corrected,psi1,0.23690332505063985,0.09962904527934631
5000,792,naive,psi0,-0.5383242709936539,0.0820473937507345
5000,792,naive,psi1,-0.1312929355028834,0.08834460359801011
5000,792,corrected,psi0,0.696865365413672,0.0956795966317917
5000,792,corrected,psi1,0.3830109816073453,0.10247492880702748
5000,793,naive,psi0,-0.29294497397411845,0.08126516074158562
5000,793,naive,psi1,0.03337424610834035,0.08670979633309982
5000,793,corrected,psi0,0.9612495676288874,0.094512997611952
5000,793,corrected,psi1,0.5589094308236688,0.10038924682658384
5000,794,naive,psi0,-0.3948087772021141,0.08373537319691597
5000,794,naive,psi1,-0.0068908749346411925,0.09104509748291847
5000,794,corrected,psi0,0.8608698583504879,0.09772507409724138
5000,794,corrected,psi1,0.514601348102378,0.10644130070353452
5000,795,naive,psi0,-0.23390610363384534,0.07999561019662484
5000,795,naive,psi1,-0.03192517525244003,0.08850079147182821
5000,795,corrected,psi0,1.0406402637797394,0.09321482248346691
5000,795,corrected,psi1,0.482029936451109,0.10344766988469652
5000,796,naive,psi0,-0.30742943035751813,0.0813590249589153
5000,796,naive,psi1,0.18157330735560262,0.08609226126344578
5000,796,corrected,psi0,0.9473596958872569,0.09495392998111739
5000,796,corrected,psi1,0.7202615494123679,0.10098721179363042
5000,797,naive,psi0,-0.26935352433929227,0.07799747870756002
5000,797,naive,psi1,-0.06052330814296301,0.08218942306149432
5000,797,corrected,psi0,0.9782749848654108,0.09131791254089733
5000,797,corrected,psi1,0.44904131116735185,0.09632827830459148
5000,798,naive,psi0,-0.33236231774857533,0.07892543995669105
5000,798,naive,psi1,0.13527734740663738,0.08280693510057859
5000,798,corrected,psi0,0.9433993119853468,0.09223541997548179
5000,798,corrected,psi1,0.6732130984443759,0.09680181591980692
5000,799,naive,psi0,-0.2399611366413364,0.07747763946836919
5000,799,naive,psi1,-0.024254228421336434,0.08407203644637364
5000,799,corrected,psi0,1.043018146744173,0.09025077398766514
5000,799,corrected,psi1,0.45501833413370557,0.09692774389236003
5000,800,naive,psi0,-0.17545835104185448,0.079630663486566
5000,800,naive,psi1,0.017871038806435903,0.08560818054694286
5000,800,corrected,psi0,1.128295854553979,0.09332218602791247
5000,800,corrected,psi1,0.554075472332149,0.10106149086703932
5000,801,naive,psi0,-0.35936895478452624,0.07919418402982714
5000,801,naive,psi1,0.011765441330845524,0.08196330476715023
5000,801,corrected,psi0,0.9220574607531002,0.09220432903491216
5000,801,corrected,psi1,0.5232662506399588,0.09534703174230447
5000,802,naive,psi0,-0.3013050201471923,0.08250743491162006
5000,802,naive,psi1,-0.1161732044472573,0.08570387848771475
5000,802,corrected,psi0,0.9376925061339926,0.09604512045735779
5000,802,corrected,psi1,0.4020539038870103,0.09972851381441636
5000,803,naive,psi0,-0.20135757608842605,0.08169506645923971
5000,803,naive,psi1,-0.08480865218910166,0.08570548596421193
5000,803,corrected,psi0,1.0992878972490483,0.09461775710410271
5000,803,corrected,psi1,0.4010613204167875,0.09876580933704426
5000,804,naive,psi0,-0.3016062188730392,0.07991401497012289
5000,804,naive,psi1,0.13482531582656399,0.08658278145837611
5000,804,corrected,psi0,0.9841012150023122,0.0929929432856385
5000,804,corrected,psi1,0.6311345031137087,0.09989843633373831
5000,805,naive,psi0,-0.35719037061309544,0.08062381333046868
5000,805,naive,psi1,0.19416966770514302,0.08114513673182935
5000,805,corrected,psi0,0.9041972202509524,0.09425236317657351
5000,805,corrected,psi1,0.7450419163630706,0.09714211686081825
5000,806,naive,psi0,-0.3895866995351102,0.07880095427814733
5000,806,naive,psi1,-0.022293229763366614,0.08904197086295215
5000,806,corrected,psi0,0.9034772327340614,0.09133689025729608
5000,806,corrected,psi1,0.4666975286625888,0.10157409176599928
5000,807,naive,psi0,-0.2715604924470732,0.08290575882530399
5000,807,naive,psi1,-0.058115736195737656,0.08862047216259394
5000,807,corrected,psi0,0.995932978861472,0.09666608154099583
5000,807,corrected,psi1,0.41037223470969403,0.10426054344872575
5000,808,naive,psi0,-0.33416199170724376,0.08271714820448516
5000,808,naive,psi1,0.13869973225877236,0.08744278663800609
5000,808,corrected,psi0,0.9556141072688088,0.0962272765869117
5000,808,corrected,psi1,0.6939776243674441,0.1017925520672021
5000,809,naive,psi0,-0.43221422298111095,0.08050579491029797
5000,809,naive,psi1,0.12950268447537044,0.08479235725203897
5000,809,corrected,psi0,0.7898685595030388,0.09357968132200217
5000,809,corrected,psi1,0.5998252589601721,0.09724695378476798
5000,810,naive,psi0,-0.21185539536959008,0.07911783789046332
5000,810,naive,psi1,0.020436268244331014,0.08122285502469706
5000,810,corrected,psi0,1.0537601026957815,0.0923833673501781
5000,810,corrected,psi1,0.5265000435432252,0.09524580809712811
5000,811,naive,psi0,-0.29548447621293533,0.08016783166239957
5000,811,naive,psi1,0.011228393220448078,0.08175155542260279
5000,811,corrected,psi0,0.963376809786812,0.09330258265651777
5000,811,corrected,psi1,0.5341534236212424,0.09463601164697792
5000,812,naive,psi0,-0.25225496355749233,0.07920688671816042
5000,812,naive,psi1,0.028062695900151518,0.08022888830464035
5000,812,corrected,psi0,1.04971475804862,0.09201310448825918
5000,812,corrected,psi1,0.49461846190404535,0.09307881161621226
5000,813,naive,psi0,-0.3163345735524941,0.08238031118480044
5000,813,naive,psi1,0.007648424852817889,0.08864946590977568
5000,813,corrected,psi0,0.9756563969585095,0.09590770905448781
5000,813,corrected,psi1,0.4987596174456691,0.1030178626884962
5000,814,naive,psi0,-0.32035725654770386,0.07951374249442247
5000,814,naive,psi1,-0.08493813328105133,0.08113681057924509
5000,814,corrected,psi0,0.996174975780459,0.09262913733098295
5000,814,corrected,psi1,0.4071283884919481,0.0950579713240915
5000,815,naive,psi0,-0.29639989139774503,0.08151821522048108
5000,815,naive,psi1,-0.05588708957378936,0.086962785058843
5000,815,corrected,psi0,0.9920410786574242,0.09501434727084962
5000,815,corrected,psi1,0.4438742700553105,0.10158810386570546
5000,816,naive,psi0,-0.2720630935891209,0.08015523004620054
5000,816,naive,psi1,0.06390963731626666,0.08872247025394027
5000,816,corrected,psi0,0.992926715926788,0.0931804848435669
5000,816,corrected,psi1,0.605595685847311,0.10178456766252254
5000,817,naive,psi0,-0.24823587580370285,0.08292688682897859
5000,817,naive,psi1,-0.11602759459091995,0.08449675563101956
5000,817,corrected,psi0,1.019547733551971,0.09625039400550031
5000,817,corrected,psi1,0.3521909460774935,0.09791881219315365
5000,818,naive,psi0,-0.29185668866920916,0.08021455739935945
5000,818,naive,psi1,0.02533877670913845,0.08377904805403613
5000,818,corrected,psi0,0.9591603566407698,0.09325827840085259
5000,818,corrected,psi1,0.4953846683295915,0.09666200564794236
5000,819,naive,psi0,-0.1110250130741778,0.08157176504192905
5000,819,naive,psi1,-0.06906567413027945,0.089776150967947
5000,819,corrected,psi0,1.17180316364145,0.09563945149394137
5000,819,corrected,psi1,0.40957176770916265,0.10556810304344152
5000,820,naive,psi0,-0.36824300175614527,0.08044702460567266
5000,820,naive,psi1,-0.14095565377466981,0.08707607412154081
5000,820,corrected,psi0,0.9079547949203064,0.09377452156595416
5000,820,corrected,psi1,0.32310968169596155,0.1017932808356385
5000,821,naive,psi0,-0.4595935906507234,0.08002451735490235
5000,821,naive,psi1,-0.009230242759822524,0.08302403885197587
5000,821,corrected,psi0,0.8018191786522681,0.09266667715745468
5000,821,corrected,psi1,0.5014607061389402,0.09576601640602844
5000,822,naive,psi0,-0.18981801578064997,0.0823916921617045
5000,822,naive,psi1,-0.019836764228061524,0.08602197738411387
5000,822,corrected,psi0,1.092057987696773,0.09599656339715919
5000,822,corrected,psi1,0.4868687576021155,0.09946104386036735
5000,823,naive,psi0,-0.43580573523341987,0.08087336199617569
5000,823,naive,psi1,0.09454200866869725,0.08476686011422528
5000,823,corrected,psi0,0.798148207095287,0.09322696517293487
5000,823,corrected,psi1,0.6091404604274689,0.0967035385512183
5000,824,naive,psi0,-0.3800026861379985,0.07970830818814623
5000,824,naive,psi1,0.08913516440998039,0.08290481369668902
5000,824,corrected,psi0,0.8826999114163704,0.09300385688261358
5000,824,corrected,psi1,0.5895695825717344,0.09732137045484585
5000,825,naive,psi0,-0.23267428662460557,0.07855101096449081
5000,825,naive,psi1,-0.05019227644467332,0.08222234782017047
5000,825,corrected,psi0,1.0894568385810057,0.0913427403640664
5000,825,corrected,psi1,0.4391975368640759,0.09526465454963975
5000,826,naive,psi0,-0.18316603721475494,0.08062809445171591
5000,826,naive,psi1,0.01975719202570703,0.08752279169155366
5000,826,corrected,psi0,1.1304359121693732,0.09375663309102202
5000,826,corrected,psi1,0.5515234939920794,0.10222351022317584
5000,827,naive,psi0,-0.30442660574150365,0.08052087827261037
5000,827,naive,psi1,0.1507307865026088,0.0849999190083639
5000,827,corrected,psi0,1.021427677585602,0.09396695810324739
5000,827,corrected,psi1,0.6740486223567075,0.09935865033156108
5000,828,naive,psi0,-0.36683946175838666,0.07756187346029947
5000,828,naive,psi1,0.11858622127785094,0.08035079668297614
5000,828,corrected,psi0,0.9244585586700796,0.09023238813253853
5000,828,corrected,psi1,0.6113167751084759,0.09430941860297194
5000,829,naive,psi0,-0.24612496734891798,0.08249703413449225
5000,829,naive,psi1,0.10556433637747588,0.09281470712429488
5000,829,corrected,psi0,1.012601716285649,0.09587426914673648
5000,829,corrected,psi1,0.5957581876970638,0.10664705167241902
5000,830,naive,psi0,-0.3625080081758029,0.0822314130823783
5000,830,naive,psi1,-0.0470235619285535,0.0910624173924417
5000,830,corrected,psi0,0.9164395963808005,0.0949690831763923
5000,830,corrected,psi1,0.44786942666368873,0.10472199598006493
5000,831,naive,psi0,-0.2616568457649935,0.07985403189606208
5000,831,naive,psi1,-0.07148379525065665,0.08580781985375084
5000,831,corrected,psi0,1.032175504589853,0.09316184355541395
5000,831,corrected,psi1,0.43464503698668283,0.10191947664181886
5000,832,naive,psi0,-0.28815370223222164,0.07898030758425399
5000,832,naive,psi1,0.014148475502713379,0.08338924848270206
5000,832,corrected,psi0,0.9813415183257748,0.09255263380964189
5000,832,corrected,psi1,0.5080117741217172,0.09702311453244716
5000,833,naive,psi0,-0.26250738070596197,0.07909064621243087
5000,833,naive,psi1,-0.09877276045709457,0.08596555732318512
5000,833,corrected,psi0,1.0035459256904307,0.09231825244022879
5000,833,corrected,psi1,0.4228820595546195,0.1012573229799918
5000,834,naive,psi0,-0.4061721801209886,0.07921893839425642
5000,834,naive,psi1,-0.09713681273762415,0.07860882132006859
5000,834,corrected,psi0,0.8454378830935689,0.09222574004522403
5000,834,corrected,psi1,0.3914310642506922,0.09152219229628065
5000,835,naive,psi0,-0.34619717876685346,0.0782069443512244
5000,835,naive,psi1,0.15476481040472984,0.08154005053975816
5000,835,corrected,psi0,0.9241237549349078,0.0909959073185594
5000,835,corrected,psi1,0.6805637691825395,0.09529695418130833
5000,836,naive,psi0,-0.3404018095361342,0.07928201513366454
5000,836,naive,psi1,0.0787551572039587,0.08083834945606815
5000,836,corrected,psi0,0.9396282759103642,0.09231232552862446
5000,836,corrected,psi1,0.6004956151709403,0.09385206880176618
5000,837,naive,psi0,-0.399633554938222,0.08181778754485804
5000,837,naive,psi1,0.08162942479606712,0.08711888449904977
5000,837,corrected,psi0,0.8988512723804131,0.09566898438455035
5000,837,corrected,psi1,0.5639499312472197,0.10214493869427675
5000,838,naive,psi0,-0.26080447815945096,0.08394699343886702
5000,838,naive,psi1,0.02808426467204399,0.08571131044852916
5000,838,corrected,psi0,1.0188622666660359,0.09764937643872189
5000,838,corrected,psi1,0.5156438325612485,0.09977475249161256
5000,839,naive,psi0,-0.3495745908068576,0.08201835716128003
5000,839,naive,psi1,0.09568836517204533,0.08941503391356943
5000,839,corrected,psi0,0.8967946240055084,0.09583361385186161
5000,839,corrected,psi1,0.621163946006827,0.1040334362701084
5000,840,naive,psi0,-0.2622930030206239,0.08175168318821058
5000,840,naive,psi1,-0.09335382502717,0.08743539352017862
5000,840,corrected,psi0,1.0242936606229025,0.09513536810744738
5000,840,corrected,psi1,0.3819883527512294,0.10274244945920903
5000,841,naive,psi0,-0.28505578642254303,0.08142838556553127
5000,841,naive,psi1,0.028359644676038676,0.08724345815564084
5000,841,corrected,psi0,1.0086882108339645,0.09423410958965697
5000,841,corrected,psi1,0.508510636684373,0.10147306685913197
5000,842,naive,psi0,-0.10800702740349483,0.08115377252170256
5000,842,naive,psi1,0.0033114915178265236,0.08364451939958724
5000,842,corrected,psi0,1.2030104736800988,0.0948406213762928
5000,842,corrected,psi1,0.5063361009076472,0.09790027602231745
5000,843,naive,psi0,-0.2660300817119618,0.07894970899567202
5000,843,naive,psi1,-0.15503449489963883,0.08663738154887211
5000,843,corrected,psi0,0.9759079138424812,0.09197067063590426
5000,843,corrected,psi1,0.3277932747146802,0.1014069625440442
5000,844,naive,psi0,-0.2885130156447091,0.07713176101581871
5000,844,naive,psi1,-0.025482047324141294,0.08154202040897647
5000,844,corrected,psi0,0.9747995271278799,0.0891234058789982
5000,844,corrected,psi1,0.458135456417118,0.09331465939803789
5000,845,naive,psi0,-0.2550935085602609,0.08465154280570938
5000,845,naive,psi1,0.049827427100762406,0.0907523571390923
5000,845,corrected,psi0,1.033934125194299,0.09841479113779182
5000,845,corrected,psi1,0.5721913167624625,0.1054987759693691
5000,846,naive,psi0,-0.25260314462674344,0.07899541470672304
5000,846,naive,psi1,0.09947158435014682,0.08165813855184165
5000,846,corrected,psi0,1.0419430787222719,0.0915459137430065
5000,846,corrected,psi1,0.587702026385313,0.09500537276374435
5000,847,naive,psi0,-0.37754133839785553,0.08204919674722042
5000,847,naive,psi1,-0.03503588254287251,0.08339879826583059
5000,847,corrected,psi0,0.8755546222898815,0.09504049998602276
5000,847,corrected,psi1,0.46202670176285093,0.09659658770666191
5000,848,naive,psi0,-0.3255119216988354,0.08379626966064424
5000,848,naive,psi1,0.003967558512572367,0.0877260077356816
5000,848,corrected,psi0,0.9520071077483884,0.09744975473868797
5000,848,corrected,psi1,0.50254478931966,0.10233446399660859
5000,849,naive,psi0,-0.3102455168649788,0.08362657791720984
5000,849,naive,psi1,-0.07173100842048759,0.08871042076994458
5000,849,corrected,psi0,0.9640086810328582,0.09839283528143403
5000,849,corrected,psi1,0.38605630548484793,0.10367760160671177
5000,850,naive,psi0,-0.42609071935169784,0.08089578034194027
5000,850,naive,psi1,0.025826133061369286,0.0811665901374111
5000,850,corrected,psi0,0.8363441653027303,0.09433870754164139
5000,850,corrected,psi1,0.5329489258555155,0.09465128795454907
5000,851,naive,psi0,-0.21091357681124484,0.08188507353677593
5000,851,naive,psi1,0.10454092833069742,0.08579358197364576
5000,851,corrected,psi0,1.0471838360891264,0.09499177839805995
5000,851,corrected,psi1,0.6479639806869664,0.10205254463653324
5000,852,naive,psi0,-0.38491947643788005,0.08066041056633778
5000,852,naive,psi1,-0.039258109168542596,0.08512252058432922
5000,852,corrected,psi0,0.8695502137166488,0.09389460465462497
5000,852,corrected,psi1,0.4181607735241904,0.09866690206695454
5000,853,naive,psi0,-0.25370439862136684,0.07838718791357183
5000,853,naive,psi1,0.13871978843191093,0.07802346495461304
5000,853,corrected,psi0,1.0227581856766919,0.09112406094172176
5000,853,corrected,psi1,0.6620496850901002,0.09040841106366086
5000,854,naive,psi0,-0.3185416619674611,0.07963645818847626
5000,854,naive,psi1,0.01846552081213748,0.0816970087957696
5000,854,corrected,psi0,0.9490348274780219,0.0931466045849445
5000,854,corrected,psi1,0.527397153647241,0.09533980097862572
5000,855,naive,psi0,-0.27475316948570666,0.08042010799136458
5000,855,naive,psi1,-0.005694415859884703,0.08631397149939232
5000,855,corrected,psi0,1.0023963013301447,0.09351561404552426
5000,855,corrected,psi1,0.517312057746274,0.10015100347859962
5000,856,naive,psi0,-0.1504856309153214,0.07973557453943086
5000,856,naive,psi1,0.019374206546005617,0.08108255854067685
5000,856,corrected,psi0,1.1385024288170722,0.09318575658624452
5000,856,corrected,psi1,0.4939021154542739,0.09443698395254553
5000,857,naive,psi0,-0.27669547979158626,0.08421064014380795
5000,857,naive,psi1,0.0013924412202171315,0.09120075890417696
5000,857,corrected,psi0,0.9864953400659177,0.0982186837204492
5000,857,corrected,psi1,0.46688849533729415,0.10691982727335039
5000,858,naive,psi0,-0.12193185010621463,0.0806255255427521
5000,858,naive,psi1,0.01372839154570093,0.08799332304196672
5000,858,corrected,psi0,1.162352493293382,0.09349549961323045
5000,858,corrected,psi1,0.5324702689282612,0.10224982252621306
5000,859,naive,psi0,-0.09527620371783722,0.07986289711311456
5000,859,naive,psi1,-0.01975635176742283,0.08670526290913359
5000,859,corrected,psi0,1.1871866431461389,0.0932501339020295
5000,859,corrected,psi1,0.49713164773526597,0.1011299433087115
5000,860,naive,psi0,-0.12938961899491375,0.08186706976779534
5000,860,naive,psi1,0.1318533721486342,0.09220595911413923
5000,860,corrected,psi0,1.1976407071435824,0.09530201706133332
5000,860,corrected,psi1,0.6185288474696772,0.10706793284921906
5000,861,naive,psi0,-0.3555577878438328,0.08190061663521177
5000,861,naive,psi1,-0.1931531440022544,0.08760324501632115
5000,861,corrected,psi0,0.8914630726490226,0.09556808229987739
5000,861,corrected,psi1,0.2765837637610171,0.10259641009063032
5000,862,naive,psi0,-0.27622709598786405,0.08260846030830135
5000,862,naive,psi1,-0.02949105275751158,0.08522754735018502
5000,862,corrected,psi0,0.9923816477427173,0.09611407608216797
5000,862,corrected,psi1,0.45903741935773495,0.09901802020014142
5000,863,naive,psi0,-0.24357519049669246,0.08096119661484828
5000,863,naive,psi1,-0.04720083751214786,0.08677803491453394
5000,863,corrected,psi0,1.043226122089672,0.09421720569841309
5000,863,corrected,psi1,0.4558620276376851,0.10130550906924468
5000,864,naive,psi0,-0.2554345722689922,0.08125068230773545
5000,864,naive,psi1,0.024993700383272754,0.08348329728740576
5000,864,corrected,psi0,1.0416144422774558,0.09397213103561346
5000,864,corrected,psi1,0.49885209197769137,0.0962704119269903
5000,865,naive,psi0,-0.3232178434682057,0.08050896043777975
5000,865,naive,psi1,-0.12520336309288616,0.08297986555786249
5000,865,corrected,psi0,0.9496526813163783,0.09426679592030054
5000,865,corrected,psi1,0.3368297011006392,0.09585736793000596
5000,866,naive,psi0,-0.2806801269806571,0.0837649752683612
5000,866,naive,psi1,0.14909643820738647,0.09230794663518146
5000,866,corrected,psi0,1.0034490502653324,0.09725408734280282
5000,866,corrected,psi1,0.6825356405631977,0.10693931116178977
5000,867,naive,psi0,-0.44178646659117676,0.07829732975410847
5000,867,naive,psi1,0.09338308209147513,0.08108755924406082
5000,867,corrected,psi0,0.8185663196251506,0.09131159107207677
5000,867,corrected,psi1,0.6026746426898064,0.0956468967373344
5000,868,naive,psi0,-0.14981219927702513,0.0791680142785108
5000,868,naive,psi1,0.031029765379715062,0.08345414097224381
5000,868,corrected,psi0,1.1439709243541996,0.09271438337782974
5000,868,corrected,psi1,0.5635972507858079,0.09716264208982514
5000,869,naive,psi0,-0.3062273107695909,0.08112477212561577
5000,869,naive,psi1,-0.06629371741163059,0.08714997445460955
5000,869,corrected,psi0,0.9773898311440862,0.09467925971271166
5000,869,corrected,psi1,0.38735899208496305,0.10193550933418995
5000,870,naive,psi0,-0.35425066680554357,0.08048473737099748
5000,870,naive,psi1,0.0006355517553426818,0.08793735218847644
5000,870,corrected,psi0,0.9154736582830937,0.09379766425267715
5000,870,corrected,psi1,0.47955137917096236,0.10248189122629153
5000,871,naive,psi0,-0.37483806969252426,0.08177329212751813
5000,871,naive,psi1,0.03078813719276528,0.0878248990093208
5000,871,corrected,psi0,0.8930629443972159,0.09521750423228804
5000,871,corrected,psi1,0.4785536557729032,0.10247404154751179
5000,872,naive,psi0,-0.2521908336819639,0.08059152546173293
5000,872,naive,psi1,0.06755186822692955,0.08632419064692624
5000,872,corrected,psi0,1.013118150364033,0.09404448161238321
5000,872,corrected,psi1,0.5935177420934489,0.09994827284017731
5000,873,naive,psi0,-0.3404554729085328,0.08039416572102631
5000,873,naive,psi1,0.03630987253352886,0.08369234447691117
5000,873,corrected,psi0,0.9060963650122738,0.0934475829676067
5000,873,corrected,psi1,0.5498790211390213,0.09713874496772468
5000,874,naive,psi0,-0.25439679804501153,0.08145779882175407
5000,874,naive,psi1,-0.1100544060764581,0.08425894337720122
5000,874,corrected,psi0,1.031738429232867,0.09429124384588577
5000,874,corrected,psi1,0.34609784987195985,0.09705940274506047
5000,875,naive,psi0,-0.3491305675236181,0.07966984744238492
5000,875,naive,psi1,-0.09002588887165817,0.08520417061069212
5000,875,corrected,psi0,0.8768869790729628,0.09378118681836174
5000,875,corrected,psi1,0.3987761377505048,0.10307298854135886
5000,876,naive,psi0,-0.386275186973767,0.08137602003621597
5000,876,naive,psi1,0.019784668748810772,0.08581241634996883
5000,876,corrected,psi0,0.890153900327255,0.09471017616718908
5000,876,corrected,psi1,0.4751226947390829,0.09996796695440496
5000,877,naive,psi0,-0.3581574077112432,0.08077776962316777
5000,877,naive,psi1,0.1116896947553806,0.08697310781133266
5000,877,corrected,psi0,0.8908389080511644,0.09394161233574544
5000,877,corrected,psi1,0.6202079935713156,0.101251366626598
5000,878,naive,psi0,-0.21179962277223174,0.0818433899974766
5000,878,naive,psi1,0.05713354158404933,0.08911822870308764
5000,878,corrected,psi0,1.0883532118265635,0.09540769336707396
5000,878,corrected,psi1,0.5654909433827179,0.10457567454971546
5000,879,naive,psi0,-0.3509584326360944,0.0800343640643289
5000,879,naive,psi1,-0.020841995645349908,0.08607878786999397
5000,879,corrected,psi0,0.9333758260736588,0.09310914144763405
5000,879,corrected,psi1,0.45339882196517794,0.10043991802039315
5000,880,naive,psi0,-0.3349546002545136,0.0810046829726956
5000,880,naive,psi1,0.011279226228525202,0.08805260859478556
5000,880,corrected,psi0,0.9079889589111538,0.09402184061518089
5000,880,corrected,psi1,0.5205064514741258,0.10282615770607384
5000,881,naive,psi0,-0.39386201942194093,0.08019959162448494
5000,881,naive,psi1,-0.09466199696447765,0.08317259688233017
5000,881,corrected,psi0,0.8800187949130476,0.09361629700207398
5000,881,corrected,psi1,0.39660718676922213,0.09833149184647999
5000,882,naive,psi0,-0.2715205842046263,0.07950624511949675
5000,882,naive,psi1,-0.04171605646609302,0.08577757228295634
5000,882,corrected,psi0,1.0337604950446744,0.092500654020788
5000,882,corrected,psi1,0.46391427540345215,0.09970460404775075
5000,883,naive,psi0,-0.21882766533878723,0.08134366278713329
5000,883,naive,psi1,0.11141009344594967,0.0853856763462068
5000,883,corrected,psi0,1.0361029456485003,0.094948089299351
5000,883,corrected,psi1,0.5962471778379924,0.09860759028917393
5000,884,naive,psi0,-0.3626992963218699,0.07854776707596274
5000,884,naive,psi1,0.008242349443101009,0.08506368653066392
5000,884,corrected,psi0,0.8766610939424399,0.09207449749568994
5000,884,corrected,psi1,0.5219429363499343,0.10105194480949319
5000,885,naive,psi0,-0.3223129916734615,0.07978741183497208
5000,885,naive,psi1,-0.12230441984515046,0.08963338642369466
5000,885,corrected,psi0,0.9451242903471102,0.09200159970625862
5000,885,corrected,psi1,0.3640946146005817,0.10306062985936314
5000,886,naive,psi0,-0.257275759258544,0.0807500582078541
5000,886,naive,psi1,0.09950153637899396,0.08474923778115133
5000,886,corrected,psi0,1.0118459868835437,0.09400649465849843
5000,886,corrected,psi1,0.617984975468216,0.09908419675143783
5000,887,naive,psi0,-0.20169219587859202,0.08275990059816345
5000,887,naive,psi1,0.08650109280350633,0.08646546373174117
5000,887,corrected,psi0,1.037235047283029,0.09580486011504709
5000,887,corrected,psi1,0.583626917881796,0.10039142454459572
5000,888,naive,psi0,-0.33091622184316904,0.08254415464431067
5000,888,naive,psi1,0.028094053873144714,0.08601791554278057
5000,888,corrected,psi0,0.9434518361166792,0.09673440152323906
5000,888,corrected,psi1,0.5116634173167084,0.1001457796528355
5000,889,naive,psi0,-0.17862268097586306,0.0851662734087731
5000,889,naive,psi1,0.13779652054477648,0.09026371307598749
5000,889,corrected,psi0,1.1013085993458287,0.0994358419796171
5000,889,corrected,psi1,0.6601631038148231,0.10661260814514552
5000,890,naive,psi0,-0.3096884109236799,0.07989523444123911
5000,890,naive,psi1,0.10747222708392566,0.08584611768292527
5000,890,corrected,psi0,0.950996461072996,0.09306192384609727
5000,890,corrected,psi1,0.5905852334853494,0.10089134708633814
5000,891,naive,psi0,-0.3343047044802227,0.080400292823785
5000,891,naive,psi1,0.040241995253151655,0.08400842861550044
5000,891,corrected,psi0,0.9209995256942973,0.09321478206307109
5000,891,corrected,psi1,0.5671174439567002,0.09757622708826981
5000,892,naive,psi0,-0.2872922720395286,0.08116378277919596
5000,892,naive,psi1,0.1658759346129845,0.08733124695402204
5000,892,corrected,psi0,1.0007522527757533,0.09546097125896366
5000,892,corrected,psi1,0.7024913539606759,0.10343916538743092
5000,893,naive,psi0,-0.2261637516920476,0.07982409313164136
5000,893,naive,psi1,-0.012878924922673859,0.08632402416071971
5000,893,corrected,psi0,1.1169989922660652,0.0932062423276775
5000,893,corrected,psi1,0.48215613697791826,0.09946785959525226
5000,894,naive,psi0,-0.37247789293600636,0.08156642619779653
5000,894,naive,psi1,0.003945386028114237,0.08340399605695235
5000,894,corrected,psi0,0.8714610615584477,0.09461028112827241
5000,894,corrected,psi1,0.5016340238960817,0.0965965918670965
5000,895,naive,psi0,-0.29170344475570437,0.0796950810087898
5000,895,naive,psi1,-0.03440340105502435,0.08723959879163959
5000,895,corrected,psi0,1.010051032624569,0.09233263255732843
5000,895,corrected,psi1,0.461388553683537,0.101498073393292
5000,896,naive,psi0,-0.30236693553896826,0.0808065218524291
5000,896,naive,psi1,-0.10676337771692605,0.08534794909167763
5000,896,corrected,psi0,1.0228300404934187,0.09413833897225234
5000,896,corrected,psi1,0.39445325689239613,0.10129460913071646
5000,897,naive,psi0,-0.22102841777658563,0.0818502348236098
5000,897,naive,psi1,0.06046976411204192,0.08626998423318596
5000,897,corrected,psi0,1.0476338387364883,0.09562126945965943
5000,897,corrected,psi1,0.6253090879030929,0.1010530824459713
5000,898,naive,psi0,-0.18367872436629978,0.08064476613584194
5000,898,naive,psi1,0.11213053851664052,0.08321491278030707
5000,898,corrected,psi0,1.1249083416111239,0.09326207307869736
5000,898,corrected,psi1,0.6382180679945341,0.09694999866473232
5000,899,naive,psi0,-0.1894864654455352,0.08058806011938478
5000,899,naive,psi1,0.09505364510030685,0.086437447390059
5000,899,corrected,psi0,1.1441042065211844,0.093876517922425
5000,899,corrected,psi1,0.6044740346967702,0.09971818711117629
5000,900,naive,psi0,-0.2071133048249414,0.0793335463921366
5000,900,naive,psi1,0.07312979892200785,0.08260713725272935
5000,900,corrected,psi0,1.0878074238604765,0.0930910221916714
5000,900,corrected,psi1,0.590314759512532,0.09609298311646733
5000,901,naive,psi0,-0.29899800438636454,0.08215669445252306
5000,901,naive,psi1,0.03583452533408003,0.0849100171979043
5000,901,corrected,psi0,0.9857730668958431,0.09540256304718528
5000,901,corrected,psi1,0.5374571222948378,0.09824344171132064
5000,902,naive,psi0,-0.23421186287215026,0.08334865083160468
5000,902,naive,psi1,-0.03013787684956955,0.08848552516652038
5000,902,corrected,psi0,1.0184267667634723,0.09732735623986022
5000,902,corrected,psi1,0.5108113499805924,0.10283935695259115
5000,903,naive,psi0,-0.2839394301537264,0.08230333236789882
5000,903,naive,psi1,-0.035652465435285774,0.08373814192302759
5000,903,corrected,psi0,0.9810571681019293,0.0964343200740978
5000,903,corrected,psi1,0.4627105994434853,0.09823642582872726
5000,904,naive,psi0,-0.134257031305394,0.07869019132188666
5000,904,naive,psi1,-0.1151663603740536,0.08257349423516595
5000,904,corrected,psi0,1.1442792963941015,0.09165996055988937
5000,904,corrected,psi1,0.35246818192698476,0.09542932098312652
5000,905,naive,psi0,-0.27732505107223754,0.0805286884198811
5000,905,naive,psi1,0.011024436695144102,0.08645006945216599
5000,905,corrected,psi0,1.0018207206319782,0.09390988802295831
5000,905,corrected,psi1,0.527639295909592,0.10084743415278989
5000,906,naive,psi0,-0.24967711012194788,0.0808784375968099
5000,906,naive,psi1,-0.011597373522266556,0.08531106014305881
5000,906,corrected,psi0,1.022736382802473,0.09444068238858228
5000,906,corrected,psi1,0.4748595453190318,0.10020328384405701
5000,907,naive,psi0,-0.2245052761406456,0.07841821858607582
5000,907,naive,psi1,-0.010302953042025406,0.08525538600699144
5000,907,corrected,psi0,1.0480773171102875,0.09073244642745924
5000,907,corrected,psi1,0.4960522143743537,0.09881212467262648
5000,908,naive,psi0,-0.4451805915002324,0.07870898150891455
5000,908,naive,psi1,-0.02757149033887609,0.08313995740041566
5000,908,corrected,psi0,0.8102764931742,0.09169125113985621
5000,908,corrected,psi1,0.4656906301335745,0.09677151695029287
5000,909,naive,psi0,-0.18670078557919817,0.08329186006589037
5000,909,naive,psi1,0.04598945355195622,0.08907254980123461
5000,909,corrected,psi0,1.0977648390711237,0.0967959447361865
5000,909,corrected,psi1,0.576821530380881,0.1047521302986663
5000,910,naive,psi0,-0.3377148696513175,0.08318216132081434
5000,910,naive,psi1,0.11128701879185093,0.0856370462114187
5000,910,corrected,psi0,0.924391925530517,0.09673576526413445
5000,910,corrected,psi1,0.6136561741877997,0.10020121382498855
5000,911,naive,psi0,-0.2625119395141551,0.08233869572999931
5000,911,naive,psi1,-0.07961878389273125,0.08343245636037351
5000,911,corrected,psi0,1.0079349891606888,0.09563667712209696
5000,911,corrected,psi1,0.4340288651385133,0.09854277106134077
5000,912,naive,psi0,-0.23181079998502832,0.08178538267701395
5000,912,naive,psi1,0.005181196169829611,0.0867128610523602
5000,912,corrected,psi0,1.0492796452772573,0.09512534496842528
5000,912,corrected,psi1,0.5010321311233719,0.10125456305909292
5000,913,naive,psi0,-0.37214111714260417,0.08212642946560564
5000,913,naive,psi1,0.11871666191448618,0.08292546922467035
5000,913,corrected,psi0,0.942878768891252,0.095154861068509
5000,913,corrected,psi1,0.6270122435010053,0.09658239123770822
5000,914,naive,psi0,-0.02262289538179133,0.08123211976010736
5000,914,naive,psi1,0.05786792987830209,0.0826425580603633
5000,914,corrected,psi0,1.2900997968463372,0.094732429801101
5000,914,corrected,psi1,0.5747840369271198,0.09593509260210367
5000,915,naive,psi0,-0.42965474664885106,0.08024649668769122
5000,915,naive,psi1,-0.07161472472997435,0.08253618670143152
5000,915,corrected,psi0,0.8120791621225284,0.09409082376158726
5000,915,corrected,psi1,0.4018467710103525,0.09594554206887522
5000,916,naive,psi0,-0.33598613942310956,0.08109624571668068
5000,916,naive,psi1,-0.005052586820567149,0.08776295424621251
5000,916,corrected,psi0,0.9254439949677031,0.09372234525247161
5000,916,corrected,psi1,0.4837775705079901,0.10143997547716915
5000,917,naive,psi0,-0.25742984327886476,0.07944144528994332
5000,917,naive,psi1,-0.21312169838937153,0.084765752518847
5000,917,corrected,psi0,0.991577982624343,0.09278898596986433
5000,917,corrected,psi1,0.2874947442954164,0.10023552228678259
5000,918,naive,psi0,-0.159149605564723,0.08139253490901183
5000,918,naive,psi1,0.047510768387103296,0.08710680637372868
5000,918,corrected,psi0,1.1613447854453722,0.0945215508914407
5000,918,corrected,psi1,0.541112599758129,0.1008073325736414
5000,919,naive,psi0,-0.18559131181358102,0.08407011682980976
5000,919,naive,psi1,-0.04975162741817677,0.08650963530585595
5000,919,corrected,psi0,1.1218331606387952,0.09734430667379716
5000,919,corrected,psi1,0.44432603917742375,0.0991347036636861
5000,920,naive,psi0,-0.1357802507255669,0.08163637545613436
5000,920,naive,psi1,0.01254284037951995,0.08882528952773323
5000,920,corrected,psi0,1.161716487039418,0.09497559405179307
5000,920,corrected,psi1,0.5282788361943785,0.10401601358424915
5000,921,naive,psi0,-0.15047437010583176,0.08162391171670608
5000,921,naive,psi1,0.026603829552450338,0.08373695791586011
5000,921,corrected,psi0,1.163457944009622,0.0952890558024804
5000,921,corrected,psi1,0.5056599412625085,0.0979982161697271
5000,922,naive,psi0,-0.12955738523558563,0.08384755807912277
5000,922,naive,psi1,0.0024744092780916364,0.08742240698918921
5000,922,corrected,psi0,1.1651768348718694,0.09792236746410102
5000,922,corrected,psi1,0.4973981200462352,0.1025549860463379
5000,923,naive,psi0,-0.3348611379206521,0.08178189032980199
5000,923,naive,psi1,0.1410344892918019,0.0931367143093538
5000,923,corrected,psi0,0.9188626559895932,0.09518969594414509
5000,923,corrected,psi1,0.6620586409404342,0.10848182734570812
5000,924,naive,psi0,-0.29460397992140624,0.08433911954905776
5000,924,naive,psi1,0.09023481775736684,0.08793072343978385
5000,924,corrected,psi0,0.9906206315009229,0.09807384965718688
5000,924,corrected,psi1,0.5944375350211978,0.10232758776311252
5000,925,naive,psi0,-0.3300876114545758,0.08039013740949097
5000,925,naive,psi1,-0.09367132572856554,0.08316345524549575
5000,925,corrected,psi0,0.9617242890593731,0.09277960416003472
5000,925,corrected,psi1,0.3924572821172056,0.09459772966991656
5000,926,naive,psi0,-0.2262012453651134,0.08044509771545294
5000,926,naive,psi1,0.1183100940428591,0.07871414314175712
5000,926,corrected,psi0,1.022762680310916,0.09360684482033187
5000,926,corrected,psi1,0.6729253430494146,0.09246178315410129
5000,927,naive,psi0,-0.1418753186337139,0.08160164803168327
5000,927,naive,psi1,-0.0679870312795454,0.08751461432472829
5000,927,corrected,psi0,1.1828049628808062,0.09502364787016444
5000,927,corrected,psi1,0.4219226282811657,0.10128137330229534
5000,928,naive,psi0,-0.2761600487374843,0.08063676000836345
5000,928,naive,psi1,0.014542294186183309,0.08203220931226048
5000,928,corrected,psi0,1.0052152065543003,0.09396536239837852
5000,928,corrected,psi1,0.5309903005399241,0.09528846858514832
5000,929,naive,psi0,-0.44116991425405583,0.08154923264183837
5000,929,naive,psi1,-0.13633962243228304,0.08166248147182298
5000,929,corrected,psi0,0.7995069284430409,0.09524665940091016
5000,929,corrected,psi1,0.33279113829412527,0.0959686713135163
5000,930,naive,psi0,-0.4016239267249706,0.08243851805249817
5000,930,naive,psi1,-0.0798248717150047,0.08862380305618109
5000,930,corrected,psi0,0.8449683946499501,0.09610854633118054
5000,930,corrected,psi1,0.4032460006730158,0.10364123409393515
5000,931,naive,psi0,-0.34520222248992694,0.08063384058146535
5000,931,naive,psi1,-0.047291693603635346,0.08588663412451027
5000,931,corrected,psi0,0.921783884227878,0.09444292701315157
5000,931,corrected,psi1,0.40425557801890444,0.10141359121920031
5000,932,naive,psi0,-0.276130318906655,0.0816091985633568
5000,932,naive,psi1,0.13216745033391106,0.08392995713095576
5000,932,corrected,psi0,0.9726709878553436,0.09534689192133688
5000,932,corrected,psi1,0.6272011267462048,0.09909889396986735
5000,933,naive,psi0,-0.23641097821052434,0.08011121157628588
5000,933,naive,psi1,-0.06423775748012144,0.08593424659994787
5000,933,corrected,psi0,1.025012515487673,0.0930037680468899
5000,933,corrected,psi1,0.42644468384137696,0.10082548703911132
5000,934,naive,psi0,-0.25392684167968765,0.0816291080608012
5000,934,naive,psi1,-0.12913743560567098,0.08756829062201817
5000,934,corrected,psi0,1.0319793151539844,0.09540108648430047
5000,934,corrected,psi1,0.3749448491781056,0.10221723404277198
5000,935,naive,psi0,-0.2411386845260148,0.0833473809377724
5000,935,naive,psi1,-0.058861662746848294,0.08678544849444056
5000,935,corrected,psi0,1.0130519932544415,0.09726598849602473
5000,935,corrected,psi1,0.41993619368260793,0.10141531947215911
5000,936,naive,psi0,-0.16199739440146022,0.08131444327001888
5000,936,naive,psi1,0.1227381823653821,0.08794001274358262
5000,936,corrected,psi0,1.1304101475133679,0.09419565180511281
5000,936,corrected,psi1,0.6519390922396902,0.10198244725585259
5000,937,naive,psi0,-0.34284651485735207,0.08196604323456452
5000,937,naive,psi1,0.11095126923217262,0.08546430321258455
5000,937,corrected,psi0,0.9000236846104132,0.09630595272904066
5000,937,corrected,psi1,0.6434101793757527,0.10072151594910597
5000,938,naive,psi0,-0.3852916534972023,0.083196356951373
5000,938,naive,psi1,-0.019630151232864514,0.08998656895331394
5000,938,corrected,psi0,0.8962749917504544,0.09740462001386667
5000,938,corrected,psi1,0.44856021008266117,0.1055091168096842
5000,939,naive,psi0,-0.38686213837372196,0.07795937546456487
5000,939,naive,psi1,0.15778098483177327,0.08026868834784867
5000,939,corrected,psi0,0.8976111405974823,0.09067484420383942
5000,939,corrected,psi1,0.657229663223616,0.09314412071654528
5000,940,naive,psi0,-0.22059992264257136,0.07871032963152719
5000,940,naive,psi1,-0.011353872428135419,0.08456538387034412
5000,940,corrected,psi0,1.0476164384375313,0.09265970608374689
5000,940,corrected,psi1,0.5161258308009365,0.09995118057462854
5000,941,naive,psi0,-0.21789274920648266,0.0813061938992669
5000,941,naive,psi1,0.08274916851168669,0.08568749855423305
5000,941,corrected,psi0,1.096105616072825,0.09456072914308715
5000,941,corrected,psi1,0.5877227729275114,0.10110781118406652
5000,942,naive,psi0,-0.1677024165476084,0.08090707017986037
5000,942,naive,psi1,-0.0017330978011406671,0.08260132231903494
5000,942,corrected,psi0,1.1034430903350356,0.09430749540457117
5000,942,corrected,psi1,0.5132118233757865,0.09603078164869457
5000,943,naive,psi0,-0.26750502504809864,0.07966033321259502
5000,943,naive,psi1,0.01525255924433347,0.08609135702900816
5000,943,corrected,psi0,1.0016892533750972,0.09230494776116308
5000,943,corrected,psi1,0.5116026447794737,0.09864795018362485
5000,944,naive,psi0,-0.07228823027229728,0.079731855045687
5000,944,naive,psi1,0.10798145549472635,0.08328317613676768
5000,944,corrected,psi0,1.204998833437365,0.09245496969080162
5000,944,corrected,psi1,0.6282012875092927,0.09795433115585717
5000,945,naive,psi0,-0.28651141458247736,0.082129511059165
5000,945,naive,psi1,0.009468561782552468,0.08490718672470042
5000,945,corrected,psi0,0.9769880467311685,0.09642106798590042
5000,945,corrected,psi1,0.5496290518334582,0.09859830275019019
5000,946,naive,psi0,-0.2963046968238964,0.08106338203134812
5000,946,naive,psi1,0.02513873332054829,0.08533501977790763
5000,946,corrected,psi0,0.9753135951516078,0.09478355024337276
5000,946,corrected,psi1,0.4926181624027321,0.1002962373808593
5000,947,naive,psi0,-0.2388787555766126,0.08108127605026409
5000,947,naive,psi1,0.034049723469184834,0.08518817106620898
5000,947,corrected,psi0,1.059533078646238,0.09399763424313017
5000,947,corrected,psi1,0.5288644544916028,0.09852157127433545
5000,948,naive,psi0,-0.3879590732022498,0.08275415453687233
5000,948,naive,psi1,-0.10829772715103969,0.08787013366824524
5000,948,corrected,psi0,0.8558555332362798,0.09644231272783148
5000,948,corrected,psi1,0.3569877536829333,0.10344631490073646
5000,949,naive,psi0,-0.44325906622564243,0.0807135638992679
5000,949,naive,psi1,0.06711876176817817,0.08567567547219507
5000,949,corrected,psi0,0.8276796144917615,0.09441083440950633
5000,949,corrected,psi1,0.5598500777898019,0.100588604570075
5000,950,naive,psi0,-0.13679322978199165,0.08133411848481133
5000,950,naive,psi1,-0.184551289453008,0.0877479338981097
5000,950,corrected,psi0,1.1661050827510944,0.09486149274869883
5000,950,corrected,psi1,0.3253480286953077,0.10202058874084798
5000,951,naive,psi0,-0.33050751968559133,0.08363555603205543
5000,951,naive,psi1,-0.0012788389344813088,0.08185837239275388
5000,951,corrected,psi0,0.9654707388335856,0.09687699683751934
5000,951,corrected,psi1,0.4749088952896503,0.0952873120647492
5000,952,naive,psi0,-0.20118778379775495,0.0810248610488597
5000,952,naive,psi1,-0.16439995405733945,0.08847793338427698
5000,952,corrected,psi0,1.0966033966962925,0.09428940312798015
5000,952,corrected,psi1,0.3313874714686837,0.10131918799823231
5000,953,naive,psi0,-0.3174609410949134,0.07996604442078349
5000,953,naive,psi1,0.06019989957488613,0.08400099418446567
5000,953,corrected,psi0,0.9273250983468574,0.09353950727680502
5000,953,corrected,psi1,0.5501281354429164,0.09780967701003833
5000,954,naive,psi0,-0.2821714560172401,0.08166666958414122
5000,954,naive,psi1,-0.016208788136968244,0.08641806631444607
5000,954,corrected,psi0,1.0085292686546925,0.09487620117727107
5000,954,corrected,psi1,0.4822918931401972,0.10059652643105195
5000,955,naive,psi0,-0.3117818418828493,0.08273273820113952
5000,955,naive,psi1,0.04440743718304811,0.09008862532250095
5000,955,corrected,psi0,0.9629758005747316,0.09556440607396756
5000,955,corrected,psi1,0.560144396572826,0.10421584115139473
5000,956,naive,psi0,-0.2748964291808603,0.08075626709930722
5000,956,naive,psi1,-0.08762020436806807,0.08452113919780947
5000,956,corrected,psi0,1.0210117943728472,0.09459101685003186
5000,956,corrected,psi1,0.3659347507990605,0.09961414998366316
5000,957,naive,psi0,-0.31970595564677945,0.08128444645231475
5000,957,naive,psi1,-0.06185538736403314,0.08598332927070895
5000,957,corrected,psi0,0.9633370248556395,0.09527871291886662
5000,957,corrected,psi1,0.431937246948285,0.10192388278018856
5000,958,naive,psi0,-0.3201082167537812,0.08036078730522188
5000,958,naive,psi1,0.02496346086910399,0.08515518246028445
5000,958,corrected,psi0,0.925994773810832,0.09381478777085968
5000,958,corrected,psi1,0.5526257740315637,0.09949063017076334
5000,959,naive,psi0,-0.3115018837278862,0.08186217704351247
5000,959,naive,psi1,0.0389933046706698,0.08718584583955237
5000,959,corrected,psi0,0.955258571688332,0.09551244599259402
5000,959,corrected,psi1,0.5668345062250287,0.10286140327552819
5000,960,naive,psi0,-0.26437212286300305,0.08079238773188012
5000,960,naive,psi1,-0.015460096506724476,0.08583840609779997
5000,960,corrected,psi0,1.028034512373917,0.09413374587647015
5000,960,corrected,psi1,0.4874754153412863,0.10068106285582065
5000,961,naive,psi0,-0.26416235505771246,0.0817043050835759
5000,961,naive,psi1,-0.09564934005463681,0.08146545777130701
5000,961,corrected,psi0,1.0571347682530177,0.0951676941849891
5000,961,corrected,psi1,0.3605237291384752,0.09383259959712863
5000,962,naive,psi0,-0.3720336334441006,0.0802971155490407
5000,962,naive,psi1,0.09460752697174345,0.08237576615120618
5000,962,corrected,psi0,0.8921653951979189,0.09374278829596974
5000,962,corrected,psi1,0.6022299139388175,0.09615696966255775
5000,963,naive,psi0,-0.253685348177901,0.08145952302566978
5000,963,naive,psi1,0.047244668330831255,0.08493202053810368
5000,963,corrected,psi0,1.0423661893063358,0.09427566361883624
5000,963,corrected,psi1,0.49960036419041265,0.09900652922036023
5000,964,naive,psi0,-0.2389308251587031,0.08029916493565047
5000,964,naive,psi1,0.11942885858707468,0.08742684021982497
5000,964,corrected,psi0,1.0231867659031697,0.09378370512945679
5000,964,corrected,psi1,0.6418234491239297,0.10160485462250571
5000,965,naive,psi0,-0.26471562058341164,0.08229230235578722
5000,965,naive,psi1,0.05671942049520612,0.09413041335061355
5000,965,corrected,psi0,0.9970001593194918,0.09630337323676436
5000,965,corrected,psi1,0.5437614295481471,0.11159006627532712
5000,966,naive,psi0,-0.4670599816828764,0.08034111740869687
5000,966,naive,psi1,-0.045800592364311776,0.0908355012496919
5000,966,corrected,psi0,0.7888946373156407,0.09352526814981044
5000,966,corrected,psi1,0.45603175543982755,0.10496745083909971
5000,967,naive,psi0,-0.26477390696224923,0.0830700206383361
5000,967,naive,psi1,-0.0987502272197477,0.08702297924640004
5000,967,corrected,psi0,1.0575280779069685,0.096623178391534
5000,967,corrected,psi1,0.4087684200940353,0.10304652688524427
5000,968,naive,psi0,-0.2932238234477138,0.08225179372821761
5000,968,naive,psi1,0.02917009620814144,0.08454677479630318
5000,968,corrected,psi0,0.9677085999302721,0.0959316035505492
5000,968,corrected,psi1,0.5298192433192153,0.0987154238967827
5000,969,naive,psi0,-0.34426525878786896,0.08239477552459472
5000,969,naive,psi1,-0.012326439041807264,0.08641095753265043
5000,969,corrected,psi0,0.9227946314348424,0.09590356370542115
5000,969,corrected,psi1,0.49751931051960974,0.1004786049173463
5000,970,naive,psi0,-0.1824444139302982,0.07891284043276918
5000,970,naive,psi1,-0.0987989926851747,0.08240012906220728
5000,970,corrected,psi0,1.107020813904674,0.09160249808223261
5000,970,corrected,psi1,0.3864012753567365,0.09575375520041658
5000,971,naive,psi0,-0.23348528497592003,0.0813700843320101
5000,971,naive,psi1,0.021876688226623975,0.0845368062426738
5000,971,corrected,psi0,1.0581096107564005,0.09439931470057909
5000,971,corrected,psi1,0.5416539785809341,0.09739352643627995
5000,972,naive,psi0,-0.1712694418265499,0.08369531890194443
5000,972,naive,psi1,-0.016875300886265848,0.08546783676239526
5000,972,corrected,psi0,1.0815920083759607,0.09651836240265799
5000,972,corrected,psi1,0.45525642111804443,0.09851048603086374
5000,973,naive,psi0,-0.3181768058342236,0.08276199334592775
5000,973,naive,psi1,-0.07384732674394709,0.08554529528788117
5000,973,corrected,psi0,0.9519329653635183,0.09606295295325185
5000,973,corrected,psi1,0.404772232392927,0.0994372290358679
5000,974,naive,psi0,-0.34601172268532404,0.0826112806584929
5000,974,naive,psi1,0.13882886353975812,0.08466892042721426
5000,974,corrected,psi0,0.9183919313486695,0.09567149124340996
5000,974,corrected,psi1,0.6334702653612347,0.09873484268554504
5000,975,naive,psi0,-0.30896199950161884,0.08099327526052322
5000,975,naive,psi1,-0.01485089411688588,0.08596992945529779
5000,975,corrected,psi0,0.9476010367684808,0.09420027260698277
5000,975,corrected,psi1,0.48362751931058406,0.10007017728144367
5000,976,naive,psi0,-0.3156080658149017,0.08112684634307243
5000,976,naive,psi1,0.05450648300339327,0.08592601313813727
5000,976,corrected,psi0,0.9537284577393319,0.09485751825469331
5000,976,corrected,psi1,0.5423168181655331,0.10122272283690563
5000,977,naive,psi0,-0.23567091813160296,0.08454267823142982
5000,977,naive,psi1,-0.01709793813949227,0.08958363451729434
5000,977,corrected,psi0,1.0300016308817928,0.09885634366484256
5000,977,corrected,psi1,0.4741096078602611,0.10461757146848673
5000,978,naive,psi0,-0.2793906725671716,0.08140519288591248
5000,978,naive,psi1,0.13239693429493382,0.08726439866281244
5000,978,corrected,psi0,1.0277518907142744,0.09575832891526814
5000,978,corrected,psi1,0.6894743251899431,0.1053497362171369
5000,979,naive,psi0,-0.13273552093634036,0.0793236829023559
5000,979,naive,psi1,-0.007463054249086888,0.08489710047870176
5000,979,corrected,psi0,1.1628297018767968,0.0928313033420652
5000,979,corrected,psi1,0.490508873182392,0.09980665714649256
5000,980,naive,psi0,-0.1817729324715609,0.08028811514294887
5000,980,naive,psi1,-0.052414637114470995,0.08006977272245153
5000,980,corrected,psi0,1.1064583885100805,0.09411737722387523
5000,980,corrected,psi1,0.47038899276625584,0.09418600911939028
5000,981,naive,psi0,-0.2596503093393537,0.07805219113262332
5000,981,naive,psi1,0.012042335571720955,0.08212137641914183
5000,981,corrected,psi0,1.0137026716212736,0.09104417474276107
5000,981,corrected,psi1,0.5276766123884241,0.09562924534226118
5000,982,naive,psi0,-0.30702655005010254,0.07939710169470524
5000,982,naive,psi1,0.0279711682398763,0.08519660552917596
5000,982,corrected,psi0,0.9549691096464461,0.09269064259595221
5000,982,corrected,psi1,0.5301343795384948,0.09951668810269002
5000,983,naive,psi0,-0.2298424045741487,0.08024191044006276
5000,983,naive,psi1,-0.046479473961793284,0.08629396396143672
5000,983,corrected,psi0,1.0279169246979718,0.09356897902072304
5000,983,corrected,psi1,0.41523951210091536,0.10068281731880588
5000,984,naive,psi0,-0.18232012315640408,0.07913095346526854
5000,984,naive,psi1,-0.04936217554034747,0.08600450542112349
5000,984,corrected,psi0,1.1105094579370842,0.0918873957619621
5000,984,corrected,psi1,0.4398512919535872,0.10079935349625582
5000,985,naive,psi0,-0.24018099349816496,0.07855367831972168
5000,985,naive,psi1,-0.14593372781707759,0.08385541461379954
5000,985,corrected,psi0,1.0538871419177922,0.09097720744663065
5000,985,corrected,psi1,0.3181574509338599,0.09692482078633385
5000,986,naive,psi0,-0.3356992804115807,0.08267261867140759
5000,986,naive,psi1,0.03323234570622224,0.08634158941916202
5000,986,corrected,psi0,0.9368319557258784,0.09614888088955822
5000,986,corrected,psi1,0.549279142122884,0.10003106166799355
5000,987,naive,psi0,-0.20583047253924425,0.079505933175534
5000,987,naive,psi1,0.0659501319476253,0.08724627416594088
5000,987,corrected,psi0,1.0742429073475743,0.09192624972253714
5000,987,corrected,psi1,0.5702621065389428,0.1009767641891791
5000,988,naive,psi0,-0.26712402464742885,0.08143715421951742
5000,988,naive,psi1,-0.014810053026624843,0.0886871796974687
5000,988,corrected,psi0,1.0001952314686593,0.09475953499396048
5000,988,corrected,psi1,0.5020239211919436,0.10327004736912787
5000,989,naive,psi0,-0.22540944398521398,0.08171759146309064
5000,989,naive,psi1,-0.014215984611239628,0.08380199432127852
5000,989,corrected,psi0,1.0651493027910772,0.09534288489496084
5000,989,corrected,psi1,0.4833322876124105,0.09763163923717517
5000,990,naive,psi0,-0.23895555605411578,0.07977187519336659
5000,990,naive,psi1,0.06805331174237864,0.08432981373644154
5000,990,corrected,psi0,1.0319620866619954,0.09370860693666822
5000,990,corrected,psi1,0.6027648952251802,0.09951650658551095
5000,991,naive,psi0,-0.2625124855215123,0.08046369310773302
5000,991,naive,psi1,-0.14149696329740433,0.08519117645840642
5000,991,corrected,psi0,1.018575043499526,0.0938646773499595
5000,991,corrected,psi1,0.3289490246055036,0.09974624530452914
5000,992,naive,psi0,-0.3218506764778382,0.0832313232860665
5000,992,naive,psi1,-0.03404453155348202,0.08644896216974596
5000,992,corrected,psi0,0.9603961694535085,0.09702677302191617
5000,992,corrected,psi1,0.43560049389512073,0.10060060897145023
5000,993,naive,psi0,-0.2121090151760537,0.08169401002754882
5000,993,naive,psi1,0.17698377036751514,0.08606187400946817
5000,993,corrected,psi0,1.0585192949865778,0.09503534173878557
5000,993,corrected,psi1,0.7332570492356195,0.09994387474757306
5000,994,naive,psi0,-0.22030194256824823,0.0802970197618975
5000,994,naive,psi1,-0.06772788929979595,0.08314809555510505
5000,994,corrected,psi0,1.0451330896447022,0.09315491992810168
5000,994,corrected,psi1,0.4024720214818011,0.09579158448390815
5000,995,naive,psi0,-0.3013653062860149,0.0828990922308237
5000,995,naive,psi1,0.027887240581943116,0.08934235847140917
5000,995,corrected,psi0,0.9690259517378714,0.09595013782277807
5000,995,corrected,psi1,0.5664294854528237,0.10263540671324113
5000,996,naive,psi0,-0.26899922927165415,0.08056337105823154
5000,996,naive,psi1,-0.014690266297711307,0.0859819409973471
5000,996,corrected,psi0,0.9671172991754236,0.09386095602037599
5000,996,corrected,psi1,0.4622441663411397,0.09951428082531052
5000,997,naive,psi0,-0.37752163937800515,0.08050468256903737
5000,997,naive,psi1,0.05850012877749608,0.08889623364333703
5000,997,corrected,psi0,0.9186788981614564,0.094481427706224
5000,997,corrected,psi1,0.5935690444376209,0.10349571410689858
5000,998,naive,psi0,-0.3974637075779145,0.07897962510731193
5000,998,naive,psi1,-0.11471130750306803,0.08161720448316606
5000,998,corrected,psi0,0.8633916773321855,0.09206934433234491
5000,998,corrected,psi1,0.3537706372118484,0.0976037031170347
5000,999,naive,psi0,-0.3076605419722004,0.07910837894898763
5000,999,naive,psi1,0.08135737698863092,0.07991098895606569
5000,999,corrected,psi0,0.9832247788458262,0.09201277527534991
5000,999,corrected,psi1,0.6063657737661969,0.09367369618446601
